# Rhino

v -1.937536358833313 2.933967113494873 0.47463136911392212
v -0.98827344179153442 1.183427095413208 0.47463136911392212
v -1.937536358833313 1.183427095413208 0.47463136911392212
v -0.98827344179153442 2.933967113494873 0.47463136911392212
v -0.98827344179153442 1.183427095413208 -0.47463136911392212
v -0.98827344179153442 2.933967113494873 -0.47463136911392212
v -1.937536358833313 1.183427095413208 -0.47463136911392212
v -1.937536358833313 2.933967113494873 -0.47463136911392212
v -1.0882734060287476 1.0834270715713501 0.3746313750743866
v -1.8375363349914551 1.0834270715713501 -0.3746313750743866
v -1.8375363349914551 1.0834270715713501 0.3746313750743866
v -1.0882734060287476 1.0834270715713501 -0.3746313750743866
v -1.8375363349914551 3.0339670181274414 -0.3746313750743866
v -1.0882734060287476 3.0339670181274414 -0.3746313750743866
v -1.0882734060287476 3.0339670181274414 0.3746313750743866
v -1.8375363349914551 3.0339670181274414 0.3746313750743866
v -0.99938458204269409 2.9450781345367432 0.46352025866508484
v -1.010495662689209 2.9561893939971924 0.45240914821624756
v -1.0216068029403687 2.9673004150390625 0.44129803776741028
v -1.0327179431915283 2.9784116744995117 0.430186927318573
v -1.0438289642333984 2.9895226955413818 0.41907581686973572
v -1.0549401044845581 3.000633716583252 0.40796470642089844
v -1.0660512447357178 3.0117449760437012 0.39685359597206116
v -1.0771623849868774 3.0228559970855713 0.38574248552322388
v -1.4629049301147461 2.9839670658111572 0.42463138699531555
v -1.4629049301147461 2.9589672088623047 0.44963136315345764
v -1.2255891561508179 2.9589672088623047 0.44963136315345764
v -1.4629049301147461 2.9464671611785889 0.46213138103485107
v -1.2255891561508179 2.9464671611785889 0.46213138103485107
v -1.1069313287734985 2.9464671611785889 0.46213138103485107
v -1.2255891561508179 2.9402170181274414 0.4683813750743866
v -1.1069313287734985 2.9402170181274414 0.4683813750743866
v -1.0476024150848389 2.9402170181274414 0.4683813750743866
v -1.1069313287734985 2.9370920658111572 0.47150638699531555
v -1.0476024150848389 2.9370920658111572 0.47150638699531555
v -1.0476024150848389 2.9464671611785889 0.46213138103485107
v -1.1069313287734985 2.9433422088623047 0.46525636315345764
v -1.0476024150848389 2.9433422088623047 0.46525636315345764
v -1.1069313287734985 2.9589672088623047 0.44963136315345764
v -1.2255891561508179 2.9527170658111572 0.45588138699531555
v -1.1069313287734985 2.9527170658111572 0.45588138699531555
v -1.2255891561508179 2.9839670658111572 0.42463138699531555
v -1.4629049301147461 2.9714670181274414 0.4371313750743866
v -1.2255891561508179 2.9714670181274414 0.4371313750743866
v -1.4629049301147461 3.0089671611785889 0.39963138103485107
v -1.0476024150848389 2.9589672088623047 0.44963136315345764
v -1.1069313287734985 2.9558420181274414 0.4527563750743866
v -1.0476024150848389 2.9527170658111572 0.45588138699531555
v -1.0476024150848389 2.9558420181274414 0.4527563750743866
v -1.1069313287734985 2.9714670181274414 0.4371313750743866
v -1.2255891561508179 2.965217113494873 0.44338136911392212
v -1.1069313287734985 2.965217113494873 0.44338136911392212
v -1.0476024150848389 2.9714670181274414 0.4371313750743866
v -1.1069313287734985 2.9683420658111572 0.44025638699531555
v -1.0476024150848389 2.965217113494873 0.44338136911392212
v -1.0476024150848389 2.9683420658111572 0.44025638699531555
v -1.1069313287734985 2.9839670658111572 0.42463138699531555
v -1.2255891561508179 2.9777171611785889 0.43088138103485107
v -1.1069313287734985 2.9777171611785889 0.43088138103485107
v -1.2255891561508179 3.0089671611785889 0.39963138103485107
v -1.4629049301147461 2.996467113494873 0.41213136911392212
v -1.2255891561508179 2.996467113494873 0.41213136911392212
v -1.0476024150848389 2.9839670658111572 0.42463138699531555
v -1.1069313287734985 2.980842113494873 0.42775636911392212
v -1.0476024150848389 2.9777171611785889 0.43088138103485107
v -1.0476024150848389 2.980842113494873 0.42775636911392212
v -1.1069313287734985 2.996467113494873 0.41213136911392212
v -1.2255891561508179 2.9902172088623047 0.41838136315345764
v -1.1069313287734985 2.9902172088623047 0.41838136315345764
v -1.1069313287734985 2.9870920181274414 0.4215063750743866
v -1.1069313287734985 3.0089671611785889 0.39963138103485107
v -1.2255891561508179 3.0027170181274414 0.4058813750743866
v -1.1069313287734985 3.0027170181274414 0.4058813750743866
v -1.4629049301147461 3.0214672088623047 0.38713136315345764
v -1.2255891561508179 3.0214672088623047 0.38713136315345764
v -1.1069313287734985 2.9995920658111572 0.40900638699531555
v -1.1069313287734985 3.0214672088623047 0.38713136315345764
v -1.2255891561508179 3.0152170658111572 0.39338138699531555
v -1.1069313287734985 3.0152170658111572 0.39338138699531555
v -1.1069313287734985 3.012092113494873 0.39650636911392212
v -1.2255891561508179 3.027717113494873 0.38088136911392212
v -1.1069313287734985 3.027717113494873 0.38088136911392212
v -1.1069313287734985 3.0245921611785889 0.38400638103485107
v -1.8486474752426147 3.0228559970855713 0.38574248552322388
v -1.8597586154937744 3.0117449760437012 0.39685359597206116
v -1.8708696365356445 3.000633716583252 0.40796470642089844
v -1.8819807767868042 2.9895226955413818 0.41907581686973572
v -1.8930919170379639 2.9784116744995117 0.430186927318573
v -1.9042030572891235 2.9673004150390625 0.44129803776741028
v -1.9153140783309937 2.9561893939971924 0.45240914821624756
v -1.9264252185821533 2.9450781345367432 0.46352025866508484
v -1.7002205848693848 3.0089671611785889 0.39963138103485107
v -1.7002205848693848 3.0214672088623047 0.38713136315345764
v -1.7002205848693848 3.027717113494873 0.38088136911392212
v -1.8188785314559937 3.0214672088623047 0.38713136315345764
v -1.8188785314559937 3.027717113494873 0.38088136911392212
v -1.8188785314559937 3.0245921611785889 0.38400638103485107
v -1.7002205848693848 3.0152170658111572 0.39338138699531555
v -1.8188785314559937 3.0089671611785889 0.39963138103485107
v -1.8188785314559937 3.0152170658111572 0.39338138699531555
v -1.7002205848693848 2.9839670658111572 0.42463138699531555
v -1.7002205848693848 2.996467113494873 0.41213136911392212
v -1.8188785314559937 3.012092113494873 0.39650636911392212
v -1.7002205848693848 3.0027170181274414 0.4058813750743866
v -1.8188785314559937 2.996467113494873 0.41213136911392212
v -1.8188785314559937 3.0027170181274414 0.4058813750743866
v -1.8188785314559937 2.9995920658111572 0.40900638699531555
v -1.7002205848693848 2.9902172088623047 0.41838136315345764
v -1.8188785314559937 2.9839670658111572 0.42463138699531555
v -1.8188785314559937 2.9902172088623047 0.41838136315345764
v -1.7002205848693848 2.9589672088623047 0.44963136315345764
v -1.7002205848693848 2.9714670181274414 0.4371313750743866
v -1.8188785314559937 2.9870920181274414 0.4215063750743866
v -1.8782074451446533 2.9839670658111572 0.42463138699531555
v -1.8782074451446533 2.9870920181274414 0.4215063750743866
v -1.7002205848693848 2.9777171611785889 0.43088138103485107
v -1.8188785314559937 2.9714670181274414 0.4371313750743866
v -1.8188785314559937 2.9777171611785889 0.43088138103485107
v -1.8188785314559937 2.980842113494873 0.42775636911392212
v -1.8782074451446533 2.9777171611785889 0.43088138103485107
v -1.8782074451446533 2.980842113494873 0.42775636911392212
v -1.7002205848693848 2.965217113494873 0.44338136911392212
v -1.8188785314559937 2.9589672088623047 0.44963136315345764
v -1.8188785314559937 2.965217113494873 0.44338136911392212
v -1.7002205848693848 2.9464671611785889 0.46213138103485107
v -1.8188785314559937 2.9683420658111572 0.44025638699531555
v -1.8782074451446533 2.9714670181274414 0.4371313750743866
v -1.8782074451446533 2.965217113494873 0.44338136911392212
v -1.8782074451446533 2.9683420658111572 0.44025638699531555
v -1.7002205848693848 2.9527170658111572 0.45588138699531555
v -1.8188785314559937 2.9464671611785889 0.46213138103485107
v -1.8188785314559937 2.9527170658111572 0.45588138699531555
v -1.8188785314559937 2.9558420181274414 0.4527563750743866
v -1.8782074451446533 2.9589672088623047 0.44963136315345764
v -1.8782074451446533 2.9527170658111572 0.45588138699531555
v -1.8782074451446533 2.9558420181274414 0.4527563750743866
v -1.7002205848693848 2.9402170181274414 0.4683813750743866
v -1.8188785314559937 2.9402170181274414 0.4683813750743866
v -1.8188785314559937 2.9433422088623047 0.46525636315345764
v -1.8782074451446533 2.9464671611785889 0.46213138103485107
v -1.8782074451446533 2.9402170181274414 0.4683813750743866
v -1.8782074451446533 2.9433422088623047 0.46525636315345764
v -1.8188785314559937 2.9370920658111572 0.47150638699531555
v -1.8782074451446533 2.9370920658111572 0.47150638699531555
v -1.0382734537124634 2.9839670658111572 0
v -1.0632734298706055 3.0089671611785889 0
v -1.0757734775543213 3.0214672088623047 0
v -1.0632734298706055 3.0089671611785889 0.23731568455696106
v -1.0757734775543213 3.0214672088623047 0.23731568455696106
v -1.0820233821868896 3.027717113494873 0.23731568455696106
v -1.0757734775543213 3.0214672088623047 0.35597354173660278
v -1.0820233821868896 3.027717113494873 0.35597354173660278
v -1.0788984298706055 3.0245921611785889 0.35597354173660278
v -1.0695234537124634 3.0152170658111572 0.23731568455696106
v -1.0632734298706055 3.0089671611785889 0.35597354173660278
v -1.0695234537124634 3.0152170658111572 0.35597354173660278
v -1.0507733821868896 2.996467113494873 0
v -1.0382734537124634 2.9839670658111572 0.23731568455696106
v -1.0507733821868896 2.996467113494873 0.23731568455696106
v -1.0132734775543213 2.9589672088623047 0
v -1.0663983821868896 3.012092113494873 0.35597354173660278
v -1.0570234060287476 3.0027170181274414 0.23731568455696106
v -1.0507733821868896 2.996467113494873 0.35597354173660278
v -1.0570234060287476 3.0027170181274414 0.35597354173660278
v -1.0538984537124634 2.9995920658111572 0.35597354173660278
v -1.0445234775543213 2.9902172088623047 0.23731568455696106
v -1.0382734537124634 2.9839670658111572 0.35597354173660278
v -1.0445234775543213 2.9902172088623047 0.35597354173660278
v -1.0257734060287476 2.9714670181274414 0
v -1.0132734775543213 2.9589672088623047 0.23731568455696106
v -1.0257734060287476 2.9714670181274414 0.23731568455696106
v -1.0413984060287476 2.9870920181274414 0.35597354173660278
v -1.0382734537124634 2.9839670658111572 0.41530245542526245
v -1.0413984060287476 2.9870920181274414 0.41530245542526245
v -1.0320234298706055 2.9777171611785889 0.23731568455696106
v -1.0257734060287476 2.9714670181274414 0.35597354173660278
v -1.0320234298706055 2.9777171611785889 0.35597354173660278
v -1.0351483821868896 2.980842113494873 0.35597354173660278
v -1.0320234298706055 2.9777171611785889 0.41530245542526245
v -1.0351483821868896 2.980842113494873 0.41530245542526245
v -1.0195233821868896 2.965217113494873 0.23731568455696106
v -1.0132734775543213 2.9589672088623047 0.35597354173660278
v -1.0195233821868896 2.965217113494873 0.35597354173660278
v -1.0007734298706055 2.9464671611785889 0
v -1.0007734298706055 2.9464671611785889 0.23731568455696106
v -1.0226484537124634 2.9683420658111572 0.35597354173660278
v -1.0257734060287476 2.9714670181274414 0.41530245542526245
v -1.0195233821868896 2.965217113494873 0.41530245542526245
v -1.0226484537124634 2.9683420658111572 0.41530245542526245
v -1.0070234537124634 2.9527170658111572 0.23731568455696106
v -1.0007734298706055 2.9464671611785889 0.35597354173660278
v -1.0070234537124634 2.9527170658111572 0.35597354173660278
v -1.0101484060287476 2.9558420181274414 0.35597354173660278
v -1.0132734775543213 2.9589672088623047 0.41530245542526245
v -1.0070234537124634 2.9527170658111572 0.41530245542526245
v -1.0101484060287476 2.9558420181274414 0.41530245542526245
v -0.99452346563339233 2.9402170181274414 0.23731568455696106
v -0.99452346563339233 2.9402170181274414 0.35597354173660278
v -0.99764841794967651 2.9433422088623047 0.35597354173660278
v -1.0007734298706055 2.9464671611785889 0.41530245542526245
v -0.99452346563339233 2.9402170181274414 0.41530245542526245
v -0.99764841794967651 2.9433422088623047 0.41530245542526245
v -0.99139845371246338 2.9370920658111572 0.35597354173660278
v -0.99139845371246338 2.9370920658111572 0.41530245542526245
v -0.99938458204269409 2.9450781345367432 -0.46352025866508484
v -1.010495662689209 2.9561893939971924 -0.45240914821624756
v -1.0216068029403687 2.9673004150390625 -0.44129803776741028
v -1.0327179431915283 2.9784116744995117 -0.430186927318573
v -1.0438289642333984 2.9895226955413818 -0.41907581686973572
v -1.0549401044845581 3.000633716583252 -0.40796470642089844
v -1.0660512447357178 3.0117449760437012 -0.39685359597206116
v -1.0771623849868774 3.0228559970855713 -0.38574248552322388
v -1.0132734775543213 2.9589672088623047 -0.23731568455696106
v -1.0007734298706055 2.9464671611785889 -0.23731568455696106
v -1.0007734298706055 2.9464671611785889 -0.35597354173660278
v -0.99452346563339233 2.9402170181274414 -0.23731568455696106
v -0.99452346563339233 2.9402170181274414 -0.35597354173660278
v -0.99452346563339233 2.9402170181274414 -0.41530245542526245
v -0.99139845371246338 2.9370920658111572 -0.35597354173660278
v -0.99139845371246338 2.9370920658111572 -0.41530245542526245
v -1.0007734298706055 2.9464671611785889 -0.41530245542526245
v -0.99764841794967651 2.9433422088623047 -0.35597354173660278
v -0.99764841794967651 2.9433422088623047 -0.41530245542526245
v -1.0132734775543213 2.9589672088623047 -0.35597354173660278
v -1.0070234537124634 2.9527170658111572 -0.23731568455696106
v -1.0070234537124634 2.9527170658111572 -0.35597354173660278
v -1.0382734537124634 2.9839670658111572 -0.23731568455696106
v -1.0257734060287476 2.9714670181274414 -0.23731568455696106
v -1.0132734775543213 2.9589672088623047 -0.41530245542526245
v -1.0101484060287476 2.9558420181274414 -0.35597354173660278
v -1.0070234537124634 2.9527170658111572 -0.41530245542526245
v -1.0101484060287476 2.9558420181274414 -0.41530245542526245
v -1.0257734060287476 2.9714670181274414 -0.35597354173660278
v -1.0195233821868896 2.965217113494873 -0.23731568455696106
v -1.0195233821868896 2.965217113494873 -0.35597354173660278
v -1.0257734060287476 2.9714670181274414 -0.41530245542526245
v -1.0226484537124634 2.9683420658111572 -0.35597354173660278
v -1.0195233821868896 2.965217113494873 -0.41530245542526245
v -1.0226484537124634 2.9683420658111572 -0.41530245542526245
v -1.0382734537124634 2.9839670658111572 -0.35597354173660278
v -1.0320234298706055 2.9777171611785889 -0.23731568455696106
v -1.0320234298706055 2.9777171611785889 -0.35597354173660278
v -1.0632734298706055 3.0089671611785889 -0.23731568455696106
v -1.0507733821868896 2.996467113494873 -0.23731568455696106
v -1.0382734537124634 2.9839670658111572 -0.41530245542526245
v -1.0351483821868896 2.980842113494873 -0.35597354173660278
v -1.0320234298706055 2.9777171611785889 -0.41530245542526245
v -1.0351483821868896 2.980842113494873 -0.41530245542526245
v -1.0507733821868896 2.996467113494873 -0.35597354173660278
v -1.0445234775543213 2.9902172088623047 -0.23731568455696106
v -1.0445234775543213 2.9902172088623047 -0.35597354173660278
v -1.0413984060287476 2.9870920181274414 -0.35597354173660278
v -1.0632734298706055 3.0089671611785889 -0.35597354173660278
v -1.0570234060287476 3.0027170181274414 -0.23731568455696106
v -1.0570234060287476 3.0027170181274414 -0.35597354173660278
v -1.0757734775543213 3.0214672088623047 -0.23731568455696106
v -1.0538984537124634 2.9995920658111572 -0.35597354173660278
v -1.0757734775543213 3.0214672088623047 -0.35597354173660278
v -1.0695234537124634 3.0152170658111572 -0.23731568455696106
v -1.0695234537124634 3.0152170658111572 -0.35597354173660278
v -1.0663985013961792 3.012092113494873 -0.35597354173660278
v -1.0820235013961792 3.027717113494873 -0.23731568455696106
v -1.0820233821868896 3.027717113494873 -0.35597354173660278
v -1.0788984298706055 3.0245921611785889 -0.35597354173660278
v -1.4629049301147461 2.9839670658111572 -0.42463138699531555
v -1.4629049301147461 3.0089671611785889 -0.39963138103485107
v -1.4629049301147461 3.0214672088623047 -0.38713136315345764
v -1.2255891561508179 3.0089671611785889 -0.39963138103485107
v -1.2255891561508179 3.0214672088623047 -0.38713136315345764
v -1.2255891561508179 3.027717113494873 -0.38088136911392212
v -1.1069313287734985 3.0214672088623047 -0.38713136315345764
v -1.1069313287734985 3.027717113494873 -0.38088136911392212
v -1.1069313287734985 3.0245921611785889 -0.38400638103485107
v -1.2255891561508179 3.0152170658111572 -0.39338138699531555
v -1.1069313287734985 3.0089671611785889 -0.39963138103485107
v -1.1069313287734985 3.0152170658111572 -0.39338138699531555
v -1.4629049301147461 2.996467113494873 -0.41213136911392212
v -1.2255891561508179 2.9839670658111572 -0.42463138699531555
v -1.2255891561508179 2.996467113494873 -0.41213136911392212
v -1.4629049301147461 2.9589672088623047 -0.44963136315345764
v -1.1069313287734985 3.012092113494873 -0.39650636911392212
v -1.2255891561508179 3.0027170181274414 -0.4058813750743866
v -1.1069313287734985 2.996467113494873 -0.41213136911392212
v -1.1069313287734985 3.0027170181274414 -0.4058813750743866
v -1.1069313287734985 2.9995920658111572 -0.40900638699531555
v -1.2255891561508179 2.9902172088623047 -0.41838136315345764
v -1.1069313287734985 2.9839670658111572 -0.42463138699531555
v -1.1069313287734985 2.9902172088623047 -0.41838136315345764
v -1.4629049301147461 2.9714670181274414 -0.4371313750743866
v -1.2255891561508179 2.9589672088623047 -0.44963136315345764
v -1.2255891561508179 2.9714670181274414 -0.4371313750743866
v -1.1069313287734985 2.9870920181274414 -0.4215063750743866
v -1.0476024150848389 2.9839670658111572 -0.42463138699531555
v -1.0476024150848389 2.9870920181274414 -0.4215063750743866
v -1.2255891561508179 2.9777171611785889 -0.43088138103485107
v -1.1069313287734985 2.9714670181274414 -0.4371313750743866
v -1.1069313287734985 2.9777171611785889 -0.43088138103485107
v -1.1069313287734985 2.980842113494873 -0.42775636911392212
v -1.0476024150848389 2.9777171611785889 -0.43088138103485107
v -1.0476024150848389 2.980842113494873 -0.42775636911392212
v -1.2255891561508179 2.965217113494873 -0.44338136911392212
v -1.1069313287734985 2.9589672088623047 -0.44963136315345764
v -1.1069313287734985 2.965217113494873 -0.44338136911392212
v -1.4629049301147461 2.9464671611785889 -0.46213138103485107
v -1.2255891561508179 2.9464671611785889 -0.46213138103485107
v -1.1069313287734985 2.9683420658111572 -0.44025638699531555
v -1.0476024150848389 2.9714670181274414 -0.4371313750743866
v -1.0476024150848389 2.965217113494873 -0.44338136911392212
v -1.0476024150848389 2.9683420658111572 -0.44025638699531555
v -1.2255891561508179 2.9527170658111572 -0.45588138699531555
v -1.1069313287734985 2.9464671611785889 -0.46213138103485107
v -1.1069313287734985 2.9527170658111572 -0.45588138699531555
v -1.1069313287734985 2.9558420181274414 -0.4527563750743866
v -1.0476024150848389 2.9589672088623047 -0.44963136315345764
v -1.0476024150848389 2.9527170658111572 -0.45588138699531555
v -1.0476024150848389 2.9558420181274414 -0.4527563750743866
v -1.2255891561508179 2.9402170181274414 -0.4683813750743866
v -1.1069313287734985 2.9402170181274414 -0.4683813750743866
v -1.1069313287734985 2.9433422088623047 -0.46525636315345764
v -1.0476024150848389 2.9464671611785889 -0.46213138103485107
v -1.0476024150848389 2.9402170181274414 -0.4683813750743866
v -1.0476024150848389 2.9433422088623047 -0.46525636315345764
v -1.1069313287734985 2.9370920658111572 -0.47150638699531555
v -1.0476024150848389 2.9370920658111572 -0.47150638699531555
v -1.9264252185821533 2.9450781345367432 -0.46352025866508484
v -1.9153140783309937 2.9561893939971924 -0.45240914821624756
v -1.9042030572891235 2.9673004150390625 -0.44129803776741028
v -1.8930919170379639 2.9784116744995117 -0.430186927318573
v -1.8819807767868042 2.9895226955413818 -0.41907581686973572
v -1.8708696365356445 3.000633716583252 -0.40796470642089844
v -1.8597586154937744 3.0117449760437012 -0.39685359597206116
v -1.8486474752426147 3.0228559970855713 -0.38574248552322388
v -1.7002205848693848 2.9589672088623047 -0.44963136315345764
v -1.7002205848693848 2.9464671611785889 -0.46213138103485107
v -1.8188785314559937 2.9464671611785889 -0.46213138103485107
v -1.7002205848693848 2.9402170181274414 -0.4683813750743866
v -1.8188785314559937 2.9402170181274414 -0.4683813750743866
v -1.8782074451446533 2.9402170181274414 -0.4683813750743866
v -1.8188785314559937 2.9370920658111572 -0.47150638699531555
v -1.8782074451446533 2.9370920658111572 -0.47150638699531555
v -1.8782074451446533 2.9464671611785889 -0.46213138103485107
v -1.8188785314559937 2.9433422088623047 -0.46525636315345764
v -1.8782074451446533 2.9433422088623047 -0.46525636315345764
v -1.8188785314559937 2.9589672088623047 -0.44963136315345764
v -1.7002205848693848 2.9527170658111572 -0.45588138699531555
v -1.8188785314559937 2.9527170658111572 -0.45588138699531555
v -1.7002205848693848 2.9839670658111572 -0.42463138699531555
v -1.7002205848693848 2.9714670181274414 -0.4371313750743866
v -1.8782074451446533 2.9589672088623047 -0.44963136315345764
v -1.8188785314559937 2.9558420181274414 -0.4527563750743866
v -1.8782074451446533 2.9527170658111572 -0.45588138699531555
v -1.8782074451446533 2.9558420181274414 -0.4527563750743866
v -1.8188785314559937 2.9714670181274414 -0.4371313750743866
v -1.7002205848693848 2.965217113494873 -0.44338136911392212
v -1.8188785314559937 2.965217113494873 -0.44338136911392212
v -1.8782074451446533 2.9714670181274414 -0.4371313750743866
v -1.8188785314559937 2.9683420658111572 -0.44025638699531555
v -1.8782074451446533 2.965217113494873 -0.44338136911392212
v -1.8782074451446533 2.9683420658111572 -0.44025638699531555
v -1.8188785314559937 2.9839670658111572 -0.42463138699531555
v -1.7002205848693848 2.9777171611785889 -0.43088138103485107
v -1.8188785314559937 2.9777171611785889 -0.43088138103485107
v -1.7002205848693848 3.0089671611785889 -0.39963138103485107
v -1.7002205848693848 2.996467113494873 -0.41213136911392212
v -1.8782074451446533 2.9839670658111572 -0.42463138699531555
v -1.8188785314559937 2.980842113494873 -0.42775636911392212
v -1.8782074451446533 2.9777171611785889 -0.43088138103485107
v -1.8782074451446533 2.980842113494873 -0.42775636911392212
v -1.8188785314559937 2.996467113494873 -0.41213136911392212
v -1.7002205848693848 2.9902172088623047 -0.41838136315345764
v -1.8188785314559937 2.9902172088623047 -0.41838136315345764
v -1.8188785314559937 2.9870920181274414 -0.4215063750743866
v -1.8188785314559937 3.0089671611785889 -0.39963138103485107
v -1.7002205848693848 3.0027170181274414 -0.4058813750743866
v -1.8188785314559937 3.0027170181274414 -0.4058813750743866
v -1.7002205848693848 3.0214672088623047 -0.38713136315345764
v -1.8188785314559937 2.9995920658111572 -0.40900638699531555
v -1.8188785314559937 3.0214672088623047 -0.38713136315345764
v -1.7002205848693848 3.0152170658111572 -0.39338138699531555
v -1.8188785314559937 3.0152170658111572 -0.39338138699531555
v -1.8188785314559937 3.012092113494873 -0.39650636911392212
v -1.7002205848693848 3.027717113494873 -0.38088136911392212
v -1.8188785314559937 3.027717113494873 -0.38088136911392212
v -1.8188785314559937 3.0245921611785889 -0.38400638103485107
v -1.9264252185821533 1.1723159551620483 0.46352025866508484
v -1.9153140783309937 1.1612048149108887 0.45240914821624756
v -1.9042030572891235 1.150093674659729 0.44129803776741028
v -1.8930919170379639 1.1389826536178589 0.430186927318573
v -1.8819807767868042 1.1278715133666992 0.41907581686973572
v -1.8708696365356445 1.1167603731155396 0.40796470642089844
v -1.8597586154937744 1.1056492328643799 0.39685359597206116
v -1.8486474752426147 1.0945382118225098 0.38574248552322388
v -1.0771623849868774 1.0945382118225098 0.38574248552322388
v -1.0660512447357178 1.1056492328643799 0.39685359597206116
v -1.0549401044845581 1.1167603731155396 0.40796470642089844
v -1.0438289642333984 1.1278715133666992 0.41907581686973572
v -1.0327179431915283 1.1389826536178589 0.430186927318573
v -1.0216068029403687 1.150093674659729 0.44129803776741028
v -1.010495662689209 1.1612048149108887 0.45240914821624756
v -0.99938458204269409 1.1723159551620483 0.46352025866508484
v -1.0382734537124634 1.1334270238876343 0
v -1.0132734775543213 1.1584270000457764 0
v -1.0132734775543213 1.1584270000457764 0.23731568455696106
v -1.0007734298706055 1.1709270477294922 0
v -1.0007734298706055 1.1709270477294922 0.23731568455696106
v -1.0007734298706055 1.1709270477294922 0.35597354173660278
v -0.99452346563339233 1.1771770715713501 0.23731568455696106
v -0.99452346563339233 1.1771770715713501 0.35597354173660278
v -0.99452346563339233 1.1771770715713501 0.41530245542526245
v -0.99139845371246338 1.1803020238876343 0.35597354173660278
v -0.99139845371246338 1.1803020238876343 0.41530245542526245
v -1.0007734298706055 1.1709270477294922 0.41530245542526245
v -0.99764841794967651 1.1740520000457764 0.35597354173660278
v -0.99764841794967651 1.1740520000457764 0.41530245542526245
v -1.0132734775543213 1.1584270000457764 0.35597354173660278
v -1.0070234537124634 1.1646770238876343 0.23731568455696106
v -1.0070234537124634 1.1646770238876343 0.35597354173660278
v -1.0382734537124634 1.1334270238876343 0.23731568455696106
v -1.0257734060287476 1.1459270715713501 0
v -1.0257734060287476 1.1459270715713501 0.23731568455696106
v -1.0632734298706055 1.1084270477294922 0
v -1.0132734775543213 1.1584270000457764 0.41530245542526245
v -1.0101484060287476 1.1615520715713501 0.35597354173660278
v -1.0070234537124634 1.1646770238876343 0.41530245542526245
v -1.0101484060287476 1.1615520715713501 0.41530245542526245
v -1.0257734060287476 1.1459270715713501 0.35597354173660278
v -1.0195233821868896 1.152177095413208 0.23731568455696106
v -1.0195233821868896 1.152177095413208 0.35597354173660278
v -1.0257734060287476 1.1459270715713501 0.41530245542526245
v -1.0226484537124634 1.1490520238876343 0.35597354173660278
v -1.0195233821868896 1.152177095413208 0.41530245542526245
v -1.0226484537124634 1.1490520238876343 0.41530245542526245
v -1.0382734537124634 1.1334270238876343 0.35597354173660278
v -1.0320234298706055 1.1396770477294922 0.23731568455696106
v -1.0320234298706055 1.1396770477294922 0.35597354173660278
v -1.0632734298706055 1.1084270477294922 0.23731568455696106
v -1.0507733821868896 1.120927095413208 0
v -1.0507733821868896 1.120927095413208 0.23731568455696106
v -1.0382734537124634 1.1334270238876343 0.41530245542526245
v -1.0351483821868896 1.136552095413208 0.35597354173660278
v -1.0320234298706055 1.1396770477294922 0.41530245542526245
v -1.0351483821868896 1.136552095413208 0.41530245542526245
v -1.0507733821868896 1.120927095413208 0.35597354173660278
v -1.0445234775543213 1.1271770000457764 0.23731568455696106
v -1.0445234775543213 1.1271770000457764 0.35597354173660278
v -1.0413984060287476 1.1303020715713501 0.35597354173660278
v -1.0632734298706055 1.1084270477294922 0.35597354173660278
v -1.0570234060287476 1.1146770715713501 0.23731568455696106
v -1.0570234060287476 1.1146770715713501 0.35597354173660278
v -1.0757734775543213 1.0959270000457764 0
v -1.0757734775543213 1.0959270000457764 0.23731568455696106
v -1.0538984537124634 1.1178020238876343 0.35597354173660278
v -1.0757734775543213 1.0959270000457764 0.35597354173660278
v -1.0695234537124634 1.1021770238876343 0.23731568455696106
v -1.0695234537124634 1.1021770238876343 0.35597354173660278
v -1.0663983821868896 1.105302095413208 0.35597354173660278
v -1.0820235013961792 1.089677095413208 0.23731568455696106
v -1.0820235013961792 1.089677095413208 0.35597354173660278
v -1.0788984298706055 1.0928020477294922 0.35597354173660278
v -1.0771623849868774 1.0945382118225098 -0.38574248552322388
v -1.0660512447357178 1.1056492328643799 -0.39685359597206116
v -1.0549401044845581 1.1167603731155396 -0.40796470642089844
v -1.0438289642333984 1.1278715133666992 -0.41907581686973572
v -1.0327179431915283 1.1389826536178589 -0.430186927318573
v -1.0216068029403687 1.150093674659729 -0.44129803776741028
v -1.010495662689209 1.1612048149108887 -0.45240914821624756
v -0.99938458204269409 1.1723159551620483 -0.46352025866508484
v -1.0632734298706055 1.1084270477294922 -0.23731568455696106
v -1.0757734775543213 1.0959270000457764 -0.23731568455696106
v -1.0820235013961792 1.089677095413208 -0.23731568455696106
v -1.0757734775543213 1.0959270000457764 -0.35597354173660278
v -1.0820235013961792 1.089677095413208 -0.35597354173660278
v -1.0788984298706055 1.0928020477294922 -0.35597354173660278
v -1.0695234537124634 1.1021770238876343 -0.23731568455696106
v -1.0632734298706055 1.1084270477294922 -0.35597354173660278
v -1.0695234537124634 1.1021770238876343 -0.35597354173660278
v -1.0382734537124634 1.1334270238876343 -0.23731568455696106
v -1.0507735013961792 1.120927095413208 -0.23731568455696106
v -1.0663985013961792 1.105302095413208 -0.35597354173660278
v -1.0570234060287476 1.1146770715713501 -0.23731568455696106
v -1.0507735013961792 1.120927095413208 -0.35597354173660278
v -1.0570234060287476 1.1146770715713501 -0.35597354173660278
v -1.0538984537124634 1.1178020238876343 -0.35597354173660278
v -1.0445234775543213 1.1271770000457764 -0.23731568455696106
v -1.0382734537124634 1.1334270238876343 -0.35597354173660278
v -1.0445234775543213 1.1271770000457764 -0.35597354173660278
v -1.0132734775543213 1.1584270000457764 -0.23731568455696106
v -1.0257734060287476 1.1459270715713501 -0.23731568455696106
v -1.0413984060287476 1.1303020715713501 -0.35597354173660278
v -1.0382734537124634 1.1334270238876343 -0.41530245542526245
v -1.0413984060287476 1.1303020715713501 -0.41530245542526245
v -1.0320234298706055 1.1396770477294922 -0.23731568455696106
v -1.0257734060287476 1.1459270715713501 -0.35597354173660278
v -1.0320234298706055 1.1396770477294922 -0.35597354173660278
v -1.0351485013961792 1.136552095413208 -0.35597354173660278
v -1.0320234298706055 1.1396770477294922 -0.41530245542526245
v -1.0351483821868896 1.136552095413208 -0.41530245542526245
v -1.0195235013961792 1.152177095413208 -0.23731568455696106
v -1.0132734775543213 1.1584270000457764 -0.35597354173660278
v -1.0195235013961792 1.152177095413208 -0.35597354173660278
v -1.0007734298706055 1.1709270477294922 -0.23731568455696106
v -1.0226484537124634 1.1490520238876343 -0.35597354173660278
v -1.0257734060287476 1.1459270715713501 -0.41530245542526245
v -1.0195233821868896 1.152177095413208 -0.41530245542526245
v -1.0226484537124634 1.1490520238876343 -0.41530245542526245
v -1.0070234537124634 1.1646770238876343 -0.23731568455696106
v -1.0007734298706055 1.1709270477294922 -0.35597354173660278
v -1.0070234537124634 1.1646770238876343 -0.35597354173660278
v -1.0101484060287476 1.1615520715713501 -0.35597354173660278
v -1.0132734775543213 1.1584270000457764 -0.41530245542526245
v -1.0070234537124634 1.1646770238876343 -0.41530245542526245
v -1.0101484060287476 1.1615520715713501 -0.41530245542526245
v -0.99452346563339233 1.1771770715713501 -0.23731568455696106
v -0.99452346563339233 1.1771770715713501 -0.35597354173660278
v -0.99764841794967651 1.1740520000457764 -0.35597354173660278
v -1.0007734298706055 1.1709270477294922 -0.41530245542526245
v -0.99452346563339233 1.1771770715713501 -0.41530245542526245
v -0.99764841794967651 1.1740520000457764 -0.41530245542526245
v -0.99139845371246338 1.1803020238876343 -0.35597354173660278
v -0.99139845371246338 1.1803020238876343 -0.41530245542526245
v -1.4629049301147461 1.1334270238876343 -0.42463138699531555
v -1.4629049301147461 1.1584270000457764 -0.44963136315345764
v -1.2255891561508179 1.1584270000457764 -0.44963136315345764
v -1.4629049301147461 1.1709270477294922 -0.46213138103485107
v -1.2255891561508179 1.1709270477294922 -0.46213138103485107
v -1.1069313287734985 1.1709270477294922 -0.46213138103485107
v -1.2255891561508179 1.1771770715713501 -0.4683813750743866
v -1.1069313287734985 1.1771770715713501 -0.4683813750743866
v -1.0476024150848389 1.1771770715713501 -0.4683813750743866
v -1.1069313287734985 1.1803020238876343 -0.47150638699531555
v -1.0476024150848389 1.1803020238876343 -0.47150638699531555
v -1.0476024150848389 1.1709270477294922 -0.46213138103485107
v -1.1069313287734985 1.1740520000457764 -0.46525636315345764
v -1.0476024150848389 1.1740520000457764 -0.46525636315345764
v -1.1069313287734985 1.1584270000457764 -0.44963136315345764
v -1.2255891561508179 1.1646770238876343 -0.45588138699531555
v -1.1069313287734985 1.1646770238876343 -0.45588138699531555
v -1.2255891561508179 1.1334270238876343 -0.42463138699531555
v -1.4629049301147461 1.1459270715713501 -0.4371313750743866
v -1.2255891561508179 1.1459270715713501 -0.4371313750743866
v -1.4629049301147461 1.1084270477294922 -0.39963138103485107
v -1.0476024150848389 1.1584270000457764 -0.44963136315345764
v -1.1069313287734985 1.1615520715713501 -0.4527563750743866
v -1.0476024150848389 1.1646770238876343 -0.45588138699531555
v -1.0476024150848389 1.1615520715713501 -0.4527563750743866
v -1.1069313287734985 1.1459270715713501 -0.4371313750743866
v -1.2255891561508179 1.152177095413208 -0.44338136911392212
v -1.1069313287734985 1.152177095413208 -0.44338136911392212
v -1.0476024150848389 1.1459270715713501 -0.4371313750743866
v -1.1069313287734985 1.1490520238876343 -0.44025638699531555
v -1.0476024150848389 1.152177095413208 -0.44338136911392212
v -1.0476024150848389 1.1490520238876343 -0.44025638699531555
v -1.1069313287734985 1.1334270238876343 -0.42463138699531555
v -1.2255891561508179 1.1396770477294922 -0.43088138103485107
v -1.1069313287734985 1.1396770477294922 -0.43088138103485107
v -1.2255891561508179 1.1084270477294922 -0.39963138103485107
v -1.4629049301147461 1.120927095413208 -0.41213136911392212
v -1.2255891561508179 1.120927095413208 -0.41213136911392212
v -1.0476024150848389 1.1334270238876343 -0.42463138699531555
v -1.1069313287734985 1.136552095413208 -0.42775636911392212
v -1.0476024150848389 1.1396770477294922 -0.43088138103485107
v -1.0476024150848389 1.136552095413208 -0.42775636911392212
v -1.1069313287734985 1.120927095413208 -0.41213136911392212
v -1.2255891561508179 1.1271770000457764 -0.41838136315345764
v -1.1069313287734985 1.1271770000457764 -0.41838136315345764
v -1.1069313287734985 1.1303020715713501 -0.4215063750743866
v -1.1069313287734985 1.1084270477294922 -0.39963138103485107
v -1.2255891561508179 1.1146770715713501 -0.4058813750743866
v -1.1069313287734985 1.1146770715713501 -0.4058813750743866
v -1.4629049301147461 1.0959270000457764 -0.38713136315345764
v -1.2255891561508179 1.0959270000457764 -0.38713136315345764
v -1.1069313287734985 1.1178020238876343 -0.40900638699531555
v -1.1069313287734985 1.0959270000457764 -0.38713136315345764
v -1.2255891561508179 1.1021770238876343 -0.39338138699531555
v -1.1069313287734985 1.1021770238876343 -0.39338138699531555
v -1.1069313287734985 1.105302095413208 -0.39650636911392212
v -1.2255891561508179 1.089677095413208 -0.38088136911392212
v -1.1069313287734985 1.089677095413208 -0.38088136911392212
v -1.1069313287734985 1.0928020477294922 -0.38400638103485107
v -1.8486474752426147 1.0945382118225098 -0.38574248552322388
v -1.8597586154937744 1.1056492328643799 -0.39685359597206116
v -1.8708696365356445 1.1167603731155396 -0.40796470642089844
v -1.8819807767868042 1.1278715133666992 -0.41907581686973572
v -1.8930919170379639 1.1389826536178589 -0.430186927318573
v -1.9042030572891235 1.150093674659729 -0.44129803776741028
v -1.9153140783309937 1.1612048149108887 -0.45240914821624756
v -1.9264252185821533 1.1723159551620483 -0.46352025866508484
v -1.7002205848693848 1.1084270477294922 -0.39963138103485107
v -1.7002205848693848 1.0959270000457764 -0.38713136315345764
v -1.7002205848693848 1.089677095413208 -0.38088136911392212
v -1.8188785314559937 1.0959270000457764 -0.38713136315345764
v -1.8188785314559937 1.089677095413208 -0.38088136911392212
v -1.8188785314559937 1.0928020477294922 -0.38400638103485107
v -1.7002205848693848 1.1021770238876343 -0.39338138699531555
v -1.8188785314559937 1.1084270477294922 -0.39963138103485107
v -1.8188785314559937 1.1021770238876343 -0.39338138699531555
v -1.7002205848693848 1.1334270238876343 -0.42463138699531555
v -1.7002205848693848 1.120927095413208 -0.41213136911392212
v -1.8188785314559937 1.105302095413208 -0.39650636911392212
v -1.7002205848693848 1.1146770715713501 -0.4058813750743866
v -1.8188785314559937 1.120927095413208 -0.41213136911392212
v -1.8188785314559937 1.1146770715713501 -0.4058813750743866
v -1.8188785314559937 1.1178020238876343 -0.40900638699531555
v -1.7002205848693848 1.1271770000457764 -0.41838136315345764
v -1.8188785314559937 1.1334270238876343 -0.42463138699531555
v -1.8188785314559937 1.1271770000457764 -0.41838136315345764
v -1.7002205848693848 1.1584270000457764 -0.44963136315345764
v -1.7002205848693848 1.1459270715713501 -0.4371313750743866
v -1.8188785314559937 1.1303020715713501 -0.4215063750743866
v -1.8782074451446533 1.1334270238876343 -0.42463138699531555
v -1.8782074451446533 1.1303020715713501 -0.4215063750743866
v -1.7002205848693848 1.1396770477294922 -0.43088138103485107
v -1.8188785314559937 1.1459270715713501 -0.4371313750743866
v -1.8188785314559937 1.1396770477294922 -0.43088138103485107
v -1.8188785314559937 1.136552095413208 -0.42775636911392212
v -1.8782074451446533 1.1396770477294922 -0.43088138103485107
v -1.8782074451446533 1.136552095413208 -0.42775636911392212
v -1.7002205848693848 1.152177095413208 -0.44338136911392212
v -1.8188785314559937 1.1584270000457764 -0.44963136315345764
v -1.8188785314559937 1.152177095413208 -0.44338136911392212
v -1.7002205848693848 1.1709270477294922 -0.46213138103485107
v -1.8188785314559937 1.1490520238876343 -0.44025638699531555
v -1.8782074451446533 1.1459270715713501 -0.4371313750743866
v -1.8782074451446533 1.152177095413208 -0.44338136911392212
v -1.8782074451446533 1.1490520238876343 -0.44025638699531555
v -1.7002205848693848 1.1646770238876343 -0.45588138699531555
v -1.8188785314559937 1.1709270477294922 -0.46213138103485107
v -1.8188785314559937 1.1646770238876343 -0.45588138699531555
v -1.8188785314559937 1.1615520715713501 -0.4527563750743866
v -1.8782074451446533 1.1584270000457764 -0.44963136315345764
v -1.8782074451446533 1.1646770238876343 -0.45588138699531555
v -1.8782074451446533 1.1615520715713501 -0.4527563750743866
v -1.7002205848693848 1.1771770715713501 -0.4683813750743866
v -1.8188785314559937 1.1771770715713501 -0.4683813750743866
v -1.8188785314559937 1.1740520000457764 -0.46525636315345764
v -1.8782074451446533 1.1709270477294922 -0.46213138103485107
v -1.8782074451446533 1.1771770715713501 -0.4683813750743866
v -1.8782074451446533 1.1740520000457764 -0.46525636315345764
v -1.8188785314559937 1.1803020238876343 -0.47150638699531555
v -1.8782074451446533 1.1803020238876343 -0.47150638699531555
v -1.8875364065170288 1.1334270238876343 0
v -1.8625363111495972 1.1084270477294922 0
v -1.8500363826751709 1.0959270000457764 0
v -1.8625363111495972 1.1084270477294922 0.23731568455696106
v -1.8500363826751709 1.0959270000457764 0.23731568455696106
v -1.843786358833313 1.089677095413208 0.23731568455696106
v -1.8500363826751709 1.0959270000457764 0.35597354173660278
v -1.843786358833313 1.089677095413208 0.35597354173660278
v -1.8469113111495972 1.0928020477294922 0.35597354173660278
v -1.8562864065170288 1.1021770238876343 0.23731568455696106
v -1.8625363111495972 1.1084270477294922 0.35597354173660278
v -1.8562864065170288 1.1021770238876343 0.35597354173660278
v -1.875036358833313 1.120927095413208 0
v -1.8875364065170288 1.1334270238876343 0.23731568455696106
v -1.875036358833313 1.120927095413208 0.23731568455696106
v -1.9125363826751709 1.1584270000457764 0
v -1.859411358833313 1.105302095413208 0.35597354173660278
v -1.8687863349914551 1.1146770715713501 0.23731568455696106
v -1.875036358833313 1.120927095413208 0.35597354173660278
v -1.8687863349914551 1.1146770715713501 0.35597354173660278
v -1.8719114065170288 1.1178020238876343 0.35597354173660278
v -1.8812863826751709 1.1271770000457764 0.23731568455696106
v -1.8875364065170288 1.1334270238876343 0.35597354173660278
v -1.8812863826751709 1.1271770000457764 0.35597354173660278
v -1.9000363349914551 1.1459270715713501 0
v -1.9125363826751709 1.1584270000457764 0.23731568455696106
v -1.9000363349914551 1.1459270715713501 0.23731568455696106
v -1.8844113349914551 1.1303020715713501 0.35597354173660278
v -1.8875364065170288 1.1334270238876343 0.41530245542526245
v -1.8844113349914551 1.1303020715713501 0.41530245542526245
v -1.8937863111495972 1.1396770477294922 0.23731568455696106
v -1.9000363349914551 1.1459270715713501 0.35597354173660278
v -1.8937863111495972 1.1396770477294922 0.35597354173660278
v -1.890661358833313 1.136552095413208 0.35597354173660278
v -1.8937863111495972 1.1396770477294922 0.41530245542526245
v -1.890661358833313 1.136552095413208 0.41530245542526245
v -1.906286358833313 1.152177095413208 0.23731568455696106
v -1.9125363826751709 1.1584270000457764 0.35597354173660278
v -1.906286358833313 1.152177095413208 0.35597354173660278
v -1.9250363111495972 1.1709270477294922 0
v -1.9250363111495972 1.1709270477294922 0.23731568455696106
v -1.9031614065170288 1.1490520238876343 0.35597354173660278
v -1.9000363349914551 1.1459270715713501 0.41530245542526245
v -1.906286358833313 1.152177095413208 0.41530245542526245
v -1.9031614065170288 1.1490520238876343 0.41530245542526245
v -1.9187864065170288 1.1646770238876343 0.23731568455696106
v -1.9250363111495972 1.1709270477294922 0.35597354173660278
v -1.9187864065170288 1.1646770238876343 0.35597354173660278
v -1.9156613349914551 1.1615520715713501 0.35597354173660278
v -1.9125363826751709 1.1584270000457764 0.41530245542526245
v -1.9187864065170288 1.1646770238876343 0.41530245542526245
v -1.9156613349914551 1.1615520715713501 0.41530245542526245
v -1.9312863349914551 1.1771770715713501 0.23731568455696106
v -1.9312863349914551 1.1771770715713501 0.35597354173660278
v -1.9281613826751709 1.1740520000457764 0.35597354173660278
v -1.9250363111495972 1.1709270477294922 0.41530245542526245
v -1.9312863349914551 1.1771770715713501 0.41530245542526245
v -1.9281613826751709 1.1740520000457764 0.41530245542526245
v -1.9344114065170288 1.1803020238876343 0.35597354173660278
v -1.9344114065170288 1.1803020238876343 0.41530245542526245
v -1.9125363826751709 1.1584270000457764 -0.23731568455696106
v -1.9250363111495972 1.1709270477294922 -0.23731568455696106
v -1.9250363111495972 1.1709270477294922 -0.35597354173660278
v -1.9312863349914551 1.1771770715713501 -0.23731568455696106
v -1.9312863349914551 1.1771770715713501 -0.35597354173660278
v -1.9312863349914551 1.1771770715713501 -0.41530245542526245
v -1.9344114065170288 1.1803020238876343 -0.35597354173660278
v -1.9344114065170288 1.1803020238876343 -0.41530245542526245
v -1.9250363111495972 1.1709270477294922 -0.41530245542526245
v -1.9281613826751709 1.1740520000457764 -0.35597354173660278
v -1.9281613826751709 1.1740520000457764 -0.41530245542526245
v -1.9125363826751709 1.1584270000457764 -0.35597354173660278
v -1.9187864065170288 1.1646770238876343 -0.23731568455696106
v -1.9187864065170288 1.1646770238876343 -0.35597354173660278
v -1.8875364065170288 1.1334270238876343 -0.23731568455696106
v -1.9000363349914551 1.1459270715713501 -0.23731568455696106
v -1.9125363826751709 1.1584270000457764 -0.41530245542526245
v -1.9156613349914551 1.1615520715713501 -0.35597354173660278
v -1.9187864065170288 1.1646770238876343 -0.41530245542526245
v -1.9156613349914551 1.1615520715713501 -0.41530245542526245
v -1.9000363349914551 1.1459270715713501 -0.35597354173660278
v -1.906286358833313 1.152177095413208 -0.23731568455696106
v -1.906286358833313 1.152177095413208 -0.35597354173660278
v -1.9000363349914551 1.1459270715713501 -0.41530245542526245
v -1.9031614065170288 1.1490520238876343 -0.35597354173660278
v -1.906286358833313 1.152177095413208 -0.41530245542526245
v -1.9031614065170288 1.1490520238876343 -0.41530245542526245
v -1.8875364065170288 1.1334270238876343 -0.35597354173660278
v -1.8937863111495972 1.1396770477294922 -0.23731568455696106
v -1.8937863111495972 1.1396770477294922 -0.35597354173660278
v -1.8625363111495972 1.1084270477294922 -0.23731568455696106
v -1.875036358833313 1.120927095413208 -0.23731568455696106
v -1.8875364065170288 1.1334270238876343 -0.41530245542526245
v -1.890661358833313 1.136552095413208 -0.35597354173660278
v -1.8937863111495972 1.1396770477294922 -0.41530245542526245
v -1.890661358833313 1.136552095413208 -0.41530245542526245
v -1.875036358833313 1.120927095413208 -0.35597354173660278
v -1.8812863826751709 1.1271770000457764 -0.23731568455696106
v -1.8812863826751709 1.1271770000457764 -0.35597354173660278
v -1.8844113349914551 1.1303020715713501 -0.35597354173660278
v -1.8625363111495972 1.1084270477294922 -0.35597354173660278
v -1.8687863349914551 1.1146770715713501 -0.23731568455696106
v -1.8687863349914551 1.1146770715713501 -0.35597354173660278
v -1.8500363826751709 1.0959270000457764 -0.23731568455696106
v -1.8719114065170288 1.1178020238876343 -0.35597354173660278
v -1.8500363826751709 1.0959270000457764 -0.35597354173660278
v -1.8562864065170288 1.1021770238876343 -0.23731568455696106
v -1.8562864065170288 1.1021770238876343 -0.35597354173660278
v -1.859411358833313 1.105302095413208 -0.35597354173660278
v -1.843786358833313 1.089677095413208 -0.23731568455696106
v -1.843786358833313 1.089677095413208 -0.35597354173660278
v -1.8469113111495972 1.0928020477294922 -0.35597354173660278
vt 0.7360997200012207 0.4866597056388855
vt 0.99853515625 0
vt 0.7360997200012207 0
vt 0.99853515625 0.4866597056388855
vt 0 0.4851948618888855
vt 0.26390025019645691 0
vt 0 0
vt 0.26390025019645691 0.4851948618888855
vt 0.36804983019828796 0
vt 0.63195013999938965 0
vt 0.63195013999938965 0.4851948618888855
vt 0.36804983019828796 0.4851948618888855
vt 0.47219946980476379 0.4866597056388855
vt 0.47219946980476379 0.971854567527771
vt 0.7346348762512207 0.4866597056388855
vt 0.7346348762512207 0.971854567527771
vt 0.2639002799987793 0.4866597056388855
vt 0.47073462605476379 0.69495886564254761
vt 0.47073462605476379 0.4866597056388855
vt 0.2639002799987793 0.69495886564254761
vt 0.2639002799987793 0.93828868865966797
vt 0.47073462605476379 0.93828868865966797
vt 0.47073462605476379 0.72998958826065063
vt 0.2639002799987793 0.72998958826065063
vt 0 0.72998958826065063
vt 0.2624354362487793 0.72998958826065063
vt 0.23478920757770538 0.76930546760559082
vt 0.027646232396364212 0.76930546760559082
vt 0.25936365127563477 0.73435801267623901
vt 0.25629183650016785 0.73872643709182739
vt 0.25322002172470093 0.74309486150741577
vt 0.2501482367515564 0.74746328592300415
vt 0.24707642197608948 0.7518317699432373
vt 0.24400460720062256 0.75620019435882568
vt 0.24093280732631683 0.76056861877441406
vt 0.23786100745201111 0.76493704319000244
vt 0.13121771812438965 0.74964749813079834
vt 0.13121771812438965 0.73981857299804688
vt 0.19682657718658447 0.73981857299804688
vt 0.13121771812438965 0.73490405082702637
vt 0.19682657718658447 0.73490405082702637
vt 0.22963100671768188 0.73490405082702637
vt 0.19682657718658447 0.73244678974151611
vt 0.22963100671768188 0.73244678974151611
vt 0.24603322148323059 0.73244678974151611
vt 0.22963100671768188 0.73121821880340576
vt 0.24603322148323059 0.73121821880340576
vt 0.24603322148323059 0.73490405082702637
vt 0.22963100671768188 0.73367542028427124
vt 0.24603322148323059 0.73367542028427124
vt 0.22963100671768188 0.73981857299804688
vt 0.19682657718658447 0.73736131191253662
vt 0.22963100671768188 0.73736131191253662
vt 0.19682657718658447 0.74964749813079834
vt 0.13121771812438965 0.74473303556442261
vt 0.19682657718658447 0.74473303556442261
vt 0.13121771812438965 0.75947648286819458
vt 0.24603322148323059 0.73981857299804688
vt 0.22963100671768188 0.73858994245529175
vt 0.24603322148323059 0.73736131191253662
vt 0.24603322148323059 0.73858994245529175
vt 0.22963100671768188 0.74473303556442261
vt 0.19682657718658447 0.74227577447891235
vt 0.22963100671768188 0.74227577447891235
vt 0.24603322148323059 0.74473303556442261
vt 0.22963100671768188 0.74350440502166748
vt 0.24603322148323059 0.74227577447891235
vt 0.24603322148323059 0.74350440502166748
vt 0.22963100671768188 0.74964749813079834
vt 0.19682657718658447 0.74719029664993286
vt 0.22963100671768188 0.74719029664993286
vt 0.19682657718658447 0.75947648286819458
vt 0.13121771812438965 0.75456202030181885
vt 0.19682657718658447 0.75456202030181885
vt 0.24603322148323059 0.74964749813079834
vt 0.22963100671768188 0.74841892719268799
vt 0.24603322148323059 0.74719029664993286
vt 0.24603322148323059 0.74841892719268799
vt 0.22963100671768188 0.75456202030181885
vt 0.19682657718658447 0.75210475921630859
vt 0.22963100671768188 0.75210475921630859
vt 0.22963100671768188 0.75087612867355347
vt 0.22963100671768188 0.75947648286819458
vt 0.19682657718658447 0.7570192813873291
vt 0.22963100671768188 0.7570192813873291
vt 0.13121771812438965 0.76439100503921509
vt 0.19682657718658447 0.76439100503921509
vt 0.22963100671768188 0.75579065084457397
vt 0.22963100671768188 0.76439100503921509
vt 0.19682657718658447 0.76193374395370483
vt 0.22963100671768188 0.76193374395370483
vt 0.22963100671768188 0.76070511341094971
vt 0.19682657718658447 0.76684826612472534
vt 0.22963100671768188 0.76684826612472534
vt 0.22963100671768188 0.76561963558197021
vt 0.024574428796768188 0.76493704319000244
vt 0.021502625197172165 0.76056861877441406
vt 0.018430821597576141 0.75620019435882568
vt 0.015359018929302692 0.7518317699432373
vt 0.012287214398384094 0.74746328592300415
vt 0.0092154107987880707 0.74309486150741577
vt 0.0061436071991920471 0.73872643709182739
vt 0.0030718035995960236 0.73435801267623901
vt 0.065608859062194824 0.75947648286819458
vt 0.065608859062194824 0.76439100503921509
vt 0.065608859062194824 0.76684826612472534
vt 0.032804429531097412 0.76439100503921509
vt 0.032804429531097412 0.76684826612472534
vt 0.032804429531097412 0.76561963558197021
vt 0.065608859062194824 0.76193374395370483
vt 0.032804429531097412 0.75947648286819458
vt 0.032804429531097412 0.76193374395370483
vt 0.065608859062194824 0.74964749813079834
vt 0.065608859062194824 0.75456202030181885
vt 0.032804429531097412 0.76070511341094971
vt 0.065608859062194824 0.7570192813873291
vt 0.032804429531097412 0.75456202030181885
vt 0.032804429531097412 0.7570192813873291
vt 0.032804429531097412 0.75579065084457397
vt 0.065608859062194824 0.75210475921630859
vt 0.032804429531097412 0.74964749813079834
vt 0.032804429531097412 0.75210475921630859
vt 0.065608859062194824 0.73981857299804688
vt 0.065608859062194824 0.74473303556442261
vt 0.032804429531097412 0.75087612867355347
vt 0.016402214765548706 0.74964749813079834
vt 0.016402214765548706 0.75087612867355347
vt 0.065608859062194824 0.74719029664993286
vt 0.032804429531097412 0.74473303556442261
vt 0.032804429531097412 0.74719029664993286
vt 0.032804429531097412 0.74841892719268799
vt 0.016402214765548706 0.74719029664993286
vt 0.016402214765548706 0.74841892719268799
vt 0.065608859062194824 0.74227577447891235
vt 0.032804429531097412 0.73981857299804688
vt 0.032804429531097412 0.74227577447891235
vt 0.065608859062194824 0.73490405082702637
vt 0.032804429531097412 0.74350440502166748
vt 0.016402214765548706 0.74473303556442261
vt 0.016402214765548706 0.74227577447891235
vt 0.016402214765548706 0.74350440502166748
vt 0.065608859062194824 0.73736131191253662
vt 0.032804429531097412 0.73490405082702637
vt 0.032804429531097412 0.73736131191253662
vt 0.032804429531097412 0.73858994245529175
vt 0.016402214765548706 0.73981857299804688
vt 0.016402214765548706 0.73736131191253662
vt 0.016402214765548706 0.73858994245529175
vt 0.065608859062194824 0.73244678974151611
vt 0.032804429531097412 0.73244678974151611
vt 0.032804429531097412 0.73367542028427124
vt 0.016402214765548706 0.73490405082702637
vt 0.016402214765548706 0.73244678974151611
vt 0.016402214765548706 0.73367542028427124
vt 0.032804429531097412 0.73121821880340576
vt 0.016402214765548706 0.73121821880340576
vt 0 0.60832464694976807
vt 0.2624354362487793 0.60832464694976807
vt 0.23478920757770538 0.64764052629470825
vt 0.027646239846944809 0.64764052629470825
vt 0.024574432522058487 0.64327210187911987
vt 0.021502628922462463 0.63890367746353149
vt 0.01843082532286644 0.63453525304794312
vt 0.015359021723270416 0.63016682863235474
vt 0.012287216261029243 0.62579840421676636
vt 0.0092154126614332199 0.6214299201965332
vt 0.0061436081305146217 0.61706149578094482
vt 0.0030718040652573109 0.61269307136535645
vt 0.13121771812438965 0.62798261642456055
vt 0.13121771812438965 0.63781160116195679
vt 0.13121771812438965 0.64272606372833252
vt 0.065608859062194824 0.63781160116195679
vt 0.065608859062194824 0.64272606372833252
vt 0.065608859062194824 0.64518332481384277
vt 0.032804429531097412 0.64272606372833252
vt 0.032804429531097412 0.64518332481384277
vt 0.032804429531097412 0.64395469427108765
vt 0.065608859062194824 0.64026880264282227
vt 0.032804429531097412 0.63781160116195679
vt 0.032804429531097412 0.64026880264282227
vt 0.13121771812438965 0.63289707899093628
vt 0.065608859062194824 0.62798261642456055
vt 0.065608859062194824 0.63289707899093628
vt 0.13121771812438965 0.61815363168716431
vt 0.032804429531097412 0.63904017210006714
vt 0.065608859062194824 0.63535434007644653
vt 0.032804429531097412 0.63289707899093628
vt 0.032804429531097412 0.63535434007644653
vt 0.032804429531097412 0.63412570953369141
vt 0.065608859062194824 0.63043981790542603
vt 0.032804429531097412 0.62798261642456055
vt 0.032804429531097412 0.63043981790542603
vt 0.13121771812438965 0.62306809425354004
vt 0.065608859062194824 0.61815363168716431
vt 0.065608859062194824 0.62306809425354004
vt 0.032804429531097412 0.62921124696731567
vt 0.016402214765548706 0.62798261642456055
vt 0.016402214765548706 0.62921124696731567
vt 0.065608859062194824 0.62552535533905029
vt 0.032804429531097412 0.62306809425354004
vt 0.032804429531097412 0.62552535533905029
vt 0.032804429531097412 0.62675398588180542
vt 0.016402214765548706 0.62552535533905029
vt 0.016402214765548706 0.62675398588180542
vt 0.065608859062194824 0.62061089277267456
vt 0.032804429531097412 0.61815363168716431
vt 0.032804429531097412 0.62061089277267456
vt 0.13121771812438965 0.6132391095161438
vt 0.065608859062194824 0.6132391095161438
vt 0.032804429531097412 0.62183946371078491
vt 0.016402214765548706 0.62306809425354004
vt 0.016402214765548706 0.62061089277267456
vt 0.016402214765548706 0.62183946371078491
vt 0.065608859062194824 0.61569637060165405
vt 0.032804429531097412 0.6132391095161438
vt 0.032804429531097412 0.61569637060165405
vt 0.032804429531097412 0.61692500114440918
vt 0.016402214765548706 0.61815363168716431
vt 0.016402214765548706 0.61569637060165405
vt 0.016402214765548706 0.61692500114440918
vt 0.065608859062194824 0.61078190803527832
vt 0.032804429531097412 0.61078190803527832
vt 0.032804429531097412 0.61201053857803345
vt 0.016402214765548706 0.6132391095161438
vt 0.016402214765548706 0.61078190803527832
vt 0.016402214765548706 0.61201053857803345
vt 0.032804429531097412 0.60955327749252319
vt 0.016402214765548706 0.60955327749252319
vt 0.25936365127563477 0.61269307136535645
vt 0.25629183650016785 0.61706149578094482
vt 0.25322002172470093 0.6214299201965332
vt 0.25014820694923401 0.62579840421676636
vt 0.24707642197608948 0.63016682863235474
vt 0.24400460720062256 0.63453525304794312
vt 0.24093280732631683 0.63890367746353149
vt 0.23786100745201111 0.64327210187911987
vt 0.19682657718658447 0.61815363168716431
vt 0.19682657718658447 0.6132391095161438
vt 0.22963100671768188 0.6132391095161438
vt 0.19682657718658447 0.61078190803527832
vt 0.22963100671768188 0.61078190803527832
vt 0.24603322148323059 0.61078190803527832
vt 0.22963100671768188 0.60955327749252319
vt 0.24603322148323059 0.60955327749252319
vt 0.24603322148323059 0.6132391095161438
vt 0.22963100671768188 0.61201053857803345
vt 0.24603322148323059 0.61201053857803345
vt 0.22963100671768188 0.61815363168716431
vt 0.19682657718658447 0.61569637060165405
vt 0.22963100671768188 0.61569637060165405
vt 0.19682657718658447 0.62798261642456055
vt 0.19682657718658447 0.62306809425354004
vt 0.24603322148323059 0.61815363168716431
vt 0.22963100671768188 0.61692500114440918
vt 0.24603322148323059 0.61569637060165405
vt 0.24603322148323059 0.61692500114440918
vt 0.22963100671768188 0.62306809425354004
vt 0.19682657718658447 0.62061089277267456
vt 0.22963100671768188 0.62061089277267456
vt 0.24603322148323059 0.62306809425354004
vt 0.22963100671768188 0.62183946371078491
vt 0.24603322148323059 0.62061089277267456
vt 0.24603322148323059 0.62183946371078491
vt 0.22963100671768188 0.62798261642456055
vt 0.19682657718658447 0.62552535533905029
vt 0.22963100671768188 0.62552535533905029
vt 0.19682657718658447 0.63781160116195679
vt 0.19682657718658447 0.63289707899093628
vt 0.24603322148323059 0.62798261642456055
vt 0.22963100671768188 0.62675398588180542
vt 0.24603322148323059 0.62552535533905029
vt 0.24603322148323059 0.62675398588180542
vt 0.22963100671768188 0.63289707899093628
vt 0.19682657718658447 0.63043981790542603
vt 0.22963100671768188 0.63043981790542603
vt 0.22963100671768188 0.62921124696731567
vt 0.22963100671768188 0.63781160116195679
vt 0.19682657718658447 0.63535434007644653
vt 0.22963100671768188 0.63535434007644653
vt 0.19682657718658447 0.64272606372833252
vt 0.22963100671768188 0.63412570953369141
vt 0.22963100671768188 0.64272606372833252
vt 0.19682657718658447 0.64026880264282227
vt 0.22963100671768188 0.64026880264282227
vt 0.22963100671768188 0.63904017210006714
vt 0.19682657718658447 0.64518332481384277
vt 0.22963100671768188 0.64518332481384277
vt 0.22963100671768188 0.64395469427108765
vt 0 0.9124869704246521
vt 0.2624354362487793 0.9124869704246521
vt 0.23478920757770538 0.95180284976959229
vt 0.027646232396364212 0.95180284976959229
vt 0.024574428796768188 0.94743442535400391
vt 0.021502625197172165 0.94306600093841553
vt 0.018430821597576141 0.93869757652282715
vt 0.015359018929302692 0.93432915210723877
vt 0.012287214398384094 0.92996072769165039
vt 0.0092154107987880707 0.92559224367141724
vt 0.0061436071991920471 0.92122381925582886
vt 0.0030718035995960236 0.91685539484024048
vt 0.13121771812438965 0.93214493989944458
vt 0.13121771812438965 0.94197392463684082
vt 0.13121771812438965 0.94688838720321655
vt 0.065608859062194824 0.94197392463684082
vt 0.065608859062194824 0.94688838720321655
vt 0.065608859062194824 0.94934564828872681
vt 0.032804429531097412 0.94688838720321655
vt 0.032804429531097412 0.94934564828872681
vt 0.032804429531097412 0.94811701774597168
vt 0.065608859062194824 0.9444311261177063
vt 0.032804429531097412 0.94197392463684082
vt 0.032804429531097412 0.9444311261177063
vt 0.13121771812438965 0.93705940246582031
vt 0.065608859062194824 0.93214493989944458
vt 0.065608859062194824 0.93705940246582031
vt 0.13121771812438965 0.92231595516204834
vt 0.032804429531097412 0.94320249557495117
vt 0.065608859062194824 0.93951666355133057
vt 0.032804429531097412 0.93705940246582031
vt 0.032804429531097412 0.93951666355133057
vt 0.032804429531097412 0.93828803300857544
vt 0.065608859062194824 0.93460214138031006
vt 0.032804429531097412 0.93214493989944458
vt 0.032804429531097412 0.93460214138031006
vt 0.13121771812438965 0.92723041772842407
vt 0.065608859062194824 0.92231595516204834
vt 0.065608859062194824 0.92723041772842407
vt 0.032804429531097412 0.93337357044219971
vt 0.016402214765548706 0.93214493989944458
vt 0.016402214765548706 0.93337357044219971
vt 0.065608859062194824 0.92968767881393433
vt 0.032804429531097412 0.92723041772842407
vt 0.032804429531097412 0.92968767881393433
vt 0.032804429531097412 0.93091630935668945
vt 0.016402214765548706 0.92968767881393433
vt 0.016402214765548706 0.93091630935668945
vt 0.065608859062194824 0.92477321624755859
vt 0.032804429531097412 0.92231595516204834
vt 0.032804429531097412 0.92477321624755859
vt 0.13121771812438965 0.91740143299102783
vt 0.065608859062194824 0.91740143299102783
vt 0.032804429531097412 0.92600178718566895
vt 0.016402214765548706 0.92723041772842407
vt 0.016402214765548706 0.92477321624755859
vt 0.016402214765548706 0.92600178718566895
vt 0.065608859062194824 0.91985869407653809
vt 0.032804429531097412 0.91740143299102783
vt 0.032804429531097412 0.91985869407653809
vt 0.032804429531097412 0.92108732461929321
vt 0.016402214765548706 0.92231595516204834
vt 0.016402214765548706 0.91985869407653809
vt 0.016402214765548706 0.92108732461929321
vt 0.065608859062194824 0.91494423151016235
vt 0.032804429531097412 0.91494423151016235
vt 0.032804429531097412 0.91617280244827271
vt 0.016402214765548706 0.91740143299102783
vt 0.016402214765548706 0.91494423151016235
vt 0.016402214765548706 0.91617280244827271
vt 0.032804429531097412 0.91371560096740723
vt 0.016402214765548706 0.91371560096740723
vt 0.25936365127563477 0.91685539484024048
vt 0.25629183650016785 0.92122381925582886
vt 0.25322002172470093 0.92559224367141724
vt 0.2501482367515564 0.92996072769165039
vt 0.24707642197608948 0.93432915210723877
vt 0.24400460720062256 0.93869757652282715
vt 0.24093280732631683 0.94306600093841553
vt 0.23786100745201111 0.94743442535400391
vt 0.19682657718658447 0.92231595516204834
vt 0.19682657718658447 0.91740143299102783
vt 0.22963100671768188 0.91740143299102783
vt 0.19682657718658447 0.91494423151016235
vt 0.22963100671768188 0.91494423151016235
vt 0.24603322148323059 0.91494423151016235
vt 0.22963100671768188 0.91371560096740723
vt 0.24603322148323059 0.91371560096740723
vt 0.24603322148323059 0.91740143299102783
vt 0.22963100671768188 0.91617280244827271
vt 0.24603322148323059 0.91617280244827271
vt 0.22963100671768188 0.92231595516204834
vt 0.19682657718658447 0.91985869407653809
vt 0.22963100671768188 0.91985869407653809
vt 0.19682657718658447 0.93214493989944458
vt 0.19682657718658447 0.92723041772842407
vt 0.24603322148323059 0.92231595516204834
vt 0.22963100671768188 0.92108732461929321
vt 0.24603322148323059 0.91985869407653809
vt 0.24603322148323059 0.92108732461929321
vt 0.22963100671768188 0.92723041772842407
vt 0.19682657718658447 0.92477321624755859
vt 0.22963100671768188 0.92477321624755859
vt 0.24603322148323059 0.92723041772842407
vt 0.22963100671768188 0.92600178718566895
vt 0.24603322148323059 0.92477321624755859
vt 0.24603322148323059 0.92600178718566895
vt 0.22963100671768188 0.93214493989944458
vt 0.19682657718658447 0.92968767881393433
vt 0.22963100671768188 0.92968767881393433
vt 0.19682657718658447 0.94197392463684082
vt 0.19682657718658447 0.93705940246582031
vt 0.24603322148323059 0.93214493989944458
vt 0.22963100671768188 0.93091630935668945
vt 0.24603322148323059 0.92968767881393433
vt 0.24603322148323059 0.93091630935668945
vt 0.22963100671768188 0.93705940246582031
vt 0.19682657718658447 0.93460214138031006
vt 0.22963100671768188 0.93460214138031006
vt 0.22963100671768188 0.93337357044219971
vt 0.22963100671768188 0.94197392463684082
vt 0.19682657718658447 0.93951666355133057
vt 0.22963100671768188 0.93951666355133057
vt 0.19682657718658447 0.94688838720321655
vt 0.22963100671768188 0.93828803300857544
vt 0.22963100671768188 0.94688838720321655
vt 0.19682657718658447 0.9444311261177063
vt 0.22963100671768188 0.9444311261177063
vt 0.22963100671768188 0.94320249557495117
vt 0.19682657718658447 0.94934564828872681
vt 0.22963100671768188 0.94934564828872681
vt 0.22963100671768188 0.94811701774597168
vt 0 0.4866597056388855
vt 0.2624354362487793 0.4866597056388855
vt 0.23478920757770538 0.52597564458847046
vt 0.027646239846944809 0.52597564458847046
vt 0.25936365127563477 0.49102815985679626
vt 0.25629183650016785 0.49539658427238464
vt 0.25322002172470093 0.49976500868797302
vt 0.25014820694923401 0.50413346290588379
vt 0.24707642197608948 0.50850188732147217
vt 0.24400460720062256 0.51287031173706055
vt 0.24093280732631683 0.51723873615264893
vt 0.23786100745201111 0.52160722017288208
vt 0.024574432522058487 0.52160722017288208
vt 0.021502628922462463 0.51723873615264893
vt 0.01843082532286644 0.51287031173706055
vt 0.015359021723270416 0.50850188732147217
vt 0.012287216261029243 0.50413346290588379
vt 0.0092154126614332199 0.49976500868797302
vt 0.0061436081305146217 0.49539658427238464
vt 0.0030718040652573109 0.49102815985679626
vt 0 0.79082202911376953
vt 0.2624354362487793 0.79082202911376953
vt 0.23478920757770538 0.83013796806335449
vt 0.027646232396364212 0.83013796806335449
vt 0.25936365127563477 0.79519045352935791
vt 0.25629183650016785 0.79955887794494629
vt 0.25322002172470093 0.80392736196517944
vt 0.2501482367515564 0.80829578638076782
vt 0.24707642197608948 0.8126642107963562
vt 0.24400460720062256 0.81703263521194458
vt 0.24093280732631683 0.82140105962753296
vt 0.23786100745201111 0.82576948404312134
vt 0.024574428796768188 0.82576948404312134
vt 0.021502625197172165 0.82140105962753296
vt 0.018430821597576141 0.81703263521194458
vt 0.015359018929302692 0.8126642107963562
vt 0.012287214398384094 0.80829578638076782
vt 0.0092154107987880707 0.80392736196517944
vt 0.0061436071991920471 0.79955887794494629
vt 0.0030718035995960236 0.79519045352935791
vt 0 0.54749220609664917
vt 0.2624354362487793 0.54749220609664917
vt 0.23478920757770538 0.58680808544158936
vt 0.027646239846944809 0.58680808544158936
vt 0.25936365127563477 0.55186063051223755
vt 0.25629183650016785 0.55622905492782593
vt 0.25322002172470093 0.56059747934341431
vt 0.25014820694923401 0.56496590375900269
vt 0.24707642197608948 0.56933432817459106
vt 0.24400460720062256 0.57370281219482422
vt 0.24093280732631683 0.5780712366104126
vt 0.23786100745201111 0.58243966102600098
vt 0.13121771812438965 0.56715011596679688
vt 0.13121771812438965 0.55732113122940063
vt 0.19682657718658447 0.55732113122940063
vt 0.13121771812438965 0.5524066686630249
vt 0.19682657718658447 0.5524066686630249
vt 0.22963100671768188 0.5524066686630249
vt 0.19682657718658447 0.54994940757751465
vt 0.22963100671768188 0.54994940757751465
vt 0.24603322148323059 0.54994940757751465
vt 0.22963100671768188 0.54872077703475952
vt 0.24603322148323059 0.54872077703475952
vt 0.24603322148323059 0.5524066686630249
vt 0.22963100671768188 0.55117803812026978
vt 0.24603322148323059 0.55117803812026978
vt 0.22963100671768188 0.55732113122940063
vt 0.19682657718658447 0.55486392974853516
vt 0.22963100671768188 0.55486392974853516
vt 0.19682657718658447 0.56715011596679688
vt 0.13121771812438965 0.56223565340042114
vt 0.19682657718658447 0.56223565340042114
vt 0.13121771812438965 0.57697910070419312
vt 0.24603322148323059 0.55732113122940063
vt 0.22963100671768188 0.55609256029129028
vt 0.24603322148323059 0.55486392974853516
vt 0.24603322148323059 0.55609256029129028
vt 0.22963100671768188 0.56223565340042114
vt 0.19682657718658447 0.55977839231491089
vt 0.22963100671768188 0.55977839231491089
vt 0.24603322148323059 0.56223565340042114
vt 0.22963100671768188 0.56100702285766602
vt 0.24603322148323059 0.55977839231491089
vt 0.24603322148323059 0.56100702285766602
vt 0.22963100671768188 0.56715011596679688
vt 0.19682657718658447 0.5646929144859314
vt 0.22963100671768188 0.5646929144859314
vt 0.19682657718658447 0.57697910070419312
vt 0.13121771812438965 0.57206463813781738
vt 0.19682657718658447 0.57206463813781738
vt 0.24603322148323059 0.56715011596679688
vt 0.22963100671768188 0.56592148542404175
vt 0.24603322148323059 0.5646929144859314
vt 0.24603322148323059 0.56592148542404175
vt 0.22963100671768188 0.57206463813781738
vt 0.19682657718658447 0.56960737705230713
vt 0.22963100671768188 0.56960737705230713
vt 0.22963100671768188 0.568378746509552
vt 0.22963100671768188 0.57697910070419312
vt 0.19682657718658447 0.57452183961868286
vt 0.22963100671768188 0.57452183961868286
vt 0.13121771812438965 0.58189362287521362
vt 0.19682657718658447 0.58189362287521362
vt 0.22963100671768188 0.57329326868057251
vt 0.22963100671768188 0.58189362287521362
vt 0.19682657718658447 0.57943636178970337
vt 0.22963100671768188 0.57943636178970337
vt 0.22963100671768188 0.57820773124694824
vt 0.19682657718658447 0.5843508243560791
vt 0.22963100671768188 0.5843508243560791
vt 0.22963100671768188 0.58312219381332397
vt 0.024574432522058487 0.58243966102600098
vt 0.021502628922462463 0.5780712366104126
vt 0.01843082532286644 0.57370281219482422
vt 0.015359021723270416 0.56933432817459106
vt 0.012287216261029243 0.56496590375900269
vt 0.0092154126614332199 0.56059747934341431
vt 0.0061436081305146217 0.55622905492782593
vt 0.0030718040652573109 0.55186063051223755
vt 0.065608859062194824 0.57697910070419312
vt 0.065608859062194824 0.58189362287521362
vt 0.065608859062194824 0.5843508243560791
vt 0.032804429531097412 0.58189362287521362
vt 0.032804429531097412 0.5843508243560791
vt 0.032804429531097412 0.58312219381332397
vt 0.065608859062194824 0.57943636178970337
vt 0.032804429531097412 0.57697910070419312
vt 0.032804429531097412 0.57943636178970337
vt 0.065608859062194824 0.56715011596679688
vt 0.065608859062194824 0.57206463813781738
vt 0.032804429531097412 0.57820773124694824
vt 0.065608859062194824 0.57452183961868286
vt 0.032804429531097412 0.57206463813781738
vt 0.032804429531097412 0.57452183961868286
vt 0.032804429531097412 0.57329326868057251
vt 0.065608859062194824 0.56960737705230713
vt 0.032804429531097412 0.56715011596679688
vt 0.032804429531097412 0.56960737705230713
vt 0.065608859062194824 0.55732113122940063
vt 0.065608859062194824 0.56223565340042114
vt 0.032804429531097412 0.568378746509552
vt 0.016402214765548706 0.56715011596679688
vt 0.016402214765548706 0.568378746509552
vt 0.065608859062194824 0.5646929144859314
vt 0.032804429531097412 0.56223565340042114
vt 0.032804429531097412 0.5646929144859314
vt 0.032804429531097412 0.56592148542404175
vt 0.016402214765548706 0.5646929144859314
vt 0.016402214765548706 0.56592148542404175
vt 0.065608859062194824 0.55977839231491089
vt 0.032804429531097412 0.55732113122940063
vt 0.032804429531097412 0.55977839231491089
vt 0.065608859062194824 0.5524066686630249
vt 0.032804429531097412 0.56100702285766602
vt 0.016402214765548706 0.56223565340042114
vt 0.016402214765548706 0.55977839231491089
vt 0.016402214765548706 0.56100702285766602
vt 0.065608859062194824 0.55486392974853516
vt 0.032804429531097412 0.5524066686630249
vt 0.032804429531097412 0.55486392974853516
vt 0.032804429531097412 0.55609256029129028
vt 0.016402214765548706 0.55732113122940063
vt 0.016402214765548706 0.55486392974853516
vt 0.016402214765548706 0.55609256029129028
vt 0.065608859062194824 0.54994940757751465
vt 0.032804429531097412 0.54994940757751465
vt 0.032804429531097412 0.55117803812026978
vt 0.016402214765548706 0.5524066686630249
vt 0.016402214765548706 0.54994940757751465
vt 0.016402214765548706 0.55117803812026978
vt 0.032804429531097412 0.54872077703475952
vt 0.016402214765548706 0.54872077703475952
vt 0 0.8516545295715332
vt 0.2624354362487793 0.8516545295715332
vt 0.23478920757770538 0.89097040891647339
vt 0.027646232396364212 0.89097040891647339
vt 0.25936365127563477 0.85602295398712158
vt 0.25629183650016785 0.86039137840270996
vt 0.25322002172470093 0.86475980281829834
vt 0.2501482367515564 0.86912822723388672
vt 0.24707642197608948 0.8734966516494751
vt 0.24400460720062256 0.87786513566970825
vt 0.24093280732631683 0.88223356008529663
vt 0.23786100745201111 0.88660198450088501
vt 0.13121771812438965 0.87131243944168091
vt 0.13121771812438965 0.86148345470428467
vt 0.19682657718658447 0.86148345470428467
vt 0.13121771812438965 0.85656899213790894
vt 0.19682657718658447 0.85656899213790894
vt 0.22963100671768188 0.85656899213790894
vt 0.19682657718658447 0.85411173105239868
vt 0.22963100671768188 0.85411173105239868
vt 0.24603322148323059 0.85411173105239868
vt 0.22963100671768188 0.85288310050964355
vt 0.24603322148323059 0.85288310050964355
vt 0.24603322148323059 0.85656899213790894
vt 0.22963100671768188 0.85534036159515381
vt 0.24603322148323059 0.85534036159515381
vt 0.22963100671768188 0.86148345470428467
vt 0.19682657718658447 0.85902625322341919
vt 0.22963100671768188 0.85902625322341919
vt 0.19682657718658447 0.87131243944168091
vt 0.13121771812438965 0.86639797687530518
vt 0.19682657718658447 0.86639797687530518
vt 0.13121771812438965 0.88114142417907715
vt 0.24603322148323059 0.86148345470428467
vt 0.22963100671768188 0.86025488376617432
vt 0.24603322148323059 0.85902625322341919
vt 0.24603322148323059 0.86025488376617432
vt 0.22963100671768188 0.86639797687530518
vt 0.19682657718658447 0.86394071578979492
vt 0.22963100671768188 0.86394071578979492
vt 0.24603322148323059 0.86639797687530518
vt 0.22963100671768188 0.86516934633255005
vt 0.24603322148323059 0.86394071578979492
vt 0.24603322148323059 0.86516934633255005
vt 0.22963100671768188 0.87131243944168091
vt 0.19682657718658447 0.86885523796081543
vt 0.22963100671768188 0.86885523796081543
vt 0.19682657718658447 0.88114142417907715
vt 0.13121771812438965 0.87622696161270142
vt 0.19682657718658447 0.87622696161270142
vt 0.24603322148323059 0.87131243944168091
vt 0.22963100671768188 0.87008380889892578
vt 0.24603322148323059 0.86885523796081543
vt 0.24603322148323059 0.87008380889892578
vt 0.22963100671768188 0.87622696161270142
vt 0.19682657718658447 0.87376970052719116
vt 0.22963100671768188 0.87376970052719116
vt 0.22963100671768188 0.87254106998443604
vt 0.22963100671768188 0.88114142417907715
vt 0.19682657718658447 0.87868416309356689
vt 0.22963100671768188 0.87868416309356689
vt 0.13121771812438965 0.88605594635009766
vt 0.19682657718658447 0.88605594635009766
vt 0.22963100671768188 0.87745559215545654
vt 0.22963100671768188 0.88605594635009766
vt 0.19682657718658447 0.8835986852645874
vt 0.22963100671768188 0.8835986852645874
vt 0.22963100671768188 0.88237005472183228
vt 0.19682657718658447 0.88851314783096313
vt 0.22963100671768188 0.88851314783096313
vt 0.22963100671768188 0.88728451728820801
vt 0.024574428796768188 0.88660198450088501
vt 0.021502625197172165 0.88223356008529663
vt 0.018430821597576141 0.87786513566970825
vt 0.015359018929302692 0.8734966516494751
vt 0.012287214398384094 0.86912822723388672
vt 0.0092154107987880707 0.86475980281829834
vt 0.0061436071991920471 0.86039137840270996
vt 0.0030718035995960236 0.85602295398712158
vt 0.065608859062194824 0.88114142417907715
vt 0.065608859062194824 0.88605594635009766
vt 0.065608859062194824 0.88851314783096313
vt 0.032804429531097412 0.88605594635009766
vt 0.032804429531097412 0.88851314783096313
vt 0.032804429531097412 0.88728451728820801
vt 0.065608859062194824 0.8835986852645874
vt 0.032804429531097412 0.88114142417907715
vt 0.032804429531097412 0.8835986852645874
vt 0.065608859062194824 0.87131243944168091
vt 0.065608859062194824 0.87622696161270142
vt 0.032804429531097412 0.88237005472183228
vt 0.065608859062194824 0.87868416309356689
vt 0.032804429531097412 0.87622696161270142
vt 0.032804429531097412 0.87868416309356689
vt 0.032804429531097412 0.87745559215545654
vt 0.065608859062194824 0.87376970052719116
vt 0.032804429531097412 0.87131243944168091
vt 0.032804429531097412 0.87376970052719116
vt 0.065608859062194824 0.86148345470428467
vt 0.065608859062194824 0.86639797687530518
vt 0.032804429531097412 0.87254106998443604
vt 0.016402214765548706 0.87131243944168091
vt 0.016402214765548706 0.87254106998443604
vt 0.065608859062194824 0.86885523796081543
vt 0.032804429531097412 0.86639797687530518
vt 0.032804429531097412 0.86885523796081543
vt 0.032804429531097412 0.87008380889892578
vt 0.016402214765548706 0.86885523796081543
vt 0.016402214765548706 0.87008380889892578
vt 0.065608859062194824 0.86394071578979492
vt 0.032804429531097412 0.86148345470428467
vt 0.032804429531097412 0.86394071578979492
vt 0.065608859062194824 0.85656899213790894
vt 0.032804429531097412 0.86516934633255005
vt 0.016402214765548706 0.86639797687530518
vt 0.016402214765548706 0.86394071578979492
vt 0.016402214765548706 0.86516934633255005
vt 0.065608859062194824 0.85902625322341919
vt 0.032804429531097412 0.85656899213790894
vt 0.032804429531097412 0.85902625322341919
vt 0.032804429531097412 0.86025488376617432
vt 0.016402214765548706 0.86148345470428467
vt 0.016402214765548706 0.85902625322341919
vt 0.016402214765548706 0.86025488376617432
vt 0.065608859062194824 0.85411173105239868
vt 0.032804429531097412 0.85411173105239868
vt 0.032804429531097412 0.85534036159515381
vt 0.016402214765548706 0.85656899213790894
vt 0.016402214765548706 0.85411173105239868
vt 0.016402214765548706 0.85534036159515381
vt 0.032804429531097412 0.85288310050964355
vt 0.016402214765548706 0.85288310050964355
vt 0 0.66915708780288696
vt 0.2624354362487793 0.66915708780288696
vt 0.23478920757770538 0.70847302675247192
vt 0.027646239846944809 0.70847302675247192
vt 0.024574432522058487 0.70410460233688354
vt 0.021502628922462463 0.69973617792129517
vt 0.01843082532286644 0.69536769390106201
vt 0.015359021723270416 0.69099926948547363
vt 0.012287216261029243 0.68663084506988525
vt 0.0092154126614332199 0.68226242065429688
vt 0.0061436081305146217 0.6778939962387085
vt 0.0030718040652573109 0.67352557182312012
vt 0.13121771812438965 0.68881505727767944
vt 0.13121771812438965 0.69864404201507568
vt 0.13121771812438965 0.70355850458145142
vt 0.065608859062194824 0.69864404201507568
vt 0.065608859062194824 0.70355850458145142
vt 0.065608859062194824 0.70601576566696167
vt 0.032804429531097412 0.70355850458145142
vt 0.032804429531097412 0.70601576566696167
vt 0.032804429531097412 0.70478713512420654
vt 0.065608859062194824 0.70110130310058594
vt 0.032804429531097412 0.69864404201507568
vt 0.032804429531097412 0.70110130310058594
vt 0.13121771812438965 0.69372957944869995
vt 0.065608859062194824 0.68881505727767944
vt 0.065608859062194824 0.69372957944869995
vt 0.13121771812438965 0.6789860725402832
vt 0.032804429531097412 0.69987267255783081
vt 0.065608859062194824 0.69618678092956543
vt 0.032804429531097412 0.69372957944869995
vt 0.032804429531097412 0.69618678092956543
vt 0.032804429531097412 0.6949581503868103
vt 0.065608859062194824 0.6912723183631897
vt 0.032804429531097412 0.68881505727767944
vt 0.032804429531097412 0.6912723183631897
vt 0.13121771812438965 0.68390059471130371
vt 0.065608859062194824 0.6789860725402832
vt 0.065608859062194824 0.68390059471130371
vt 0.032804429531097412 0.69004368782043457
vt 0.016402214765548706 0.68881505727767944
vt 0.016402214765548706 0.69004368782043457
vt 0.065608859062194824 0.68635779619216919
vt 0.032804429531097412 0.68390059471130371
vt 0.032804429531097412 0.68635779619216919
vt 0.032804429531097412 0.68758642673492432
vt 0.016402214765548706 0.68635779619216919
vt 0.016402214765548706 0.68758642673492432
vt 0.065608859062194824 0.68144333362579346
vt 0.032804429531097412 0.6789860725402832
vt 0.032804429531097412 0.68144333362579346
vt 0.13121771812438965 0.67407160997390747
vt 0.065608859062194824 0.67407160997390747
vt 0.032804429531097412 0.68267196416854858
vt 0.016402214765548706 0.68390059471130371
vt 0.016402214765548706 0.68144333362579346
vt 0.016402214765548706 0.68267196416854858
vt 0.065608859062194824 0.67652881145477295
vt 0.032804429531097412 0.67407160997390747
vt 0.032804429531097412 0.67652881145477295
vt 0.032804429531097412 0.67775744199752808
vt 0.016402214765548706 0.6789860725402832
vt 0.016402214765548706 0.67652881145477295
vt 0.016402214765548706 0.67775744199752808
vt 0.065608859062194824 0.67161434888839722
vt 0.032804429531097412 0.67161434888839722
vt 0.032804429531097412 0.67284297943115234
vt 0.016402214765548706 0.67407160997390747
vt 0.016402214765548706 0.67161434888839722
vt 0.016402214765548706 0.67284297943115234
vt 0.032804429531097412 0.67038571834564209
vt 0.016402214765548706 0.67038571834564209
vt 0.25936365127563477 0.67352557182312012
vt 0.25629183650016785 0.6778939962387085
vt 0.25322002172470093 0.68226242065429688
vt 0.25014820694923401 0.68663084506988525
vt 0.24707642197608948 0.69099926948547363
vt 0.24400460720062256 0.69536769390106201
vt 0.24093280732631683 0.69973617792129517
vt 0.23786100745201111 0.70410460233688354
vt 0.19682657718658447 0.6789860725402832
vt 0.19682657718658447 0.67407160997390747
vt 0.22963100671768188 0.67407160997390747
vt 0.19682657718658447 0.67161434888839722
vt 0.22963100671768188 0.67161434888839722
vt 0.24603322148323059 0.67161434888839722
vt 0.22963100671768188 0.67038571834564209
vt 0.24603322148323059 0.67038571834564209
vt 0.24603322148323059 0.67407160997390747
vt 0.22963100671768188 0.67284297943115234
vt 0.24603322148323059 0.67284297943115234
vt 0.22963100671768188 0.6789860725402832
vt 0.19682657718658447 0.67652881145477295
vt 0.22963100671768188 0.67652881145477295
vt 0.19682657718658447 0.68881505727767944
vt 0.19682657718658447 0.68390059471130371
vt 0.24603322148323059 0.6789860725402832
vt 0.22963100671768188 0.67775744199752808
vt 0.24603322148323059 0.67652881145477295
vt 0.24603322148323059 0.67775744199752808
vt 0.22963100671768188 0.68390059471130371
vt 0.19682657718658447 0.68144333362579346
vt 0.22963100671768188 0.68144333362579346
vt 0.24603322148323059 0.68390059471130371
vt 0.22963100671768188 0.68267196416854858
vt 0.24603322148323059 0.68144333362579346
vt 0.24603322148323059 0.68267196416854858
vt 0.22963100671768188 0.68881505727767944
vt 0.19682657718658447 0.68635779619216919
vt 0.22963100671768188 0.68635779619216919
vt 0.19682657718658447 0.69864404201507568
vt 0.19682657718658447 0.69372957944869995
vt 0.24603322148323059 0.68881505727767944
vt 0.22963100671768188 0.68758642673492432
vt 0.24603322148323059 0.68635779619216919
vt 0.24603322148323059 0.68758642673492432
vt 0.22963100671768188 0.69372957944869995
vt 0.19682657718658447 0.6912723183631897
vt 0.22963100671768188 0.6912723183631897
vt 0.22963100671768188 0.69004368782043457
vt 0.22963100671768188 0.69864404201507568
vt 0.19682657718658447 0.69618678092956543
vt 0.22963100671768188 0.69618678092956543
vt 0.19682657718658447 0.70355850458145142
vt 0.22963100671768188 0.6949581503868103
vt 0.22963100671768188 0.70355850458145142
vt 0.19682657718658447 0.70110130310058594
vt 0.22963100671768188 0.70110130310058594
vt 0.22963100671768188 0.69987267255783081
vt 0.19682657718658447 0.70601576566696167
vt 0.22963100671768188 0.70601576566696167
vt 0.22963100671768188 0.70478713512420654
vn 0 0 1
vn 0 0 1
vn 0 0 1
vn 0 0 1
vn 1 0 0
vn 1 0 0
vn 1 0 0
vn 1 0 0
vn 0 0 -1
vn 0 0 -1
vn 0 0 -1
vn 0 0 -1
vn -1 0 0
vn -1 0 0
vn -1 0 0
vn -1 0 0
vn 0 -1 0
vn 0 -1 0
vn 0 -1 0
vn 0 -1 0
vn 0 1 0
vn 0 1 0
vn 0 1 0
vn 0 1 0
vn 0 0.70710676908493042 0.70710676908493042
vn 0 0.70710676908493042 0.70710676908493042
vn 0 0.70710676908493042 0.70710676908493042
vn 0 0.70710676908493042 0.70710676908493042
vn 0 0.70710676908493042 0.70710676908493042
vn 0 0.70710676908493042 0.70710676908493042
vn 0 0.70710676908493042 0.70710676908493042
vn 0 0.70710676908493042 0.70710676908493042
vn 0 0.70710676908493042 0.70710676908493042
vn 0 0.70710676908493042 0.70710676908493042
vn 0 0.70710676908493042 0.70710676908493042
vn 0 0.70710676908493042 0.70710676908493042
vn 0 0.70710676908493042 0.70710676908493042
vn 0 0.70710676908493042 0.70710676908493042
vn 0 0.70710676908493042 0.70710676908493042
vn 0 0.70710676908493042 0.70710676908493042
vn 0 0.70710676908493042 0.70710676908493042
vn 0 0.70710676908493042 0.70710676908493042
vn 0 0.70710676908493042 0.70710676908493042
vn 0 0.70710676908493042 0.70710676908493042
vn 0 0.70710676908493042 0.70710676908493042
vn 0 0.70710676908493042 0.70710676908493042
vn 0 0.70710676908493042 0.70710676908493042
vn 0 0.70710676908493042 0.70710676908493042
vn 0 0.70710676908493042 0.70710676908493042
vn 0 0.70710676908493042 0.70710676908493042
vn 0 0.70710676908493042 0.70710676908493042
vn 0 0.70710676908493042 0.70710676908493042
vn 0 0.70710676908493042 0.70710676908493042
vn 0 0.70710676908493042 0.70710676908493042
vn 0 0.70710676908493042 0.70710676908493042
vn 0 0.70710676908493042 0.70710676908493042
vn 0 0.70710676908493042 0.70710676908493042
vn 0 0.70710676908493042 0.70710676908493042
vn 0 0.70710676908493042 0.70710676908493042
vn 0 0.70710676908493042 0.70710676908493042
vn 0 0.70710676908493042 0.70710676908493042
vn 0 0.70710676908493042 0.70710676908493042
vn 0 0.70710676908493042 0.70710676908493042
vn 0 0.70710676908493042 0.70710676908493042
vn 0 0.70710676908493042 0.70710676908493042
vn 0 0.70710676908493042 0.70710676908493042
vn 0 0.70710676908493042 0.70710676908493042
vn 0 0.70710676908493042 0.70710676908493042
vn 0 0.70710676908493042 0.70710676908493042
vn 0 0.70710676908493042 0.70710676908493042
vn 0 0.70710676908493042 0.70710676908493042
vn 0 0.70710676908493042 0.70710676908493042
vn 0 0.70710676908493042 0.70710676908493042
vn 0 0.70710676908493042 0.70710676908493042
vn 0 0.70710676908493042 0.70710676908493042
vn 0 0.70710676908493042 0.70710676908493042
vn 0 0.70710676908493042 0.70710676908493042
vn 0 0.70710676908493042 0.70710676908493042
vn 0 0.70710676908493042 0.70710676908493042
vn 0 0.70710676908493042 0.70710676908493042
vn 0 0.70710676908493042 0.70710676908493042
vn 0 0.70710676908493042 0.70710676908493042
vn 0 0.70710676908493042 0.70710676908493042
vn 0 0.70710676908493042 0.70710676908493042
vn 0 0.70710676908493042 0.70710676908493042
vn 0 0.70710676908493042 0.70710676908493042
vn 0 0.70710676908493042 0.70710676908493042
vn 0 0.70710676908493042 0.70710676908493042
vn 0 0.70710676908493042 0.70710676908493042
vn 0 0.70710676908493042 0.70710676908493042
vn 0 0.70710676908493042 0.70710676908493042
vn 0 0.70710676908493042 0.70710676908493042
vn 0 0.70710676908493042 0.70710676908493042
vn 0 0.70710676908493042 0.70710676908493042
vn 0 0.70710676908493042 0.70710676908493042
vn 0 0.70710676908493042 0.70710676908493042
vn 0 0.70710676908493042 0.70710676908493042
vn 0 0.70710676908493042 0.70710676908493042
vn 0 0.70710676908493042 0.70710676908493042
vn 0 0.70710676908493042 0.70710676908493042
vn 0 0.70710676908493042 0.70710676908493042
vn 0 0.70710676908493042 0.70710676908493042
vn 0 0.70710676908493042 0.70710676908493042
vn 0 0.70710676908493042 0.70710676908493042
vn 0 0.70710676908493042 0.70710676908493042
vn 0 0.70710676908493042 0.70710676908493042
vn 0 0.70710676908493042 0.70710676908493042
vn 0 0.70710676908493042 0.70710676908493042
vn 0 0.70710676908493042 0.70710676908493042
vn 0 0.70710676908493042 0.70710676908493042
vn 0 0.70710676908493042 0.70710676908493042
vn 0 0.70710676908493042 0.70710676908493042
vn 0 0.70710676908493042 0.70710676908493042
vn 0 0.70710676908493042 0.70710676908493042
vn 0 0.70710676908493042 0.70710676908493042
vn 0 0.70710676908493042 0.70710676908493042
vn 0 0.70710676908493042 0.70710676908493042
vn 0 0.70710676908493042 0.70710676908493042
vn 0 0.70710676908493042 0.70710676908493042
vn 0 0.70710676908493042 0.70710676908493042
vn 0 0.70710676908493042 0.70710676908493042
vn 0 0.70710676908493042 0.70710676908493042
vn 0 0.70710676908493042 0.70710676908493042
vn 0 0.70710676908493042 0.70710676908493042
vn 0 0.70710676908493042 0.70710676908493042
vn 0 0.70710676908493042 0.70710676908493042
vn 0 0.70710676908493042 0.70710676908493042
vn 0 0.70710676908493042 0.70710676908493042
vn 0 0.70710676908493042 0.70710676908493042
vn 0 0.70710676908493042 0.70710676908493042
vn 0 0.70710676908493042 0.70710676908493042
vn 0 0.70710676908493042 0.70710676908493042
vn 0 0.70710676908493042 0.70710676908493042
vn 0 0.70710676908493042 0.70710676908493042
vn 0 0.70710676908493042 0.70710676908493042
vn 0 0.70710676908493042 0.70710676908493042
vn 0 0.70710676908493042 0.70710676908493042
vn 0 0.70710676908493042 0.70710676908493042
vn 0 0.70710676908493042 0.70710676908493042
vn 0 0.70710676908493042 0.70710676908493042
vn 0 0.70710676908493042 0.70710676908493042
vn 0 0.70710676908493042 0.70710676908493042
vn 0 0.70710676908493042 0.70710676908493042
vn 0 0.70710676908493042 0.70710676908493042
vn 0 0.70710676908493042 0.70710676908493042
vn 0 0.70710676908493042 0.70710676908493042
vn 0 0.70710676908493042 0.70710676908493042
vn 0 0.70710676908493042 0.70710676908493042
vn 0 0.70710676908493042 0.70710676908493042
vn 0 0.70710676908493042 0.70710676908493042
vn 0 0.70710676908493042 0.70710676908493042
vn 0 0.70710676908493042 0.70710676908493042
vn 0 0.70710676908493042 0.70710676908493042
vn 0 0.70710676908493042 0.70710676908493042
vn 0 0.70710676908493042 0.70710676908493042
vn 0 0.70710676908493042 0.70710676908493042
vn 0.70710676908493042 0.70710676908493042 0
vn 0.70710676908493042 0.70710676908493042 0
vn 0.70710676908493042 0.70710676908493042 0
vn 0.70710676908493042 0.70710676908493042 0
vn 0.70710676908493042 0.70710676908493042 0
vn 0.70710676908493042 0.70710676908493042 0
vn 0.70710676908493042 0.70710676908493042 0
vn 0.70710676908493042 0.70710676908493042 0
vn 0.70710676908493042 0.70710676908493042 0
vn 0.70710676908493042 0.70710676908493042 0
vn 0.70710676908493042 0.70710676908493042 0
vn 0.70710676908493042 0.70710676908493042 0
vn 0.70710676908493042 0.70710676908493042 0
vn 0.70710676908493042 0.70710676908493042 0
vn 0.70710676908493042 0.70710676908493042 0
vn 0.70710676908493042 0.70710676908493042 0
vn 0.70710676908493042 0.70710676908493042 0
vn 0.70710676908493042 0.70710676908493042 0
vn 0.70710676908493042 0.70710676908493042 0
vn 0.70710676908493042 0.70710676908493042 0
vn 0.70710676908493042 0.70710676908493042 0
vn 0.70710676908493042 0.70710676908493042 0
vn 0.70710676908493042 0.70710676908493042 0
vn 0.70710676908493042 0.70710676908493042 0
vn 0.70710676908493042 0.70710676908493042 0
vn 0.70710676908493042 0.70710676908493042 0
vn 0.70710676908493042 0.70710676908493042 0
vn 0.70710676908493042 0.70710676908493042 0
vn 0.70710676908493042 0.70710676908493042 0
vn 0.70710676908493042 0.70710676908493042 0
vn 0.70710676908493042 0.70710676908493042 0
vn 0.70710676908493042 0.70710676908493042 0
vn 0.70710676908493042 0.70710676908493042 0
vn 0.70710676908493042 0.70710676908493042 0
vn 0.70710676908493042 0.70710676908493042 0
vn 0.70710676908493042 0.70710676908493042 0
vn 0.70710676908493042 0.70710676908493042 0
vn 0.70710676908493042 0.70710676908493042 0
vn 0.70710676908493042 0.70710676908493042 0
vn 0.70710676908493042 0.70710676908493042 0
vn 0.70710676908493042 0.70710676908493042 0
vn 0.70710676908493042 0.70710676908493042 0
vn 0.70710676908493042 0.70710676908493042 0
vn 0.70710676908493042 0.70710676908493042 0
vn 0.70710676908493042 0.70710676908493042 0
vn 0.70710676908493042 0.70710676908493042 0
vn 0.70710676908493042 0.70710676908493042 0
vn 0.70710676908493042 0.70710676908493042 0
vn 0.70710676908493042 0.70710676908493042 0
vn 0.70710676908493042 0.70710676908493042 0
vn 0.70710676908493042 0.70710676908493042 0
vn 0.70710676908493042 0.70710676908493042 0
vn 0.70710676908493042 0.70710676908493042 0
vn 0.70710676908493042 0.70710676908493042 0
vn 0.70710676908493042 0.70710676908493042 0
vn 0.70710676908493042 0.70710676908493042 0
vn 0.70710676908493042 0.70710676908493042 0
vn 0.70710676908493042 0.70710676908493042 0
vn 0.70710676908493042 0.70710676908493042 0
vn 0.70710676908493042 0.70710676908493042 0
vn 0.70710676908493042 0.70710676908493042 0
vn 0.70710676908493042 0.70710676908493042 0
vn 0.70710676908493042 0.70710676908493042 0
vn 0.70710676908493042 0.70710676908493042 0
vn 0.70710676908493042 0.70710676908493042 0
vn 0.70710676908493042 0.70710676908493042 0
vn 0.70710676908493042 0.70710676908493042 0
vn 0.70710676908493042 0.70710676908493042 0
vn 0.70710676908493042 0.70710676908493042 0
vn 0.70710676908493042 0.70710676908493042 0
vn 0.70710676908493042 0.70710676908493042 0
vn 0.70710676908493042 0.70710676908493042 0
vn 0.70710676908493042 0.70710676908493042 0
vn 0.70710676908493042 0.70710676908493042 0
vn 0.70710676908493042 0.70710676908493042 0
vn 0.70710676908493042 0.70710676908493042 0
vn 0.70710676908493042 0.70710676908493042 0
vn 0.70710676908493042 0.70710676908493042 0
vn 0.70710676908493042 0.70710676908493042 0
vn 0.70710676908493042 0.70710676908493042 0
vn 0.70710676908493042 0.70710676908493042 0
vn 0.70710676908493042 0.70710676908493042 0
vn 0.70710676908493042 0.70710676908493042 0
vn 0.70710676908493042 0.70710676908493042 0
vn 0.70710676908493042 0.70710676908493042 0
vn 0.70710676908493042 0.70710676908493042 0
vn 0.70710676908493042 0.70710676908493042 0
vn 0.70710676908493042 0.70710676908493042 0
vn 0.70710676908493042 0.70710676908493042 0
vn 0.70710676908493042 0.70710676908493042 0
vn 0.70710676908493042 0.70710676908493042 0
vn 0.70710676908493042 0.70710676908493042 0
vn 0.70710676908493042 0.70710676908493042 0
vn 0.70710676908493042 0.70710676908493042 0
vn 0.70710676908493042 0.70710676908493042 0
vn 0.70710676908493042 0.70710676908493042 0
vn 0.70710676908493042 0.70710676908493042 0
vn 0.70710676908493042 0.70710676908493042 0
vn 0.70710676908493042 0.70710676908493042 0
vn 0.70710676908493042 0.70710676908493042 0
vn 0.70710676908493042 0.70710676908493042 0
vn 0.70710676908493042 0.70710676908493042 0
vn 0.70710676908493042 0.70710676908493042 0
vn 0.70710676908493042 0.70710676908493042 0
vn 0.70710676908493042 0.70710676908493042 0
vn 0.70710676908493042 0.70710676908493042 0
vn 0.70710676908493042 0.70710676908493042 0
vn 0.70710676908493042 0.70710676908493042 0
vn 0.70710676908493042 0.70710676908493042 0
vn 0.70710676908493042 0.70710676908493042 0
vn 0.70710676908493042 0.70710676908493042 0
vn 0.70710676908493042 0.70710676908493042 0
vn 0.70710676908493042 0.70710676908493042 0
vn 0.70710676908493042 0.70710676908493042 0
vn 0.70710676908493042 0.70710676908493042 0
vn 0.70710676908493042 0.70710676908493042 0
vn 0.70710676908493042 0.70710676908493042 0
vn 0.70710676908493042 0.70710676908493042 0
vn 0.70710676908493042 0.70710676908493042 0
vn 0.70710676908493042 0.70710676908493042 0
vn 0.70710676908493042 0.70710676908493042 0
vn 0.70710676908493042 0.70710676908493042 0
vn 0.70710676908493042 0.70710676908493042 0
vn 0.70710676908493042 0.70710676908493042 0
vn 0.70710676908493042 0.70710676908493042 0
vn 0.70710676908493042 0.70710676908493042 0
vn 0.70710676908493042 0.70710676908493042 0
vn 0.70710676908493042 0.70710676908493042 0
vn 0.70710676908493042 0.70710676908493042 0
vn 0.70710676908493042 0.70710676908493042 0
vn 0.70710676908493042 0.70710676908493042 0
vn 0.70710676908493042 0.70710676908493042 0
vn 0 0.70710676908493042 -0.70710676908493042
vn 0 0.70710676908493042 -0.70710676908493042
vn 0 0.70710676908493042 -0.70710676908493042
vn 0 0.70710676908493042 -0.70710676908493042
vn 0 0.70710676908493042 -0.70710676908493042
vn 0 0.70710676908493042 -0.70710676908493042
vn 0 0.70710676908493042 -0.70710676908493042
vn 0 0.70710676908493042 -0.70710676908493042
vn 0 0.70710676908493042 -0.70710676908493042
vn 0 0.70710676908493042 -0.70710676908493042
vn 0 0.70710676908493042 -0.70710676908493042
vn 0 0.70710676908493042 -0.70710676908493042
vn 0 0.70710676908493042 -0.70710676908493042
vn 0 0.70710676908493042 -0.70710676908493042
vn 0 0.70710676908493042 -0.70710676908493042
vn 0 0.70710676908493042 -0.70710676908493042
vn 0 0.70710676908493042 -0.70710676908493042
vn 0 0.70710676908493042 -0.70710676908493042
vn 0 0.70710676908493042 -0.70710676908493042
vn 0 0.70710676908493042 -0.70710676908493042
vn 0 0.70710676908493042 -0.70710676908493042
vn 0 0.70710676908493042 -0.70710676908493042
vn 0 0.70710676908493042 -0.70710676908493042
vn 0 0.70710676908493042 -0.70710676908493042
vn 0 0.70710676908493042 -0.70710676908493042
vn 0 0.70710676908493042 -0.70710676908493042
vn 0 0.70710676908493042 -0.70710676908493042
vn 0 0.70710676908493042 -0.70710676908493042
vn 0 0.70710676908493042 -0.70710676908493042
vn 0 0.70710676908493042 -0.70710676908493042
vn 0 0.70710676908493042 -0.70710676908493042
vn 0 0.70710676908493042 -0.70710676908493042
vn 0 0.70710676908493042 -0.70710676908493042
vn 0 0.70710676908493042 -0.70710676908493042
vn 0 0.70710676908493042 -0.70710676908493042
vn 0 0.70710676908493042 -0.70710676908493042
vn 0 0.70710676908493042 -0.70710676908493042
vn 0 0.70710676908493042 -0.70710676908493042
vn 0 0.70710676908493042 -0.70710676908493042
vn 0 0.70710676908493042 -0.70710676908493042
vn 0 0.70710676908493042 -0.70710676908493042
vn 0 0.70710676908493042 -0.70710676908493042
vn 0 0.70710676908493042 -0.70710676908493042
vn 0 0.70710676908493042 -0.70710676908493042
vn 0 0.70710676908493042 -0.70710676908493042
vn 0 0.70710676908493042 -0.70710676908493042
vn 0 0.70710676908493042 -0.70710676908493042
vn 0 0.70710676908493042 -0.70710676908493042
vn 0 0.70710676908493042 -0.70710676908493042
vn 0 0.70710676908493042 -0.70710676908493042
vn 0 0.70710676908493042 -0.70710676908493042
vn 0 0.70710676908493042 -0.70710676908493042
vn 0 0.70710676908493042 -0.70710676908493042
vn 0 0.70710676908493042 -0.70710676908493042
vn 0 0.70710676908493042 -0.70710676908493042
vn 0 0.70710676908493042 -0.70710676908493042
vn 0 0.70710676908493042 -0.70710676908493042
vn 0 0.70710676908493042 -0.70710676908493042
vn 0 0.70710676908493042 -0.70710676908493042
vn 0 0.70710676908493042 -0.70710676908493042
vn 0 0.70710676908493042 -0.70710676908493042
vn 0 0.70710676908493042 -0.70710676908493042
vn 0 0.70710676908493042 -0.70710676908493042
vn 0 0.70710676908493042 -0.70710676908493042
vn 0 0.70710676908493042 -0.70710676908493042
vn 0 0.70710676908493042 -0.70710676908493042
vn 0 0.70710676908493042 -0.70710676908493042
vn 0 0.70710676908493042 -0.70710676908493042
vn 0 0.70710676908493042 -0.70710676908493042
vn 0 0.70710676908493042 -0.70710676908493042
vn 0 0.70710676908493042 -0.70710676908493042
vn 0 0.70710676908493042 -0.70710676908493042
vn 0 0.70710676908493042 -0.70710676908493042
vn 0 0.70710676908493042 -0.70710676908493042
vn 0 0.70710676908493042 -0.70710676908493042
vn 0 0.70710676908493042 -0.70710676908493042
vn 0 0.70710676908493042 -0.70710676908493042
vn 0 0.70710676908493042 -0.70710676908493042
vn 0 0.70710676908493042 -0.70710676908493042
vn 0 0.70710676908493042 -0.70710676908493042
vn 0 0.70710676908493042 -0.70710676908493042
vn 0 0.70710676908493042 -0.70710676908493042
vn 0 0.70710676908493042 -0.70710676908493042
vn 0 0.70710676908493042 -0.70710676908493042
vn 0 0.70710676908493042 -0.70710676908493042
vn 0 0.70710676908493042 -0.70710676908493042
vn 0 0.70710676908493042 -0.70710676908493042
vn 0 0.70710676908493042 -0.70710676908493042
vn 0 0.70710676908493042 -0.70710676908493042
vn 0 0.70710676908493042 -0.70710676908493042
vn 0 0.70710676908493042 -0.70710676908493042
vn 0 0.70710676908493042 -0.70710676908493042
vn 0 0.70710676908493042 -0.70710676908493042
vn 0 0.70710676908493042 -0.70710676908493042
vn 0 0.70710676908493042 -0.70710676908493042
vn 0 0.70710676908493042 -0.70710676908493042
vn 0 0.70710676908493042 -0.70710676908493042
vn 0 0.70710676908493042 -0.70710676908493042
vn 0 0.70710676908493042 -0.70710676908493042
vn 0 0.70710676908493042 -0.70710676908493042
vn 0 0.70710676908493042 -0.70710676908493042
vn 0 0.70710676908493042 -0.70710676908493042
vn 0 0.70710676908493042 -0.70710676908493042
vn 0 0.70710676908493042 -0.70710676908493042
vn 0 0.70710676908493042 -0.70710676908493042
vn 0 0.70710676908493042 -0.70710676908493042
vn 0 0.70710676908493042 -0.70710676908493042
vn 0 0.70710676908493042 -0.70710676908493042
vn 0 0.70710676908493042 -0.70710676908493042
vn 0 0.70710676908493042 -0.70710676908493042
vn 0 0.70710676908493042 -0.70710676908493042
vn 0 0.70710676908493042 -0.70710676908493042
vn 0 0.70710676908493042 -0.70710676908493042
vn 0 0.70710676908493042 -0.70710676908493042
vn 0 0.70710676908493042 -0.70710676908493042
vn 0 0.70710676908493042 -0.70710676908493042
vn 0 0.70710676908493042 -0.70710676908493042
vn 0 0.70710676908493042 -0.70710676908493042
vn 0 0.70710676908493042 -0.70710676908493042
vn 0 0.70710676908493042 -0.70710676908493042
vn 0 0.70710676908493042 -0.70710676908493042
vn 0 0.70710676908493042 -0.70710676908493042
vn 0 0.70710676908493042 -0.70710676908493042
vn 0 0.70710676908493042 -0.70710676908493042
vn 0 0.70710676908493042 -0.70710676908493042
vn 0 0.70710676908493042 -0.70710676908493042
vn 0 0.70710676908493042 -0.70710676908493042
vn 0 0.70710676908493042 -0.70710676908493042
vn 0 0.70710676908493042 -0.70710676908493042
vn 0 0.70710676908493042 -0.70710676908493042
vn 0 0.70710676908493042 -0.70710676908493042
vn 0 0.70710676908493042 -0.70710676908493042
vn -0.70710676908493042 0.70710676908493042 0
vn -0.70710676908493042 0.70710676908493042 0
vn -0.70710676908493042 0.70710676908493042 0
vn -0.70710676908493042 0.70710676908493042 0
vn -0.70710676908493042 0.70710676908493042 0
vn -0.70710676908493042 0.70710676908493042 0
vn -0.70710676908493042 0.70710676908493042 0
vn -0.70710676908493042 0.70710676908493042 0
vn -0.70710676908493042 0.70710676908493042 0
vn -0.70710676908493042 0.70710676908493042 0
vn -0.70710676908493042 0.70710676908493042 0
vn -0.70710676908493042 0.70710676908493042 0
vn -0.70710676908493042 0.70710676908493042 0
vn -0.70710676908493042 0.70710676908493042 0
vn -0.70710676908493042 0.70710676908493042 0
vn -0.70710676908493042 0.70710676908493042 0
vn -0.70710676908493042 0.70710676908493042 0
vn -0.70710676908493042 0.70710676908493042 0
vn -0.70710676908493042 0.70710676908493042 0
vn -0.70710676908493042 0.70710676908493042 0
vn 0 -0.70710676908493042 0.70710676908493042
vn 0 -0.70710676908493042 0.70710676908493042
vn 0 -0.70710676908493042 0.70710676908493042
vn 0 -0.70710676908493042 0.70710676908493042
vn 0 -0.70710676908493042 0.70710676908493042
vn 0 -0.70710676908493042 0.70710676908493042
vn 0 -0.70710676908493042 0.70710676908493042
vn 0 -0.70710676908493042 0.70710676908493042
vn 0 -0.70710676908493042 0.70710676908493042
vn 0 -0.70710676908493042 0.70710676908493042
vn 0 -0.70710676908493042 0.70710676908493042
vn 0 -0.70710676908493042 0.70710676908493042
vn 0 -0.70710676908493042 0.70710676908493042
vn 0 -0.70710676908493042 0.70710676908493042
vn 0 -0.70710676908493042 0.70710676908493042
vn 0 -0.70710676908493042 0.70710676908493042
vn 0 -0.70710676908493042 0.70710676908493042
vn 0 -0.70710676908493042 0.70710676908493042
vn 0 -0.70710676908493042 0.70710676908493042
vn 0 -0.70710676908493042 0.70710676908493042
vn 0.70710676908493042 -0.70710676908493042 0
vn 0.70710676908493042 -0.70710676908493042 0
vn 0.70710676908493042 -0.70710676908493042 0
vn 0.70710676908493042 -0.70710676908493042 0
vn 0.70710676908493042 -0.70710676908493042 0
vn 0.70710676908493042 -0.70710676908493042 0
vn 0.70710676908493042 -0.70710676908493042 0
vn 0.70710676908493042 -0.70710676908493042 0
vn 0.70710676908493042 -0.70710676908493042 0
vn 0.70710676908493042 -0.70710676908493042 0
vn 0.70710676908493042 -0.70710676908493042 0
vn 0.70710676908493042 -0.70710676908493042 0
vn 0.70710676908493042 -0.70710676908493042 0
vn 0.70710676908493042 -0.70710676908493042 0
vn 0.70710676908493042 -0.70710676908493042 0
vn 0.70710676908493042 -0.70710676908493042 0
vn 0.70710676908493042 -0.70710676908493042 0
vn 0.70710676908493042 -0.70710676908493042 0
vn 0.70710676908493042 -0.70710676908493042 0
vn 0.70710676908493042 -0.70710676908493042 0
vn 0.70710676908493042 -0.70710676908493042 0
vn 0.70710676908493042 -0.70710676908493042 0
vn 0.70710676908493042 -0.70710676908493042 0
vn 0.70710676908493042 -0.70710676908493042 0
vn 0.70710676908493042 -0.70710676908493042 0
vn 0.70710676908493042 -0.70710676908493042 0
vn 0.70710676908493042 -0.70710676908493042 0
vn 0.70710676908493042 -0.70710676908493042 0
vn 0.70710676908493042 -0.70710676908493042 0
vn 0.70710676908493042 -0.70710676908493042 0
vn 0.70710676908493042 -0.70710676908493042 0
vn 0.70710676908493042 -0.70710676908493042 0
vn 0.70710676908493042 -0.70710676908493042 0
vn 0.70710676908493042 -0.70710676908493042 0
vn 0.70710676908493042 -0.70710676908493042 0
vn 0.70710676908493042 -0.70710676908493042 0
vn 0.70710676908493042 -0.70710676908493042 0
vn 0.70710676908493042 -0.70710676908493042 0
vn 0.70710676908493042 -0.70710676908493042 0
vn 0.70710676908493042 -0.70710676908493042 0
vn 0.70710676908493042 -0.70710676908493042 0
vn 0.70710676908493042 -0.70710676908493042 0
vn 0.70710676908493042 -0.70710676908493042 0
vn 0.70710676908493042 -0.70710676908493042 0
vn 0.70710676908493042 -0.70710676908493042 0
vn 0.70710676908493042 -0.70710676908493042 0
vn 0.70710676908493042 -0.70710676908493042 0
vn 0.70710676908493042 -0.70710676908493042 0
vn 0.70710676908493042 -0.70710676908493042 0
vn 0.70710676908493042 -0.70710676908493042 0
vn 0.70710676908493042 -0.70710676908493042 0
vn 0.70710676908493042 -0.70710676908493042 0
vn 0.70710676908493042 -0.70710676908493042 0
vn 0.70710676908493042 -0.70710676908493042 0
vn 0.70710676908493042 -0.70710676908493042 0
vn 0.70710676908493042 -0.70710676908493042 0
vn 0.70710676908493042 -0.70710676908493042 0
vn 0.70710676908493042 -0.70710676908493042 0
vn 0.70710676908493042 -0.70710676908493042 0
vn 0.70710676908493042 -0.70710676908493042 0
vn 0.70710676908493042 -0.70710676908493042 0
vn 0.70710676908493042 -0.70710676908493042 0
vn 0.70710676908493042 -0.70710676908493042 0
vn 0.70710676908493042 -0.70710676908493042 0
vn 0.70710676908493042 -0.70710676908493042 0
vn 0.70710676908493042 -0.70710676908493042 0
vn 0.70710676908493042 -0.70710676908493042 0
vn 0.70710676908493042 -0.70710676908493042 0
vn 0.70710676908493042 -0.70710676908493042 0
vn 0.70710676908493042 -0.70710676908493042 0
vn 0.70710676908493042 -0.70710676908493042 0
vn 0.70710676908493042 -0.70710676908493042 0
vn 0.70710676908493042 -0.70710676908493042 0
vn 0.70710676908493042 -0.70710676908493042 0
vn 0.70710676908493042 -0.70710676908493042 0
vn 0.70710676908493042 -0.70710676908493042 0
vn 0.70710676908493042 -0.70710676908493042 0
vn 0.70710676908493042 -0.70710676908493042 0
vn 0.70710676908493042 -0.70710676908493042 0
vn 0.70710676908493042 -0.70710676908493042 0
vn 0.70710676908493042 -0.70710676908493042 0
vn 0.70710676908493042 -0.70710676908493042 0
vn 0.70710676908493042 -0.70710676908493042 0
vn 0.70710676908493042 -0.70710676908493042 0
vn 0.70710676908493042 -0.70710676908493042 0
vn 0.70710676908493042 -0.70710676908493042 0
vn 0.70710676908493042 -0.70710676908493042 0
vn 0.70710676908493042 -0.70710676908493042 0
vn 0.70710676908493042 -0.70710676908493042 0
vn 0.70710676908493042 -0.70710676908493042 0
vn 0.70710676908493042 -0.70710676908493042 0
vn 0.70710676908493042 -0.70710676908493042 0
vn 0.70710676908493042 -0.70710676908493042 0
vn 0.70710676908493042 -0.70710676908493042 0
vn 0.70710676908493042 -0.70710676908493042 0
vn 0.70710676908493042 -0.70710676908493042 0
vn 0.70710676908493042 -0.70710676908493042 0
vn 0.70710676908493042 -0.70710676908493042 0
vn 0.70710676908493042 -0.70710676908493042 0
vn 0.70710676908493042 -0.70710676908493042 0
vn 0.70710676908493042 -0.70710676908493042 0
vn 0.70710676908493042 -0.70710676908493042 0
vn 0.70710676908493042 -0.70710676908493042 0
vn 0.70710676908493042 -0.70710676908493042 0
vn 0.70710676908493042 -0.70710676908493042 0
vn 0.70710676908493042 -0.70710676908493042 0
vn 0.70710676908493042 -0.70710676908493042 0
vn 0.70710676908493042 -0.70710676908493042 0
vn 0.70710676908493042 -0.70710676908493042 0
vn 0.70710676908493042 -0.70710676908493042 0
vn 0.70710676908493042 -0.70710676908493042 0
vn 0.70710676908493042 -0.70710676908493042 0
vn 0.70710676908493042 -0.70710676908493042 0
vn 0.70710676908493042 -0.70710676908493042 0
vn 0.70710676908493042 -0.70710676908493042 0
vn 0.70710676908493042 -0.70710676908493042 0
vn 0.70710676908493042 -0.70710676908493042 0
vn 0.70710676908493042 -0.70710676908493042 0
vn 0.70710676908493042 -0.70710676908493042 0
vn 0.70710676908493042 -0.70710676908493042 0
vn 0.70710676908493042 -0.70710676908493042 0
vn 0.70710676908493042 -0.70710676908493042 0
vn 0.70710676908493042 -0.70710676908493042 0
vn 0.70710676908493042 -0.70710676908493042 0
vn 0.70710676908493042 -0.70710676908493042 0
vn 0.70710676908493042 -0.70710676908493042 0
vn 0.70710676908493042 -0.70710676908493042 0
vn 0.70710676908493042 -0.70710676908493042 0
vn 0.70710676908493042 -0.70710676908493042 0
vn 0.70710676908493042 -0.70710676908493042 0
vn 0.70710676908493042 -0.70710676908493042 0
vn 0.70710676908493042 -0.70710676908493042 0
vn 0 -0.70710676908493042 -0.70710676908493042
vn 0 -0.70710676908493042 -0.70710676908493042
vn 0 -0.70710676908493042 -0.70710676908493042
vn 0 -0.70710676908493042 -0.70710676908493042
vn 0 -0.70710676908493042 -0.70710676908493042
vn 0 -0.70710676908493042 -0.70710676908493042
vn 0 -0.70710676908493042 -0.70710676908493042
vn 0 -0.70710676908493042 -0.70710676908493042
vn 0 -0.70710676908493042 -0.70710676908493042
vn 0 -0.70710676908493042 -0.70710676908493042
vn 0 -0.70710676908493042 -0.70710676908493042
vn 0 -0.70710676908493042 -0.70710676908493042
vn 0 -0.70710676908493042 -0.70710676908493042
vn 0 -0.70710676908493042 -0.70710676908493042
vn 0 -0.70710676908493042 -0.70710676908493042
vn 0 -0.70710676908493042 -0.70710676908493042
vn 0 -0.70710676908493042 -0.70710676908493042
vn 0 -0.70710676908493042 -0.70710676908493042
vn 0 -0.70710676908493042 -0.70710676908493042
vn 0 -0.70710676908493042 -0.70710676908493042
vn 0 -0.70710676908493042 -0.70710676908493042
vn 0 -0.70710676908493042 -0.70710676908493042
vn 0 -0.70710676908493042 -0.70710676908493042
vn 0 -0.70710676908493042 -0.70710676908493042
vn 0 -0.70710676908493042 -0.70710676908493042
vn 0 -0.70710676908493042 -0.70710676908493042
vn 0 -0.70710676908493042 -0.70710676908493042
vn 0 -0.70710676908493042 -0.70710676908493042
vn 0 -0.70710676908493042 -0.70710676908493042
vn 0 -0.70710676908493042 -0.70710676908493042
vn 0 -0.70710676908493042 -0.70710676908493042
vn 0 -0.70710676908493042 -0.70710676908493042
vn 0 -0.70710676908493042 -0.70710676908493042
vn 0 -0.70710676908493042 -0.70710676908493042
vn 0 -0.70710676908493042 -0.70710676908493042
vn 0 -0.70710676908493042 -0.70710676908493042
vn 0 -0.70710676908493042 -0.70710676908493042
vn 0 -0.70710676908493042 -0.70710676908493042
vn 0 -0.70710676908493042 -0.70710676908493042
vn 0 -0.70710676908493042 -0.70710676908493042
vn 0 -0.70710676908493042 -0.70710676908493042
vn 0 -0.70710676908493042 -0.70710676908493042
vn 0 -0.70710676908493042 -0.70710676908493042
vn 0 -0.70710676908493042 -0.70710676908493042
vn 0 -0.70710676908493042 -0.70710676908493042
vn 0 -0.70710676908493042 -0.70710676908493042
vn 0 -0.70710676908493042 -0.70710676908493042
vn 0 -0.70710676908493042 -0.70710676908493042
vn 0 -0.70710676908493042 -0.70710676908493042
vn 0 -0.70710676908493042 -0.70710676908493042
vn 0 -0.70710676908493042 -0.70710676908493042
vn 0 -0.70710676908493042 -0.70710676908493042
vn 0 -0.70710676908493042 -0.70710676908493042
vn 0 -0.70710676908493042 -0.70710676908493042
vn 0 -0.70710676908493042 -0.70710676908493042
vn 0 -0.70710676908493042 -0.70710676908493042
vn 0 -0.70710676908493042 -0.70710676908493042
vn 0 -0.70710676908493042 -0.70710676908493042
vn 0 -0.70710676908493042 -0.70710676908493042
vn 0 -0.70710676908493042 -0.70710676908493042
vn 0 -0.70710676908493042 -0.70710676908493042
vn 0 -0.70710676908493042 -0.70710676908493042
vn 0 -0.70710676908493042 -0.70710676908493042
vn 0 -0.70710676908493042 -0.70710676908493042
vn 0 -0.70710676908493042 -0.70710676908493042
vn 0 -0.70710676908493042 -0.70710676908493042
vn 0 -0.70710676908493042 -0.70710676908493042
vn 0 -0.70710676908493042 -0.70710676908493042
vn 0 -0.70710676908493042 -0.70710676908493042
vn 0 -0.70710676908493042 -0.70710676908493042
vn 0 -0.70710676908493042 -0.70710676908493042
vn 0 -0.70710676908493042 -0.70710676908493042
vn 0 -0.70710676908493042 -0.70710676908493042
vn 0 -0.70710676908493042 -0.70710676908493042
vn 0 -0.70710676908493042 -0.70710676908493042
vn 0 -0.70710676908493042 -0.70710676908493042
vn 0 -0.70710676908493042 -0.70710676908493042
vn 0 -0.70710676908493042 -0.70710676908493042
vn 0 -0.70710676908493042 -0.70710676908493042
vn 0 -0.70710676908493042 -0.70710676908493042
vn 0 -0.70710676908493042 -0.70710676908493042
vn 0 -0.70710676908493042 -0.70710676908493042
vn 0 -0.70710676908493042 -0.70710676908493042
vn 0 -0.70710676908493042 -0.70710676908493042
vn 0 -0.70710676908493042 -0.70710676908493042
vn 0 -0.70710676908493042 -0.70710676908493042
vn 0 -0.70710676908493042 -0.70710676908493042
vn 0 -0.70710676908493042 -0.70710676908493042
vn 0 -0.70710676908493042 -0.70710676908493042
vn 0 -0.70710676908493042 -0.70710676908493042
vn 0 -0.70710676908493042 -0.70710676908493042
vn 0 -0.70710676908493042 -0.70710676908493042
vn 0 -0.70710676908493042 -0.70710676908493042
vn 0 -0.70710676908493042 -0.70710676908493042
vn 0 -0.70710676908493042 -0.70710676908493042
vn 0 -0.70710676908493042 -0.70710676908493042
vn 0 -0.70710676908493042 -0.70710676908493042
vn 0 -0.70710676908493042 -0.70710676908493042
vn 0 -0.70710676908493042 -0.70710676908493042
vn 0 -0.70710676908493042 -0.70710676908493042
vn 0 -0.70710676908493042 -0.70710676908493042
vn 0 -0.70710676908493042 -0.70710676908493042
vn 0 -0.70710676908493042 -0.70710676908493042
vn 0 -0.70710676908493042 -0.70710676908493042
vn 0 -0.70710676908493042 -0.70710676908493042
vn 0 -0.70710676908493042 -0.70710676908493042
vn 0 -0.70710676908493042 -0.70710676908493042
vn 0 -0.70710676908493042 -0.70710676908493042
vn 0 -0.70710676908493042 -0.70710676908493042
vn 0 -0.70710676908493042 -0.70710676908493042
vn 0 -0.70710676908493042 -0.70710676908493042
vn 0 -0.70710676908493042 -0.70710676908493042
vn 0 -0.70710676908493042 -0.70710676908493042
vn 0 -0.70710676908493042 -0.70710676908493042
vn 0 -0.70710676908493042 -0.70710676908493042
vn 0 -0.70710676908493042 -0.70710676908493042
vn 0 -0.70710676908493042 -0.70710676908493042
vn 0 -0.70710676908493042 -0.70710676908493042
vn 0 -0.70710676908493042 -0.70710676908493042
vn 0 -0.70710676908493042 -0.70710676908493042
vn 0 -0.70710676908493042 -0.70710676908493042
vn 0 -0.70710676908493042 -0.70710676908493042
vn 0 -0.70710676908493042 -0.70710676908493042
vn 0 -0.70710676908493042 -0.70710676908493042
vn 0 -0.70710676908493042 -0.70710676908493042
vn 0 -0.70710676908493042 -0.70710676908493042
vn 0 -0.70710676908493042 -0.70710676908493042
vn 0 -0.70710676908493042 -0.70710676908493042
vn 0 -0.70710676908493042 -0.70710676908493042
vn 0 -0.70710676908493042 -0.70710676908493042
vn 0 -0.70710676908493042 -0.70710676908493042
vn 0 -0.70710676908493042 -0.70710676908493042
vn -0.70710676908493042 -0.70710676908493042 0
vn -0.70710676908493042 -0.70710676908493042 0
vn -0.70710676908493042 -0.70710676908493042 0
vn -0.70710676908493042 -0.70710676908493042 0
vn -0.70710676908493042 -0.70710676908493042 0
vn -0.70710676908493042 -0.70710676908493042 0
vn -0.70710676908493042 -0.70710676908493042 0
vn -0.70710676908493042 -0.70710676908493042 0
vn -0.70710676908493042 -0.70710676908493042 0
vn -0.70710676908493042 -0.70710676908493042 0
vn -0.70710676908493042 -0.70710676908493042 0
vn -0.70710676908493042 -0.70710676908493042 0
vn -0.70710676908493042 -0.70710676908493042 0
vn -0.70710676908493042 -0.70710676908493042 0
vn -0.70710676908493042 -0.70710676908493042 0
vn -0.70710676908493042 -0.70710676908493042 0
vn -0.70710676908493042 -0.70710676908493042 0
vn -0.70710676908493042 -0.70710676908493042 0
vn -0.70710676908493042 -0.70710676908493042 0
vn -0.70710676908493042 -0.70710676908493042 0
vn -0.70710676908493042 -0.70710676908493042 0
vn -0.70710676908493042 -0.70710676908493042 0
vn -0.70710676908493042 -0.70710676908493042 0
vn -0.70710676908493042 -0.70710676908493042 0
vn -0.70710676908493042 -0.70710676908493042 0
vn -0.70710676908493042 -0.70710676908493042 0
vn -0.70710676908493042 -0.70710676908493042 0
vn -0.70710676908493042 -0.70710676908493042 0
vn -0.70710676908493042 -0.70710676908493042 0
vn -0.70710676908493042 -0.70710676908493042 0
vn -0.70710676908493042 -0.70710676908493042 0
vn -0.70710676908493042 -0.70710676908493042 0
vn -0.70710676908493042 -0.70710676908493042 0
vn -0.70710676908493042 -0.70710676908493042 0
vn -0.70710676908493042 -0.70710676908493042 0
vn -0.70710676908493042 -0.70710676908493042 0
vn -0.70710676908493042 -0.70710676908493042 0
vn -0.70710676908493042 -0.70710676908493042 0
vn -0.70710676908493042 -0.70710676908493042 0
vn -0.70710676908493042 -0.70710676908493042 0
vn -0.70710676908493042 -0.70710676908493042 0
vn -0.70710676908493042 -0.70710676908493042 0
vn -0.70710676908493042 -0.70710676908493042 0
vn -0.70710676908493042 -0.70710676908493042 0
vn -0.70710676908493042 -0.70710676908493042 0
vn -0.70710676908493042 -0.70710676908493042 0
vn -0.70710676908493042 -0.70710676908493042 0
vn -0.70710676908493042 -0.70710676908493042 0
vn -0.70710676908493042 -0.70710676908493042 0
vn -0.70710676908493042 -0.70710676908493042 0
vn -0.70710676908493042 -0.70710676908493042 0
vn -0.70710676908493042 -0.70710676908493042 0
vn -0.70710676908493042 -0.70710676908493042 0
vn -0.70710676908493042 -0.70710676908493042 0
vn -0.70710676908493042 -0.70710676908493042 0
vn -0.70710676908493042 -0.70710676908493042 0
vn -0.70710676908493042 -0.70710676908493042 0
vn -0.70710676908493042 -0.70710676908493042 0
vn -0.70710676908493042 -0.70710676908493042 0
vn -0.70710676908493042 -0.70710676908493042 0
vn -0.70710676908493042 -0.70710676908493042 0
vn -0.70710676908493042 -0.70710676908493042 0
vn -0.70710676908493042 -0.70710676908493042 0
vn -0.70710676908493042 -0.70710676908493042 0
vn -0.70710676908493042 -0.70710676908493042 0
vn -0.70710676908493042 -0.70710676908493042 0
vn -0.70710676908493042 -0.70710676908493042 0
vn -0.70710676908493042 -0.70710676908493042 0
vn -0.70710676908493042 -0.70710676908493042 0
vn -0.70710676908493042 -0.70710676908493042 0
vn -0.70710676908493042 -0.70710676908493042 0
vn -0.70710676908493042 -0.70710676908493042 0
vn -0.70710676908493042 -0.70710676908493042 0
vn -0.70710676908493042 -0.70710676908493042 0
vn -0.70710676908493042 -0.70710676908493042 0
vn -0.70710676908493042 -0.70710676908493042 0
vn -0.70710676908493042 -0.70710676908493042 0
vn -0.70710676908493042 -0.70710676908493042 0
vn -0.70710676908493042 -0.70710676908493042 0
vn -0.70710676908493042 -0.70710676908493042 0
vn -0.70710676908493042 -0.70710676908493042 0
vn -0.70710676908493042 -0.70710676908493042 0
vn -0.70710676908493042 -0.70710676908493042 0
vn -0.70710676908493042 -0.70710676908493042 0
vn -0.70710676908493042 -0.70710676908493042 0
vn -0.70710676908493042 -0.70710676908493042 0
vn -0.70710676908493042 -0.70710676908493042 0
vn -0.70710676908493042 -0.70710676908493042 0
vn -0.70710676908493042 -0.70710676908493042 0
vn -0.70710676908493042 -0.70710676908493042 0
vn -0.70710676908493042 -0.70710676908493042 0
vn -0.70710676908493042 -0.70710676908493042 0
vn -0.70710676908493042 -0.70710676908493042 0
vn -0.70710676908493042 -0.70710676908493042 0
vn -0.70710676908493042 -0.70710676908493042 0
vn -0.70710676908493042 -0.70710676908493042 0
vn -0.70710676908493042 -0.70710676908493042 0
vn -0.70710676908493042 -0.70710676908493042 0
vn -0.70710676908493042 -0.70710676908493042 0
vn -0.70710676908493042 -0.70710676908493042 0
vn -0.70710676908493042 -0.70710676908493042 0
vn -0.70710676908493042 -0.70710676908493042 0
vn -0.70710676908493042 -0.70710676908493042 0
vn -0.70710676908493042 -0.70710676908493042 0
vn -0.70710676908493042 -0.70710676908493042 0
vn -0.70710676908493042 -0.70710676908493042 0
vn -0.70710676908493042 -0.70710676908493042 0
vn -0.70710676908493042 -0.70710676908493042 0
vn -0.70710676908493042 -0.70710676908493042 0
vn -0.70710676908493042 -0.70710676908493042 0
vn -0.70710676908493042 -0.70710676908493042 0
vn -0.70710676908493042 -0.70710676908493042 0
vn -0.70710676908493042 -0.70710676908493042 0
vn -0.70710676908493042 -0.70710676908493042 0
vn -0.70710676908493042 -0.70710676908493042 0
vn -0.70710676908493042 -0.70710676908493042 0
vn -0.70710676908493042 -0.70710676908493042 0
vn -0.70710676908493042 -0.70710676908493042 0
vn -0.70710676908493042 -0.70710676908493042 0
vn -0.70710676908493042 -0.70710676908493042 0
vn -0.70710676908493042 -0.70710676908493042 0
vn -0.70710676908493042 -0.70710676908493042 0
vn -0.70710676908493042 -0.70710676908493042 0
vn -0.70710676908493042 -0.70710676908493042 0
vn -0.70710676908493042 -0.70710676908493042 0
vn -0.70710676908493042 -0.70710676908493042 0
vn -0.70710676908493042 -0.70710676908493042 0
vn -0.70710676908493042 -0.70710676908493042 0
vn -0.70710676908493042 -0.70710676908493042 0
vn -0.70710676908493042 -0.70710676908493042 0
vn -0.70710676908493042 -0.70710676908493042 0
vn -0.70710676908493042 -0.70710676908493042 0
f 1/1/1 3/3/3 2/2/2 4/4/4
f 4/5/5 2/7/7 5/6/6 6/8/8
f 6/12/12 5/9/9 7/10/10 8/11/11
f 8/14/14 7/13/13 3/15/15 1/16/16
f 9/17/17 11/19/19 10/18/18 12/20/20
f 13/21/21 16/24/24 15/23/23 14/22/22
f 63/75/75 57/69/69 64/76/76 66/78/78
f 66/78/78 64/76/76 59/71/71 65/77/77
f 64/76/76 57/69/69 42/54/54
f 58/70/70 59/71/71 64/76/76
f 42/54/54 58/70/70 64/76/76
f 59/71/71 58/70/70 44/56/56 50/62/62
f 58/70/70 42/54/54 25/37/37
f 43/55/55 44/56/56 58/70/70
f 25/37/37 43/55/55 58/70/70
f 51/63/63 44/56/56 43/55/55
f 26/38/38 27/39/39 51/63/63
f 43/55/55 26/38/38 51/63/63
f 53/65/65 50/62/62 54/66/66 56/68/68
f 56/68/68 54/66/66 52/64/64 55/67/67
f 54/66/66 50/62/62 44/56/56
f 51/63/63 52/64/64 54/66/66
f 44/56/56 51/63/63 54/66/66
f 52/64/64 51/63/63 27/39/39 39/51/51
f 116/128/128 112/124/124 43/55/55
f 25/37/37 101/113/113 116/128/128
f 43/55/55 25/37/37 116/128/128
f 119/131/131 118/130/130 116/128/128
f 101/113/113 109/121/121 119/131/131
f 116/128/128 101/113/113 119/131/131
f 109/121/121 114/126/126 121/133/133 119/131/131
f 119/131/131 121/133/133 120/132/132 118/130/130
f 116/128/128 118/130/130 117/129/129 112/124/124
f 126/138/138 124/136/136 122/134/134
f 112/124/124 117/129/129 126/138/138
f 122/134/134 112/124/124 126/138/138
f 117/129/129 127/139/139 129/141/141 126/138/138
f 126/138/138 129/141/141 128/140/140 124/136/136
f 122/134/134 124/136/136 123/135/135 111/123/123
f 122/134/134 111/123/123 26/38/38
f 43/55/55 112/124/124 122/134/134
f 26/38/38 43/55/55 122/134/134
f 130/142/142 125/137/137 28/40/40
f 26/38/38 111/123/123 130/142/142
f 28/40/40 26/38/38 130/142/142
f 133/145/145 132/144/144 130/142/142
f 111/123/123 123/135/135 133/145/145
f 130/142/142 111/123/123 133/145/145
f 123/135/135 134/146/146 136/148/148 133/145/145
f 133/145/145 136/148/148 135/147/147 132/144/144
f 130/142/142 132/144/144 131/143/143 125/137/137
f 139/151/151 138/150/150 137/149/149
f 125/137/137 131/143/143 139/151/151
f 137/149/149 125/137/137 139/151/151
f 131/143/143 140/152/152 142/154/154 139/151/151
f 139/151/151 142/154/154 141/153/153 138/150/150
f 138/150/150 141/153/153 144/156/156 143/155/155
f 46/58/58 39/51/51 47/59/59 49/61/61
f 49/61/61 47/59/59 41/53/53 48/60/60
f 47/59/59 39/51/51 27/39/39
f 40/52/52 41/53/53 47/59/59
f 27/39/39 40/52/52 47/59/59
f 41/53/53 40/52/52 29/41/41 30/42/42
f 40/52/52 27/39/39 26/38/38
f 28/40/40 29/41/41 40/52/52
f 26/38/38 28/40/40 40/52/52
f 36/48/48 30/42/42 37/49/49 38/50/50
f 38/50/50 37/49/49 32/44/44 33/45/45
f 37/49/49 30/42/42 29/41/41
f 31/43/43 32/44/44 37/49/49
f 29/41/41 31/43/43 37/49/49
f 33/45/45 32/44/44 34/46/46 35/47/47
f 83/95/95 82/94/94 81/93/93
f 75/87/87 77/89/89 83/95/95
f 81/93/93 75/87/87 83/95/95
f 78/90/90 75/87/87 74/86/86
f 45/57/57 60/72/72 78/90/90
f 74/86/86 45/57/57 78/90/90
f 77/89/89 75/87/87 78/90/90 79/91/91
f 80/92/92 79/91/91 78/90/90
f 60/72/72 71/83/83 80/92/92
f 78/90/90 60/72/72 80/92/92
f 97/109/109 95/107/107 93/105/105
f 94/106/106 96/108/108 97/109/109
f 93/105/105 94/106/106 97/109/109
f 93/105/105 95/107/107 100/112/112 98/110/110
f 103/115/115 99/111/111 92/104/104
f 98/110/110 100/112/112 103/115/115
f 92/104/104 98/110/110 103/115/115
f 98/110/110 92/104/104 45/57/57
f 74/86/86 93/105/105 98/110/110
f 45/57/57 74/86/86 98/110/110
f 104/116/116 102/114/114 61/73/73
f 45/57/57 92/104/104 104/116/116
f 61/73/73 45/57/57 104/116/116
f 92/104/104 99/111/111 106/118/118 104/116/116
f 107/119/119 105/117/117 102/114/114
f 104/116/116 106/118/118 107/119/119
f 102/114/114 104/116/116 107/119/119
f 102/114/114 105/117/117 110/122/122 108/120/120
f 115/127/127 113/125/125 110/122/122
f 113/125/125 115/127/127 114/126/126 109/121/121
f 113/125/125 109/121/121 101/113/113
f 108/120/120 110/122/122 113/125/125
f 101/113/113 108/120/120 113/125/125
f 108/120/120 101/113/113 25/37/37
f 61/73/73 102/114/114 108/120/120
f 25/37/37 61/73/73 108/120/120
f 71/83/83 60/72/72 72/84/84 73/85/85
f 76/88/88 73/85/85 72/84/84
f 62/74/74 67/79/79 76/88/88
f 72/84/84 62/74/74 76/88/88
f 72/84/84 60/72/72 45/57/57
f 61/73/73 62/74/74 72/84/84
f 45/57/57 61/73/73 72/84/84
f 68/80/80 62/74/74 61/73/73
f 25/37/37 42/54/54 68/80/80
f 61/73/73 25/37/37 68/80/80
f 67/79/79 62/74/74 68/80/80 69/81/81
f 70/82/82 69/81/81 68/80/80
f 42/54/54 57/69/69 70/82/82
f 68/80/80 42/54/54 70/82/82
f 141/153/153 91/103/103 1/25/25
f 1/25/25 144/156/156 141/153/153
f 91/103/103 141/153/153 142/154/154
f 144/156/156 1/25/25 143/155/155
f 140/152/152 91/103/103 142/154/154
f 134/146/146 89/101/101 90/102/102
f 140/152/152 135/147/147 91/103/103
f 135/147/147 90/102/102 91/103/103
f 90/102/102 135/147/147 136/148/148
f 90/102/102 136/148/148 134/146/146
f 135/147/147 140/152/152 131/143/143 132/144/144
f 128/140/140 89/101/101 134/146/146
f 137/149/149 138/150/150 143/155/155
f 125/137/137 137/149/149 28/40/40
f 137/149/149 31/43/43 28/40/40
f 143/155/155 34/46/46 31/43/43 137/149/149
f 89/101/101 128/140/140 129/141/141
f 89/101/101 129/141/141 127/139/139
f 128/140/140 134/146/146 123/135/135 124/136/136
f 1/25/25 4/26/26 34/46/46 143/155/155
f 88/100/100 89/101/101 127/139/139
f 121/133/133 88/100/100 120/132/132
f 120/132/132 88/100/100 127/139/139
f 114/126/126 88/100/100 121/133/133
f 117/129/129 118/130/130 120/132/132 127/139/139
f 115/127/127 88/100/100 114/126/126
f 110/122/122 87/99/99 115/127/127
f 88/100/100 115/127/127 87/99/99
f 86/98/98 87/99/99 105/117/117
f 99/111/111 85/97/97 86/98/98
f 100/112/112 84/96/96 85/97/97
f 16/28/28 84/96/96 96/108/108
f 87/99/99 110/122/122 105/117/117
f 86/98/98 105/117/117 107/119/119
f 86/98/98 106/118/118 99/111/111
f 85/97/97 99/111/111 103/115/115
f 86/98/98 107/119/119 106/118/118
f 84/96/96 100/112/112 95/107/107
f 84/96/96 95/107/107 97/109/109
f 93/105/105 74/86/86 94/106/106
f 16/28/28 96/108/108 94/106/106
f 84/96/96 97/109/109 96/108/108
f 85/97/97 103/115/115 100/112/112
f 15/27/27 16/28/28 94/106/106 81/93/93
f 34/46/46 32/44/44 31/43/43
f 4/26/26 33/45/45 35/47/47
f 35/47/47 34/46/46 4/26/26
f 41/53/53 30/42/42 36/48/48 48/60/60
f 59/71/71 50/62/62 53/65/65 65/77/77
f 52/64/64 39/51/51 46/58/58 55/67/67
f 17/29/29 36/48/48 38/50/50
f 17/29/29 48/60/60 36/48/48
f 18/30/30 49/61/61 48/60/60
f 17/29/29 38/50/50 33/45/45
f 17/29/29 18/30/30 48/60/60
f 17/29/29 33/45/45 4/26/26
f 19/31/31 55/67/67 46/58/58
f 19/31/31 56/68/68 55/67/67
f 53/65/65 56/68/68 19/31/31
f 18/30/30 19/31/31 46/58/58
f 20/32/32 53/65/65 19/31/31
f 18/30/30 46/58/58 49/61/61
f 63/75/75 70/82/82 57/69/69
f 21/33/33 69/81/81 70/82/82
f 22/34/34 76/88/88 67/79/79
f 22/34/34 73/85/85 76/88/88
f 67/79/79 69/81/81 21/33/33
f 81/93/93 74/86/86 75/87/87
f 23/35/35 80/92/92 71/83/83
f 23/35/35 79/91/91 80/92/92
f 71/83/83 73/85/85 22/34/34
f 23/35/35 71/83/83 22/34/34
f 20/32/32 66/78/78 65/77/77
f 70/82/82 63/75/75 21/33/33
f 21/33/33 63/75/75 20/32/32
f 66/78/78 20/32/32 63/75/75
f 67/79/79 21/33/33 22/34/34
f 20/32/32 65/77/77 53/65/65
f 24/36/36 83/95/95 77/89/89
f 24/36/36 82/94/94 83/95/95
f 82/94/94 24/36/36 15/27/27
f 79/91/91 24/36/36 77/89/89
f 79/91/91 23/35/35 24/36/36
f 81/93/93 82/94/94 15/27/27
f 74/86/86 81/93/93 94/106/106
f 31/43/43 29/41/41 28/40/40
f 245/269/269 240/264/264 246/270/270 248/272/272
f 248/272/272 246/270/270 242/266/266 247/271/271
f 246/270/270 240/264/264 227/251/251
f 241/265/265 242/266/266 246/270/270
f 227/251/251 241/265/265 246/270/270
f 242/266/266 241/265/265 228/252/252 233/257/257
f 241/265/265 227/251/251 145/169/169
f 169/193/193 228/252/252 241/265/265
f 145/169/169 169/193/193 241/265/265
f 234/258/258 228/252/252 169/193/193
f 160/184/184 213/237/237 234/258/258
f 169/193/193 160/184/184 234/258/258
f 236/260/260 233/257/257 237/261/261 239/263/263
f 239/263/263 237/261/261 235/259/259 238/262/262
f 237/261/261 233/257/257 228/252/252
f 234/258/258 235/259/259 237/261/261
f 228/252/252 234/258/258 237/261/261
f 235/259/259 234/258/258 213/237/237 224/248/248
f 175/199/199 171/195/195 169/193/193
f 145/169/169 158/182/182 175/199/199
f 169/193/193 145/169/169 175/199/199
f 178/202/202 177/201/201 175/199/199
f 158/182/182 167/191/191 178/202/202
f 175/199/199 158/182/182 178/202/202
f 167/191/191 173/197/197 180/204/204 178/202/202
f 178/202/202 180/204/204 179/203/203 177/201/201
f 175/199/199 177/201/201 176/200/200 171/195/195
f 186/210/210 183/207/207 181/205/205
f 171/195/195 176/200/200 186/210/210
f 181/205/205 171/195/195 186/210/210
f 176/200/200 187/211/211 189/213/213 186/210/210
f 186/210/210 189/213/213 188/212/212 183/207/207
f 181/205/205 183/207/207 182/206/206 170/194/194
f 181/205/205 170/194/194 160/184/184
f 169/193/193 171/195/195 181/205/205
f 160/184/184 169/193/193 181/205/205
f 190/214/214 185/209/209 184/208/208
f 160/184/184 170/194/194 190/214/214
f 184/208/208 160/184/184 190/214/214
f 193/217/217 192/216/216 190/214/214
f 170/194/194 182/206/206 193/217/217
f 190/214/214 170/194/194 193/217/217
f 182/206/206 194/218/218 196/220/220 193/217/217
f 193/217/217 196/220/220 195/219/219 192/216/216
f 190/214/214 192/216/216 191/215/215 185/209/209
f 199/223/223 198/222/222 197/221/221
f 185/209/209 191/215/215 199/223/223
f 197/221/221 185/209/209 199/223/223
f 191/215/215 200/224/224 202/226/226 199/223/223
f 199/223/223 202/226/226 201/225/225 198/222/222
f 198/222/222 201/225/225 204/228/228 203/227/227
f 229/253/253 224/248/248 230/254/254 232/256/256
f 232/256/256 230/254/254 226/250/250 231/255/255
f 230/254/254 224/248/248 213/237/237
f 225/249/249 226/250/250 230/254/254
f 213/237/237 225/249/249 230/254/254
f 226/250/250 225/249/249 214/238/238 215/239/239
f 225/249/249 213/237/237 160/184/184
f 184/208/208 214/238/238 225/249/249
f 160/184/184 184/208/208 225/249/249
f 221/245/245 215/239/239 222/246/246 223/247/247
f 223/247/247 222/246/246 217/241/241 218/242/242
f 222/246/246 215/239/239 214/238/238
f 216/240/240 217/241/241 222/246/246
f 214/238/238 216/240/240 222/246/246
f 218/242/242 217/241/241 219/243/243 220/244/244
f 264/288/288 263/287/287 262/286/286
f 256/280/280 258/282/282 264/288/288
f 262/286/286 256/280/280 264/288/288
f 259/283/283 256/280/280 147/171/171
f 146/170/170 243/267/267 259/283/283
f 147/171/171 146/170/170 259/283/283
f 258/282/282 256/280/280 259/283/283 260/284/284
f 261/285/285 260/284/284 259/283/283
f 243/267/267 253/277/277 261/285/285
f 259/283/283 243/267/267 261/285/285
f 153/177/177 151/175/175 149/173/173
f 150/174/174 152/176/176 153/177/177
f 149/173/173 150/174/174 153/177/177
f 149/173/173 151/175/175 156/180/180 154/178/178
f 161/185/185 155/179/179 148/172/172
f 154/178/178 156/180/180 161/185/185
f 148/172/172 154/178/178 161/185/185
f 154/178/178 148/172/172 146/170/170
f 147/171/171 149/173/173 154/178/178
f 146/170/170 147/171/171 154/178/178
f 162/186/186 159/183/183 157/181/181
f 146/170/170 148/172/172 162/186/186
f 157/181/181 146/170/170 162/186/186
f 148/172/172 155/179/179 164/188/188 162/186/186
f 165/189/189 163/187/187 159/183/183
f 162/186/186 164/188/188 165/189/189
f 159/183/183 162/186/186 165/189/189
f 159/183/183 163/187/187 168/192/192 166/190/190
f 174/198/198 172/196/196 168/192/192
f 172/196/196 174/198/198 173/197/197 167/191/191
f 172/196/196 167/191/191 158/182/182
f 166/190/190 168/192/192 172/196/196
f 158/182/182 166/190/190 172/196/196
f 166/190/190 158/182/182 145/169/169
f 157/181/181 159/183/183 166/190/190
f 145/169/169 157/181/181 166/190/190
f 253/277/277 243/267/267 254/278/278 255/279/279
f 257/281/281 255/279/279 254/278/278
f 244/268/268 249/273/273 257/281/281
f 254/278/278 244/268/268 257/281/281
f 254/278/278 243/267/267 146/170/170
f 157/181/181 244/268/268 254/278/278
f 146/170/170 157/181/181 254/278/278
f 250/274/274 244/268/268 157/181/181
f 145/169/169 227/251/251 250/274/274
f 157/181/181 145/169/169 250/274/274
f 249/273/273 244/268/268 250/274/274 251/275/275
f 252/276/276 251/275/275 250/274/274
f 227/251/251 240/264/264 252/276/276
f 250/274/274 227/251/251 252/276/276
f 201/225/225 17/168/168 4/157/157
f 4/157/157 204/228/228 201/225/225
f 17/168/168 201/225/225 202/226/226
f 204/228/228 4/157/157 203/227/227
f 200/224/224 17/168/168 202/226/226
f 194/218/218 19/166/166 18/167/167
f 200/224/224 195/219/219 17/168/168
f 195/219/219 18/167/167 17/168/168
f 18/167/167 195/219/219 196/220/220
f 18/167/167 196/220/220 194/218/218
f 195/219/219 200/224/224 191/215/215 192/216/216
f 188/212/212 19/166/166 194/218/218
f 197/221/221 198/222/222 203/227/227
f 185/209/209 197/221/221 184/208/208
f 197/221/221 216/240/240 214/238/238 184/208/208
f 203/227/227 219/243/243 216/240/240 197/221/221
f 19/166/166 188/212/212 189/213/213
f 19/166/166 189/213/213 187/211/211
f 188/212/212 194/218/218 182/206/206 183/207/207
f 4/157/157 6/158/158 219/243/243 203/227/227
f 20/165/165 19/166/166 187/211/211
f 180/204/204 20/165/165 179/203/203
f 179/203/203 20/165/165 187/211/211
f 173/197/197 20/165/165 180/204/204
f 176/200/200 177/201/201 179/203/203 187/211/211
f 174/198/198 20/165/165 173/197/197
f 168/192/192 21/164/164 174/198/198
f 20/165/165 174/198/198 21/164/164
f 22/163/163 21/164/164 163/187/187
f 155/179/179 23/162/162 22/163/163
f 156/180/180 24/161/161 23/162/162
f 15/160/160 24/161/161 152/176/176
f 21/164/164 168/192/192 163/187/187
f 22/163/163 163/187/187 165/189/189
f 22/163/163 164/188/188 155/179/179
f 23/162/162 155/179/179 161/185/185
f 22/163/163 165/189/189 164/188/188
f 24/161/161 156/180/180 151/175/175
f 24/161/161 151/175/175 153/177/177
f 149/173/173 147/171/171 150/174/174
f 15/160/160 152/176/176 150/174/174
f 24/161/161 153/177/177 152/176/176
f 23/162/162 161/185/185 156/180/180
f 150/174/174 262/286/286 14/159/159 15/160/160
f 219/243/243 217/241/241 216/240/240
f 6/158/158 218/242/242 220/244/244
f 220/244/244 219/243/243 6/158/158
f 226/250/250 215/239/239 221/245/245 231/255/255
f 242/266/266 233/257/257 236/260/260 247/271/271
f 235/259/259 224/248/248 229/253/253 238/262/262
f 205/229/229 221/245/245 223/247/247
f 205/229/229 231/255/255 221/245/245
f 206/230/230 232/256/256 231/255/255
f 205/229/229 223/247/247 218/242/242
f 205/229/229 206/230/230 231/255/255
f 205/229/229 218/242/242 6/158/158
f 207/231/231 238/262/262 229/253/253
f 207/231/231 239/263/263 238/262/262
f 236/260/260 239/263/263 207/231/231
f 206/230/230 207/231/231 229/253/253
f 208/232/232 236/260/260 207/231/231
f 206/230/230 229/253/253 232/256/256
f 245/269/269 252/276/276 240/264/264
f 209/233/233 251/275/275 252/276/276
f 210/234/234 257/281/281 249/273/273
f 210/234/234 255/279/279 257/281/281
f 249/273/273 251/275/275 209/233/233
f 262/286/286 147/171/171 256/280/280
f 211/235/235 261/285/285 253/277/277
f 211/235/235 260/284/284 261/285/285
f 253/277/277 255/279/279 210/234/234
f 211/235/235 253/277/277 210/234/234
f 208/232/232 248/272/272 247/271/271
f 252/276/276 245/269/269 209/233/233
f 209/233/233 245/269/269 208/232/232
f 248/272/272 208/232/232 245/269/269
f 249/273/273 209/233/233 210/234/234
f 208/232/232 247/271/271 236/260/260
f 212/236/236 264/288/288 258/282/282
f 212/236/236 263/287/287 264/288/288
f 263/287/287 212/236/236 14/159/159
f 260/284/284 212/236/236 258/282/282
f 260/284/284 211/235/235 212/236/236
f 262/286/286 263/287/287 14/159/159
f 147/171/171 262/286/286 150/174/174
f 365/401/401 360/396/396 366/402/402 368/404/404
f 368/404/404 366/402/402 362/398/398 367/403/403
f 366/402/402 360/396/396 347/383/383
f 361/397/397 362/398/398 366/402/402
f 347/383/383 361/397/397 366/402/402
f 362/398/398 361/397/397 348/384/384 353/389/389
f 361/397/397 347/383/383 265/301/301
f 289/325/325 348/384/384 361/397/397
f 265/301/301 289/325/325 361/397/397
f 354/390/390 348/384/384 289/325/325
f 280/316/316 333/369/369 354/390/390
f 289/325/325 280/316/316 354/390/390
f 356/392/392 353/389/389 357/393/393 359/395/395
f 359/395/395 357/393/393 355/391/391 358/394/394
f 357/393/393 353/389/389 348/384/384
f 354/390/390 355/391/391 357/393/393
f 348/384/384 354/390/390 357/393/393
f 355/391/391 354/390/390 333/369/369 344/380/380
f 295/331/331 291/327/327 289/325/325
f 265/301/301 278/314/314 295/331/331
f 289/325/325 265/301/301 295/331/331
f 298/334/334 297/333/333 295/331/331
f 278/314/314 287/323/323 298/334/334
f 295/331/331 278/314/314 298/334/334
f 287/323/323 293/329/329 300/336/336 298/334/334
f 298/334/334 300/336/336 299/335/335 297/333/333
f 295/331/331 297/333/333 296/332/332 291/327/327
f 306/342/342 303/339/339 301/337/337
f 291/327/327 296/332/332 306/342/342
f 301/337/337 291/327/327 306/342/342
f 296/332/332 307/343/343 309/345/345 306/342/342
f 306/342/342 309/345/345 308/344/344 303/339/339
f 301/337/337 303/339/339 302/338/338 290/326/326
f 301/337/337 290/326/326 280/316/316
f 289/325/325 291/327/327 301/337/337
f 280/316/316 289/325/325 301/337/337
f 310/346/346 305/341/341 304/340/340
f 280/316/316 290/326/326 310/346/346
f 304/340/340 280/316/316 310/346/346
f 313/349/349 312/348/348 310/346/346
f 290/326/326 302/338/338 313/349/349
f 310/346/346 290/326/326 313/349/349
f 302/338/338 314/350/350 316/352/352 313/349/349
f 313/349/349 316/352/352 315/351/351 312/348/348
f 310/346/346 312/348/348 311/347/347 305/341/341
f 319/355/355 318/354/354 317/353/353
f 305/341/341 311/347/347 319/355/355
f 317/353/353 305/341/341 319/355/355
f 311/347/347 320/356/356 322/358/358 319/355/355
f 319/355/355 322/358/358 321/357/357 318/354/354
f 318/354/354 321/357/357 324/360/360 323/359/359
f 349/385/385 344/380/380 350/386/386 352/388/388
f 352/388/388 350/386/386 346/382/382 351/387/387
f 350/386/386 344/380/380 333/369/369
f 345/381/381 346/382/382 350/386/386
f 333/369/369 345/381/381 350/386/386
f 346/382/382 345/381/381 334/370/370 335/371/371
f 345/381/381 333/369/369 280/316/316
f 304/340/340 334/370/370 345/381/381
f 280/316/316 304/340/340 345/381/381
f 341/377/377 335/371/371 342/378/378 343/379/379
f 343/379/379 342/378/378 337/373/373 338/374/374
f 342/378/378 335/371/371 334/370/370
f 336/372/372 337/373/373 342/378/378
f 334/370/370 336/372/372 342/378/378
f 338/374/374 337/373/373 339/375/375 340/376/376
f 384/420/420 383/419/419 382/418/418
f 376/412/412 378/414/414 384/420/420
f 382/418/418 376/412/412 384/420/420
f 379/415/415 376/412/412 267/303/303
f 266/302/302 363/399/399 379/415/415
f 267/303/303 266/302/302 379/415/415
f 378/414/414 376/412/412 379/415/415 380/416/416
f 381/417/417 380/416/416 379/415/415
f 363/399/399 373/409/409 381/417/417
f 379/415/415 363/399/399 381/417/417
f 273/309/309 271/307/307 269/305/305
f 270/306/306 272/308/308 273/309/309
f 269/305/305 270/306/306 273/309/309
f 269/305/305 271/307/307 276/312/312 274/310/310
f 281/317/317 275/311/311 268/304/304
f 274/310/310 276/312/312 281/317/317
f 268/304/304 274/310/310 281/317/317
f 274/310/310 268/304/304 266/302/302
f 267/303/303 269/305/305 274/310/310
f 266/302/302 267/303/303 274/310/310
f 282/318/318 279/315/315 277/313/313
f 266/302/302 268/304/304 282/318/318
f 277/313/313 266/302/302 282/318/318
f 268/304/304 275/311/311 284/320/320 282/318/318
f 285/321/321 283/319/319 279/315/315
f 282/318/318 284/320/320 285/321/321
f 279/315/315 282/318/318 285/321/321
f 279/315/315 283/319/319 288/324/324 286/322/322
f 294/330/330 292/328/328 288/324/324
f 292/328/328 294/330/330 293/329/329 287/323/323
f 292/328/328 287/323/323 278/314/314
f 286/322/322 288/324/324 292/328/328
f 278/314/314 286/322/322 292/328/328
f 286/322/322 278/314/314 265/301/301
f 277/313/313 279/315/315 286/322/322
f 265/301/301 277/313/313 286/322/322
f 373/409/409 363/399/399 374/410/410 375/411/411
f 377/413/413 375/411/411 374/410/410
f 364/400/400 369/405/405 377/413/413
f 374/410/410 364/400/400 377/413/413
f 374/410/410 363/399/399 266/302/302
f 277/313/313 364/400/400 374/410/410
f 266/302/302 277/313/313 374/410/410
f 370/406/406 364/400/400 277/313/313
f 265/301/301 347/383/383 370/406/406
f 277/313/313 265/301/301 370/406/406
f 369/405/405 364/400/400 370/406/406 371/407/407
f 372/408/408 371/407/407 370/406/406
f 347/383/383 360/396/396 372/408/408
f 370/406/406 347/383/383 372/408/408
f 321/357/357 205/300/300 6/289/289
f 6/289/289 324/360/360 321/357/357
f 205/300/300 321/357/357 322/358/358
f 324/360/360 6/289/289 323/359/359
f 320/356/356 205/300/300 322/358/358
f 314/350/350 207/298/298 206/299/299
f 320/356/356 315/351/351 205/300/300
f 315/351/351 206/299/299 205/300/300
f 206/299/299 315/351/351 316/352/352
f 206/299/299 316/352/352 314/350/350
f 315/351/351 320/356/356 311/347/347 312/348/348
f 308/344/344 207/298/298 314/350/350
f 317/353/353 318/354/354 323/359/359
f 305/341/341 317/353/353 304/340/340
f 336/372/372 304/340/340 317/353/353
f 336/372/372 317/353/353 323/359/359 339/375/375
f 207/298/298 308/344/344 309/345/345
f 207/298/298 309/345/345 307/343/343
f 308/344/344 314/350/350 302/338/338 303/339/339
f 339/375/375 323/359/359 6/289/289 8/290/290
f 208/297/297 207/298/298 307/343/343
f 300/336/336 208/297/297 299/335/335
f 299/335/335 208/297/297 307/343/343
f 293/329/329 208/297/297 300/336/336
f 296/332/332 297/333/333 299/335/335 307/343/343
f 294/330/330 208/297/297 293/329/329
f 288/324/324 209/296/296 294/330/330
f 208/297/297 294/330/330 209/296/296
f 210/295/295 209/296/296 283/319/319
f 210/295/295 275/311/311 211/294/294
f 212/293/293 211/294/294 276/312/312
f 14/292/292 212/293/293 272/308/308
f 209/296/296 288/324/324 283/319/319
f 210/295/295 283/319/319 285/321/321
f 210/295/295 284/320/320 275/311/311
f 211/294/294 275/311/311 281/317/317
f 210/295/295 285/321/321 284/320/320
f 212/293/293 276/312/312 271/307/307
f 212/293/293 271/307/307 273/309/309
f 269/305/305 267/303/303 270/306/306
f 14/292/292 272/308/308 270/306/306
f 212/293/293 273/309/309 272/308/308
f 211/294/294 281/317/317 276/312/312
f 13/291/291 14/292/292 270/306/306 382/418/418
f 339/375/375 337/373/373 336/372/372
f 8/290/290 338/374/374 340/376/376
f 340/376/376 339/375/375 8/290/290
f 346/382/382 335/371/371 341/377/377 351/387/387
f 362/398/398 353/389/389 356/392/392 367/403/403
f 355/391/391 344/380/380 349/385/385 358/394/394
f 325/361/361 341/377/377 343/379/379
f 325/361/361 351/387/387 341/377/377
f 326/362/362 352/388/388 351/387/387
f 325/361/361 343/379/379 338/374/374
f 325/361/361 326/362/362 351/387/387
f 325/361/361 338/374/374 8/290/290
f 327/363/363 358/394/394 349/385/385
f 327/363/363 359/395/395 358/394/394
f 356/392/392 359/395/395 327/363/363
f 326/362/362 327/363/363 349/385/385
f 328/364/364 356/392/392 327/363/363
f 326/362/362 349/385/385 352/388/388
f 365/401/401 372/408/408 360/396/396
f 329/365/365 371/407/407 372/408/408
f 330/366/366 377/413/413 369/405/405
f 330/366/366 375/411/411 377/413/413
f 369/405/405 371/407/407 329/365/365
f 382/418/418 267/303/303 376/412/412
f 331/367/367 381/417/417 373/409/409
f 331/367/367 380/416/416 381/417/417
f 373/409/409 375/411/411 330/366/366
f 331/367/367 373/409/409 330/366/366
f 328/364/364 368/404/404 367/403/403
f 372/408/408 365/401/401 329/365/365
f 329/365/365 365/401/401 328/364/364
f 368/404/404 328/364/364 365/401/401
f 369/405/405 329/365/365 330/366/366
f 328/364/364 367/403/403 356/392/392
f 332/368/368 384/420/420 378/414/414
f 332/368/368 383/419/419 384/420/420
f 13/291/291 383/419/419 332/368/368
f 332/368/368 378/414/414 380/416/416
f 380/416/416 331/367/367 332/368/368
f 382/418/418 383/419/419 13/291/291
f 267/303/303 382/418/418 270/306/306
f 336/372/372 334/370/370 304/340/340
f 1/422/422 325/440/440 8/421/421
f 88/428/428 329/436/436 328/437/437
f 89/427/427 328/437/437 327/438/438
f 326/439/439 89/427/427 327/438/438
f 330/435/435 86/430/430 331/434/434
f 13/424/424 332/433/433 84/432/432
f 332/433/433 331/434/434 84/432/432
f 329/436/436 87/429/429 330/435/435
f 90/426/426 326/439/439 325/440/440
f 88/428/428 87/429/429 329/436/436
f 326/439/439 90/426/426 89/427/427
f 325/440/440 1/422/422 91/425/425
f 90/426/426 325/440/440 91/425/425
f 84/432/432 16/423/423 13/424/424
f 331/434/434 85/431/431 84/432/432
f 87/429/429 86/430/430 330/435/435
f 86/430/430 85/431/431 331/434/434
f 88/428/428 328/437/437 89/427/427
f 385/445/445 399/459/459 400/460/460
f 399/459/459 386/446/446 398/458/458
f 398/458/458 387/447/447 397/457/457
f 396/456/456 397/457/457 388/448/448
f 396/456/456 389/449/449 395/455/455
f 394/454/454 391/451/451 393/453/453
f 393/453/453 392/452/452 9/444/444
f 395/455/455 390/450/450 394/454/454
f 3/442/442 400/460/460 2/441/441
f 387/447/447 388/448/448 397/457/457
f 386/446/446 399/459/459 385/445/445
f 3/442/442 385/445/445 400/460/460
f 389/449/449 396/456/456 388/448/448
f 9/444/444 392/452/452 11/443/443
f 392/452/452 393/453/453 391/451/451
f 391/451/451 394/454/454 390/450/450
f 395/455/455 389/449/449 390/450/450
f 387/447/447 398/458/458 386/446/446
f 439/511/511 433/505/505 440/512/512 442/514/514
f 442/514/514 440/512/512 435/507/507 441/513/513
f 440/512/512 433/505/505 418/490/490
f 434/506/506 435/507/507 440/512/512
f 418/490/490 434/506/506 440/512/512
f 435/507/507 434/506/506 420/492/492 426/498/498
f 434/506/506 418/490/490 401/473/473
f 419/491/491 420/492/492 434/506/506
f 401/473/473 419/491/491 434/506/506
f 427/499/499 420/492/492 419/491/491
f 402/474/474 403/475/475 427/499/499
f 419/491/491 402/474/474 427/499/499
f 429/501/501 426/498/498 430/502/502 432/504/504
f 432/504/504 430/502/502 428/500/500 431/503/503
f 430/502/502 426/498/498 420/492/492
f 427/499/499 428/500/500 430/502/502
f 420/492/492 427/499/499 430/502/502
f 428/500/500 427/499/499 403/475/475 415/487/487
f 492/564/564 488/560/560 419/491/491
f 401/473/473 477/549/549 492/564/564
f 419/491/491 401/473/473 492/564/564
f 495/567/567 494/566/566 492/564/564
f 477/549/549 485/557/557 495/567/567
f 492/564/564 477/549/549 495/567/567
f 485/557/557 490/562/562 497/569/569 495/567/567
f 495/567/567 497/569/569 496/568/568 494/566/566
f 492/564/564 494/566/566 493/565/565 488/560/560
f 502/574/574 500/572/572 498/570/570
f 488/560/560 493/565/565 502/574/574
f 498/570/570 488/560/560 502/574/574
f 493/565/565 503/575/575 505/577/577 502/574/574
f 502/574/574 505/577/577 504/576/576 500/572/572
f 498/570/570 500/572/572 499/571/571 487/559/559
f 498/570/570 487/559/559 402/474/474
f 419/491/491 488/560/560 498/570/570
f 402/474/474 419/491/491 498/570/570
f 506/578/578 501/573/573 404/476/476
f 402/474/474 487/559/559 506/578/578
f 404/476/476 402/474/474 506/578/578
f 509/581/581 508/580/580 506/578/578
f 487/559/559 499/571/571 509/581/581
f 506/578/578 487/559/559 509/581/581
f 499/571/571 510/582/582 512/584/584 509/581/581
f 509/581/581 512/584/584 511/583/583 508/580/580
f 506/578/578 508/580/580 507/579/579 501/573/573
f 515/587/587 514/586/586 513/585/585
f 501/573/573 507/579/579 515/587/587
f 513/585/585 501/573/573 515/587/587
f 507/579/579 516/588/588 518/590/590 515/587/587
f 515/587/587 518/590/590 517/589/589 514/586/586
f 514/586/586 517/589/589 520/592/592 519/591/591
f 422/494/494 415/487/487 423/495/495 425/497/497
f 425/497/497 423/495/495 417/489/489 424/496/496
f 423/495/495 415/487/487 403/475/475
f 416/488/488 417/489/489 423/495/495
f 403/475/475 416/488/488 423/495/495
f 417/489/489 416/488/488 405/477/477 406/478/478
f 416/488/488 403/475/475 402/474/474
f 404/476/476 405/477/477 416/488/488
f 402/474/474 404/476/476 416/488/488
f 412/484/484 406/478/478 413/485/485 414/486/486
f 414/486/486 413/485/485 408/480/480 409/481/481
f 413/485/485 406/478/478 405/477/477
f 407/479/479 408/480/480 413/485/485
f 405/477/477 407/479/479 413/485/485
f 409/481/481 408/480/480 410/482/482 411/483/483
f 459/531/531 458/530/530 457/529/529
f 451/523/523 453/525/525 459/531/531
f 457/529/529 451/523/523 459/531/531
f 454/526/526 451/523/523 450/522/522
f 421/493/493 436/508/508 454/526/526
f 450/522/522 421/493/493 454/526/526
f 453/525/525 451/523/523 454/526/526 455/527/527
f 456/528/528 455/527/527 454/526/526
f 436/508/508 447/519/519 456/528/528
f 454/526/526 436/508/508 456/528/528
f 473/545/545 471/543/543 469/541/541
f 470/542/542 472/544/544 473/545/545
f 469/541/541 470/542/542 473/545/545
f 469/541/541 471/543/543 476/548/548 474/546/546
f 479/551/551 475/547/547 468/540/540
f 474/546/546 476/548/548 479/551/551
f 468/540/540 474/546/546 479/551/551
f 474/546/546 468/540/540 421/493/493
f 450/522/522 469/541/541 474/546/546
f 421/493/493 450/522/522 474/546/546
f 480/552/552 478/550/550 437/509/509
f 421/493/493 468/540/540 480/552/552
f 437/509/509 421/493/493 480/552/552
f 468/540/540 475/547/547 482/554/554 480/552/552
f 483/555/555 481/553/553 478/550/550
f 480/552/552 482/554/554 483/555/555
f 478/550/550 480/552/552 483/555/555
f 478/550/550 481/553/553 486/558/558 484/556/556
f 491/563/563 489/561/561 486/558/558
f 489/561/561 491/563/563 490/562/562 485/557/557
f 489/561/561 485/557/557 477/549/549
f 484/556/556 486/558/558 489/561/561
f 477/549/549 484/556/556 489/561/561
f 484/556/556 477/549/549 401/473/473
f 437/509/509 478/550/550 484/556/556
f 401/473/473 437/509/509 484/556/556
f 447/519/519 436/508/508 448/520/520 449/521/521
f 452/524/524 449/521/521 448/520/520
f 438/510/510 443/515/515 452/524/524
f 448/520/520 438/510/510 452/524/524
f 448/520/520 436/508/508 421/493/493
f 437/509/509 438/510/510 448/520/520
f 421/493/493 437/509/509 448/520/520
f 444/516/516 438/510/510 437/509/509
f 401/473/473 418/490/490 444/516/516
f 437/509/509 401/473/473 444/516/516
f 443/515/515 438/510/510 444/516/516 445/517/517
f 446/518/518 445/517/517 444/516/516
f 418/490/490 433/505/505 446/518/518
f 444/516/516 418/490/490 446/518/518
f 517/589/589 467/539/539 5/461/461
f 5/461/461 520/592/592 517/589/589
f 467/539/539 517/589/589 518/590/590
f 520/592/592 5/461/461 519/591/591
f 516/588/588 467/539/539 518/590/590
f 510/582/582 465/537/537 466/538/538
f 516/588/588 511/583/583 467/539/539
f 511/583/583 466/538/538 467/539/539
f 466/538/538 511/583/583 512/584/584
f 466/538/538 512/584/584 510/582/582
f 511/583/583 516/588/588 507/579/579 508/580/580
f 504/576/576 465/537/537 510/582/582
f 513/585/585 514/586/586 519/591/591
f 501/573/573 513/585/585 404/476/476
f 407/479/479 404/476/476 513/585/585
f 519/591/591 410/482/482 407/479/479 513/585/585
f 465/537/537 504/576/576 505/577/577
f 465/537/537 505/577/577 503/575/575
f 504/576/576 510/582/582 499/571/571 500/572/572
f 410/482/482 519/591/591 5/461/461 2/462/462
f 464/536/536 465/537/537 503/575/575
f 497/569/569 464/536/536 496/568/568
f 496/568/568 464/536/536 503/575/575
f 490/562/562 464/536/536 497/569/569
f 493/565/565 494/566/566 496/568/568 503/575/575
f 491/563/563 464/536/536 490/562/562
f 486/558/558 463/535/535 491/563/563
f 464/536/536 491/563/563 463/535/535
f 462/534/534 463/535/535 481/553/553
f 462/534/534 475/547/547 461/533/533
f 460/532/532 461/533/533 476/548/548
f 12/464/464 460/532/532 472/544/544
f 463/535/535 486/558/558 481/553/553
f 462/534/534 481/553/553 483/555/555
f 462/534/534 482/554/554 475/547/547
f 461/533/533 475/547/547 479/551/551
f 462/534/534 483/555/555 482/554/554
f 460/532/532 476/548/548 471/543/543
f 460/532/532 471/543/543 473/545/545
f 469/541/541 450/522/522 470/542/542
f 12/464/464 472/544/544 470/542/542
f 460/532/532 473/545/545 472/544/544
f 461/533/533 479/551/551 476/548/548
f 9/463/463 12/464/464 470/542/542 457/529/529
f 410/482/482 408/480/480 407/479/479
f 2/462/462 409/481/481 411/483/483
f 411/483/483 410/482/482 2/462/462
f 417/489/489 406/478/478 412/484/484 424/496/496
f 435/507/507 426/498/498 429/501/501 441/513/513
f 428/500/500 415/487/487 422/494/494 431/503/503
f 400/465/465 412/484/484 414/486/486
f 400/465/465 424/496/496 412/484/484
f 399/466/466 425/497/497 424/496/496
f 400/465/465 414/486/486 409/481/481
f 400/465/465 399/466/466 424/496/496
f 400/465/465 409/481/481 2/462/462
f 398/467/467 431/503/503 422/494/494
f 398/467/467 432/504/504 431/503/503
f 429/501/501 432/504/504 398/467/467
f 399/466/466 398/467/467 422/494/494
f 397/468/468 429/501/501 398/467/467
f 399/466/466 422/494/494 425/497/497
f 439/511/511 446/518/518 433/505/505
f 396/469/469 445/517/517 446/518/518
f 395/470/470 452/524/524 443/515/515
f 395/470/470 449/521/521 452/524/524
f 443/515/515 445/517/517 396/469/469
f 457/529/529 450/522/522 451/523/523
f 394/471/471 456/528/528 447/519/519
f 394/471/471 455/527/527 456/528/528
f 447/519/519 449/521/521 395/470/470
f 394/471/471 447/519/519 395/470/470
f 397/468/468 442/514/514 441/513/513
f 446/518/518 439/511/511 396/469/469
f 396/469/469 439/511/511 397/468/468
f 442/514/514 397/468/468 439/511/511
f 443/515/515 396/469/469 395/470/470
f 397/468/468 441/513/513 429/501/501
f 393/472/472 459/531/531 453/525/525
f 393/472/472 458/530/530 459/531/531
f 9/463/463 458/530/530 393/472/472
f 393/472/472 453/525/525 455/527/527
f 455/527/527 394/471/471 393/472/472
f 457/529/529 458/530/530 9/463/463
f 450/522/522 457/529/529 470/542/542
f 407/479/479 405/477/477 404/476/476
f 559/643/643 553/637/637 560/644/644 562/646/646
f 562/646/646 560/644/644 555/639/639 561/645/645
f 560/644/644 553/637/637 538/622/622
f 554/638/638 555/639/639 560/644/644
f 538/622/622 554/638/638 560/644/644
f 555/639/639 554/638/638 540/624/624 546/630/630
f 554/638/638 538/622/622 521/605/605
f 539/623/623 540/624/624 554/638/638
f 521/605/605 539/623/623 554/638/638
f 547/631/631 540/624/624 539/623/623
f 522/606/606 523/607/607 547/631/631
f 539/623/623 522/606/606 547/631/631
f 549/633/633 546/630/630 550/634/634 552/636/636
f 552/636/636 550/634/634 548/632/632 551/635/635
f 550/634/634 546/630/630 540/624/624
f 547/631/631 548/632/632 550/634/634
f 540/624/624 547/631/631 550/634/634
f 548/632/632 547/631/631 523/607/607 535/619/619
f 612/696/696 608/692/692 539/623/623
f 521/605/605 597/681/681 612/696/696
f 539/623/623 521/605/605 612/696/696
f 615/699/699 614/698/698 612/696/696
f 597/681/681 605/689/689 615/699/699
f 612/696/696 597/681/681 615/699/699
f 605/689/689 610/694/694 617/701/701 615/699/699
f 615/699/699 617/701/701 616/700/700 614/698/698
f 612/696/696 614/698/698 613/697/697 608/692/692
f 622/706/706 620/704/704 618/702/702
f 608/692/692 613/697/697 622/706/706
f 618/702/702 608/692/692 622/706/706
f 613/697/697 623/707/707 625/709/709 622/706/706
f 622/706/706 625/709/709 624/708/708 620/704/704
f 618/702/702 620/704/704 619/703/703 607/691/691
f 618/702/702 607/691/691 522/606/606
f 539/623/623 608/692/692 618/702/702
f 522/606/606 539/623/623 618/702/702
f 626/710/710 621/705/705 524/608/608
f 522/606/606 607/691/691 626/710/710
f 524/608/608 522/606/606 626/710/710
f 629/713/713 628/712/712 626/710/710
f 607/691/691 619/703/703 629/713/713
f 626/710/710 607/691/691 629/713/713
f 619/703/703 630/714/714 632/716/716 629/713/713
f 629/713/713 632/716/716 631/715/715 628/712/712
f 626/710/710 628/712/712 627/711/711 621/705/705
f 635/719/719 634/718/718 633/717/717
f 621/705/705 627/711/711 635/719/719
f 633/717/717 621/705/705 635/719/719
f 627/711/711 636/720/720 638/722/722 635/719/719
f 635/719/719 638/722/722 637/721/721 634/718/718
f 634/718/718 637/721/721 640/724/724 639/723/723
f 542/626/626 535/619/619 543/627/627 545/629/629
f 545/629/629 543/627/627 537/621/621 544/628/628
f 543/627/627 535/619/619 523/607/607
f 536/620/620 537/621/621 543/627/627
f 523/607/607 536/620/620 543/627/627
f 537/621/621 536/620/620 525/609/609 526/610/610
f 536/620/620 523/607/607 522/606/606
f 524/608/608 525/609/609 536/620/620
f 522/606/606 524/608/608 536/620/620
f 532/616/616 526/610/610 533/617/617 534/618/618
f 534/618/618 533/617/617 528/612/612 529/613/613
f 533/617/617 526/610/610 525/609/609
f 527/611/611 528/612/612 533/617/617
f 525/609/609 527/611/611 533/617/617
f 529/613/613 528/612/612 530/614/614 531/615/615
f 579/663/663 578/662/662 577/661/661
f 571/655/655 573/657/657 579/663/663
f 577/661/661 571/655/655 579/663/663
f 574/658/658 571/655/655 570/654/654
f 541/625/625 556/640/640 574/658/658
f 570/654/654 541/625/625 574/658/658
f 573/657/657 571/655/655 574/658/658 575/659/659
f 576/660/660 575/659/659 574/658/658
f 556/640/640 567/651/651 576/660/660
f 574/658/658 556/640/640 576/660/660
f 593/677/677 591/675/675 589/673/673
f 590/674/674 592/676/676 593/677/677
f 589/673/673 590/674/674 593/677/677
f 589/673/673 591/675/675 596/680/680 594/678/678
f 599/683/683 595/679/679 588/672/672
f 594/678/678 596/680/680 599/683/683
f 588/672/672 594/678/678 599/683/683
f 594/678/678 588/672/672 541/625/625
f 570/654/654 589/673/673 594/678/678
f 541/625/625 570/654/654 594/678/678
f 600/684/684 598/682/682 557/641/641
f 541/625/625 588/672/672 600/684/684
f 557/641/641 541/625/625 600/684/684
f 588/672/672 595/679/679 602/686/686 600/684/684
f 603/687/687 601/685/685 598/682/682
f 600/684/684 602/686/686 603/687/687
f 598/682/682 600/684/684 603/687/687
f 598/682/682 601/685/685 606/690/690 604/688/688
f 611/695/695 609/693/693 606/690/690
f 609/693/693 611/695/695 610/694/694 605/689/689
f 609/693/693 605/689/689 597/681/681
f 604/688/688 606/690/690 609/693/693
f 597/681/681 604/688/688 609/693/693
f 604/688/688 597/681/681 521/605/605
f 557/641/641 598/682/682 604/688/688
f 521/605/605 557/641/641 604/688/688
f 567/651/651 556/640/640 568/652/652 569/653/653
f 572/656/656 569/653/653 568/652/652
f 558/642/642 563/647/647 572/656/656
f 568/652/652 558/642/642 572/656/656
f 568/652/652 556/640/640 541/625/625
f 557/641/641 558/642/642 568/652/652
f 541/625/625 557/641/641 568/652/652
f 564/648/648 558/642/642 557/641/641
f 521/605/605 538/622/622 564/648/648
f 557/641/641 521/605/605 564/648/648
f 563/647/647 558/642/642 564/648/648 565/649/649
f 566/650/650 565/649/649 564/648/648
f 538/622/622 553/637/637 566/650/650
f 564/648/648 538/622/622 566/650/650
f 637/721/721 587/671/671 7/593/593
f 7/593/593 640/724/724 637/721/721
f 587/671/671 637/721/721 638/722/722
f 640/724/724 7/593/593 639/723/723
f 636/720/720 587/671/671 638/722/722
f 630/714/714 585/669/669 586/670/670
f 636/720/720 631/715/715 587/671/671
f 631/715/715 586/670/670 587/671/671
f 586/670/670 631/715/715 632/716/716
f 586/670/670 632/716/716 630/714/714
f 631/715/715 636/720/720 627/711/711 628/712/712
f 624/708/708 585/669/669 630/714/714
f 633/717/717 634/718/718 639/723/723
f 621/705/705 633/717/717 524/608/608
f 633/717/717 527/611/611 524/608/608
f 527/611/611 633/717/717 639/723/723 530/614/614
f 585/669/669 624/708/708 625/709/709
f 585/669/669 625/709/709 623/707/707
f 624/708/708 630/714/714 619/703/703 620/704/704
f 7/593/593 5/594/594 530/614/614 639/723/723
f 584/668/668 585/669/669 623/707/707
f 617/701/701 584/668/668 616/700/700
f 616/700/700 584/668/668 623/707/707
f 610/694/694 584/668/668 617/701/701
f 613/697/697 614/698/698 616/700/700 623/707/707
f 611/695/695 584/668/668 610/694/694
f 606/690/690 583/667/667 611/695/695
f 584/668/668 611/695/695 583/667/667
f 582/666/666 583/667/667 601/685/685
f 582/666/666 595/679/679 581/665/665
f 580/664/664 581/665/665 596/680/680
f 10/596/596 580/664/664 592/676/676
f 583/667/667 606/690/690 601/685/685
f 582/666/666 601/685/685 603/687/687
f 582/666/666 602/686/686 595/679/679
f 581/665/665 595/679/679 599/683/683
f 582/666/666 603/687/687 602/686/686
f 580/664/664 596/680/680 591/675/675
f 580/664/664 591/675/675 593/677/677
f 589/673/673 570/654/654 590/674/674
f 10/596/596 592/676/676 590/674/674
f 580/664/664 593/677/677 592/676/676
f 581/665/665 599/683/683 596/680/680
f 12/595/595 10/596/596 590/674/674 577/661/661
f 530/614/614 528/612/612 527/611/611
f 5/594/594 529/613/613 531/615/615
f 531/615/615 530/614/614 5/594/594
f 537/621/621 526/610/610 532/616/616 544/628/628
f 555/639/639 546/630/630 549/633/633 561/645/645
f 548/632/632 535/619/619 542/626/626 551/635/635
f 467/597/597 532/616/616 534/618/618
f 467/597/597 544/628/628 532/616/616
f 466/598/598 545/629/629 544/628/628
f 467/597/597 534/618/618 529/613/613
f 467/597/597 466/598/598 544/628/628
f 467/597/597 529/613/613 5/594/594
f 465/599/599 551/635/635 542/626/626
f 465/599/599 552/636/636 551/635/635
f 549/633/633 552/636/636 465/599/599
f 466/598/598 465/599/599 542/626/626
f 464/600/600 549/633/633 465/599/599
f 466/598/598 542/626/626 545/629/629
f 559/643/643 566/650/650 553/637/637
f 463/601/601 565/649/649 566/650/650
f 462/602/602 572/656/656 563/647/647
f 462/602/602 569/653/653 572/656/656
f 563/647/647 565/649/649 463/601/601
f 577/661/661 570/654/654 571/655/655
f 461/603/603 576/660/660 567/651/651
f 461/603/603 575/659/659 576/660/660
f 567/651/651 569/653/653 462/602/602
f 461/603/603 567/651/651 462/602/602
f 464/600/600 562/646/646 561/645/645
f 566/650/650 559/643/643 463/601/601
f 463/601/601 559/643/643 464/600/600
f 562/646/646 464/600/600 559/643/643
f 563/647/647 463/601/601 462/602/602
f 464/600/600 561/645/645 549/633/633
f 460/604/604 579/663/663 573/657/657
f 460/604/604 578/662/662 579/663/663
f 12/595/595 578/662/662 460/604/604
f 460/604/604 573/657/657 575/659/659
f 575/659/659 461/603/603 460/604/604
f 577/661/661 578/662/662 12/595/595
f 570/654/654 577/661/661 590/674/674
f 527/611/611 525/609/609 524/608/608
f 733/837/837 728/832/832 734/838/838 736/840/840
f 736/840/840 734/838/838 730/834/834 735/839/839
f 734/838/838 728/832/832 715/819/819
f 729/833/833 730/834/834 734/838/838
f 715/819/819 729/833/833 734/838/838
f 730/834/834 729/833/833 716/820/820 721/825/825
f 729/833/833 715/819/819 641/737/737
f 665/761/761 716/820/820 729/833/833
f 641/737/737 665/761/761 729/833/833
f 722/826/826 716/820/820 665/761/761
f 656/752/752 701/805/805 722/826/826
f 665/761/761 656/752/752 722/826/826
f 724/828/828 721/825/825 725/829/829 727/831/831
f 727/831/831 725/829/829 723/827/827 726/830/830
f 725/829/829 721/825/825 716/820/820
f 722/826/826 723/827/827 725/829/829
f 716/820/820 722/826/826 725/829/829
f 723/827/827 722/826/826 701/805/805 712/816/816
f 671/767/767 667/763/763 665/761/761
f 641/737/737 654/750/750 671/767/767
f 665/761/761 641/737/737 671/767/767
f 674/770/770 673/769/769 671/767/767
f 654/750/750 663/759/759 674/770/770
f 671/767/767 654/750/750 674/770/770
f 663/759/759 669/765/765 676/772/772 674/770/770
f 674/770/770 676/772/772 675/771/771 673/769/769
f 671/767/767 673/769/769 672/768/768 667/763/763
f 682/778/778 679/775/775 677/773/773
f 667/763/763 672/768/768 682/778/778
f 677/773/773 667/763/763 682/778/778
f 672/768/768 683/779/779 685/781/781 682/778/778
f 682/778/778 685/781/781 684/780/780 679/775/775
f 677/773/773 679/775/775 678/774/774 666/762/762
f 677/773/773 666/762/762 656/752/752
f 665/761/761 667/763/763 677/773/773
f 656/752/752 665/761/761 677/773/773
f 686/782/782 681/777/777 680/776/776
f 656/752/752 666/762/762 686/782/782
f 680/776/776 656/752/752 686/782/782
f 689/785/785 688/784/784 686/782/782
f 666/762/762 678/774/774 689/785/785
f 686/782/782 666/762/762 689/785/785
f 678/774/774 690/786/786 692/788/788 689/785/785
f 689/785/785 692/788/788 691/787/787 688/784/784
f 686/782/782 688/784/784 687/783/783 681/777/777
f 695/791/791 694/790/790 693/789/789
f 681/777/777 687/783/783 695/791/791
f 693/789/789 681/777/777 695/791/791
f 687/783/783 696/792/792 698/794/794 695/791/791
f 695/791/791 698/794/794 697/793/793 694/790/790
f 694/790/790 697/793/793 700/796/796 699/795/795
f 717/821/821 712/816/816 718/822/822 720/824/824
f 720/824/824 718/822/822 714/818/818 719/823/823
f 718/822/822 712/816/816 701/805/805
f 713/817/817 714/818/818 718/822/822
f 701/805/805 713/817/817 718/822/822
f 714/818/818 713/817/817 702/806/806 703/807/807
f 713/817/817 701/805/805 656/752/752
f 680/776/776 702/806/806 713/817/817
f 656/752/752 680/776/776 713/817/817
f 709/813/813 703/807/807 710/814/814 711/815/815
f 711/815/815 710/814/814 705/809/809 706/810/810
f 710/814/814 703/807/807 702/806/806
f 704/808/808 705/809/809 710/814/814
f 702/806/806 704/808/808 710/814/814
f 706/810/810 705/809/809 707/811/811 708/812/812
f 752/856/856 751/855/855 750/854/854
f 744/848/848 746/850/850 752/856/856
f 750/854/854 744/848/848 752/856/856
f 747/851/851 744/848/848 643/739/739
f 642/738/738 731/835/835 747/851/851
f 643/739/739 642/738/738 747/851/851
f 746/850/850 744/848/848 747/851/851 748/852/852
f 749/853/853 748/852/852 747/851/851
f 731/835/835 741/845/845 749/853/853
f 747/851/851 731/835/835 749/853/853
f 649/745/745 647/743/743 645/741/741
f 646/742/742 648/744/744 649/745/745
f 645/741/741 646/742/742 649/745/745
f 645/741/741 647/743/743 652/748/748 650/746/746
f 657/753/753 651/747/747 644/740/740
f 650/746/746 652/748/748 657/753/753
f 644/740/740 650/746/746 657/753/753
f 650/746/746 644/740/740 642/738/738
f 643/739/739 645/741/741 650/746/746
f 642/738/738 643/739/739 650/746/746
f 658/754/754 655/751/751 653/749/749
f 642/738/738 644/740/740 658/754/754
f 653/749/749 642/738/738 658/754/754
f 644/740/740 651/747/747 660/756/756 658/754/754
f 661/757/757 659/755/755 655/751/751
f 658/754/754 660/756/756 661/757/757
f 655/751/751 658/754/754 661/757/757
f 655/751/751 659/755/755 664/760/760 662/758/758
f 670/766/766 668/764/764 664/760/760
f 668/764/764 670/766/766 669/765/765 663/759/759
f 668/764/764 663/759/759 654/750/750
f 662/758/758 664/760/760 668/764/764
f 654/750/750 662/758/758 668/764/764
f 662/758/758 654/750/750 641/737/737
f 653/749/749 655/751/751 662/758/758
f 641/737/737 653/749/749 662/758/758
f 741/845/845 731/835/835 742/846/846 743/847/847
f 745/849/849 743/847/847 742/846/846
f 732/836/836 737/841/841 745/849/849
f 742/846/846 732/836/836 745/849/849
f 742/846/846 731/835/835 642/738/738
f 653/749/749 732/836/836 742/846/846
f 642/738/738 653/749/749 742/846/846
f 738/842/842 732/836/836 653/749/749
f 641/737/737 715/819/819 738/842/842
f 653/749/749 641/737/737 738/842/842
f 737/841/841 732/836/836 738/842/842 739/843/843
f 740/844/844 739/843/843 738/842/842
f 715/819/819 728/832/832 740/844/844
f 738/842/842 715/819/819 740/844/844
f 697/793/793 385/736/736 3/725/725
f 3/725/725 700/796/796 697/793/793
f 385/736/736 697/793/793 698/794/794
f 700/796/796 3/725/725 699/795/795
f 696/792/792 385/736/736 698/794/794
f 690/786/786 387/734/734 386/735/735
f 696/792/792 691/787/787 385/736/736
f 691/787/787 386/735/735 385/736/736
f 386/735/735 691/787/787 692/788/788
f 386/735/735 692/788/788 690/786/786
f 691/787/787 696/792/792 687/783/783 688/784/784
f 684/780/780 387/734/734 690/786/786
f 693/789/789 694/790/790 699/795/795
f 681/777/777 693/789/789 680/776/776
f 704/808/808 680/776/776 693/789/789
f 704/808/808 693/789/789 699/795/795 707/811/811
f 387/734/734 684/780/780 685/781/781
f 387/734/734 685/781/781 683/779/779
f 684/780/780 690/786/786 678/774/774 679/775/775
f 3/725/725 7/726/726 707/811/811 699/795/795
f 388/733/733 387/734/734 683/779/779
f 676/772/772 388/733/733 675/771/771
f 675/771/771 388/733/733 683/779/779
f 669/765/765 388/733/733 676/772/772
f 672/768/768 673/769/769 675/771/771 683/779/779
f 670/766/766 388/733/733 669/765/765
f 664/760/760 389/732/732 670/766/766
f 388/733/733 670/766/766 389/732/732
f 390/731/731 389/732/732 659/755/755
f 651/747/747 391/730/730 390/731/731
f 652/748/748 392/729/729 391/730/730
f 11/728/728 392/729/729 648/744/744
f 389/732/732 664/760/760 659/755/755
f 390/731/731 659/755/755 661/757/757
f 390/731/731 660/756/756 651/747/747
f 391/730/730 651/747/747 657/753/753
f 390/731/731 661/757/757 660/756/756
f 392/729/729 652/748/748 647/743/743
f 392/729/729 647/743/743 649/745/745
f 645/741/741 643/739/739 646/742/742
f 11/728/728 648/744/744 646/742/742
f 392/729/729 649/745/745 648/744/744
f 391/730/730 657/753/753 652/748/748
f 10/727/727 11/728/728 646/742/742 750/854/854
f 707/811/811 705/809/809 704/808/808
f 7/726/726 706/810/810 708/812/812
f 708/812/812 707/811/811 7/726/726
f 714/818/818 703/807/807 709/813/813 719/823/823
f 730/834/834 721/825/825 724/828/828 735/839/839
f 723/827/827 712/816/816 717/821/821 726/830/830
f 587/797/797 709/813/813 711/815/815
f 587/797/797 719/823/823 709/813/813
f 586/798/798 720/824/824 719/823/823
f 587/797/797 711/815/815 706/810/810
f 587/797/797 586/798/798 719/823/823
f 587/797/797 706/810/810 7/726/726
f 585/799/799 726/830/830 717/821/821
f 585/799/799 727/831/831 726/830/830
f 724/828/828 727/831/831 585/799/799
f 586/798/798 585/799/799 717/821/821
f 584/800/800 724/828/828 585/799/799
f 586/798/798 717/821/821 720/824/824
f 733/837/837 740/844/844 728/832/832
f 583/801/801 739/843/843 740/844/844
f 582/802/802 745/849/849 737/841/841
f 582/802/802 743/847/847 745/849/849
f 737/841/841 739/843/843 583/801/801
f 750/854/854 643/739/739 744/848/848
f 581/803/803 749/853/853 741/845/845
f 581/803/803 748/852/852 749/853/853
f 741/845/845 743/847/847 582/802/802
f 581/803/803 741/845/845 582/802/802
f 584/800/800 736/840/840 735/839/839
f 740/844/844 733/837/837 583/801/801
f 583/801/801 733/837/837 584/800/800
f 736/840/840 584/800/800 733/837/837
f 737/841/841 583/801/801 582/802/802
f 584/800/800 735/839/839 724/828/828
f 580/804/804 752/856/856 746/850/850
f 580/804/804 751/855/855 752/856/856
f 10/727/727 751/855/855 580/804/804
f 580/804/804 746/850/850 748/852/852
f 748/852/852 581/803/803 580/804/804
f 750/854/854 751/855/855 10/727/727
f 643/739/739 750/854/854 646/742/742
f 704/808/808 702/806/806 680/776/776
v 0.013003598898649216 1.1748865842819214 0.47463136911392212
v 0.013003598898649216 2.9254264831542969 0.47463136911392212
v 0.96226632595062256 1.1748865842819214 0.47463136911392212
v 0.96226632595062256 2.9254264831542969 0.47463136911392212
v 0.96226632595062256 2.9254264831542969 -0.47463136911392212
v 0.96226632595062256 1.1748865842819214 -0.47463136911392212
v 0.013003598898649216 1.1748865842819214 -0.47463136911392212
v 0.013003598898649216 2.9254264831542969 -0.47463136911392212
v 0.86226636171340942 1.0748865604400635 0.3746313750743866
v 0.11300359666347504 1.0748865604400635 -0.3746313750743866
v 0.11300359666347504 1.0748865604400635 0.3746313750743866
v 0.86226636171340942 1.0748865604400635 -0.3746313750743866
v 0.11300359666347504 3.0254266262054443 -0.3746313750743866
v 0.86226636171340942 3.0254266262054443 -0.3746313750743866
v 0.86226636171340942 3.0254266262054443 0.3746313750743866
v 0.11300359666347504 3.0254266262054443 0.3746313750743866
v 0.10189248621463776 3.0143156051635742 0.38574248552322388
v 0.090781375765800476 3.003204345703125 0.39685359597206116
v 0.079670265316963196 2.9920933246612549 0.40796470642089844
v 0.068559154868125916 2.9809820652008057 0.41907581686973572
v 0.057448044419288635 2.9698710441589355 0.430186927318573
v 0.046336933970451355 2.9587600231170654 0.44129803776741028
v 0.035225819796323776 2.9476487636566162 0.45240914821624756
v 0.024114709347486496 2.9365377426147461 0.46352025866508484
v 0.95115524530410767 2.9365377426147461 0.46352025866508484
v 0.940044105052948 2.9476487636566162 0.45240914821624756
v 0.92893302440643311 2.9587600231170654 0.44129803776741028
v 0.91782188415527344 2.9698710441589355 0.430186927318573
v 0.90671080350875854 2.9809820652008057 0.41907581686973572
v 0.89559966325759888 2.9920933246612549 0.40796470642089844
v 0.88448858261108398 3.003204345703125 0.39685359597206116
v 0.87337744235992432 3.0143156051635742 0.38574248552322388
v 0.91226637363433838 2.9754266738891602 0
v 0.88726633787155151 3.0004265308380127 0
v 0.87476634979248047 3.0129265785217285 0
v 0.88726633787155151 3.0004265308380127 0.23731568455696106
v 0.87476634979248047 3.0129265785217285 0.23731568455696106
v 0.86851632595062256 3.0191764831542969 0.23731568455696106
v 0.87476634979248047 3.0129265785217285 0.35597354173660278
v 0.86851632595062256 3.0191764831542969 0.35597354173660278
v 0.87164133787155151 3.0160515308380127 0.35597354173660278
v 0.88101637363433838 3.0066766738891602 0.23731568455696106
v 0.88726633787155151 3.0004265308380127 0.35597354173660278
v 0.88101637363433838 3.0066766738891602 0.35597354173660278
v 0.89976632595062256 2.9879264831542969 0
v 0.91226637363433838 2.9754266738891602 0.23731568455696106
v 0.89976632595062256 2.9879264831542969 0.23731568455696106
v 0.93726634979248047 2.9504265785217285 0
v 0.88414132595062256 3.0035514831542969 0.35597354173660278
v 0.89351636171340942 2.9941766262054443 0.23731568455696106
v 0.89976632595062256 2.9879264831542969 0.35597354173660278
v 0.89351636171340942 2.9941766262054443 0.35597354173660278
v 0.89664137363433838 2.9910516738891602 0.35597354173660278
v 0.90601634979248047 2.9816765785217285 0.23731568455696106
v 0.91226637363433838 2.9754266738891602 0.35597354173660278
v 0.90601634979248047 2.9816765785217285 0.35597354173660278
v 0.92476636171340942 2.9629266262054443 0
v 0.93726634979248047 2.9504265785217285 0.23731568455696106
v 0.92476636171340942 2.9629266262054443 0.23731568455696106
v 0.90914136171340942 2.9785516262054443 0.35597354173660278
v 0.91226637363433838 2.9754266738891602 0.41530245542526245
v 0.90914136171340942 2.9785516262054443 0.41530245542526245
v 0.91851633787155151 2.9691765308380127 0.23731568455696106
v 0.92476636171340942 2.9629266262054443 0.35597354173660278
v 0.91851633787155151 2.9691765308380127 0.35597354173660278
v 0.91539132595062256 2.9723014831542969 0.35597354173660278
v 0.91851633787155151 2.9691765308380127 0.41530245542526245
v 0.91539132595062256 2.9723014831542969 0.41530245542526245
v 0.93101632595062256 2.9566764831542969 0.23731568455696106
v 0.93726634979248047 2.9504265785217285 0.35597354173660278
v 0.93101632595062256 2.9566764831542969 0.35597354173660278
v 0.94976633787155151 2.9379265308380127 0
v 0.94976633787155151 2.9379265308380127 0.23731568455696106
v 0.92789137363433838 2.9598016738891602 0.35597354173660278
v 0.92476636171340942 2.9629266262054443 0.41530245542526245
v 0.93101632595062256 2.9566764831542969 0.41530245542526245
v 0.92789137363433838 2.9598016738891602 0.41530245542526245
v 0.94351637363433838 2.9441766738891602 0.23731568455696106
v 0.94976633787155151 2.9379265308380127 0.35597354173660278
v 0.94351637363433838 2.9441766738891602 0.35597354173660278
v 0.94039136171340942 2.9473016262054443 0.35597354173660278
v 0.93726634979248047 2.9504265785217285 0.41530245542526245
v 0.94351637363433838 2.9441766738891602 0.41530245542526245
v 0.94039136171340942 2.9473016262054443 0.41530245542526245
v 0.95601636171340942 2.9316766262054443 0.23731568455696106
v 0.95601636171340942 2.9316766262054443 0.35597354173660278
v 0.95289134979248047 2.9348015785217285 0.35597354173660278
v 0.94976633787155151 2.9379265308380127 0.41530245542526245
v 0.95601636171340942 2.9316766262054443 0.41530245542526245
v 0.95289134979248047 2.9348015785217285 0.41530245542526245
v 0.95914137363433838 2.9285516738891602 0.35597354173660278
v 0.95914137363433838 2.9285516738891602 0.41530245542526245
v 0.95115524530410767 2.9365377426147461 -0.46352025866508484
v 0.940044105052948 2.9476487636566162 -0.45240914821624756
v 0.92893302440643311 2.9587600231170654 -0.44129803776741028
v 0.91782188415527344 2.9698710441589355 -0.430186927318573
v 0.90671080350875854 2.9809820652008057 -0.41907581686973572
v 0.89559966325759888 2.9920933246612549 -0.40796470642089844
v 0.88448858261108398 3.003204345703125 -0.39685359597206116
v 0.87337744235992432 3.0143156051635742 -0.38574248552322388
v 0.93726634979248047 2.9504265785217285 -0.23731568455696106
v 0.94976633787155151 2.9379265308380127 -0.23731568455696106
v 0.94976633787155151 2.9379265308380127 -0.35597354173660278
v 0.95601636171340942 2.9316766262054443 -0.23731568455696106
v 0.95601636171340942 2.9316766262054443 -0.35597354173660278
v 0.95601636171340942 2.9316766262054443 -0.41530245542526245
v 0.95914137363433838 2.9285516738891602 -0.35597354173660278
v 0.95914137363433838 2.9285516738891602 -0.41530245542526245
v 0.94976633787155151 2.9379265308380127 -0.41530245542526245
v 0.95289134979248047 2.9348015785217285 -0.35597354173660278
v 0.95289134979248047 2.9348015785217285 -0.41530245542526245
v 0.93726634979248047 2.9504265785217285 -0.35597354173660278
v 0.94351637363433838 2.9441766738891602 -0.23731568455696106
v 0.94351637363433838 2.9441766738891602 -0.35597354173660278
v 0.91226637363433838 2.9754266738891602 -0.23731568455696106
v 0.92476636171340942 2.9629266262054443 -0.23731568455696106
v 0.93726634979248047 2.9504265785217285 -0.41530245542526245
v 0.94039136171340942 2.9473016262054443 -0.35597354173660278
v 0.94351637363433838 2.9441766738891602 -0.41530245542526245
v 0.94039136171340942 2.9473016262054443 -0.41530245542526245
v 0.92476636171340942 2.9629266262054443 -0.35597354173660278
v 0.93101632595062256 2.9566764831542969 -0.23731568455696106
v 0.93101632595062256 2.9566764831542969 -0.35597354173660278
v 0.92476636171340942 2.9629266262054443 -0.41530245542526245
v 0.92789137363433838 2.9598016738891602 -0.35597354173660278
v 0.93101632595062256 2.9566764831542969 -0.41530245542526245
v 0.92789137363433838 2.9598016738891602 -0.41530245542526245
v 0.91226637363433838 2.9754266738891602 -0.35597354173660278
v 0.91851633787155151 2.9691765308380127 -0.23731568455696106
v 0.91851633787155151 2.9691765308380127 -0.35597354173660278
v 0.88726633787155151 3.0004265308380127 -0.23731568455696106
v 0.89976632595062256 2.9879264831542969 -0.23731568455696106
v 0.91226637363433838 2.9754266738891602 -0.41530245542526245
v 0.91539132595062256 2.9723014831542969 -0.35597354173660278
v 0.91851633787155151 2.9691765308380127 -0.41530245542526245
v 0.91539132595062256 2.9723014831542969 -0.41530245542526245
v 0.89976632595062256 2.9879264831542969 -0.35597354173660278
v 0.90601634979248047 2.9816765785217285 -0.23731568455696106
v 0.90601634979248047 2.9816765785217285 -0.35597354173660278
v 0.90914136171340942 2.9785516262054443 -0.35597354173660278
v 0.88726633787155151 3.0004265308380127 -0.35597354173660278
v 0.89351636171340942 2.9941766262054443 -0.23731568455696106
v 0.89351636171340942 2.9941766262054443 -0.35597354173660278
v 0.87476634979248047 3.0129265785217285 -0.23731568455696106
v 0.89664137363433838 2.9910516738891602 -0.35597354173660278
v 0.87476634979248047 3.0129265785217285 -0.35597354173660278
v 0.88101637363433838 3.0066766738891602 -0.23731568455696106
v 0.88101637363433838 3.0066766738891602 -0.35597354173660278
v 0.88414132595062256 3.0035514831542969 -0.35597354173660278
v 0.86851632595062256 3.0191764831542969 -0.23731568455696106
v 0.86851632595062256 3.0191764831542969 -0.35597354173660278
v 0.87164133787155151 3.0160515308380127 -0.35597354173660278
v 0.024114709347486496 2.9365377426147461 -0.46352025866508484
v 0.035225819796323776 2.9476487636566162 -0.45240914821624756
v 0.046336933970451355 2.9587600231170654 -0.44129803776741028
v 0.057448044419288635 2.9698710441589355 -0.430186927318573
v 0.068559154868125916 2.9809820652008057 -0.41907581686973572
v 0.079670265316963196 2.9920933246612549 -0.40796470642089844
v 0.090781375765800476 3.003204345703125 -0.39685359597206116
v 0.10189248621463776 3.0143156051635742 -0.38574248552322388
v 0.87337744235992432 1.0859977006912231 0.38574248552322388
v 0.88448858261108398 1.0971087217330933 0.39685359597206116
v 0.89559966325759888 1.1082198619842529 0.40796470642089844
v 0.90671080350875854 1.1193310022354126 0.41907581686973572
v 0.91782188415527344 1.1304421424865723 0.430186927318573
v 0.92893302440643311 1.1415531635284424 0.44129803776741028
v 0.940044105052948 1.1526643037796021 0.45240914821624756
v 0.95115524530410767 1.1637754440307617 0.46352025866508484
v 0.024114709347486496 1.1637754440307617 0.46352025866508484
v 0.035225819796323776 1.1526643037796021 0.45240914821624756
v 0.046336933970451355 1.1415531635284424 0.44129803776741028
v 0.057448044419288635 1.1304421424865723 0.430186927318573
v 0.068559154868125916 1.1193310022354126 0.41907581686973572
v 0.079670265316963196 1.1082198619842529 0.40796470642089844
v 0.090781375765800476 1.0971087217330933 0.39685359597206116
v 0.10189248621463776 1.0859977006912231 0.38574248552322388
v 0.87337744235992432 1.0859977006912231 -0.38574248552322388
v 0.88448858261108398 1.0971087217330933 -0.39685359597206116
v 0.89559966325759888 1.1082198619842529 -0.40796470642089844
v 0.90671080350875854 1.1193310022354126 -0.41907581686973572
v 0.91782188415527344 1.1304421424865723 -0.430186927318573
v 0.92893302440643311 1.1415531635284424 -0.44129803776741028
v 0.940044105052948 1.1526643037796021 -0.45240914821624756
v 0.95115524530410767 1.1637754440307617 -0.46352025866508484
v 0.10189248621463776 1.0859977006912231 -0.38574248552322388
v 0.090781375765800476 1.0971087217330933 -0.39685359597206116
v 0.079670265316963196 1.1082198619842529 -0.40796470642089844
v 0.068559154868125916 1.1193310022354126 -0.41907581686973572
v 0.057448044419288635 1.1304421424865723 -0.430186927318573
v 0.046336933970451355 1.1415531635284424 -0.44129803776741028
v 0.035225819796323776 1.1526643037796021 -0.45240914821624756
v 0.024114709347486496 1.1637754440307617 -0.46352025866508484
vt 0.7360997200012207 0
vt 0.7360997200012207 0.48665979504585266
vt 0.99853515625 0
vt 0.99853515625 0.48665979504585266
vt 0 0
vt 0.2639002799987793 0.48519495129585266
vt 0 0.48519495129585266
vt 0.2639002799987793 0
vt 0.36804986000061035 0
vt 0.36804986000061035 0.48519495129585266
vt 0.63195013999938965 0
vt 0.63195013999938965 0.48519495129585266
vt 0.47219944000244141 0.48665979504585266
vt 0.7346348762512207 0.48665979504585266
vt 0.7346348762512207 0.97185474634170532
vt 0.47219944000244141 0.97185474634170532
vt 0.2639002799987793 0.72998964786529541
vt 0.47073459625244141 0.93828886747360229
vt 0.47073459625244141 0.72998964786529541
vt 0.2639002799987793 0.93828886747360229
vt 0.2639002799987793 0.69495898485183716
vt 0.47073459625244141 0.69495898485183716
vt 0.47073459625244141 0.48665979504585266
vt 0.2639002799987793 0.48665979504585266
vt 0 0.72998964786529541
vt 0.2624354362487793 0.72998964786529541
vt 0.23478919267654419 0.76930558681488037
vt 0.02764623798429966 0.76930558681488037
vt 0.024574432522058487 0.76493716239929199
vt 0.021502628922462463 0.76056873798370361
vt 0.01843082532286644 0.75620031356811523
vt 0.015359020791947842 0.75183182954788208
vt 0.012287216261029243 0.7474634051322937
vt 0.0092154126614332199 0.74309498071670532
vt 0.0061436081305146217 0.73872655630111694
vt 0.0030718040652573109 0.73435813188552856
vt 0.25936362147331238 0.73435813188552856
vt 0.25629183650016785 0.73872655630111694
vt 0.25322002172470093 0.74309498071670532
vt 0.25014820694923401 0.7474634051322937
vt 0.24707640707492828 0.75183182954788208
vt 0.24400460720062256 0.75620031356811523
vt 0.24093280732631683 0.76056873798370361
vt 0.23786100745201111 0.76493716239929199
vt 0 0.66915720701217651
vt 0.2624354362487793 0.66915720701217651
vt 0.23478919267654419 0.70847314596176147
vt 0.02764623798429966 0.70847314596176147
vt 0.024574432522058487 0.70410466194152832
vt 0.021502628922462463 0.69973623752593994
vt 0.01843082532286644 0.69536781311035156
vt 0.015359020791947842 0.69099938869476318
vt 0.012287216261029243 0.6866309642791748
vt 0.0092154126614332199 0.68226248025894165
vt 0.0061436081305146217 0.67789405584335327
vt 0.0030718040652573109 0.67352563142776489
vt 0.13121771812438965 0.68881517648696899
vt 0.13121771812438965 0.69864416122436523
vt 0.13121771812438965 0.70355862379074097
vt 0.065608859062194824 0.69864416122436523
vt 0.065608859062194824 0.70355862379074097
vt 0.065608859062194824 0.70601588487625122
vt 0.032804429531097412 0.70355862379074097
vt 0.032804429531097412 0.70601588487625122
vt 0.032804429531097412 0.70478725433349609
vt 0.065608859062194824 0.70110136270523071
vt 0.032804429531097412 0.69864416122436523
vt 0.032804429531097412 0.70110136270523071
vt 0.13121771812438965 0.69372963905334473
vt 0.065608859062194824 0.68881517648696899
vt 0.065608859062194824 0.69372963905334473
vt 0.13121771812438965 0.67898619174957275
vt 0.032804429531097412 0.69987273216247559
vt 0.065608859062194824 0.69618690013885498
vt 0.032804429531097412 0.69372963905334473
vt 0.032804429531097412 0.69618690013885498
vt 0.032804429531097412 0.69495826959609985
vt 0.065608859062194824 0.69127237796783447
vt 0.032804429531097412 0.68881517648696899
vt 0.032804429531097412 0.69127237796783447
vt 0.13121771812438965 0.68390065431594849
vt 0.065608859062194824 0.67898619174957275
vt 0.065608859062194824 0.68390065431594849
vt 0.032804429531097412 0.69004380702972412
vt 0.016402214765548706 0.68881517648696899
vt 0.016402214765548706 0.69004380702972412
vt 0.065608859062194824 0.68635791540145874
vt 0.032804429531097412 0.68390065431594849
vt 0.032804429531097412 0.68635791540145874
vt 0.032804429531097412 0.68758654594421387
vt 0.016402214765548706 0.68635791540145874
vt 0.016402214765548706 0.68758654594421387
vt 0.065608859062194824 0.68144345283508301
vt 0.032804429531097412 0.67898619174957275
vt 0.032804429531097412 0.68144345283508301
vt 0.13121771812438965 0.67407166957855225
vt 0.065608859062194824 0.67407166957855225
vt 0.032804429531097412 0.68267202377319336
vt 0.016402214765548706 0.68390065431594849
vt 0.016402214765548706 0.68144345283508301
vt 0.016402214765548706 0.68267202377319336
vt 0.065608859062194824 0.6765289306640625
vt 0.032804429531097412 0.67407166957855225
vt 0.032804429531097412 0.6765289306640625
vt 0.032804429531097412 0.67775756120681763
vt 0.016402214765548706 0.67898619174957275
vt 0.016402214765548706 0.6765289306640625
vt 0.016402214765548706 0.67775756120681763
vt 0.065608859062194824 0.67161446809768677
vt 0.032804429531097412 0.67161446809768677
vt 0.032804429531097412 0.67284303903579712
vt 0.016402214765548706 0.67407166957855225
vt 0.016402214765548706 0.67161446809768677
vt 0.016402214765548706 0.67284303903579712
vt 0.032804429531097412 0.67038583755493164
vt 0.016402214765548706 0.67038583755493164
vt 0.25936362147331238 0.67352563142776489
vt 0.25629183650016785 0.67789405584335327
vt 0.25322002172470093 0.68226248025894165
vt 0.25014820694923401 0.6866309642791748
vt 0.24707640707492828 0.69099938869476318
vt 0.24400460720062256 0.69536781311035156
vt 0.24093280732631683 0.69973623752593994
vt 0.23786100745201111 0.70410466194152832
vt 0.19682657718658447 0.67898619174957275
vt 0.19682657718658447 0.67407166957855225
vt 0.22963100671768188 0.67407166957855225
vt 0.19682657718658447 0.67161446809768677
vt 0.22963100671768188 0.67161446809768677
vt 0.24603322148323059 0.67161446809768677
vt 0.22963100671768188 0.67038583755493164
vt 0.24603322148323059 0.67038583755493164
vt 0.24603322148323059 0.67407166957855225
vt 0.22963100671768188 0.67284303903579712
vt 0.24603322148323059 0.67284303903579712
vt 0.22963100671768188 0.67898619174957275
vt 0.19682657718658447 0.6765289306640625
vt 0.22963100671768188 0.6765289306640625
vt 0.19682657718658447 0.68881517648696899
vt 0.19682657718658447 0.68390065431594849
vt 0.24603322148323059 0.67898619174957275
vt 0.22963100671768188 0.67775756120681763
vt 0.24603322148323059 0.6765289306640625
vt 0.24603322148323059 0.67775756120681763
vt 0.22963100671768188 0.68390065431594849
vt 0.19682657718658447 0.68144345283508301
vt 0.22963100671768188 0.68144345283508301
vt 0.24603322148323059 0.68390065431594849
vt 0.22963100671768188 0.68267202377319336
vt 0.24603322148323059 0.68144345283508301
vt 0.24603322148323059 0.68267202377319336
vt 0.22963100671768188 0.68881517648696899
vt 0.19682657718658447 0.68635791540145874
vt 0.22963100671768188 0.68635791540145874
vt 0.19682657718658447 0.69864416122436523
vt 0.19682657718658447 0.69372963905334473
vt 0.24603322148323059 0.68881517648696899
vt 0.22963100671768188 0.68758654594421387
vt 0.24603322148323059 0.68635791540145874
vt 0.24603322148323059 0.68758654594421387
vt 0.22963100671768188 0.69372963905334473
vt 0.19682657718658447 0.69127237796783447
vt 0.22963100671768188 0.69127237796783447
vt 0.22963100671768188 0.69004380702972412
vt 0.22963100671768188 0.69864416122436523
vt 0.19682657718658447 0.69618690013885498
vt 0.22963100671768188 0.69618690013885498
vt 0.19682657718658447 0.70355862379074097
vt 0.22963100671768188 0.69495826959609985
vt 0.22963100671768188 0.70355862379074097
vt 0.19682657718658447 0.70110136270523071
vt 0.22963100671768188 0.70110136270523071
vt 0.22963100671768188 0.69987273216247559
vt 0.19682657718658447 0.70601588487625122
vt 0.22963100671768188 0.70601588487625122
vt 0.22963100671768188 0.70478725433349609
vt 0 0.91248708963394165
vt 0.2624354362487793 0.91248708963394165
vt 0.23478919267654419 0.95180302858352661
vt 0.02764623798429966 0.95180302858352661
vt 0.024574432522058487 0.94743454456329346
vt 0.021502628922462463 0.94306612014770508
vt 0.01843082532286644 0.9386976957321167
vt 0.015359020791947842 0.93432927131652832
vt 0.012287216261029243 0.92996084690093994
vt 0.0092154126614332199 0.92559242248535156
vt 0.0061436081305146217 0.92122393846511841
vt 0.0030718040652573109 0.91685551404953003
vt 0.25936362147331238 0.91685551404953003
vt 0.25629183650016785 0.92122393846511841
vt 0.25322002172470093 0.92559242248535156
vt 0.25014820694923401 0.92996084690093994
vt 0.24707640707492828 0.93432927131652832
vt 0.24400460720062256 0.9386976957321167
vt 0.24093280732631683 0.94306612014770508
vt 0.23786100745201111 0.94743454456329346
vt 0 0.54749226570129395
vt 0.2624354362487793 0.54749226570129395
vt 0.23478919267654419 0.58680814504623413
vt 0.02764623798429966 0.58680814504623413
vt 0.25936362147331238 0.55186069011688232
vt 0.25629183650016785 0.5562291145324707
vt 0.25322002172470093 0.56059753894805908
vt 0.25014820694923401 0.56496602296829224
vt 0.24707640707492828 0.56933444738388062
vt 0.24400460720062256 0.57370287179946899
vt 0.24093280732631683 0.57807129621505737
vt 0.23786100745201111 0.58243972063064575
vt 0.024574432522058487 0.58243972063064575
vt 0.021502628922462463 0.57807129621505737
vt 0.01843082532286644 0.57370287179946899
vt 0.015359020791947842 0.56933444738388062
vt 0.012287216261029243 0.56496602296829224
vt 0.0092154126614332199 0.56059753894805908
vt 0.0061436081305146217 0.5562291145324707
vt 0.0030718040652573109 0.55186069011688232
vt 0 0.79082214832305908
vt 0.2624354362487793 0.79082214832305908
vt 0.23478919267654419 0.83013808727264404
vt 0.02764623798429966 0.83013808727264404
vt 0.024574432522058487 0.82576960325241089
vt 0.021502628922462463 0.82140117883682251
vt 0.01843082532286644 0.81703275442123413
vt 0.015359020791947842 0.81266433000564575
vt 0.012287216261029243 0.80829590559005737
vt 0.0092154126614332199 0.80392748117446899
vt 0.0061436081305146217 0.79955899715423584
vt 0.0030718040652573109 0.79519057273864746
vt 0.25936362147331238 0.79519057273864746
vt 0.25629183650016785 0.79955899715423584
vt 0.25322002172470093 0.80392748117446899
vt 0.25014820694923401 0.80829590559005737
vt 0.24707640707492828 0.81266433000564575
vt 0.24400460720062256 0.81703275442123413
vt 0.24093280732631683 0.82140117883682251
vt 0.23786100745201111 0.82576960325241089
vt 0 0.48665979504585266
vt 0.2624354362487793 0.48665979504585266
vt 0.23478919267654419 0.52597570419311523
vt 0.02764623798429966 0.52597570419311523
vt 0.25936362147331238 0.49102821946144104
vt 0.25629183650016785 0.49539664387702942
vt 0.25322002172470093 0.49976509809494019
vt 0.25014820694923401 0.50413352251052856
vt 0.24707640707492828 0.50850194692611694
vt 0.24400460720062256 0.51287037134170532
vt 0.24093280732631683 0.51723885536193848
vt 0.23786100745201111 0.52160727977752686
vt 0.024574432522058487 0.52160727977752686
vt 0.021502628922462463 0.51723885536193848
vt 0.01843082532286644 0.51287037134170532
vt 0.015359020791947842 0.50850194692611694
vt 0.012287216261029243 0.50413352251052856
vt 0.0092154126614332199 0.49976509809494019
vt 0.0061436081305146217 0.49539664387702942
vt 0.0030718040652573109 0.49102821946144104
vt 0 0.85165458917617798
vt 0.2624354362487793 0.85165458917617798
vt 0.23478919267654419 0.89097052812576294
vt 0.02764623798429966 0.89097052812576294
vt 0.25936362147331238 0.85602307319641113
vt 0.25629183650016785 0.86039149761199951
vt 0.25322002172470093 0.86475992202758789
vt 0.25014820694923401 0.86912834644317627
vt 0.24707640707492828 0.87349677085876465
vt 0.24400460720062256 0.8778652548789978
vt 0.24093280732631683 0.88223367929458618
vt 0.23786100745201111 0.88660210371017456
vt 0.024574432522058487 0.88660210371017456
vt 0.021502628922462463 0.88223367929458618
vt 0.01843082532286644 0.8778652548789978
vt 0.015359020791947842 0.87349677085876465
vt 0.012287216261029243 0.86912834644317627
vt 0.0092154126614332199 0.86475992202758789
vt 0.0061436081305146217 0.86039149761199951
vt 0.0030718040652573109 0.85602307319641113
vt 0 0.60832470655441284
vt 0.2624354362487793 0.60832470655441284
vt 0.23478919267654419 0.6476406455039978
vt 0.02764623798429966 0.6476406455039978
vt 0.25936362147331238 0.612693190574646
vt 0.25629183650016785 0.61706161499023438
vt 0.25322002172470093 0.62143003940582275
vt 0.25014820694923401 0.62579846382141113
vt 0.24707640707492828 0.63016688823699951
vt 0.24400460720062256 0.63453531265258789
vt 0.24093280732631683 0.63890379667282104
vt 0.23786100745201111 0.64327222108840942
vt 0.024574432522058487 0.64327222108840942
vt 0.021502628922462463 0.63890379667282104
vt 0.01843082532286644 0.63453531265258789
vt 0.015359020791947842 0.63016688823699951
vt 0.012287216261029243 0.62579846382141113
vt 0.0092154126614332199 0.62143003940582275
vt 0.0061436081305146217 0.61706161499023438
vt 0.0030718040652573109 0.612693190574646
vn 0 0 1
vn 0 0 1
vn 0 0 1
vn 0 0 1
vn 1 0 0
vn 1 0 0
vn 1 0 0
vn 1 0 0
vn 0 0 -1
vn 0 0 -1
vn 0 0 -1
vn 0 0 -1
vn -1 0 0
vn -1 0 0
vn -1 0 0
vn -1 0 0
vn 0 -1 0
vn 0 -1 0
vn 0 -1 0
vn 0 -1 0
vn 0 1 0
vn 0 1 0
vn 0 1 0
vn 0 1 0
vn 0 0.70710676908493042 0.70710676908493042
vn 0 0.70710676908493042 0.70710676908493042
vn 0 0.70710676908493042 0.70710676908493042
vn 0 0.70710676908493042 0.70710676908493042
vn 0 0.70710676908493042 0.70710676908493042
vn 0 0.70710676908493042 0.70710676908493042
vn 0 0.70710676908493042 0.70710676908493042
vn 0 0.70710676908493042 0.70710676908493042
vn 0 0.70710676908493042 0.70710676908493042
vn 0 0.70710676908493042 0.70710676908493042
vn 0 0.70710676908493042 0.70710676908493042
vn 0 0.70710676908493042 0.70710676908493042
vn 0 0.70710676908493042 0.70710676908493042
vn 0 0.70710676908493042 0.70710676908493042
vn 0 0.70710676908493042 0.70710676908493042
vn 0 0.70710676908493042 0.70710676908493042
vn 0 0.70710676908493042 0.70710676908493042
vn 0 0.70710676908493042 0.70710676908493042
vn 0 0.70710676908493042 0.70710676908493042
vn 0 0.70710676908493042 0.70710676908493042
vn 0.70710676908493042 0.70710676908493042 0
vn 0.70710676908493042 0.70710676908493042 0
vn 0.70710676908493042 0.70710676908493042 0
vn 0.70710676908493042 0.70710676908493042 0
vn 0.70710676908493042 0.70710676908493042 0
vn 0.70710676908493042 0.70710676908493042 0
vn 0.70710676908493042 0.70710676908493042 0
vn 0.70710676908493042 0.70710676908493042 0
vn 0.70710676908493042 0.70710676908493042 0
vn 0.70710676908493042 0.70710676908493042 0
vn 0.70710676908493042 0.70710676908493042 0
vn 0.70710676908493042 0.70710676908493042 0
vn 0.70710676908493042 0.70710676908493042 0
vn 0.70710676908493042 0.70710676908493042 0
vn 0.70710676908493042 0.70710676908493042 0
vn 0.70710676908493042 0.70710676908493042 0
vn 0.70710676908493042 0.70710676908493042 0
vn 0.70710676908493042 0.70710676908493042 0
vn 0.70710676908493042 0.70710676908493042 0
vn 0.70710676908493042 0.70710676908493042 0
vn 0.70710676908493042 0.70710676908493042 0
vn 0.70710676908493042 0.70710676908493042 0
vn 0.70710676908493042 0.70710676908493042 0
vn 0.70710676908493042 0.70710676908493042 0
vn 0.70710676908493042 0.70710676908493042 0
vn 0.70710676908493042 0.70710676908493042 0
vn 0.70710676908493042 0.70710676908493042 0
vn 0.70710676908493042 0.70710676908493042 0
vn 0.70710676908493042 0.70710676908493042 0
vn 0.70710676908493042 0.70710676908493042 0
vn 0.70710676908493042 0.70710676908493042 0
vn 0.70710676908493042 0.70710676908493042 0
vn 0.70710676908493042 0.70710676908493042 0
vn 0.70710676908493042 0.70710676908493042 0
vn 0.70710676908493042 0.70710676908493042 0
vn 0.70710676908493042 0.70710676908493042 0
vn 0.70710676908493042 0.70710676908493042 0
vn 0.70710676908493042 0.70710676908493042 0
vn 0.70710676908493042 0.70710676908493042 0
vn 0.70710676908493042 0.70710676908493042 0
vn 0.70710676908493042 0.70710676908493042 0
vn 0.70710676908493042 0.70710676908493042 0
vn 0.70710676908493042 0.70710676908493042 0
vn 0.70710676908493042 0.70710676908493042 0
vn 0.70710676908493042 0.70710676908493042 0
vn 0.70710676908493042 0.70710676908493042 0
vn 0.70710676908493042 0.70710676908493042 0
vn 0.70710676908493042 0.70710676908493042 0
vn 0.70710676908493042 0.70710676908493042 0
vn 0.70710676908493042 0.70710676908493042 0
vn 0.70710676908493042 0.70710676908493042 0
vn 0.70710676908493042 0.70710676908493042 0
vn 0.70710676908493042 0.70710676908493042 0
vn 0.70710676908493042 0.70710676908493042 0
vn 0.70710676908493042 0.70710676908493042 0
vn 0.70710676908493042 0.70710676908493042 0
vn 0.70710676908493042 0.70710676908493042 0
vn 0.70710676908493042 0.70710676908493042 0
vn 0.70710676908493042 0.70710676908493042 0
vn 0.70710676908493042 0.70710676908493042 0
vn 0.70710676908493042 0.70710676908493042 0
vn 0.70710676908493042 0.70710676908493042 0
vn 0.70710676908493042 0.70710676908493042 0
vn 0.70710676908493042 0.70710676908493042 0
vn 0.70710676908493042 0.70710676908493042 0
vn 0.70710676908493042 0.70710676908493042 0
vn 0.70710676908493042 0.70710676908493042 0
vn 0.70710676908493042 0.70710676908493042 0
vn 0.70710676908493042 0.70710676908493042 0
vn 0.70710676908493042 0.70710676908493042 0
vn 0.70710676908493042 0.70710676908493042 0
vn 0.70710676908493042 0.70710676908493042 0
vn 0.70710676908493042 0.70710676908493042 0
vn 0.70710676908493042 0.70710676908493042 0
vn 0.70710676908493042 0.70710676908493042 0
vn 0.70710676908493042 0.70710676908493042 0
vn 0.70710676908493042 0.70710676908493042 0
vn 0.70710676908493042 0.70710676908493042 0
vn 0.70710676908493042 0.70710676908493042 0
vn 0.70710676908493042 0.70710676908493042 0
vn 0.70710676908493042 0.70710676908493042 0
vn 0.70710676908493042 0.70710676908493042 0
vn 0.70710676908493042 0.70710676908493042 0
vn 0.70710676908493042 0.70710676908493042 0
vn 0.70710676908493042 0.70710676908493042 0
vn 0.70710676908493042 0.70710676908493042 0
vn 0.70710676908493042 0.70710676908493042 0
vn 0.70710676908493042 0.70710676908493042 0
vn 0.70710676908493042 0.70710676908493042 0
vn 0.70710676908493042 0.70710676908493042 0
vn 0.70710676908493042 0.70710676908493042 0
vn 0.70710676908493042 0.70710676908493042 0
vn 0.70710676908493042 0.70710676908493042 0
vn 0.70710676908493042 0.70710676908493042 0
vn 0.70710676908493042 0.70710676908493042 0
vn 0.70710676908493042 0.70710676908493042 0
vn 0.70710676908493042 0.70710676908493042 0
vn 0.70710676908493042 0.70710676908493042 0
vn 0.70710676908493042 0.70710676908493042 0
vn 0.70710676908493042 0.70710676908493042 0
vn 0.70710676908493042 0.70710676908493042 0
vn 0.70710676908493042 0.70710676908493042 0
vn 0.70710676908493042 0.70710676908493042 0
vn 0.70710676908493042 0.70710676908493042 0
vn 0.70710676908493042 0.70710676908493042 0
vn 0.70710676908493042 0.70710676908493042 0
vn 0.70710676908493042 0.70710676908493042 0
vn 0.70710676908493042 0.70710676908493042 0
vn 0.70710676908493042 0.70710676908493042 0
vn 0.70710676908493042 0.70710676908493042 0
vn 0.70710676908493042 0.70710676908493042 0
vn 0.70710676908493042 0.70710676908493042 0
vn 0.70710676908493042 0.70710676908493042 0
vn 0.70710676908493042 0.70710676908493042 0
vn 0.70710676908493042 0.70710676908493042 0
vn 0.70710676908493042 0.70710676908493042 0
vn 0.70710676908493042 0.70710676908493042 0
vn 0.70710676908493042 0.70710676908493042 0
vn 0.70710676908493042 0.70710676908493042 0
vn 0.70710676908493042 0.70710676908493042 0
vn 0.70710676908493042 0.70710676908493042 0
vn 0.70710676908493042 0.70710676908493042 0
vn 0.70710676908493042 0.70710676908493042 0
vn 0.70710676908493042 0.70710676908493042 0
vn 0.70710676908493042 0.70710676908493042 0
vn 0.70710676908493042 0.70710676908493042 0
vn 0.70710676908493042 0.70710676908493042 0
vn 0.70710676908493042 0.70710676908493042 0
vn 0.70710676908493042 0.70710676908493042 0
vn 0.70710676908493042 0.70710676908493042 0
vn 0.70710676908493042 0.70710676908493042 0
vn 0.70710676908493042 0.70710676908493042 0
vn 0 0.70710676908493042 -0.70710676908493042
vn 0 0.70710676908493042 -0.70710676908493042
vn 0 0.70710676908493042 -0.70710676908493042
vn 0 0.70710676908493042 -0.70710676908493042
vn 0 0.70710676908493042 -0.70710676908493042
vn 0 0.70710676908493042 -0.70710676908493042
vn 0 0.70710676908493042 -0.70710676908493042
vn 0 0.70710676908493042 -0.70710676908493042
vn 0 0.70710676908493042 -0.70710676908493042
vn 0 0.70710676908493042 -0.70710676908493042
vn 0 0.70710676908493042 -0.70710676908493042
vn 0 0.70710676908493042 -0.70710676908493042
vn 0 0.70710676908493042 -0.70710676908493042
vn 0 0.70710676908493042 -0.70710676908493042
vn 0 0.70710676908493042 -0.70710676908493042
vn 0 0.70710676908493042 -0.70710676908493042
vn 0 0.70710676908493042 -0.70710676908493042
vn 0 0.70710676908493042 -0.70710676908493042
vn 0 0.70710676908493042 -0.70710676908493042
vn 0 0.70710676908493042 -0.70710676908493042
vn -0.70710676908493042 0.70710676908493042 0
vn -0.70710676908493042 0.70710676908493042 0
vn -0.70710676908493042 0.70710676908493042 0
vn -0.70710676908493042 0.70710676908493042 0
vn -0.70710676908493042 0.70710676908493042 0
vn -0.70710676908493042 0.70710676908493042 0
vn -0.70710676908493042 0.70710676908493042 0
vn -0.70710676908493042 0.70710676908493042 0
vn -0.70710676908493042 0.70710676908493042 0
vn -0.70710676908493042 0.70710676908493042 0
vn -0.70710676908493042 0.70710676908493042 0
vn -0.70710676908493042 0.70710676908493042 0
vn -0.70710676908493042 0.70710676908493042 0
vn -0.70710676908493042 0.70710676908493042 0
vn -0.70710676908493042 0.70710676908493042 0
vn -0.70710676908493042 0.70710676908493042 0
vn -0.70710676908493042 0.70710676908493042 0
vn -0.70710676908493042 0.70710676908493042 0
vn -0.70710676908493042 0.70710676908493042 0
vn -0.70710676908493042 0.70710676908493042 0
vn 0 -0.70710676908493042 0.70710676908493042
vn 0 -0.70710676908493042 0.70710676908493042
vn 0 -0.70710676908493042 0.70710676908493042
vn 0 -0.70710676908493042 0.70710676908493042
vn 0 -0.70710676908493042 0.70710676908493042
vn 0 -0.70710676908493042 0.70710676908493042
vn 0 -0.70710676908493042 0.70710676908493042
vn 0 -0.70710676908493042 0.70710676908493042
vn 0 -0.70710676908493042 0.70710676908493042
vn 0 -0.70710676908493042 0.70710676908493042
vn 0 -0.70710676908493042 0.70710676908493042
vn 0 -0.70710676908493042 0.70710676908493042
vn 0 -0.70710676908493042 0.70710676908493042
vn 0 -0.70710676908493042 0.70710676908493042
vn 0 -0.70710676908493042 0.70710676908493042
vn 0 -0.70710676908493042 0.70710676908493042
vn 0 -0.70710676908493042 0.70710676908493042
vn 0 -0.70710676908493042 0.70710676908493042
vn 0 -0.70710676908493042 0.70710676908493042
vn 0 -0.70710676908493042 0.70710676908493042
vn 0.70710676908493042 -0.70710676908493042 0
vn 0.70710676908493042 -0.70710676908493042 0
vn 0.70710676908493042 -0.70710676908493042 0
vn 0.70710676908493042 -0.70710676908493042 0
vn 0.70710676908493042 -0.70710676908493042 0
vn 0.70710676908493042 -0.70710676908493042 0
vn 0.70710676908493042 -0.70710676908493042 0
vn 0.70710676908493042 -0.70710676908493042 0
vn 0.70710676908493042 -0.70710676908493042 0
vn 0.70710676908493042 -0.70710676908493042 0
vn 0.70710676908493042 -0.70710676908493042 0
vn 0.70710676908493042 -0.70710676908493042 0
vn 0.70710676908493042 -0.70710676908493042 0
vn 0.70710676908493042 -0.70710676908493042 0
vn 0.70710676908493042 -0.70710676908493042 0
vn 0.70710676908493042 -0.70710676908493042 0
vn 0.70710676908493042 -0.70710676908493042 0
vn 0.70710676908493042 -0.70710676908493042 0
vn 0.70710676908493042 -0.70710676908493042 0
vn 0.70710676908493042 -0.70710676908493042 0
vn 0 -0.70710676908493042 -0.70710676908493042
vn 0 -0.70710676908493042 -0.70710676908493042
vn 0 -0.70710676908493042 -0.70710676908493042
vn 0 -0.70710676908493042 -0.70710676908493042
vn 0 -0.70710676908493042 -0.70710676908493042
vn 0 -0.70710676908493042 -0.70710676908493042
vn 0 -0.70710676908493042 -0.70710676908493042
vn 0 -0.70710676908493042 -0.70710676908493042
vn 0 -0.70710676908493042 -0.70710676908493042
vn 0 -0.70710676908493042 -0.70710676908493042
vn 0 -0.70710676908493042 -0.70710676908493042
vn 0 -0.70710676908493042 -0.70710676908493042
vn 0 -0.70710676908493042 -0.70710676908493042
vn 0 -0.70710676908493042 -0.70710676908493042
vn 0 -0.70710676908493042 -0.70710676908493042
vn 0 -0.70710676908493042 -0.70710676908493042
vn 0 -0.70710676908493042 -0.70710676908493042
vn 0 -0.70710676908493042 -0.70710676908493042
vn 0 -0.70710676908493042 -0.70710676908493042
vn 0 -0.70710676908493042 -0.70710676908493042
vn -0.70710676908493042 -0.70710676908493042 0
vn -0.70710676908493042 -0.70710676908493042 0
vn -0.70710676908493042 -0.70710676908493042 0
vn -0.70710676908493042 -0.70710676908493042 0
vn -0.70710676908493042 -0.70710676908493042 0
vn -0.70710676908493042 -0.70710676908493042 0
vn -0.70710676908493042 -0.70710676908493042 0
vn -0.70710676908493042 -0.70710676908493042 0
vn -0.70710676908493042 -0.70710676908493042 0
vn -0.70710676908493042 -0.70710676908493042 0
vn -0.70710676908493042 -0.70710676908493042 0
vn -0.70710676908493042 -0.70710676908493042 0
vn -0.70710676908493042 -0.70710676908493042 0
vn -0.70710676908493042 -0.70710676908493042 0
vn -0.70710676908493042 -0.70710676908493042 0
vn -0.70710676908493042 -0.70710676908493042 0
vn -0.70710676908493042 -0.70710676908493042 0
vn -0.70710676908493042 -0.70710676908493042 0
vn -0.70710676908493042 -0.70710676908493042 0
vn -0.70710676908493042 -0.70710676908493042 0
f 754/858/858 753/857/857 755/859/859 756/860/860
f 756/863/863 755/861/861 758/864/864 757/862/862
f 757/866/866 758/865/865 759/867/867 760/868/868
f 760/872/872 759/869/869 753/870/870 754/871/871
f 761/873/873 763/875/875 762/874/874 764/876/876
f 765/877/877 768/880/880 767/879/879 766/878/878
f 774/890/890 775/891/891 779/895/895
f 779/895/895 773/889/889 774/890/890
f 780/896/896 772/888/888 773/889/889
f 776/892/892 777/893/893 775/891/891
f 772/888/888 781/897/897 771/887/887
f 783/899/899 769/885/885 770/886/886
f 784/900/900 768/884/884 769/885/885
f 770/886/886 771/887/887 782/898/898
f 756/882/882 776/892/892 754/881/881
f 779/895/895 780/896/896 773/889/889
f 775/891/891 778/894/894 779/895/895
f 776/892/892 756/882/882 777/893/893
f 772/888/888 780/896/896 781/897/897
f 768/884/884 784/900/900 767/883/883
f 769/885/885 783/899/899 784/900/900
f 781/897/897 782/898/898 771/887/887
f 783/899/899 770/886/886 782/898/898
f 775/891/891 777/893/893 778/894/894
f 885/1013/1013 880/1008/1008 886/1014/1014 888/1016/1016
f 888/1016/1016 886/1014/1014 882/1010/1010 887/1015/1015
f 886/1014/1014 880/1008/1008 867/995/995
f 881/1009/1009 882/1010/1010 886/1014/1014
f 867/995/995 881/1009/1009 886/1014/1014
f 882/1010/1010 881/1009/1009 868/996/996 873/1001/1001
f 881/1009/1009 867/995/995 785/913/913
f 809/937/937 868/996/996 881/1009/1009
f 785/913/913 809/937/937 881/1009/1009
f 874/1002/1002 868/996/996 809/937/937
f 800/928/928 853/981/981 874/1002/1002
f 809/937/937 800/928/928 874/1002/1002
f 876/1004/1004 873/1001/1001 877/1005/1005 879/1007/1007
f 879/1007/1007 877/1005/1005 875/1003/1003 878/1006/1006
f 877/1005/1005 873/1001/1001 868/996/996
f 874/1002/1002 875/1003/1003 877/1005/1005
f 868/996/996 874/1002/1002 877/1005/1005
f 875/1003/1003 874/1002/1002 853/981/981 864/992/992
f 815/943/943 811/939/939 809/937/937
f 785/913/913 798/926/926 815/943/943
f 809/937/937 785/913/913 815/943/943
f 818/946/946 817/945/945 815/943/943
f 798/926/926 807/935/935 818/946/946
f 815/943/943 798/926/926 818/946/946
f 807/935/935 813/941/941 820/948/948 818/946/946
f 818/946/946 820/948/948 819/947/947 817/945/945
f 815/943/943 817/945/945 816/944/944 811/939/939
f 826/954/954 823/951/951 821/949/949
f 811/939/939 816/944/944 826/954/954
f 821/949/949 811/939/939 826/954/954
f 816/944/944 827/955/955 829/957/957 826/954/954
f 826/954/954 829/957/957 828/956/956 823/951/951
f 821/949/949 823/951/951 822/950/950 810/938/938
f 821/949/949 810/938/938 800/928/928
f 809/937/937 811/939/939 821/949/949
f 800/928/928 809/937/937 821/949/949
f 830/958/958 825/953/953 824/952/952
f 800/928/928 810/938/938 830/958/958
f 824/952/952 800/928/928 830/958/958
f 833/961/961 832/960/960 830/958/958
f 810/938/938 822/950/950 833/961/961
f 830/958/958 810/938/938 833/961/961
f 822/950/950 834/962/962 836/964/964 833/961/961
f 833/961/961 836/964/964 835/963/963 832/960/960
f 830/958/958 832/960/960 831/959/959 825/953/953
f 839/967/967 838/966/966 837/965/965
f 825/953/953 831/959/959 839/967/967
f 837/965/965 825/953/953 839/967/967
f 831/959/959 840/968/968 842/970/970 839/967/967
f 839/967/967 842/970/970 841/969/969 838/966/966
f 838/966/966 841/969/969 844/972/972 843/971/971
f 869/997/997 864/992/992 870/998/998 872/1000/1000
f 872/1000/1000 870/998/998 866/994/994 871/999/999
f 870/998/998 864/992/992 853/981/981
f 865/993/993 866/994/994 870/998/998
f 853/981/981 865/993/993 870/998/998
f 866/994/994 865/993/993 854/982/982 855/983/983
f 865/993/993 853/981/981 800/928/928
f 824/952/952 854/982/982 865/993/993
f 800/928/928 824/952/952 865/993/993
f 861/989/989 855/983/983 862/990/990 863/991/991
f 863/991/991 862/990/990 857/985/985 858/986/986
f 862/990/990 855/983/983 854/982/982
f 856/984/984 857/985/985 862/990/990
f 854/982/982 856/984/984 862/990/990
f 858/986/986 857/985/985 859/987/987 860/988/988
f 904/1032/1032 903/1031/1031 902/1030/1030
f 896/1024/1024 898/1026/1026 904/1032/1032
f 902/1030/1030 896/1024/1024 904/1032/1032
f 899/1027/1027 896/1024/1024 787/915/915
f 786/914/914 883/1011/1011 899/1027/1027
f 787/915/915 786/914/914 899/1027/1027
f 898/1026/1026 896/1024/1024 899/1027/1027 900/1028/1028
f 901/1029/1029 900/1028/1028 899/1027/1027
f 883/1011/1011 893/1021/1021 901/1029/1029
f 899/1027/1027 883/1011/1011 901/1029/1029
f 793/921/921 791/919/919 789/917/917
f 790/918/918 792/920/920 793/921/921
f 789/917/917 790/918/918 793/921/921
f 789/917/917 791/919/919 796/924/924 794/922/922
f 801/929/929 795/923/923 788/916/916
f 794/922/922 796/924/924 801/929/929
f 788/916/916 794/922/922 801/929/929
f 794/922/922 788/916/916 786/914/914
f 787/915/915 789/917/917 794/922/922
f 786/914/914 787/915/915 794/922/922
f 802/930/930 799/927/927 797/925/925
f 786/914/914 788/916/916 802/930/930
f 797/925/925 786/914/914 802/930/930
f 788/916/916 795/923/923 804/932/932 802/930/930
f 805/933/933 803/931/931 799/927/927
f 802/930/930 804/932/932 805/933/933
f 799/927/927 802/930/930 805/933/933
f 799/927/927 803/931/931 808/936/936 806/934/934
f 814/942/942 812/940/940 808/936/936
f 812/940/940 814/942/942 813/941/941 807/935/935
f 812/940/940 807/935/935 798/926/926
f 806/934/934 808/936/936 812/940/940
f 798/926/926 806/934/934 812/940/940
f 806/934/934 798/926/926 785/913/913
f 797/925/925 799/927/927 806/934/934
f 785/913/913 797/925/925 806/934/934
f 893/1021/1021 883/1011/1011 894/1022/1022 895/1023/1023
f 897/1025/1025 895/1023/1023 894/1022/1022
f 884/1012/1012 889/1017/1017 897/1025/1025
f 894/1022/1022 884/1012/1012 897/1025/1025
f 894/1022/1022 883/1011/1011 786/914/914
f 797/925/925 884/1012/1012 894/1022/1022
f 786/914/914 797/925/925 894/1022/1022
f 890/1018/1018 884/1012/1012 797/925/925
f 785/913/913 867/995/995 890/1018/1018
f 797/925/925 785/913/913 890/1018/1018
f 889/1017/1017 884/1012/1012 890/1018/1018 891/1019/1019
f 892/1020/1020 891/1019/1019 890/1018/1018
f 867/995/995 880/1008/1008 892/1020/1020
f 890/1018/1018 867/995/995 892/1020/1020
f 841/969/969 777/912/912 756/901/901
f 756/901/901 844/972/972 841/969/969
f 777/912/912 841/969/969 842/970/970
f 844/972/972 756/901/901 843/971/971
f 840/968/968 777/912/912 842/970/970
f 834/962/962 779/910/910 778/911/911
f 840/968/968 835/963/963 777/912/912
f 835/963/963 778/911/911 777/912/912
f 778/911/911 835/963/963 836/964/964
f 778/911/911 836/964/964 834/962/962
f 835/963/963 840/968/968 831/959/959 832/960/960
f 828/956/956 779/910/910 834/962/962
f 837/965/965 838/966/966 843/971/971
f 825/953/953 837/965/965 824/952/952
f 856/984/984 824/952/952 837/965/965
f 843/971/971 859/987/987 856/984/984 837/965/965
f 779/910/910 828/956/956 829/957/957
f 779/910/910 829/957/957 827/955/955
f 828/956/956 834/962/962 822/950/950 823/951/951
f 859/987/987 843/971/971 756/901/901 757/902/902
f 780/909/909 779/910/910 827/955/955
f 820/948/948 780/909/909 819/947/947
f 819/947/947 780/909/909 827/955/955
f 813/941/941 780/909/909 820/948/948
f 816/944/944 817/945/945 819/947/947 827/955/955
f 814/942/942 780/909/909 813/941/941
f 808/936/936 781/908/908 814/942/942
f 780/909/909 814/942/942 781/908/908
f 782/907/907 781/908/908 803/931/931
f 782/907/907 795/923/923 783/906/906
f 784/905/905 783/906/906 796/924/924
f 767/904/904 784/905/905 792/920/920
f 781/908/908 808/936/936 803/931/931
f 782/907/907 803/931/931 805/933/933
f 782/907/907 804/932/932 795/923/923
f 783/906/906 795/923/923 801/929/929
f 782/907/907 805/933/933 804/932/932
f 784/905/905 796/924/924 791/919/919
f 784/905/905 791/919/919 793/921/921
f 789/917/917 787/915/915 790/918/918
f 767/904/904 792/920/920 790/918/918
f 784/905/905 793/921/921 792/920/920
f 783/906/906 801/929/929 796/924/924
f 790/918/918 902/1030/1030 766/903/903 767/904/904
f 859/987/987 857/985/985 856/984/984
f 757/902/902 858/986/986 860/988/988
f 860/988/988 859/987/987 757/902/902
f 866/994/994 855/983/983 861/989/989 871/999/999
f 882/1010/1010 873/1001/1001 876/1004/1004 887/1015/1015
f 875/1003/1003 864/992/992 869/997/997 878/1006/1006
f 845/973/973 861/989/989 863/991/991
f 845/973/973 871/999/999 861/989/989
f 846/974/974 872/1000/1000 871/999/999
f 845/973/973 863/991/991 858/986/986
f 845/973/973 846/974/974 871/999/999
f 845/973/973 858/986/986 757/902/902
f 847/975/975 878/1006/1006 869/997/997
f 847/975/975 879/1007/1007 878/1006/1006
f 876/1004/1004 879/1007/1007 847/975/975
f 846/974/974 847/975/975 869/997/997
f 848/976/976 876/1004/1004 847/975/975
f 846/974/974 869/997/997 872/1000/1000
f 885/1013/1013 892/1020/1020 880/1008/1008
f 849/977/977 891/1019/1019 892/1020/1020
f 850/978/978 897/1025/1025 889/1017/1017
f 850/978/978 895/1023/1023 897/1025/1025
f 889/1017/1017 891/1019/1019 849/977/977
f 902/1030/1030 787/915/915 896/1024/1024
f 851/979/979 901/1029/1029 893/1021/1021
f 851/979/979 900/1028/1028 901/1029/1029
f 893/1021/1021 895/1023/1023 850/978/978
f 851/979/979 893/1021/1021 850/978/978
f 848/976/976 888/1016/1016 887/1015/1015
f 892/1020/1020 885/1013/1013 849/977/977
f 849/977/977 885/1013/1013 848/976/976
f 888/1016/1016 848/976/976 885/1013/1013
f 889/1017/1017 849/977/977 850/978/978
f 848/976/976 887/1015/1015 876/1004/1004
f 852/980/980 904/1032/1032 898/1026/1026
f 852/980/980 903/1031/1031 904/1032/1032
f 766/903/903 903/1031/1031 852/980/980
f 852/980/980 898/1026/1026 900/1028/1028
f 900/1028/1028 851/979/979 852/980/980
f 902/1030/1030 903/1031/1031 766/903/903
f 787/915/915 902/1030/1030 790/918/918
f 856/984/984 854/982/982 824/952/952
f 905/1045/1045 845/1044/1044 757/1033/1033
f 848/1041/1041 847/1042/1042 908/1048/1048
f 908/1048/1048 849/1040/1040 848/1041/1041
f 907/1047/1047 847/1042/1042 846/1043/1043
f 850/1039/1039 910/1050/1050 851/1038/1038
f 766/1036/1036 852/1037/1037 912/1052/1052
f 852/1037/1037 851/1038/1038 911/1051/1051
f 849/1040/1040 910/1050/1050 850/1039/1039
f 905/1045/1045 846/1043/1043 845/1044/1044
f 907/1047/1047 908/1048/1048 847/1042/1042
f 846/1043/1043 906/1046/1046 907/1047/1047
f 757/1033/1033 760/1034/1034 905/1045/1045
f 846/1043/1043 905/1045/1045 906/1046/1046
f 766/1036/1036 912/1052/1052 765/1035/1035
f 910/1050/1050 911/1051/1051 851/1038/1038
f 909/1049/1049 910/1050/1050 849/1040/1040
f 912/1052/1052 852/1037/1037 911/1051/1051
f 849/1040/1040 908/1048/1048 909/1049/1049
f 754/1054/1054 905/1072/1072 760/1053/1053
f 906/1071/1071 775/1058/1058 907/1070/1070
f 773/1060/1060 909/1068/1068 908/1069/1069
f 907/1070/1070 774/1059/1059 908/1069/1069
f 910/1067/1067 770/1063/1063 911/1066/1066
f 765/1056/1056 912/1065/1065 769/1064/1064
f 912/1065/1065 911/1066/1066 769/1064/1064
f 909/1068/1068 772/1061/1061 910/1067/1067
f 905/1072/1072 776/1057/1057 906/1071/1071
f 774/1059/1059 773/1060/1060 908/1069/1069
f 775/1058/1058 906/1071/1071 776/1057/1057
f 754/1054/1054 776/1057/1057 905/1072/1072
f 909/1068/1068 773/1060/1060 772/1061/1061
f 769/1064/1064 768/1055/1055 765/1056/1056
f 910/1067/1067 771/1062/1062 770/1063/1063
f 771/1062/1062 910/1067/1067 772/1061/1061
f 911/1066/1066 770/1063/1063 769/1064/1064
f 907/1070/1070 775/1058/1058 774/1059/1059
f 921/1085/1085 920/1084/1084 755/1073/1073
f 919/1083/1083 923/1087/1087 918/1082/1082
f 924/1088/1088 916/1080/1080 917/1081/1081
f 922/1086/1086 919/1083/1083 920/1084/1084
f 927/1091/1091 914/1078/1078 915/1079/1079 926/1090/1090
f 914/1078/1078 927/1091/1091 913/1077/1077
f 763/1075/1075 761/1076/1076 913/1077/1077
f 916/1080/1080 926/1090/1090 915/1079/1079
f 917/1081/1081 918/1082/1082 924/1088/1088
f 916/1080/1080 924/1088/1088 925/1089/1089
f 923/1087/1087 919/1083/1083 922/1086/1086
f 922/1086/1086 920/1084/1084 921/1085/1085
f 918/1082/1082 923/1087/1087 924/1088/1088
f 928/1092/1092 763/1075/1075 913/1077/1077
f 926/1090/1090 916/1080/1080 925/1089/1089
f 928/1092/1092 913/1077/1077 927/1091/1091
f 921/1085/1085 755/1073/1073 753/1074/1074
f 920/1097/1097 935/1111/1111 936/1112/1112
f 935/1111/1111 918/1099/1099 934/1110/1110
f 916/1101/1101 932/1108/1108 933/1109/1109
f 917/1100/1100 933/1109/1109 934/1110/1110
f 914/1103/1103 930/1106/1106 931/1107/1107
f 930/1106/1106 913/1104/1104 929/1105/1105
f 761/1095/1095 764/1096/1096 929/1105/1105
f 932/1108/1108 915/1102/1102 931/1107/1107
f 936/1112/1112 758/1093/1093 755/1094/1094
f 918/1099/1099 917/1100/1100 934/1110/1110
f 919/1098/1098 918/1099/1099 935/1111/1111
f 920/1097/1097 919/1098/1098 935/1111/1111
f 933/1109/1109 917/1100/1100 916/1101/1101
f 913/1104/1104 761/1095/1095 929/1105/1105
f 914/1103/1103 913/1104/1104 930/1106/1106
f 916/1101/1101 915/1102/1102 932/1108/1108
f 931/1107/1107 915/1102/1102 914/1103/1103
f 920/1097/1097 936/1112/1112 755/1094/1094
f 935/1118/1118 943/1131/1131 944/1132/1132
f 941/1129/1129 942/1130/1130 934/1119/1119
f 941/1129/1129 933/1120/1120 940/1128/1128
f 942/1130/1130 943/1131/1131 935/1118/1118
f 931/1122/1122 938/1126/1126 939/1127/1127
f 938/1126/1126 930/1123/1123 937/1125/1125
f 764/1115/1115 762/1116/1116 937/1125/1125
f 939/1127/1127 940/1128/1128 932/1121/1121
f 944/1132/1132 759/1113/1113 758/1114/1114
f 932/1121/1121 940/1128/1128 933/1120/1120
f 935/1118/1118 944/1132/1132 936/1117/1117
f 758/1114/1114 936/1117/1117 944/1132/1132
f 941/1129/1129 934/1119/1119 933/1120/1120
f 937/1125/1125 929/1124/1124 764/1115/1115
f 938/1126/1126 931/1122/1122 930/1123/1123
f 931/1122/1122 939/1127/1127 932/1121/1121
f 929/1124/1124 937/1125/1125 930/1123/1123
f 935/1118/1118 934/1119/1119 942/1130/1130
f 922/1151/1151 921/1152/1152 943/1138/1138
f 922/1151/1151 942/1139/1139 923/1150/1150
f 924/1149/1149 940/1141/1141 925/1148/1148
f 941/1140/1140 924/1149/1149 923/1150/1150
f 925/1148/1148 939/1142/1142 926/1147/1147
f 927/1146/1146 937/1144/1144 928/1145/1145
f 937/1144/1144 763/1136/1136 928/1145/1145
f 939/1142/1142 927/1146/1146 926/1147/1147
f 759/1134/1134 921/1152/1152 753/1133/1133
f 941/1140/1140 940/1141/1141 924/1149/1149
f 943/1138/1138 921/1152/1152 944/1137/1137
f 759/1134/1134 944/1137/1137 921/1152/1152
f 941/1140/1140 923/1150/1150 942/1139/1139
f 763/1136/1136 937/1144/1144 762/1135/1135
f 927/1146/1146 938/1143/1143 937/1144/1144
f 940/1141/1141 939/1142/1142 925/1148/1148
f 927/1146/1146 939/1142/1142 938/1143/1143
f 942/1139/1139 922/1151/1151 943/1138/1138
v -0.96226632595062256 0.16417299211025238 0.47463136911392212
v -0.013003598898649216 0.16417299211025238 0.47463136911392212
v -0.013003598898649216 1.9147130250930786 0.47463136911392212
v -0.96226632595062256 1.9147130250930786 0.47463136911392212
v -0.013003598898649216 0.16417299211025238 -0.47463136911392212
v -0.013003598898649216 1.9147130250930786 -0.47463136911392212
v -0.96226632595062256 0.16417299211025238 -0.47463136911392212
v -0.96226632595062256 1.9147130250930786 -0.47463136911392212
v -0.86226636171340942 0.064172990620136261 -0.3746313750743866
v -0.86226636171340942 0.064172990620136261 0.3746313750743866
v -0.11300359666347504 0.064172990620136261 -0.3746313750743866
v -0.11300359666347504 0.064172990620136261 0.3746313750743866
v -0.86226636171340942 2.0147130489349365 0.3746313750743866
v -0.11300359666347504 2.0147130489349365 -0.3746313750743866
v -0.86226636171340942 2.0147130489349365 -0.3746313750743866
v -0.11300359666347504 2.0147130489349365 0.3746313750743866
v -0.87337744235992432 2.0036020278930664 0.38574248552322388
v -0.88448858261108398 1.9924907684326172 0.39685359597206116
v -0.89559966325759888 1.9813797473907471 0.40796470642089844
v -0.90671080350875854 1.9702686071395874 0.41907581686973572
v -0.91782188415527344 1.9591574668884277 0.430186927318573
v -0.92893302440643311 1.9480463266372681 0.44129803776741028
v -0.940044105052948 1.9369353055953979 0.45240914821624756
v -0.95115524530410767 1.9258241653442383 0.46352025866508484
v -0.024114709347486496 1.9258241653442383 0.46352025866508484
v -0.035225819796323776 1.9369353055953979 0.45240914821624756
v -0.046336933970451355 1.9480463266372681 0.44129803776741028
v -0.057448044419288635 1.9591574668884277 0.430186927318573
v -0.068559154868125916 1.9702686071395874 0.41907581686973572
v -0.079670265316963196 1.9813797473907471 0.40796470642089844
v -0.090781375765800476 1.9924907684326172 0.39685359597206116
v -0.10189248621463776 2.0036020278930664 0.38574248552322388
v -0.024114709347486496 1.9258241653442383 -0.46352025866508484
v -0.035225819796323776 1.9369353055953979 -0.45240914821624756
v -0.046336933970451355 1.9480463266372681 -0.44129803776741028
v -0.057448044419288635 1.9591574668884277 -0.430186927318573
v -0.068559154868125916 1.9702686071395874 -0.41907581686973572
v -0.079670265316963196 1.9813797473907471 -0.40796470642089844
v -0.090781375765800476 1.9924907684326172 -0.39685359597206116
v -0.10189248621463776 2.0036020278930664 -0.38574248552322388
v -0.48763498663902283 1.9647130966186523 -0.42463138699531555
v -0.48763498663902283 1.9897130727767944 -0.39963138103485107
v -0.48763498663902283 2.0022130012512207 -0.38713136315345764
v -0.25031927227973938 1.9897130727767944 -0.39963138103485107
v -0.25031927227973938 2.0022130012512207 -0.38713136315345764
v -0.25031927227973938 2.0084631443023682 -0.38088136911392212
v -0.13166144490242004 2.0022130012512207 -0.38713136315345764
v -0.13166144490242004 2.0084631443023682 -0.38088136911392212
v -0.13166144490242004 2.0053379535675049 -0.38400638103485107
v -0.25031927227973938 1.9959630966186523 -0.39338138699531555
v -0.13166144490242004 1.9897130727767944 -0.39963138103485107
v -0.13166144490242004 1.9959630966186523 -0.39338138699531555
v -0.48763498663902283 1.9772130250930786 -0.41213136911392212
v -0.25031927227973938 1.9647130966186523 -0.42463138699531555
v -0.25031927227973938 1.9772130250930786 -0.41213136911392212
v -0.48763498663902283 1.9397130012512207 -0.44963136315345764
v -0.13166144490242004 1.9928380250930786 -0.39650636911392212
v -0.25031927227973938 1.9834630489349365 -0.4058813750743866
v -0.13166144490242004 1.9772130250930786 -0.41213136911392212
v -0.13166144490242004 1.9834630489349365 -0.4058813750743866
v -0.13166144490242004 1.9803380966186523 -0.40900638699531555
v -0.25031927227973938 1.9709630012512207 -0.41838136315345764
v -0.13166144490242004 1.9647130966186523 -0.42463138699531555
v -0.13166144490242004 1.9709630012512207 -0.41838136315345764
v -0.48763498663902283 1.9522130489349365 -0.4371313750743866
v -0.25031927227973938 1.9397130012512207 -0.44963136315345764
v -0.25031927227973938 1.9522130489349365 -0.4371313750743866
v -0.13166144490242004 1.9678380489349365 -0.4215063750743866
v -0.072332523763179779 1.9647130966186523 -0.42463138699531555
v -0.072332523763179779 1.9678380489349365 -0.4215063750743866
v -0.25031927227973938 1.9584630727767944 -0.43088138103485107
v -0.13166144490242004 1.9522130489349365 -0.4371313750743866
v -0.13166144490242004 1.9584630727767944 -0.43088138103485107
v -0.13166144490242004 1.9615880250930786 -0.42775636911392212
v -0.072332523763179779 1.9584630727767944 -0.43088138103485107
v -0.072332523763179779 1.9615880250930786 -0.42775636911392212
v -0.25031927227973938 1.9459630250930786 -0.44338136911392212
v -0.13166144490242004 1.9397130012512207 -0.44963136315345764
v -0.13166144490242004 1.9459630250930786 -0.44338136911392212
v -0.48763498663902283 1.9272130727767944 -0.46213138103485107
v -0.25031927227973938 1.9272130727767944 -0.46213138103485107
v -0.13166144490242004 1.9490880966186523 -0.44025638699531555
v -0.072332523763179779 1.9522130489349365 -0.4371313750743866
v -0.072332523763179779 1.9459630250930786 -0.44338136911392212
v -0.072332523763179779 1.9490880966186523 -0.44025638699531555
v -0.25031927227973938 1.9334630966186523 -0.45588138699531555
v -0.13166144490242004 1.9272130727767944 -0.46213138103485107
v -0.13166144490242004 1.9334630966186523 -0.45588138699531555
v -0.13166144490242004 1.9365880489349365 -0.4527563750743866
v -0.072332523763179779 1.9397130012512207 -0.44963136315345764
v -0.072332523763179779 1.9334630966186523 -0.45588138699531555
v -0.072332523763179779 1.9365880489349365 -0.4527563750743866
v -0.25031927227973938 1.9209630489349365 -0.4683813750743866
v -0.13166144490242004 1.9209630489349365 -0.4683813750743866
v -0.13166144490242004 1.9240880012512207 -0.46525636315345764
v -0.072332523763179779 1.9272130727767944 -0.46213138103485107
v -0.072332523763179779 1.9209630489349365 -0.4683813750743866
v -0.072332523763179779 1.9240880012512207 -0.46525636315345764
v -0.13166144490242004 1.9178380966186523 -0.47150638699531555
v -0.072332523763179779 1.9178380966186523 -0.47150638699531555
v -0.95115524530410767 1.9258241653442383 -0.46352025866508484
v -0.940044105052948 1.9369353055953979 -0.45240914821624756
v -0.92893302440643311 1.9480463266372681 -0.44129803776741028
v -0.91782188415527344 1.9591574668884277 -0.430186927318573
v -0.90671080350875854 1.9702686071395874 -0.41907581686973572
v -0.89559966325759888 1.9813797473907471 -0.40796470642089844
v -0.88448858261108398 1.9924907684326172 -0.39685359597206116
v -0.87337744235992432 2.0036020278930664 -0.38574248552322388
v -0.72495067119598389 1.9397130012512207 -0.44963136315345764
v -0.72495067119598389 1.9272130727767944 -0.46213138103485107
v -0.84360849857330322 1.9272130727767944 -0.46213138103485107
v -0.72495067119598389 1.9209630489349365 -0.4683813750743866
v -0.84360849857330322 1.9209630489349365 -0.4683813750743866
v -0.90293741226196289 1.9209630489349365 -0.4683813750743866
v -0.84360849857330322 1.9178380966186523 -0.47150638699531555
v -0.90293741226196289 1.9178380966186523 -0.47150638699531555
v -0.90293741226196289 1.9272130727767944 -0.46213138103485107
v -0.84360849857330322 1.9240880012512207 -0.46525636315345764
v -0.90293741226196289 1.9240880012512207 -0.46525636315345764
v -0.84360849857330322 1.9397130012512207 -0.44963136315345764
v -0.72495067119598389 1.9334630966186523 -0.45588138699531555
v -0.84360849857330322 1.9334630966186523 -0.45588138699531555
v -0.72495067119598389 1.9647130966186523 -0.42463138699531555
v -0.72495067119598389 1.9522130489349365 -0.4371313750743866
v -0.90293741226196289 1.9397130012512207 -0.44963136315345764
v -0.84360849857330322 1.9365880489349365 -0.4527563750743866
v -0.90293741226196289 1.9334630966186523 -0.45588138699531555
v -0.90293741226196289 1.9365880489349365 -0.4527563750743866
v -0.84360849857330322 1.9522130489349365 -0.4371313750743866
v -0.72495067119598389 1.9459630250930786 -0.44338136911392212
v -0.84360849857330322 1.9459630250930786 -0.44338136911392212
v -0.90293741226196289 1.9522130489349365 -0.4371313750743866
v -0.84360849857330322 1.9490880966186523 -0.44025638699531555
v -0.90293741226196289 1.9459630250930786 -0.44338136911392212
v -0.90293741226196289 1.9490880966186523 -0.44025638699531555
v -0.84360849857330322 1.9647130966186523 -0.42463138699531555
v -0.72495067119598389 1.9584630727767944 -0.43088138103485107
v -0.84360849857330322 1.9584630727767944 -0.43088138103485107
v -0.72495067119598389 1.9897130727767944 -0.39963138103485107
v -0.72495067119598389 1.9772130250930786 -0.41213136911392212
v -0.90293741226196289 1.9647130966186523 -0.42463138699531555
v -0.84360849857330322 1.9615880250930786 -0.42775636911392212
v -0.90293741226196289 1.9584630727767944 -0.43088138103485107
v -0.90293741226196289 1.9615880250930786 -0.42775636911392212
v -0.84360849857330322 1.9772130250930786 -0.41213136911392212
v -0.72495067119598389 1.9709630012512207 -0.41838136315345764
v -0.84360849857330322 1.9709630012512207 -0.41838136315345764
v -0.84360849857330322 1.9678380489349365 -0.4215063750743866
v -0.84360849857330322 1.9897130727767944 -0.39963138103485107
v -0.72495067119598389 1.9834630489349365 -0.4058813750743866
v -0.84360849857330322 1.9834630489349365 -0.4058813750743866
v -0.72495067119598389 2.0022130012512207 -0.38713136315345764
v -0.84360849857330322 1.9803380966186523 -0.40900638699531555
v -0.84360849857330322 2.0022130012512207 -0.38713136315345764
v -0.72495067119598389 1.9959630966186523 -0.39338138699531555
v -0.84360849857330322 1.9959630966186523 -0.39338138699531555
v -0.84360849857330322 1.9928380250930786 -0.39650636911392212
v -0.72495067119598389 2.0084631443023682 -0.38088136911392212
v -0.84360849857330322 2.0084631443023682 -0.38088136911392212
v -0.84360849857330322 2.0053379535675049 -0.38400638103485107
v -0.10189248621463776 0.075284101068973541 0.38574248552322388
v -0.090781375765800476 0.086395211517810822 0.39685359597206116
v -0.079670265316963196 0.097506321966648102 0.40796470642089844
v -0.068559154868125916 0.10861743241548538 0.41907581686973572
v -0.057448044419288635 0.11972854286432266 0.430186927318573
v -0.046336933970451355 0.13083966076374054 0.44129803776741028
v -0.035225819796323776 0.14195077121257782 0.45240914821624756
v -0.024114709347486496 0.1530618816614151 0.46352025866508484
v -0.95115524530410767 0.1530618816614151 0.46352025866508484
v -0.940044105052948 0.14195077121257782 0.45240914821624756
v -0.92893302440643311 0.13083966076374054 0.44129803776741028
v -0.91782188415527344 0.11972854286432266 0.430186927318573
v -0.90671080350875854 0.10861743241548538 0.41907581686973572
v -0.89559966325759888 0.097506321966648102 0.40796470642089844
v -0.88448858261108398 0.086395211517810822 0.39685359597206116
v -0.87337744235992432 0.075284101068973541 0.38574248552322388
v -0.10189248621463776 0.075284101068973541 -0.38574248552322388
v -0.090781375765800476 0.086395211517810822 -0.39685359597206116
v -0.079670265316963196 0.097506321966648102 -0.40796470642089844
v -0.068559154868125916 0.10861743241548538 -0.41907581686973572
v -0.057448044419288635 0.11972854286432266 -0.430186927318573
v -0.046336933970451355 0.13083966076374054 -0.44129803776741028
v -0.035225819796323776 0.14195077121257782 -0.45240914821624756
v -0.024114709347486496 0.1530618816614151 -0.46352025866508484
v -0.87337744235992432 0.075284101068973541 -0.38574248552322388
v -0.88448858261108398 0.086395211517810822 -0.39685359597206116
v -0.89559966325759888 0.097506321966648102 -0.40796470642089844
v -0.90671080350875854 0.10861743241548538 -0.41907581686973572
v -0.91782188415527344 0.11972854286432266 -0.430186927318573
v -0.92893302440643311 0.13083966076374054 -0.44129803776741028
v -0.940044105052948 0.14195077121257782 -0.45240914821624756
v -0.95115524530410767 0.1530618816614151 -0.46352025866508484
vt 0.7360997200012207 0
vt 0.99853515625 0
vt 0.99853515625 0.48665979504585266
vt 0.7360997200012207 0.48665979504585266
vt 0.47219944000244141 0.48665979504585266
vt 0.47219944000244141 0.97185474634170532
vt 0.7346348762512207 0.48665979504585266
vt 0.7346348762512207 0.97185474634170532
vt 0.36804986000061035 0
vt 0.63195013999938965 0
vt 0.63195013999938965 0.48519495129585266
vt 0.36804986000061035 0.48519495129585266
vt 0 0
vt 0.2639002799987793 0
vt 0.2639002799987793 0.48519495129585266
vt 0 0.48519495129585266
vt 0.47073459625244141 0.93828886747360229
vt 0.47073459625244141 0.72998964786529541
vt 0.2639002799987793 0.93828886747360229
vt 0.2639002799987793 0.72998964786529541
vt 0.2639002799987793 0.48665979504585266
vt 0.47073459625244141 0.69495898485183716
vt 0.2639002799987793 0.69495898485183716
vt 0.47073459625244141 0.48665979504585266
vt 0 0.91248708963394165
vt 0.2624354362487793 0.91248708963394165
vt 0.23478919267654419 0.95180302858352661
vt 0.02764623798429966 0.95180302858352661
vt 0.024574432522058487 0.94743454456329346
vt 0.021502628922462463 0.94306612014770508
vt 0.01843082532286644 0.9386976957321167
vt 0.015359020791947842 0.93432927131652832
vt 0.012287216261029243 0.92996084690093994
vt 0.0092154126614332199 0.92559242248535156
vt 0.0061436081305146217 0.92122393846511841
vt 0.0030718040652573109 0.91685551404953003
vt 0.25936362147331238 0.91685551404953003
vt 0.25629183650016785 0.92122393846511841
vt 0.25322002172470093 0.92559242248535156
vt 0.25014820694923401 0.92996084690093994
vt 0.24707640707492828 0.93432927131652832
vt 0.24400460720062256 0.9386976957321167
vt 0.24093280732631683 0.94306612014770508
vt 0.23786100745201111 0.94743454456329346
vt 0 0.60832470655441284
vt 0.2624354362487793 0.60832470655441284
vt 0.23478919267654419 0.6476406455039978
vt 0.02764623798429966 0.6476406455039978
vt 0.024574432522058487 0.64327222108840942
vt 0.021502628922462463 0.63890379667282104
vt 0.01843082532286644 0.63453531265258789
vt 0.015359020791947842 0.63016688823699951
vt 0.012287216261029243 0.62579846382141113
vt 0.0092154126614332199 0.62143003940582275
vt 0.0061436081305146217 0.61706161499023438
vt 0.0030718040652573109 0.612693190574646
vt 0.25936362147331238 0.612693190574646
vt 0.25629183650016785 0.61706161499023438
vt 0.25322002172470093 0.62143003940582275
vt 0.25014820694923401 0.62579846382141113
vt 0.24707640707492828 0.63016688823699951
vt 0.24400460720062256 0.63453531265258789
vt 0.24093280732631683 0.63890379667282104
vt 0.23786100745201111 0.64327222108840942
vt 0 0.85165458917617798
vt 0.2624354362487793 0.85165458917617798
vt 0.23478919267654419 0.89097052812576294
vt 0.02764623798429966 0.89097052812576294
vt 0.024574432522058487 0.88660210371017456
vt 0.021502628922462463 0.88223367929458618
vt 0.01843082532286644 0.8778652548789978
vt 0.015359020791947842 0.87349677085876465
vt 0.012287216261029243 0.86912834644317627
vt 0.0092154126614332199 0.86475992202758789
vt 0.0061436081305146217 0.86039149761199951
vt 0.0030718040652573109 0.85602307319641113
vt 0.13121771812438965 0.87131255865097046
vt 0.13121771812438965 0.8811415433883667
vt 0.13121771812438965 0.88605606555938721
vt 0.065608859062194824 0.8811415433883667
vt 0.065608859062194824 0.88605606555938721
vt 0.065608859062194824 0.88851326704025269
vt 0.032804429531097412 0.88605606555938721
vt 0.032804429531097412 0.88851326704025269
vt 0.032804429531097412 0.88728469610214233
vt 0.065608859062194824 0.88359880447387695
vt 0.032804429531097412 0.8811415433883667
vt 0.032804429531097412 0.88359880447387695
vt 0.13121771812438965 0.87622708082199097
vt 0.065608859062194824 0.87131255865097046
vt 0.065608859062194824 0.87622708082199097
vt 0.13121771812438965 0.86148357391357422
vt 0.032804429531097412 0.88237017393112183
vt 0.065608859062194824 0.87868428230285645
vt 0.032804429531097412 0.87622708082199097
vt 0.032804429531097412 0.87868428230285645
vt 0.032804429531097412 0.87745571136474609
vt 0.065608859062194824 0.87376981973648071
vt 0.032804429531097412 0.87131255865097046
vt 0.032804429531097412 0.87376981973648071
vt 0.13121771812438965 0.86639809608459473
vt 0.065608859062194824 0.86148357391357422
vt 0.065608859062194824 0.86639809608459473
vt 0.032804429531097412 0.87254118919372559
vt 0.016402214765548706 0.87131255865097046
vt 0.016402214765548706 0.87254118919372559
vt 0.065608859062194824 0.86885535717010498
vt 0.032804429531097412 0.86639809608459473
vt 0.032804429531097412 0.86885535717010498
vt 0.032804429531097412 0.87008392810821533
vt 0.016402214765548706 0.86885535717010498
vt 0.016402214765548706 0.87008392810821533
vt 0.065608859062194824 0.86394083499908447
vt 0.032804429531097412 0.86148357391357422
vt 0.032804429531097412 0.86394083499908447
vt 0.13121771812438965 0.85656911134719849
vt 0.065608859062194824 0.85656911134719849
vt 0.032804429531097412 0.8651694655418396
vt 0.016402214765548706 0.86639809608459473
vt 0.016402214765548706 0.86394083499908447
vt 0.016402214765548706 0.8651694655418396
vt 0.065608859062194824 0.85902637243270874
vt 0.032804429531097412 0.85656911134719849
vt 0.032804429531097412 0.85902637243270874
vt 0.032804429531097412 0.86025500297546387
vt 0.016402214765548706 0.86148357391357422
vt 0.016402214765548706 0.85902637243270874
vt 0.016402214765548706 0.86025500297546387
vt 0.065608859062194824 0.85411185026168823
vt 0.032804429531097412 0.85411185026168823
vt 0.032804429531097412 0.85534048080444336
vt 0.016402214765548706 0.85656911134719849
vt 0.016402214765548706 0.85411185026168823
vt 0.016402214765548706 0.85534048080444336
vt 0.032804429531097412 0.85288321971893311
vt 0.016402214765548706 0.85288321971893311
vt 0.25936362147331238 0.85602307319641113
vt 0.25629183650016785 0.86039149761199951
vt 0.25322002172470093 0.86475992202758789
vt 0.25014820694923401 0.86912834644317627
vt 0.24707640707492828 0.87349677085876465
vt 0.24400460720062256 0.8778652548789978
vt 0.24093280732631683 0.88223367929458618
vt 0.23786100745201111 0.88660210371017456
vt 0.19682657718658447 0.86148357391357422
vt 0.19682657718658447 0.85656911134719849
vt 0.22963100671768188 0.85656911134719849
vt 0.19682657718658447 0.85411185026168823
vt 0.22963100671768188 0.85411185026168823
vt 0.24603322148323059 0.85411185026168823
vt 0.22963100671768188 0.85288321971893311
vt 0.24603322148323059 0.85288321971893311
vt 0.24603322148323059 0.85656911134719849
vt 0.22963100671768188 0.85534048080444336
vt 0.24603322148323059 0.85534048080444336
vt 0.22963100671768188 0.86148357391357422
vt 0.19682657718658447 0.85902637243270874
vt 0.22963100671768188 0.85902637243270874
vt 0.19682657718658447 0.87131255865097046
vt 0.19682657718658447 0.86639809608459473
vt 0.24603322148323059 0.86148357391357422
vt 0.22963100671768188 0.86025500297546387
vt 0.24603322148323059 0.85902637243270874
vt 0.24603322148323059 0.86025500297546387
vt 0.22963100671768188 0.86639809608459473
vt 0.19682657718658447 0.86394083499908447
vt 0.22963100671768188 0.86394083499908447
vt 0.24603322148323059 0.86639809608459473
vt 0.22963100671768188 0.8651694655418396
vt 0.24603322148323059 0.86394083499908447
vt 0.24603322148323059 0.8651694655418396
vt 0.22963100671768188 0.87131255865097046
vt 0.19682657718658447 0.86885535717010498
vt 0.22963100671768188 0.86885535717010498
vt 0.19682657718658447 0.8811415433883667
vt 0.19682657718658447 0.87622708082199097
vt 0.24603322148323059 0.87131255865097046
vt 0.22963100671768188 0.87008392810821533
vt 0.24603322148323059 0.86885535717010498
vt 0.24603322148323059 0.87008392810821533
vt 0.22963100671768188 0.87622708082199097
vt 0.19682657718658447 0.87376981973648071
vt 0.22963100671768188 0.87376981973648071
vt 0.22963100671768188 0.87254118919372559
vt 0.22963100671768188 0.8811415433883667
vt 0.19682657718658447 0.87868428230285645
vt 0.22963100671768188 0.87868428230285645
vt 0.19682657718658447 0.88605606555938721
vt 0.22963100671768188 0.87745571136474609
vt 0.22963100671768188 0.88605606555938721
vt 0.19682657718658447 0.88359880447387695
vt 0.22963100671768188 0.88359880447387695
vt 0.22963100671768188 0.88237017393112183
vt 0.19682657718658447 0.88851326704025269
vt 0.22963100671768188 0.88851326704025269
vt 0.22963100671768188 0.88728469610214233
vt 0 0.48665979504585266
vt 0.2624354362487793 0.48665979504585266
vt 0.23478919267654419 0.52597570419311523
vt 0.02764623798429966 0.52597570419311523
vt 0.25936362147331238 0.49102821946144104
vt 0.25629183650016785 0.49539664387702942
vt 0.25322002172470093 0.49976509809494019
vt 0.25014820694923401 0.50413352251052856
vt 0.24707640707492828 0.50850194692611694
vt 0.24400460720062256 0.51287037134170532
vt 0.24093280732631683 0.51723885536193848
vt 0.23786100745201111 0.52160727977752686
vt 0.024574432522058487 0.52160727977752686
vt 0.021502628922462463 0.51723885536193848
vt 0.01843082532286644 0.51287037134170532
vt 0.015359020791947842 0.50850194692611694
vt 0.012287216261029243 0.50413352251052856
vt 0.0092154126614332199 0.49976509809494019
vt 0.0061436081305146217 0.49539664387702942
vt 0.0030718040652573109 0.49102821946144104
vt 0 0.72998964786529541
vt 0.2624354362487793 0.72998964786529541
vt 0.23478919267654419 0.76930558681488037
vt 0.02764623798429966 0.76930558681488037
vt 0.024574432522058487 0.76493716239929199
vt 0.021502628922462463 0.76056873798370361
vt 0.01843082532286644 0.75620031356811523
vt 0.015359020791947842 0.75183182954788208
vt 0.012287216261029243 0.7474634051322937
vt 0.0092154126614332199 0.74309498071670532
vt 0.0061436081305146217 0.73872655630111694
vt 0.0030718040652573109 0.73435813188552856
vt 0.25936362147331238 0.73435813188552856
vt 0.25629183650016785 0.73872655630111694
vt 0.25322002172470093 0.74309498071670532
vt 0.25014820694923401 0.7474634051322937
vt 0.24707640707492828 0.75183182954788208
vt 0.24400460720062256 0.75620031356811523
vt 0.24093280732631683 0.76056873798370361
vt 0.23786100745201111 0.76493716239929199
vt 0 0.54749226570129395
vt 0.2624354362487793 0.54749226570129395
vt 0.23478919267654419 0.58680814504623413
vt 0.02764623798429966 0.58680814504623413
vt 0.25936362147331238 0.55186069011688232
vt 0.25629183650016785 0.5562291145324707
vt 0.25322002172470093 0.56059753894805908
vt 0.25014820694923401 0.56496602296829224
vt 0.24707640707492828 0.56933444738388062
vt 0.24400460720062256 0.57370287179946899
vt 0.24093280732631683 0.57807129621505737
vt 0.23786100745201111 0.58243972063064575
vt 0.024574432522058487 0.58243972063064575
vt 0.021502628922462463 0.57807129621505737
vt 0.01843082532286644 0.57370287179946899
vt 0.015359020791947842 0.56933444738388062
vt 0.012287216261029243 0.56496602296829224
vt 0.0092154126614332199 0.56059753894805908
vt 0.0061436081305146217 0.5562291145324707
vt 0.0030718040652573109 0.55186069011688232
vt 0 0.79082214832305908
vt 0.2624354362487793 0.79082214832305908
vt 0.23478919267654419 0.83013808727264404
vt 0.02764623798429966 0.83013808727264404
vt 0.25936362147331238 0.79519057273864746
vt 0.25629183650016785 0.79955899715423584
vt 0.25322002172470093 0.80392748117446899
vt 0.25014820694923401 0.80829590559005737
vt 0.24707640707492828 0.81266433000564575
vt 0.24400460720062256 0.81703275442123413
vt 0.24093280732631683 0.82140117883682251
vt 0.23786100745201111 0.82576960325241089
vt 0.024574432522058487 0.82576960325241089
vt 0.021502628922462463 0.82140117883682251
vt 0.01843082532286644 0.81703275442123413
vt 0.015359020791947842 0.81266433000564575
vt 0.012287216261029243 0.80829590559005737
vt 0.0092154126614332199 0.80392748117446899
vt 0.0061436081305146217 0.79955899715423584
vt 0.0030718040652573109 0.79519057273864746
vt 0 0.66915720701217651
vt 0.2624354362487793 0.66915720701217651
vt 0.23478919267654419 0.70847314596176147
vt 0.02764623798429966 0.70847314596176147
vt 0.024574432522058487 0.70410466194152832
vt 0.021502628922462463 0.69973623752593994
vt 0.01843082532286644 0.69536781311035156
vt 0.015359020791947842 0.69099938869476318
vt 0.012287216261029243 0.6866309642791748
vt 0.0092154126614332199 0.68226248025894165
vt 0.0061436081305146217 0.67789405584335327
vt 0.0030718040652573109 0.67352563142776489
vt 0.25936362147331238 0.67352563142776489
vt 0.25629183650016785 0.67789405584335327
vt 0.25322002172470093 0.68226248025894165
vt 0.25014820694923401 0.6866309642791748
vt 0.24707640707492828 0.69099938869476318
vt 0.24400460720062256 0.69536781311035156
vt 0.24093280732631683 0.69973623752593994
vt 0.23786100745201111 0.70410466194152832
vn 0 0 1
vn 0 0 1
vn 0 0 1
vn 0 0 1
vn 1 0 0
vn 1 0 0
vn 1 0 0
vn 1 0 0
vn 0 0 -1
vn 0 0 -1
vn 0 0 -1
vn 0 0 -1
vn -1 0 0
vn -1 0 0
vn -1 0 0
vn -1 0 0
vn 0 -1 0
vn 0 -1 0
vn 0 -1 0
vn 0 -1 0
vn 0 1 0
vn 0 1 0
vn 0 1 0
vn 0 1 0
vn 0 0.70710676908493042 0.70710676908493042
vn 0 0.70710676908493042 0.70710676908493042
vn 0 0.70710676908493042 0.70710676908493042
vn 0 0.70710676908493042 0.70710676908493042
vn 0 0.70710676908493042 0.70710676908493042
vn 0 0.70710676908493042 0.70710676908493042
vn 0 0.70710676908493042 0.70710676908493042
vn 0 0.70710676908493042 0.70710676908493042
vn 0 0.70710676908493042 0.70710676908493042
vn 0 0.70710676908493042 0.70710676908493042
vn 0 0.70710676908493042 0.70710676908493042
vn 0 0.70710676908493042 0.70710676908493042
vn 0 0.70710676908493042 0.70710676908493042
vn 0 0.70710676908493042 0.70710676908493042
vn 0 0.70710676908493042 0.70710676908493042
vn 0 0.70710676908493042 0.70710676908493042
vn 0 0.70710676908493042 0.70710676908493042
vn 0 0.70710676908493042 0.70710676908493042
vn 0 0.70710676908493042 0.70710676908493042
vn 0 0.70710676908493042 0.70710676908493042
vn 0.70710676908493042 0.70710676908493042 0
vn 0.70710676908493042 0.70710676908493042 0
vn 0.70710676908493042 0.70710676908493042 0
vn 0.70710676908493042 0.70710676908493042 0
vn 0.70710676908493042 0.70710676908493042 0
vn 0.70710676908493042 0.70710676908493042 0
vn 0.70710676908493042 0.70710676908493042 0
vn 0.70710676908493042 0.70710676908493042 0
vn 0.70710676908493042 0.70710676908493042 0
vn 0.70710676908493042 0.70710676908493042 0
vn 0.70710676908493042 0.70710676908493042 0
vn 0.70710676908493042 0.70710676908493042 0
vn 0.70710676908493042 0.70710676908493042 0
vn 0.70710676908493042 0.70710676908493042 0
vn 0.70710676908493042 0.70710676908493042 0
vn 0.70710676908493042 0.70710676908493042 0
vn 0.70710676908493042 0.70710676908493042 0
vn 0.70710676908493042 0.70710676908493042 0
vn 0.70710676908493042 0.70710676908493042 0
vn 0.70710676908493042 0.70710676908493042 0
vn 0 0.70710676908493042 -0.70710676908493042
vn 0 0.70710676908493042 -0.70710676908493042
vn 0 0.70710676908493042 -0.70710676908493042
vn 0 0.70710676908493042 -0.70710676908493042
vn 0 0.70710676908493042 -0.70710676908493042
vn 0 0.70710676908493042 -0.70710676908493042
vn 0 0.70710676908493042 -0.70710676908493042
vn 0 0.70710676908493042 -0.70710676908493042
vn 0 0.70710676908493042 -0.70710676908493042
vn 0 0.70710676908493042 -0.70710676908493042
vn 0 0.70710676908493042 -0.70710676908493042
vn 0 0.70710676908493042 -0.70710676908493042
vn 0 0.70710676908493042 -0.70710676908493042
vn 0 0.70710676908493042 -0.70710676908493042
vn 0 0.70710676908493042 -0.70710676908493042
vn 0 0.70710676908493042 -0.70710676908493042
vn 0 0.70710676908493042 -0.70710676908493042
vn 0 0.70710676908493042 -0.70710676908493042
vn 0 0.70710676908493042 -0.70710676908493042
vn 0 0.70710676908493042 -0.70710676908493042
vn 0 0.70710676908493042 -0.70710676908493042
vn 0 0.70710676908493042 -0.70710676908493042
vn 0 0.70710676908493042 -0.70710676908493042
vn 0 0.70710676908493042 -0.70710676908493042
vn 0 0.70710676908493042 -0.70710676908493042
vn 0 0.70710676908493042 -0.70710676908493042
vn 0 0.70710676908493042 -0.70710676908493042
vn 0 0.70710676908493042 -0.70710676908493042
vn 0 0.70710676908493042 -0.70710676908493042
vn 0 0.70710676908493042 -0.70710676908493042
vn 0 0.70710676908493042 -0.70710676908493042
vn 0 0.70710676908493042 -0.70710676908493042
vn 0 0.70710676908493042 -0.70710676908493042
vn 0 0.70710676908493042 -0.70710676908493042
vn 0 0.70710676908493042 -0.70710676908493042
vn 0 0.70710676908493042 -0.70710676908493042
vn 0 0.70710676908493042 -0.70710676908493042
vn 0 0.70710676908493042 -0.70710676908493042
vn 0 0.70710676908493042 -0.70710676908493042
vn 0 0.70710676908493042 -0.70710676908493042
vn 0 0.70710676908493042 -0.70710676908493042
vn 0 0.70710676908493042 -0.70710676908493042
vn 0 0.70710676908493042 -0.70710676908493042
vn 0 0.70710676908493042 -0.70710676908493042
vn 0 0.70710676908493042 -0.70710676908493042
vn 0 0.70710676908493042 -0.70710676908493042
vn 0 0.70710676908493042 -0.70710676908493042
vn 0 0.70710676908493042 -0.70710676908493042
vn 0 0.70710676908493042 -0.70710676908493042
vn 0 0.70710676908493042 -0.70710676908493042
vn 0 0.70710676908493042 -0.70710676908493042
vn 0 0.70710676908493042 -0.70710676908493042
vn 0 0.70710676908493042 -0.70710676908493042
vn 0 0.70710676908493042 -0.70710676908493042
vn 0 0.70710676908493042 -0.70710676908493042
vn 0 0.70710676908493042 -0.70710676908493042
vn 0 0.70710676908493042 -0.70710676908493042
vn 0 0.70710676908493042 -0.70710676908493042
vn 0 0.70710676908493042 -0.70710676908493042
vn 0 0.70710676908493042 -0.70710676908493042
vn 0 0.70710676908493042 -0.70710676908493042
vn 0 0.70710676908493042 -0.70710676908493042
vn 0 0.70710676908493042 -0.70710676908493042
vn 0 0.70710676908493042 -0.70710676908493042
vn 0 0.70710676908493042 -0.70710676908493042
vn 0 0.70710676908493042 -0.70710676908493042
vn 0 0.70710676908493042 -0.70710676908493042
vn 0 0.70710676908493042 -0.70710676908493042
vn 0 0.70710676908493042 -0.70710676908493042
vn 0 0.70710676908493042 -0.70710676908493042
vn 0 0.70710676908493042 -0.70710676908493042
vn 0 0.70710676908493042 -0.70710676908493042
vn 0 0.70710676908493042 -0.70710676908493042
vn 0 0.70710676908493042 -0.70710676908493042
vn 0 0.70710676908493042 -0.70710676908493042
vn 0 0.70710676908493042 -0.70710676908493042
vn 0 0.70710676908493042 -0.70710676908493042
vn 0 0.70710676908493042 -0.70710676908493042
vn 0 0.70710676908493042 -0.70710676908493042
vn 0 0.70710676908493042 -0.70710676908493042
vn 0 0.70710676908493042 -0.70710676908493042
vn 0 0.70710676908493042 -0.70710676908493042
vn 0 0.70710676908493042 -0.70710676908493042
vn 0 0.70710676908493042 -0.70710676908493042
vn 0 0.70710676908493042 -0.70710676908493042
vn 0 0.70710676908493042 -0.70710676908493042
vn 0 0.70710676908493042 -0.70710676908493042
vn 0 0.70710676908493042 -0.70710676908493042
vn 0 0.70710676908493042 -0.70710676908493042
vn 0 0.70710676908493042 -0.70710676908493042
vn 0 0.70710676908493042 -0.70710676908493042
vn 0 0.70710676908493042 -0.70710676908493042
vn 0 0.70710676908493042 -0.70710676908493042
vn 0 0.70710676908493042 -0.70710676908493042
vn 0 0.70710676908493042 -0.70710676908493042
vn 0 0.70710676908493042 -0.70710676908493042
vn 0 0.70710676908493042 -0.70710676908493042
vn 0 0.70710676908493042 -0.70710676908493042
vn 0 0.70710676908493042 -0.70710676908493042
vn 0 0.70710676908493042 -0.70710676908493042
vn 0 0.70710676908493042 -0.70710676908493042
vn 0 0.70710676908493042 -0.70710676908493042
vn 0 0.70710676908493042 -0.70710676908493042
vn 0 0.70710676908493042 -0.70710676908493042
vn 0 0.70710676908493042 -0.70710676908493042
vn 0 0.70710676908493042 -0.70710676908493042
vn 0 0.70710676908493042 -0.70710676908493042
vn 0 0.70710676908493042 -0.70710676908493042
vn 0 0.70710676908493042 -0.70710676908493042
vn 0 0.70710676908493042 -0.70710676908493042
vn 0 0.70710676908493042 -0.70710676908493042
vn 0 0.70710676908493042 -0.70710676908493042
vn 0 0.70710676908493042 -0.70710676908493042
vn 0 0.70710676908493042 -0.70710676908493042
vn 0 0.70710676908493042 -0.70710676908493042
vn 0 0.70710676908493042 -0.70710676908493042
vn 0 0.70710676908493042 -0.70710676908493042
vn 0 0.70710676908493042 -0.70710676908493042
vn 0 0.70710676908493042 -0.70710676908493042
vn 0 0.70710676908493042 -0.70710676908493042
vn 0 0.70710676908493042 -0.70710676908493042
vn 0 0.70710676908493042 -0.70710676908493042
vn 0 0.70710676908493042 -0.70710676908493042
vn 0 0.70710676908493042 -0.70710676908493042
vn 0 0.70710676908493042 -0.70710676908493042
vn 0 0.70710676908493042 -0.70710676908493042
vn 0 0.70710676908493042 -0.70710676908493042
vn 0 0.70710676908493042 -0.70710676908493042
vn 0 0.70710676908493042 -0.70710676908493042
vn 0 0.70710676908493042 -0.70710676908493042
vn 0 0.70710676908493042 -0.70710676908493042
vn 0 0.70710676908493042 -0.70710676908493042
vn -0.70710676908493042 0.70710676908493042 0
vn -0.70710676908493042 0.70710676908493042 0
vn -0.70710676908493042 0.70710676908493042 0
vn -0.70710676908493042 0.70710676908493042 0
vn -0.70710676908493042 0.70710676908493042 0
vn -0.70710676908493042 0.70710676908493042 0
vn -0.70710676908493042 0.70710676908493042 0
vn -0.70710676908493042 0.70710676908493042 0
vn -0.70710676908493042 0.70710676908493042 0
vn -0.70710676908493042 0.70710676908493042 0
vn -0.70710676908493042 0.70710676908493042 0
vn -0.70710676908493042 0.70710676908493042 0
vn -0.70710676908493042 0.70710676908493042 0
vn -0.70710676908493042 0.70710676908493042 0
vn -0.70710676908493042 0.70710676908493042 0
vn -0.70710676908493042 0.70710676908493042 0
vn -0.70710676908493042 0.70710676908493042 0
vn -0.70710676908493042 0.70710676908493042 0
vn -0.70710676908493042 0.70710676908493042 0
vn -0.70710676908493042 0.70710676908493042 0
vn 0 -0.70710676908493042 0.70710676908493042
vn 0 -0.70710676908493042 0.70710676908493042
vn 0 -0.70710676908493042 0.70710676908493042
vn 0 -0.70710676908493042 0.70710676908493042
vn 0 -0.70710676908493042 0.70710676908493042
vn 0 -0.70710676908493042 0.70710676908493042
vn 0 -0.70710676908493042 0.70710676908493042
vn 0 -0.70710676908493042 0.70710676908493042
vn 0 -0.70710676908493042 0.70710676908493042
vn 0 -0.70710676908493042 0.70710676908493042
vn 0 -0.70710676908493042 0.70710676908493042
vn 0 -0.70710676908493042 0.70710676908493042
vn 0 -0.70710676908493042 0.70710676908493042
vn 0 -0.70710676908493042 0.70710676908493042
vn 0 -0.70710676908493042 0.70710676908493042
vn 0 -0.70710676908493042 0.70710676908493042
vn 0 -0.70710676908493042 0.70710676908493042
vn 0 -0.70710676908493042 0.70710676908493042
vn 0 -0.70710676908493042 0.70710676908493042
vn 0 -0.70710676908493042 0.70710676908493042
vn 0.70710676908493042 -0.70710676908493042 0
vn 0.70710676908493042 -0.70710676908493042 0
vn 0.70710676908493042 -0.70710676908493042 0
vn 0.70710676908493042 -0.70710676908493042 0
vn 0.70710676908493042 -0.70710676908493042 0
vn 0.70710676908493042 -0.70710676908493042 0
vn 0.70710676908493042 -0.70710676908493042 0
vn 0.70710676908493042 -0.70710676908493042 0
vn 0.70710676908493042 -0.70710676908493042 0
vn 0.70710676908493042 -0.70710676908493042 0
vn 0.70710676908493042 -0.70710676908493042 0
vn 0.70710676908493042 -0.70710676908493042 0
vn 0.70710676908493042 -0.70710676908493042 0
vn 0.70710676908493042 -0.70710676908493042 0
vn 0.70710676908493042 -0.70710676908493042 0
vn 0.70710676908493042 -0.70710676908493042 0
vn 0.70710676908493042 -0.70710676908493042 0
vn 0.70710676908493042 -0.70710676908493042 0
vn 0.70710676908493042 -0.70710676908493042 0
vn 0.70710676908493042 -0.70710676908493042 0
vn 0 -0.70710676908493042 -0.70710676908493042
vn 0 -0.70710676908493042 -0.70710676908493042
vn 0 -0.70710676908493042 -0.70710676908493042
vn 0 -0.70710676908493042 -0.70710676908493042
vn 0 -0.70710676908493042 -0.70710676908493042
vn 0 -0.70710676908493042 -0.70710676908493042
vn 0 -0.70710676908493042 -0.70710676908493042
vn 0 -0.70710676908493042 -0.70710676908493042
vn 0 -0.70710676908493042 -0.70710676908493042
vn 0 -0.70710676908493042 -0.70710676908493042
vn 0 -0.70710676908493042 -0.70710676908493042
vn 0 -0.70710676908493042 -0.70710676908493042
vn 0 -0.70710676908493042 -0.70710676908493042
vn 0 -0.70710676908493042 -0.70710676908493042
vn 0 -0.70710676908493042 -0.70710676908493042
vn 0 -0.70710676908493042 -0.70710676908493042
vn 0 -0.70710676908493042 -0.70710676908493042
vn 0 -0.70710676908493042 -0.70710676908493042
vn 0 -0.70710676908493042 -0.70710676908493042
vn 0 -0.70710676908493042 -0.70710676908493042
vn -0.70710676908493042 -0.70710676908493042 0
vn -0.70710676908493042 -0.70710676908493042 0
vn -0.70710676908493042 -0.70710676908493042 0
vn -0.70710676908493042 -0.70710676908493042 0
vn -0.70710676908493042 -0.70710676908493042 0
vn -0.70710676908493042 -0.70710676908493042 0
vn -0.70710676908493042 -0.70710676908493042 0
vn -0.70710676908493042 -0.70710676908493042 0
vn -0.70710676908493042 -0.70710676908493042 0
vn -0.70710676908493042 -0.70710676908493042 0
vn -0.70710676908493042 -0.70710676908493042 0
vn -0.70710676908493042 -0.70710676908493042 0
vn -0.70710676908493042 -0.70710676908493042 0
vn -0.70710676908493042 -0.70710676908493042 0
vn -0.70710676908493042 -0.70710676908493042 0
vn -0.70710676908493042 -0.70710676908493042 0
vn -0.70710676908493042 -0.70710676908493042 0
vn -0.70710676908493042 -0.70710676908493042 0
vn -0.70710676908493042 -0.70710676908493042 0
vn -0.70710676908493042 -0.70710676908493042 0
f 948/1156/1156 945/1153/1153 946/1154/1154 947/1155/1155
f 947/1158/1158 946/1157/1157 949/1159/1159 950/1160/1160
f 950/1164/1164 949/1161/1161 951/1162/1162 952/1163/1163
f 952/1168/1168 951/1165/1165 945/1166/1166 948/1167/1167
f 956/1172/1172 954/1170/1170 953/1169/1169 955/1171/1171
f 959/1175/1175 957/1173/1173 960/1176/1176 958/1174/1174
f 970/1190/1190 967/1187/1187 968/1188/1188
f 966/1186/1186 967/1187/1187 970/1190/1190
f 971/1191/1191 965/1185/1185 966/1186/1186
f 972/1192/1192 964/1184/1184 965/1185/1185
f 963/1183/1183 974/1194/1194 962/1182/1182
f 957/1180/1180 961/1181/1181 976/1196/1196
f 961/1181/1181 962/1182/1182 975/1195/1195
f 964/1184/1184 973/1193/1193 963/1183/1183
f 969/1189/1189 968/1188/1188 948/1177/1177
f 971/1191/1191 972/1192/1192 965/1185/1185
f 970/1190/1190 971/1191/1191 966/1186/1186
f 948/1177/1177 947/1178/1178 969/1189/1189
f 970/1190/1190 968/1188/1188 969/1189/1189
f 976/1196/1196 960/1179/1179 957/1180/1180
f 975/1195/1195 962/1182/1182 974/1194/1194
f 974/1194/1194 963/1183/1183 973/1193/1193
f 961/1181/1181 975/1195/1195 976/1196/1196
f 973/1193/1193 964/1184/1184 972/1192/1192
f 969/1208/1208 977/1209/1209 970/1207/1207
f 972/1205/1205 971/1206/1206 979/1211/1211
f 971/1206/1206 970/1207/1207 979/1211/1211
f 980/1212/1212 973/1204/1204 972/1205/1205
f 973/1204/1204 981/1213/1213 974/1203/1203
f 983/1215/1215 976/1201/1201 975/1202/1202
f 958/1199/1199 960/1200/1200 976/1201/1201
f 975/1202/1202 974/1203/1203 982/1214/1214
f 947/1197/1197 977/1209/1209 969/1208/1208
f 979/1211/1211 980/1212/1212 972/1205/1205
f 970/1207/1207 978/1210/1210 979/1211/1211
f 947/1197/1197 950/1198/1198 977/1209/1209
f 981/1213/1213 973/1204/1204 980/1212/1212
f 984/1216/1216 958/1199/1199 976/1201/1201
f 976/1201/1201 983/1215/1215 984/1216/1216
f 983/1215/1215 975/1202/1202 982/1214/1214
f 974/1203/1203 981/1213/1213 982/1214/1214
f 970/1207/1207 977/1209/1209 978/1210/1210
f 1085/1329/1329 1080/1324/1324 1086/1330/1330 1088/1332/1332
f 1088/1332/1332 1086/1330/1330 1082/1326/1326 1087/1331/1331
f 1086/1330/1330 1080/1324/1324 1067/1311/1311
f 1081/1325/1325 1082/1326/1326 1086/1330/1330
f 1067/1311/1311 1081/1325/1325 1086/1330/1330
f 1082/1326/1326 1081/1325/1325 1068/1312/1312 1073/1317/1317
f 1081/1325/1325 1067/1311/1311 985/1229/1229
f 1009/1253/1253 1068/1312/1312 1081/1325/1325
f 985/1229/1229 1009/1253/1253 1081/1325/1325
f 1074/1318/1318 1068/1312/1312 1009/1253/1253
f 1000/1244/1244 1053/1297/1297 1074/1318/1318
f 1009/1253/1253 1000/1244/1244 1074/1318/1318
f 1076/1320/1320 1073/1317/1317 1077/1321/1321 1079/1323/1323
f 1079/1323/1323 1077/1321/1321 1075/1319/1319 1078/1322/1322
f 1077/1321/1321 1073/1317/1317 1068/1312/1312
f 1074/1318/1318 1075/1319/1319 1077/1321/1321
f 1068/1312/1312 1074/1318/1318 1077/1321/1321
f 1075/1319/1319 1074/1318/1318 1053/1297/1297 1064/1308/1308
f 1015/1259/1259 1011/1255/1255 1009/1253/1253
f 985/1229/1229 998/1242/1242 1015/1259/1259
f 1009/1253/1253 985/1229/1229 1015/1259/1259
f 1018/1262/1262 1017/1261/1261 1015/1259/1259
f 998/1242/1242 1007/1251/1251 1018/1262/1262
f 1015/1259/1259 998/1242/1242 1018/1262/1262
f 1007/1251/1251 1013/1257/1257 1020/1264/1264 1018/1262/1262
f 1018/1262/1262 1020/1264/1264 1019/1263/1263 1017/1261/1261
f 1015/1259/1259 1017/1261/1261 1016/1260/1260 1011/1255/1255
f 1026/1270/1270 1023/1267/1267 1021/1265/1265
f 1011/1255/1255 1016/1260/1260 1026/1270/1270
f 1021/1265/1265 1011/1255/1255 1026/1270/1270
f 1016/1260/1260 1027/1271/1271 1029/1273/1273 1026/1270/1270
f 1026/1270/1270 1029/1273/1273 1028/1272/1272 1023/1267/1267
f 1021/1265/1265 1023/1267/1267 1022/1266/1266 1010/1254/1254
f 1021/1265/1265 1010/1254/1254 1000/1244/1244
f 1009/1253/1253 1011/1255/1255 1021/1265/1265
f 1000/1244/1244 1009/1253/1253 1021/1265/1265
f 1030/1274/1274 1025/1269/1269 1024/1268/1268
f 1000/1244/1244 1010/1254/1254 1030/1274/1274
f 1024/1268/1268 1000/1244/1244 1030/1274/1274
f 1033/1277/1277 1032/1276/1276 1030/1274/1274
f 1010/1254/1254 1022/1266/1266 1033/1277/1277
f 1030/1274/1274 1010/1254/1254 1033/1277/1277
f 1022/1266/1266 1034/1278/1278 1036/1280/1280 1033/1277/1277
f 1033/1277/1277 1036/1280/1280 1035/1279/1279 1032/1276/1276
f 1030/1274/1274 1032/1276/1276 1031/1275/1275 1025/1269/1269
f 1039/1283/1283 1038/1282/1282 1037/1281/1281
f 1025/1269/1269 1031/1275/1275 1039/1283/1283
f 1037/1281/1281 1025/1269/1269 1039/1283/1283
f 1031/1275/1275 1040/1284/1284 1042/1286/1286 1039/1283/1283
f 1039/1283/1283 1042/1286/1286 1041/1285/1285 1038/1282/1282
f 1038/1282/1282 1041/1285/1285 1044/1288/1288 1043/1287/1287
f 1069/1313/1313 1064/1308/1308 1070/1314/1314 1072/1316/1316
f 1072/1316/1316 1070/1314/1314 1066/1310/1310 1071/1315/1315
f 1070/1314/1314 1064/1308/1308 1053/1297/1297
f 1065/1309/1309 1066/1310/1310 1070/1314/1314
f 1053/1297/1297 1065/1309/1309 1070/1314/1314
f 1066/1310/1310 1065/1309/1309 1054/1298/1298 1055/1299/1299
f 1065/1309/1309 1053/1297/1297 1000/1244/1244
f 1024/1268/1268 1054/1298/1298 1065/1309/1309
f 1000/1244/1244 1024/1268/1268 1065/1309/1309
f 1061/1305/1305 1055/1299/1299 1062/1306/1306 1063/1307/1307
f 1063/1307/1307 1062/1306/1306 1057/1301/1301 1058/1302/1302
f 1062/1306/1306 1055/1299/1299 1054/1298/1298
f 1056/1300/1300 1057/1301/1301 1062/1306/1306
f 1054/1298/1298 1056/1300/1300 1062/1306/1306
f 1058/1302/1302 1057/1301/1301 1059/1303/1303 1060/1304/1304
f 1104/1348/1348 1103/1347/1347 1102/1346/1346
f 1096/1340/1340 1098/1342/1342 1104/1348/1348
f 1102/1346/1346 1096/1340/1340 1104/1348/1348
f 1099/1343/1343 1096/1340/1340 987/1231/1231
f 986/1230/1230 1083/1327/1327 1099/1343/1343
f 987/1231/1231 986/1230/1230 1099/1343/1343
f 1098/1342/1342 1096/1340/1340 1099/1343/1343 1100/1344/1344
f 1101/1345/1345 1100/1344/1344 1099/1343/1343
f 1083/1327/1327 1093/1337/1337 1101/1345/1345
f 1099/1343/1343 1083/1327/1327 1101/1345/1345
f 993/1237/1237 991/1235/1235 989/1233/1233
f 990/1234/1234 992/1236/1236 993/1237/1237
f 989/1233/1233 990/1234/1234 993/1237/1237
f 989/1233/1233 991/1235/1235 996/1240/1240 994/1238/1238
f 1001/1245/1245 995/1239/1239 988/1232/1232
f 994/1238/1238 996/1240/1240 1001/1245/1245
f 988/1232/1232 994/1238/1238 1001/1245/1245
f 994/1238/1238 988/1232/1232 986/1230/1230
f 987/1231/1231 989/1233/1233 994/1238/1238
f 986/1230/1230 987/1231/1231 994/1238/1238
f 1002/1246/1246 999/1243/1243 997/1241/1241
f 986/1230/1230 988/1232/1232 1002/1246/1246
f 997/1241/1241 986/1230/1230 1002/1246/1246
f 988/1232/1232 995/1239/1239 1004/1248/1248 1002/1246/1246
f 1005/1249/1249 1003/1247/1247 999/1243/1243
f 1002/1246/1246 1004/1248/1248 1005/1249/1249
f 999/1243/1243 1002/1246/1246 1005/1249/1249
f 999/1243/1243 1003/1247/1247 1008/1252/1252 1006/1250/1250
f 1014/1258/1258 1012/1256/1256 1008/1252/1252
f 1012/1256/1256 1014/1258/1258 1013/1257/1257 1007/1251/1251
f 1012/1256/1256 1007/1251/1251 998/1242/1242
f 1006/1250/1250 1008/1252/1252 1012/1256/1256
f 998/1242/1242 1006/1250/1250 1012/1256/1256
f 1006/1250/1250 998/1242/1242 985/1229/1229
f 997/1241/1241 999/1243/1243 1006/1250/1250
f 985/1229/1229 997/1241/1241 1006/1250/1250
f 1093/1337/1337 1083/1327/1327 1094/1338/1338 1095/1339/1339
f 1097/1341/1341 1095/1339/1339 1094/1338/1338
f 1084/1328/1328 1089/1333/1333 1097/1341/1341
f 1094/1338/1338 1084/1328/1328 1097/1341/1341
f 1094/1338/1338 1083/1327/1327 986/1230/1230
f 997/1241/1241 1084/1328/1328 1094/1338/1338
f 986/1230/1230 997/1241/1241 1094/1338/1338
f 1090/1334/1334 1084/1328/1328 997/1241/1241
f 985/1229/1229 1067/1311/1311 1090/1334/1334
f 997/1241/1241 985/1229/1229 1090/1334/1334
f 1089/1333/1333 1084/1328/1328 1090/1334/1334 1091/1335/1335
f 1092/1336/1336 1091/1335/1335 1090/1334/1334
f 1067/1311/1311 1080/1324/1324 1092/1336/1336
f 1090/1334/1334 1067/1311/1311 1092/1336/1336
f 1041/1285/1285 977/1228/1228 950/1217/1217
f 950/1217/1217 1044/1288/1288 1041/1285/1285
f 977/1228/1228 1041/1285/1285 1042/1286/1286
f 1044/1288/1288 950/1217/1217 1043/1287/1287
f 1040/1284/1284 977/1228/1228 1042/1286/1286
f 1034/1278/1278 979/1226/1226 978/1227/1227
f 1040/1284/1284 1035/1279/1279 977/1228/1228
f 1035/1279/1279 978/1227/1227 977/1228/1228
f 978/1227/1227 1035/1279/1279 1036/1280/1280
f 978/1227/1227 1036/1280/1280 1034/1278/1278
f 1035/1279/1279 1040/1284/1284 1031/1275/1275 1032/1276/1276
f 1028/1272/1272 979/1226/1226 1034/1278/1278
f 1037/1281/1281 1038/1282/1282 1043/1287/1287
f 1025/1269/1269 1037/1281/1281 1024/1268/1268
f 1037/1281/1281 1056/1300/1300 1024/1268/1268
f 1043/1287/1287 1059/1303/1303 1056/1300/1300 1037/1281/1281
f 979/1226/1226 1028/1272/1272 1029/1273/1273
f 979/1226/1226 1029/1273/1273 1027/1271/1271
f 1028/1272/1272 1034/1278/1278 1022/1266/1266 1023/1267/1267
f 950/1217/1217 952/1218/1218 1059/1303/1303 1043/1287/1287
f 980/1225/1225 979/1226/1226 1027/1271/1271
f 1020/1264/1264 980/1225/1225 1019/1263/1263
f 1019/1263/1263 980/1225/1225 1027/1271/1271
f 1013/1257/1257 980/1225/1225 1020/1264/1264
f 1016/1260/1260 1017/1261/1261 1019/1263/1263 1027/1271/1271
f 1014/1258/1258 980/1225/1225 1013/1257/1257
f 1008/1252/1252 981/1224/1224 1014/1258/1258
f 980/1225/1225 1014/1258/1258 981/1224/1224
f 982/1223/1223 981/1224/1224 1003/1247/1247
f 995/1239/1239 983/1222/1222 982/1223/1223
f 996/1240/1240 984/1221/1221 983/1222/1222
f 958/1220/1220 984/1221/1221 992/1236/1236
f 981/1224/1224 1008/1252/1252 1003/1247/1247
f 982/1223/1223 1003/1247/1247 1005/1249/1249
f 982/1223/1223 1004/1248/1248 995/1239/1239
f 983/1222/1222 995/1239/1239 1001/1245/1245
f 982/1223/1223 1005/1249/1249 1004/1248/1248
f 984/1221/1221 996/1240/1240 991/1235/1235
f 984/1221/1221 991/1235/1235 993/1237/1237
f 989/1233/1233 987/1231/1231 990/1234/1234
f 958/1220/1220 992/1236/1236 990/1234/1234
f 984/1221/1221 993/1237/1237 992/1236/1236
f 983/1222/1222 1001/1245/1245 996/1240/1240
f 990/1234/1234 1102/1346/1346 959/1219/1219 958/1220/1220
f 1059/1303/1303 1057/1301/1301 1056/1300/1300
f 952/1218/1218 1058/1302/1302 1060/1304/1304
f 1060/1304/1304 1059/1303/1303 952/1218/1218
f 1066/1310/1310 1055/1299/1299 1061/1305/1305 1071/1315/1315
f 1082/1326/1326 1073/1317/1317 1076/1320/1320 1087/1331/1331
f 1075/1319/1319 1064/1308/1308 1069/1313/1313 1078/1322/1322
f 1045/1289/1289 1061/1305/1305 1063/1307/1307
f 1045/1289/1289 1071/1315/1315 1061/1305/1305
f 1046/1290/1290 1072/1316/1316 1071/1315/1315
f 1045/1289/1289 1063/1307/1307 1058/1302/1302
f 1045/1289/1289 1046/1290/1290 1071/1315/1315
f 1045/1289/1289 1058/1302/1302 952/1218/1218
f 1047/1291/1291 1078/1322/1322 1069/1313/1313
f 1047/1291/1291 1079/1323/1323 1078/1322/1322
f 1076/1320/1320 1079/1323/1323 1047/1291/1291
f 1046/1290/1290 1047/1291/1291 1069/1313/1313
f 1048/1292/1292 1076/1320/1320 1047/1291/1291
f 1046/1290/1290 1069/1313/1313 1072/1316/1316
f 1085/1329/1329 1092/1336/1336 1080/1324/1324
f 1049/1293/1293 1091/1335/1335 1092/1336/1336
f 1050/1294/1294 1097/1341/1341 1089/1333/1333
f 1050/1294/1294 1095/1339/1339 1097/1341/1341
f 1089/1333/1333 1091/1335/1335 1049/1293/1293
f 1102/1346/1346 987/1231/1231 1096/1340/1340
f 1051/1295/1295 1101/1345/1345 1093/1337/1337
f 1051/1295/1295 1100/1344/1344 1101/1345/1345
f 1093/1337/1337 1095/1339/1339 1050/1294/1294
f 1051/1295/1295 1093/1337/1337 1050/1294/1294
f 1048/1292/1292 1088/1332/1332 1087/1331/1331
f 1092/1336/1336 1085/1329/1329 1049/1293/1293
f 1049/1293/1293 1085/1329/1329 1048/1292/1292
f 1088/1332/1332 1048/1292/1292 1085/1329/1329
f 1089/1333/1333 1049/1293/1293 1050/1294/1294
f 1048/1292/1292 1087/1331/1331 1076/1320/1320
f 1052/1296/1296 1104/1348/1348 1098/1342/1342
f 1052/1296/1296 1103/1347/1347 1104/1348/1348
f 959/1219/1219 1103/1347/1347 1052/1296/1296
f 1052/1296/1296 1098/1342/1342 1100/1344/1344
f 1100/1344/1344 1051/1295/1295 1052/1296/1296
f 1102/1346/1346 1103/1347/1347 959/1219/1219
f 987/1231/1231 1102/1346/1346 990/1234/1234
f 1056/1300/1300 1054/1298/1298 1024/1268/1268
f 967/1354/1354 1046/1367/1367 1045/1368/1368
f 1047/1366/1366 1046/1367/1367 966/1355/1355
f 965/1356/1356 1048/1365/1365 1047/1366/1366
f 964/1357/1357 1049/1364/1364 1048/1365/1365
f 1050/1363/1363 962/1359/1359 1051/1362/1362
f 959/1352/1352 1052/1361/1361 961/1360/1360
f 1052/1361/1361 1051/1362/1362 961/1360/1360
f 1049/1364/1364 964/1357/1357 1050/1363/1363
f 968/1353/1353 1045/1368/1368 952/1349/1349
f 965/1356/1356 964/1357/1357 1048/1365/1365
f 1046/1367/1367 967/1354/1354 966/1355/1355
f 952/1349/1349 948/1350/1350 968/1353/1353
f 967/1354/1354 1045/1368/1368 968/1353/1353
f 959/1352/1352 961/1360/1360 957/1351/1351
f 1051/1362/1362 962/1359/1359 961/1360/1360
f 964/1357/1357 963/1358/1358 1050/1363/1363
f 1050/1363/1363 963/1358/1358 962/1359/1359
f 965/1356/1356 1047/1366/1366 966/1355/1355
f 1114/1382/1382 1111/1379/1379 1112/1380/1380
f 1109/1377/1377 1110/1378/1378 1115/1383/1383
f 1108/1376/1376 1109/1377/1377 1117/1385/1385
f 1110/1378/1378 1111/1379/1379 1115/1383/1383
f 1107/1375/1375 1119/1387/1387 1106/1374/1374
f 956/1372/1372 1105/1373/1373 954/1371/1371
f 1105/1373/1373 1106/1374/1374 1120/1388/1388
f 1108/1376/1376 1118/1386/1386 1107/1375/1375
f 946/1369/1369 1113/1381/1381 1112/1380/1380
f 1109/1377/1377 1116/1384/1384 1117/1385/1385
f 1111/1379/1379 1114/1382/1382 1115/1383/1383
f 946/1369/1369 945/1370/1370 1113/1381/1381
f 1115/1383/1383 1116/1384/1384 1109/1377/1377
f 1120/1388/1388 954/1371/1371 1105/1373/1373
f 1119/1387/1387 1120/1388/1388 1106/1374/1374
f 1117/1385/1385 1118/1386/1386 1108/1376/1376
f 1107/1375/1375 1118/1386/1386 1119/1387/1387
f 1114/1382/1382 1112/1380/1380 1113/1381/1381
f 946/1390/1390 1128/1408/1408 949/1389/1389
f 1125/1405/1405 1126/1406/1406 1110/1395/1395
f 1124/1404/1404 1125/1405/1405 1109/1396/1396
f 1126/1406/1406 1127/1407/1407 1110/1395/1395
f 1124/1404/1404 1108/1397/1397 1123/1403/1403
f 955/1392/1392 1121/1401/1401 956/1391/1391
f 1121/1401/1401 1122/1402/1402 1106/1399/1399
f 1106/1399/1399 1122/1402/1402 1123/1403/1403
f 1112/1393/1393 1127/1407/1407 1128/1408/1408
f 1110/1395/1395 1109/1396/1396 1125/1405/1405
f 1127/1407/1407 1111/1394/1394 1110/1395/1395
f 1112/1393/1393 1111/1394/1394 1127/1407/1407
f 1108/1397/1397 1124/1404/1404 1109/1396/1396
f 1105/1400/1400 956/1391/1391 1121/1401/1401
f 1123/1403/1403 1107/1398/1398 1106/1399/1399
f 1107/1398/1398 1123/1403/1403 1108/1397/1397
f 1121/1401/1401 1106/1399/1399 1105/1400/1400
f 946/1390/1390 1112/1393/1393 1128/1408/1408
f 949/1410/1410 1136/1428/1428 951/1409/1409
f 1132/1424/1424 1133/1425/1425 1125/1416/1416
f 1133/1425/1425 1134/1426/1426 1126/1415/1415
f 1127/1414/1414 1134/1426/1426 1135/1427/1427
f 1124/1417/1417 1131/1423/1423 1132/1424/1424
f 1130/1422/1422 1121/1420/1420 1129/1421/1421
f 955/1411/1411 953/1412/1412 1129/1421/1421
f 1123/1418/1418 1130/1422/1422 1131/1423/1423
f 1128/1413/1413 1135/1427/1427 1136/1428/1428
f 1126/1415/1415 1125/1416/1416 1133/1425/1425
f 1134/1426/1426 1127/1414/1414 1126/1415/1415
f 1136/1428/1428 949/1410/1410 1128/1413/1413
f 1125/1416/1416 1124/1417/1417 1132/1424/1424
f 1121/1420/1420 955/1411/1411 1129/1421/1421
f 1122/1419/1419 1121/1420/1420 1130/1422/1422
f 1123/1418/1418 1122/1419/1419 1130/1422/1422
f 1131/1423/1423 1124/1417/1417 1123/1418/1418
f 1128/1413/1413 1127/1414/1414 1135/1427/1427
f 1113/1440/1440 1135/1442/1442 1114/1439/1439
f 1116/1437/1437 1115/1438/1438 1134/1443/1443
f 1115/1438/1438 1114/1439/1439 1135/1442/1442
f 1136/1441/1441 1113/1440/1440 945/1429/1429
f 1131/1446/1446 1119/1434/1434 1118/1435/1435
f 954/1432/1432 1120/1433/1433 953/1431/1431
f 1120/1433/1433 1119/1434/1434 1130/1447/1447
f 1118/1435/1435 1117/1436/1436 1132/1445/1445
f 1133/1444/1444 1117/1436/1436 1116/1437/1437
f 1134/1443/1443 1133/1444/1444 1116/1437/1437
f 1135/1442/1442 1113/1440/1440 1136/1441/1441
f 951/1430/1430 1136/1441/1441 945/1429/1429
f 1133/1444/1444 1132/1445/1445 1117/1436/1436
f 1129/1448/1448 953/1431/1431 1120/1433/1433
f 1130/1447/1447 1119/1434/1434 1131/1446/1446
f 1131/1446/1446 1118/1435/1435 1132/1445/1445
f 1120/1433/1433 1130/1447/1447 1129/1448/1448
f 1135/1442/1442 1134/1443/1443 1115/1438/1438
v 1.937536358833313 0.16417299211025238 0.47463136911392212
v 1.937536358833313 1.9147130250930786 0.47463136911392212
v 0.98827344179153442 0.16417299211025238 0.47463136911392212
v 0.98827344179153442 1.9147130250930786 0.47463136911392212
v 1.937536358833313 0.16417299211025238 -0.47463136911392212
v 1.937536358833313 1.9147130250930786 -0.47463136911392212
v 0.98827344179153442 0.16417299211025238 -0.47463136911392212
v 0.98827344179153442 1.9147130250930786 -0.47463136911392212
v 1.0882734060287476 0.064172990620136261 0.3746313750743866
v 1.0882734060287476 0.064172990620136261 -0.3746313750743866
v 1.8375363349914551 0.064172990620136261 -0.3746313750743866
v 1.8375363349914551 0.064172990620136261 0.3746313750743866
v 1.0882734060287476 2.0147130489349365 -0.3746313750743866
v 1.8375363349914551 2.0147130489349365 -0.3746313750743866
v 1.8375363349914551 2.0147130489349365 0.3746313750743866
v 1.0882734060287476 2.0147130489349365 0.3746313750743866
v 1.9264252185821533 1.9258241653442383 0.46352025866508484
v 1.9153140783309937 1.9369353055953979 0.45240914821624756
v 1.9042030572891235 1.9480463266372681 0.44129803776741028
v 1.8930919170379639 1.9591574668884277 0.430186927318573
v 1.8819807767868042 1.9702686071395874 0.41907581686973572
v 1.8708696365356445 1.9813797473907471 0.40796470642089844
v 1.8597586154937744 1.9924907684326172 0.39685359597206116
v 1.8486474752426147 2.0036020278930664 0.38574248552322388
v 1.0771623849868774 2.0036020278930664 0.38574248552322388
v 1.0660512447357178 1.9924907684326172 0.39685359597206116
v 1.0549401044845581 1.9813797473907471 0.40796470642089844
v 1.0438289642333984 1.9702686071395874 0.41907581686973572
v 1.0327179431915283 1.9591574668884277 0.430186927318573
v 1.0216068029403687 1.9480463266372681 0.44129803776741028
v 1.010495662689209 1.9369353055953979 0.45240914821624756
v 0.99938458204269409 1.9258241653442383 0.46352025866508484
v 1.9264252185821533 1.9258241653442383 -0.46352025866508484
v 1.9153140783309937 1.9369353055953979 -0.45240914821624756
v 1.9042030572891235 1.9480463266372681 -0.44129803776741028
v 1.8930919170379639 1.9591574668884277 -0.430186927318573
v 1.8819807767868042 1.9702686071395874 -0.41907581686973572
v 1.8708696365356445 1.9813797473907471 -0.40796470642089844
v 1.8597586154937744 1.9924907684326172 -0.39685359597206116
v 1.8486474752426147 2.0036020278930664 -0.38574248552322388
v 0.99938458204269409 1.9258241653442383 -0.46352025866508484
v 1.010495662689209 1.9369353055953979 -0.45240914821624756
v 1.0216068029403687 1.9480463266372681 -0.44129803776741028
v 1.0327179431915283 1.9591574668884277 -0.430186927318573
v 1.0438289642333984 1.9702686071395874 -0.41907581686973572
v 1.0549401044845581 1.9813797473907471 -0.40796470642089844
v 1.0660512447357178 1.9924907684326172 -0.39685359597206116
v 1.0771623849868774 2.0036020278930664 -0.38574248552322388
v 1.0382734537124634 1.9647130966186523 0
v 1.0132734775543213 1.9397130012512207 0
v 1.0132734775543213 1.9397130012512207 0.23731568455696106
v 1.0007734298706055 1.9272130727767944 0
v 1.0007734298706055 1.9272130727767944 0.23731568455696106
v 1.0007734298706055 1.9272130727767944 0.35597354173660278
v 0.99452346563339233 1.9209630489349365 0.23731568455696106
v 0.99452346563339233 1.9209630489349365 0.35597354173660278
v 0.99452346563339233 1.9209630489349365 0.41530245542526245
v 0.99139845371246338 1.9178380966186523 0.35597354173660278
v 0.99139845371246338 1.9178380966186523 0.41530245542526245
v 1.0007734298706055 1.9272130727767944 0.41530245542526245
v 0.99764841794967651 1.9240880012512207 0.35597354173660278
v 0.99764841794967651 1.9240880012512207 0.41530245542526245
v 1.0132734775543213 1.9397130012512207 0.35597354173660278
v 1.0070234537124634 1.9334630966186523 0.23731568455696106
v 1.0070234537124634 1.9334630966186523 0.35597354173660278
v 1.0382734537124634 1.9647130966186523 0.23731568455696106
v 1.0257734060287476 1.9522130489349365 0
v 1.0257734060287476 1.9522130489349365 0.23731568455696106
v 1.0632734298706055 1.9897130727767944 0
v 1.0132734775543213 1.9397130012512207 0.41530245542526245
v 1.0101484060287476 1.9365880489349365 0.35597354173660278
v 1.0070234537124634 1.9334630966186523 0.41530245542526245
v 1.0101484060287476 1.9365880489349365 0.41530245542526245
v 1.0257734060287476 1.9522130489349365 0.35597354173660278
v 1.0195233821868896 1.9459630250930786 0.23731568455696106
v 1.0195233821868896 1.9459630250930786 0.35597354173660278
v 1.0257734060287476 1.9522130489349365 0.41530245542526245
v 1.0226484537124634 1.9490880966186523 0.35597354173660278
v 1.0195233821868896 1.9459630250930786 0.41530245542526245
v 1.0226484537124634 1.9490880966186523 0.41530245542526245
v 1.0382734537124634 1.9647130966186523 0.35597354173660278
v 1.0320234298706055 1.9584630727767944 0.23731568455696106
v 1.0320234298706055 1.9584630727767944 0.35597354173660278
v 1.0632734298706055 1.9897130727767944 0.23731568455696106
v 1.0507733821868896 1.9772130250930786 0
v 1.0507733821868896 1.9772130250930786 0.23731568455696106
v 1.0382734537124634 1.9647130966186523 0.41530245542526245
v 1.0351483821868896 1.9615880250930786 0.35597354173660278
v 1.0320234298706055 1.9584630727767944 0.41530245542526245
v 1.0351485013961792 1.9615880250930786 0.41530245542526245
v 1.0507733821868896 1.9772130250930786 0.35597354173660278
v 1.0445234775543213 1.9709630012512207 0.23731568455696106
v 1.0445234775543213 1.9709630012512207 0.35597354173660278
v 1.0413984060287476 1.9678380489349365 0.35597354173660278
v 1.0632734298706055 1.9897130727767944 0.35597354173660278
v 1.0570234060287476 1.9834630489349365 0.23731568455696106
v 1.0570234060287476 1.9834630489349365 0.35597354173660278
v 1.0757734775543213 2.0022130012512207 0
v 1.0757734775543213 2.0022130012512207 0.23731568455696106
v 1.0538984537124634 1.9803380966186523 0.35597354173660278
v 1.0757734775543213 2.0022130012512207 0.35597354173660278
v 1.0695234537124634 1.9959630966186523 0.23731568455696106
v 1.0695234537124634 1.9959630966186523 0.35597354173660278
v 1.0663985013961792 1.9928380250930786 0.35597354173660278
v 1.0820233821868896 2.0084631443023682 0.23731568455696106
v 1.0820233821868896 2.0084631443023682 0.35597354173660278
v 1.0788984298706055 2.0053379535675049 0.35597354173660278
v 1.0632734298706055 1.9897130727767944 -0.23731568455696106
v 1.0757734775543213 2.0022130012512207 -0.23731568455696106
v 1.0820235013961792 2.0084631443023682 -0.23731568455696106
v 1.0757734775543213 2.0022130012512207 -0.35597354173660278
v 1.0820233821868896 2.0084631443023682 -0.35597354173660278
v 1.0788984298706055 2.0053379535675049 -0.35597354173660278
v 1.0695234537124634 1.9959630966186523 -0.23731568455696106
v 1.0632734298706055 1.9897130727767944 -0.35597354173660278
v 1.0695234537124634 1.9959630966186523 -0.35597354173660278
v 1.0382734537124634 1.9647130966186523 -0.23731568455696106
v 1.0507733821868896 1.9772130250930786 -0.23731568455696106
v 1.0663983821868896 1.9928380250930786 -0.35597354173660278
v 1.0570234060287476 1.9834630489349365 -0.23731568455696106
v 1.0507733821868896 1.9772130250930786 -0.35597354173660278
v 1.0570234060287476 1.9834630489349365 -0.35597354173660278
v 1.0538984537124634 1.9803380966186523 -0.35597354173660278
v 1.0445234775543213 1.9709630012512207 -0.23731568455696106
v 1.0382734537124634 1.9647130966186523 -0.35597354173660278
v 1.0445234775543213 1.9709630012512207 -0.35597354173660278
v 1.0132734775543213 1.9397130012512207 -0.23731568455696106
v 1.0257734060287476 1.9522130489349365 -0.23731568455696106
v 1.0413984060287476 1.9678380489349365 -0.35597354173660278
v 1.0382734537124634 1.9647130966186523 -0.41530245542526245
v 1.0413984060287476 1.9678380489349365 -0.41530245542526245
v 1.0320234298706055 1.9584630727767944 -0.23731568455696106
v 1.0257734060287476 1.9522130489349365 -0.35597354173660278
v 1.0320234298706055 1.9584630727767944 -0.35597354173660278
v 1.0351483821868896 1.9615880250930786 -0.35597354173660278
v 1.0320234298706055 1.9584630727767944 -0.41530245542526245
v 1.0351483821868896 1.9615880250930786 -0.41530245542526245
v 1.0195233821868896 1.9459630250930786 -0.23731568455696106
v 1.0132734775543213 1.9397130012512207 -0.35597354173660278
v 1.0195233821868896 1.9459630250930786 -0.35597354173660278
v 1.0007734298706055 1.9272130727767944 -0.23731568455696106
v 1.0226484537124634 1.9490880966186523 -0.35597354173660278
v 1.0257734060287476 1.9522130489349365 -0.41530245542526245
v 1.0195233821868896 1.9459630250930786 -0.41530245542526245
v 1.0226484537124634 1.9490880966186523 -0.41530245542526245
v 1.0070234537124634 1.9334630966186523 -0.23731568455696106
v 1.0007734298706055 1.9272130727767944 -0.35597354173660278
v 1.0070234537124634 1.9334630966186523 -0.35597354173660278
v 1.0101484060287476 1.9365880489349365 -0.35597354173660278
v 1.0132734775543213 1.9397130012512207 -0.41530245542526245
v 1.0070234537124634 1.9334630966186523 -0.41530245542526245
v 1.0101484060287476 1.9365880489349365 -0.41530245542526245
v 0.99452346563339233 1.9209630489349365 -0.23731568455696106
v 0.99452346563339233 1.9209630489349365 -0.35597354173660278
v 0.99764841794967651 1.9240880012512207 -0.35597354173660278
v 1.0007734298706055 1.9272130727767944 -0.41530245542526245
v 0.99452346563339233 1.9209630489349365 -0.41530245542526245
v 0.99764841794967651 1.9240880012512207 -0.41530245542526245
v 0.99139845371246338 1.9178380966186523 -0.35597354173660278
v 0.99139845371246338 1.9178380966186523 -0.41530245542526245
v 0.99938458204269409 0.1530618816614151 0.46352025866508484
v 1.010495662689209 0.14195077121257782 0.45240914821624756
v 1.0216068029403687 0.13083966076374054 0.44129803776741028
v 1.0327179431915283 0.11972854286432266 0.430186927318573
v 1.0438289642333984 0.10861743241548538 0.41907581686973572
v 1.0549401044845581 0.097506321966648102 0.40796470642089844
v 1.0660512447357178 0.086395211517810822 0.39685359597206116
v 1.0771623849868774 0.075284101068973541 0.38574248552322388
v 1.8486474752426147 0.075284101068973541 0.38574248552322388
v 1.8597586154937744 0.086395211517810822 0.39685359597206116
v 1.8708696365356445 0.097506321966648102 0.40796470642089844
v 1.8819807767868042 0.10861743241548538 0.41907581686973572
v 1.8930919170379639 0.11972854286432266 0.430186927318573
v 1.9042030572891235 0.13083966076374054 0.44129803776741028
v 1.9153140783309937 0.14195077121257782 0.45240914821624756
v 1.9264252185821533 0.1530618816614151 0.46352025866508484
v 1.8486474752426147 0.075284101068973541 -0.38574248552322388
v 1.8597586154937744 0.086395211517810822 -0.39685359597206116
v 1.8708696365356445 0.097506321966648102 -0.40796470642089844
v 1.8819807767868042 0.10861743241548538 -0.41907581686973572
v 1.8930919170379639 0.11972854286432266 -0.430186927318573
v 1.9042030572891235 0.13083966076374054 -0.44129803776741028
v 1.9153140783309937 0.14195077121257782 -0.45240914821624756
v 1.9264252185821533 0.1530618816614151 -0.46352025866508484
v 1.0771623849868774 0.075284101068973541 -0.38574248552322388
v 1.0660512447357178 0.086395211517810822 -0.39685359597206116
v 1.0549401044845581 0.097506321966648102 -0.40796470642089844
v 1.0438289642333984 0.10861743241548538 -0.41907581686973572
v 1.0327179431915283 0.11972854286432266 -0.430186927318573
v 1.0216068029403687 0.13083966076374054 -0.44129803776741028
v 1.010495662689209 0.14195077121257782 -0.45240914821624756
v 0.99938458204269409 0.1530618816614151 -0.46352025866508484
vt 0.99853515625 0
vt 0.99853515625 0.4866597056388855
vt 0.7360997200012207 0
vt 0.7360997200012207 0.4866597056388855
vt 0.47219946980476379 0.4866597056388855
vt 0.7346348762512207 0.4866597056388855
vt 0.7346348762512207 0.971854567527771
vt 0.47219946980476379 0.971854567527771
vt 0.36804983019828796 0
vt 0.63195013999938965 0
vt 0.63195013999938965 0.4851948618888855
vt 0.36804983019828796 0.4851948618888855
vt 0 0
vt 0 0.4851948618888855
vt 0.26390025019645691 0
vt 0.26390025019645691 0.4851948618888855
vt 0.47073462605476379 0.4866597056388855
vt 0.47073462605476379 0.69495886564254761
vt 0.2639002799987793 0.69495886564254761
vt 0.2639002799987793 0.4866597056388855
vt 0.2639002799987793 0.93828868865966797
vt 0.47073462605476379 0.93828868865966797
vt 0.47073462605476379 0.72998958826065063
vt 0.2639002799987793 0.72998958826065063
vt 0 0.9124869704246521
vt 0.2624354362487793 0.9124869704246521
vt 0.23478920757770538 0.95180284976959229
vt 0.027646232396364212 0.95180284976959229
vt 0.25936365127563477 0.91685539484024048
vt 0.25629183650016785 0.92122381925582886
vt 0.25322002172470093 0.92559224367141724
vt 0.2501482367515564 0.92996072769165039
vt 0.24707642197608948 0.93432915210723877
vt 0.24400460720062256 0.93869757652282715
vt 0.24093280732631683 0.94306600093841553
vt 0.23786100745201111 0.94743442535400391
vt 0.024574428796768188 0.94743442535400391
vt 0.021502625197172165 0.94306600093841553
vt 0.018430821597576141 0.93869757652282715
vt 0.015359018929302692 0.93432915210723877
vt 0.012287214398384094 0.92996072769165039
vt 0.0092154107987880707 0.92559224367141724
vt 0.0061436071991920471 0.92122381925582886
vt 0.0030718035995960236 0.91685539484024048
vt 0 0.66915708780288696
vt 0.2624354362487793 0.66915708780288696
vt 0.23478920757770538 0.70847302675247192
vt 0.027646239846944809 0.70847302675247192
vt 0.024574432522058487 0.70410460233688354
vt 0.021502628922462463 0.69973617792129517
vt 0.01843082532286644 0.69536769390106201
vt 0.015359021723270416 0.69099926948547363
vt 0.012287216261029243 0.68663084506988525
vt 0.0092154126614332199 0.68226242065429688
vt 0.0061436081305146217 0.6778939962387085
vt 0.0030718040652573109 0.67352557182312012
vt 0.25936365127563477 0.67352557182312012
vt 0.25629183650016785 0.6778939962387085
vt 0.25322002172470093 0.68226242065429688
vt 0.25014820694923401 0.68663084506988525
vt 0.24707642197608948 0.69099926948547363
vt 0.24400460720062256 0.69536769390106201
vt 0.24093280732631683 0.69973617792129517
vt 0.23786100745201111 0.70410460233688354
vt 0 0.8516545295715332
vt 0.2624354362487793 0.8516545295715332
vt 0.23478920757770538 0.89097040891647339
vt 0.027646232396364212 0.89097040891647339
vt 0.024574428796768188 0.88660198450088501
vt 0.021502625197172165 0.88223356008529663
vt 0.018430821597576141 0.87786513566970825
vt 0.015359018929302692 0.8734966516494751
vt 0.012287214398384094 0.86912822723388672
vt 0.0092154107987880707 0.86475980281829834
vt 0.0061436071991920471 0.86039137840270996
vt 0.0030718035995960236 0.85602295398712158
vt 0.25936365127563477 0.85602295398712158
vt 0.25629183650016785 0.86039137840270996
vt 0.25322002172470093 0.86475980281829834
vt 0.2501482367515564 0.86912822723388672
vt 0.24707642197608948 0.8734966516494751
vt 0.24400460720062256 0.87786513566970825
vt 0.24093280732631683 0.88223356008529663
vt 0.23786100745201111 0.88660198450088501
vt 0 0.4866597056388855
vt 0.2624354362487793 0.4866597056388855
vt 0.23478920757770538 0.52597564458847046
vt 0.027646239846944809 0.52597564458847046
vt 0.25936365127563477 0.49102815985679626
vt 0.25629183650016785 0.49539658427238464
vt 0.25322002172470093 0.49976500868797302
vt 0.25014820694923401 0.50413346290588379
vt 0.24707642197608948 0.50850188732147217
vt 0.24400460720062256 0.51287031173706055
vt 0.24093280732631683 0.51723873615264893
vt 0.23786100745201111 0.52160722017288208
vt 0.13121771812438965 0.50631767511367798
vt 0.13121771812438965 0.49648869037628174
vt 0.19682657718658447 0.49648869037628174
vt 0.13121771812438965 0.49157419800758362
vt 0.19682657718658447 0.49157419800758362
vt 0.22963100671768188 0.49157419800758362
vt 0.19682657718658447 0.48911696672439575
vt 0.22963100671768188 0.48911696672439575
vt 0.24603322148323059 0.48911696672439575
vt 0.22963100671768188 0.48788833618164062
vt 0.24603322148323059 0.48788833618164062
vt 0.24603322148323059 0.49157419800758362
vt 0.22963100671768188 0.49034556746482849
vt 0.24603322148323059 0.49034556746482849
vt 0.22963100671768188 0.49648869037628174
vt 0.19682657718658447 0.49403145909309387
vt 0.22963100671768188 0.49403145909309387
vt 0.19682657718658447 0.50631767511367798
vt 0.13121771812438965 0.50140315294265747
vt 0.19682657718658447 0.50140315294265747
vt 0.13121771812438965 0.51614665985107422
vt 0.24603322148323059 0.49648869037628174
vt 0.22963100671768188 0.49526005983352661
vt 0.24603322148323059 0.49403145909309387
vt 0.24603322148323059 0.49526005983352661
vt 0.22963100671768188 0.50140315294265747
vt 0.19682657718658447 0.49894595146179199
vt 0.22963100671768188 0.49894595146179199
vt 0.24603322148323059 0.50140315294265747
vt 0.22963100671768188 0.50017458200454712
vt 0.24603322148323059 0.49894595146179199
vt 0.24603322148323059 0.50017458200454712
vt 0.22963100671768188 0.50631767511367798
vt 0.19682657718658447 0.50386041402816772
vt 0.22963100671768188 0.50386041402816772
vt 0.19682657718658447 0.51614665985107422
vt 0.13121771812438965 0.51123213768005371
vt 0.19682657718658447 0.51123213768005371
vt 0.24603322148323059 0.50631767511367798
vt 0.22963100671768188 0.50508904457092285
vt 0.24603322148323059 0.50386041402816772
vt 0.24603322148323059 0.50508904457092285
vt 0.22963100671768188 0.51123213768005371
vt 0.19682657718658447 0.50877493619918823
vt 0.22963100671768188 0.50877493619918823
vt 0.22963100671768188 0.50754630565643311
vt 0.22963100671768188 0.51614665985107422
vt 0.19682657718658447 0.51368939876556396
vt 0.22963100671768188 0.51368939876556396
vt 0.13121771812438965 0.52106112241744995
vt 0.19682657718658447 0.52106112241744995
vt 0.22963100671768188 0.51246076822280884
vt 0.22963100671768188 0.52106112241744995
vt 0.19682657718658447 0.51860392093658447
vt 0.22963100671768188 0.51860392093658447
vt 0.22963100671768188 0.51737529039382935
vt 0.19682657718658447 0.52351838350296021
vt 0.22963100671768188 0.52351838350296021
vt 0.22963100671768188 0.52228975296020508
vt 0.024574432522058487 0.52160722017288208
vt 0.021502628922462463 0.51723873615264893
vt 0.01843082532286644 0.51287031173706055
vt 0.015359021723270416 0.50850188732147217
vt 0.012287216261029243 0.50413346290588379
vt 0.0092154126614332199 0.49976500868797302
vt 0.0061436081305146217 0.49539658427238464
vt 0.0030718040652573109 0.49102815985679626
vt 0.065608859062194824 0.51614665985107422
vt 0.065608859062194824 0.52106112241744995
vt 0.065608859062194824 0.52351838350296021
vt 0.032804429531097412 0.52106112241744995
vt 0.032804429531097412 0.52351838350296021
vt 0.032804429531097412 0.52228975296020508
vt 0.065608859062194824 0.51860392093658447
vt 0.032804429531097412 0.51614665985107422
vt 0.032804429531097412 0.51860392093658447
vt 0.065608859062194824 0.50631767511367798
vt 0.065608859062194824 0.51123213768005371
vt 0.032804429531097412 0.51737529039382935
vt 0.065608859062194824 0.51368939876556396
vt 0.032804429531097412 0.51123213768005371
vt 0.032804429531097412 0.51368939876556396
vt 0.032804429531097412 0.51246076822280884
vt 0.065608859062194824 0.50877493619918823
vt 0.032804429531097412 0.50631767511367798
vt 0.032804429531097412 0.50877493619918823
vt 0.065608859062194824 0.49648869037628174
vt 0.065608859062194824 0.50140315294265747
vt 0.032804429531097412 0.50754630565643311
vt 0.016402214765548706 0.50631767511367798
vt 0.016402214765548706 0.50754630565643311
vt 0.065608859062194824 0.50386041402816772
vt 0.032804429531097412 0.50140315294265747
vt 0.032804429531097412 0.50386041402816772
vt 0.032804429531097412 0.50508904457092285
vt 0.016402214765548706 0.50386041402816772
vt 0.016402214765548706 0.50508904457092285
vt 0.065608859062194824 0.49894595146179199
vt 0.032804429531097412 0.49648869037628174
vt 0.032804429531097412 0.49894595146179199
vt 0.065608859062194824 0.49157419800758362
vt 0.032804429531097412 0.50017458200454712
vt 0.016402214765548706 0.50140315294265747
vt 0.016402214765548706 0.49894595146179199
vt 0.016402214765548706 0.50017458200454712
vt 0.065608859062194824 0.49403145909309387
vt 0.032804429531097412 0.49157419800758362
vt 0.032804429531097412 0.49403145909309387
vt 0.032804429531097412 0.49526005983352661
vt 0.016402214765548706 0.49648869037628174
vt 0.016402214765548706 0.49403145909309387
vt 0.016402214765548706 0.49526005983352661
vt 0.065608859062194824 0.48911696672439575
vt 0.032804429531097412 0.48911696672439575
vt 0.032804429531097412 0.49034556746482849
vt 0.016402214765548706 0.49157419800758362
vt 0.016402214765548706 0.48911696672439575
vt 0.016402214765548706 0.49034556746482849
vt 0.032804429531097412 0.48788833618164062
vt 0.016402214765548706 0.48788833618164062
vt 0 0.72998958826065063
vt 0.2624354362487793 0.72998958826065063
vt 0.23478920757770538 0.76930546760559082
vt 0.027646232396364212 0.76930546760559082
vt 0.25936365127563477 0.73435801267623901
vt 0.25629183650016785 0.73872643709182739
vt 0.25322002172470093 0.74309486150741577
vt 0.2501482367515564 0.74746328592300415
vt 0.24707642197608948 0.7518317699432373
vt 0.24400460720062256 0.75620019435882568
vt 0.24093280732631683 0.76056861877441406
vt 0.23786100745201111 0.76493704319000244
vt 0.024574428796768188 0.76493704319000244
vt 0.021502625197172165 0.76056861877441406
vt 0.018430821597576141 0.75620019435882568
vt 0.015359018929302692 0.7518317699432373
vt 0.012287214398384094 0.74746328592300415
vt 0.0092154107987880707 0.74309486150741577
vt 0.0061436071991920471 0.73872643709182739
vt 0.0030718035995960236 0.73435801267623901
vt 0 0.60832464694976807
vt 0.2624354362487793 0.60832464694976807
vt 0.23478920757770538 0.64764052629470825
vt 0.027646239846944809 0.64764052629470825
vt 0.25936365127563477 0.61269307136535645
vt 0.25629183650016785 0.61706149578094482
vt 0.25322002172470093 0.6214299201965332
vt 0.25014820694923401 0.62579840421676636
vt 0.24707642197608948 0.63016682863235474
vt 0.24400460720062256 0.63453525304794312
vt 0.24093280732631683 0.63890367746353149
vt 0.23786100745201111 0.64327210187911987
vt 0.024574432522058487 0.64327210187911987
vt 0.021502628922462463 0.63890367746353149
vt 0.01843082532286644 0.63453525304794312
vt 0.015359021723270416 0.63016682863235474
vt 0.012287216261029243 0.62579840421676636
vt 0.0092154126614332199 0.6214299201965332
vt 0.0061436081305146217 0.61706149578094482
vt 0.0030718040652573109 0.61269307136535645
vt 0 0.79082202911376953
vt 0.2624354362487793 0.79082202911376953
vt 0.23478920757770538 0.83013796806335449
vt 0.027646232396364212 0.83013796806335449
vt 0.25936365127563477 0.79519045352935791
vt 0.25629183650016785 0.79955887794494629
vt 0.25322002172470093 0.80392736196517944
vt 0.2501482367515564 0.80829578638076782
vt 0.24707642197608948 0.8126642107963562
vt 0.24400460720062256 0.81703263521194458
vt 0.24093280732631683 0.82140105962753296
vt 0.23786100745201111 0.82576948404312134
vt 0.024574428796768188 0.82576948404312134
vt 0.021502625197172165 0.82140105962753296
vt 0.018430821597576141 0.81703263521194458
vt 0.015359018929302692 0.8126642107963562
vt 0.012287214398384094 0.80829578638076782
vt 0.0092154107987880707 0.80392736196517944
vt 0.0061436071991920471 0.79955887794494629
vt 0.0030718035995960236 0.79519045352935791
vt 0 0.54749220609664917
vt 0.2624354362487793 0.54749220609664917
vt 0.23478920757770538 0.58680808544158936
vt 0.027646239846944809 0.58680808544158936
vt 0.024574432522058487 0.58243966102600098
vt 0.021502628922462463 0.5780712366104126
vt 0.01843082532286644 0.57370281219482422
vt 0.015359021723270416 0.56933432817459106
vt 0.012287216261029243 0.56496590375900269
vt 0.0092154126614332199 0.56059747934341431
vt 0.0061436081305146217 0.55622905492782593
vt 0.0030718040652573109 0.55186063051223755
vt 0.25936365127563477 0.55186063051223755
vt 0.25629183650016785 0.55622905492782593
vt 0.25322002172470093 0.56059747934341431
vt 0.25014820694923401 0.56496590375900269
vt 0.24707642197608948 0.56933432817459106
vt 0.24400460720062256 0.57370281219482422
vt 0.24093280732631683 0.5780712366104126
vt 0.23786100745201111 0.58243966102600098
vn 0 0 1
vn 0 0 1
vn 0 0 1
vn 0 0 1
vn 1 0 0
vn 1 0 0
vn 1 0 0
vn 1 0 0
vn 0 0 -1
vn 0 0 -1
vn 0 0 -1
vn 0 0 -1
vn -1 0 0
vn -1 0 0
vn -1 0 0
vn -1 0 0
vn 0 -1 0
vn 0 -1 0
vn 0 -1 0
vn 0 -1 0
vn 0 1 0
vn 0 1 0
vn 0 1 0
vn 0 1 0
vn 0 0.70710676908493042 0.70710676908493042
vn 0 0.70710676908493042 0.70710676908493042
vn 0 0.70710676908493042 0.70710676908493042
vn 0 0.70710676908493042 0.70710676908493042
vn 0 0.70710676908493042 0.70710676908493042
vn 0 0.70710676908493042 0.70710676908493042
vn 0 0.70710676908493042 0.70710676908493042
vn 0 0.70710676908493042 0.70710676908493042
vn 0 0.70710676908493042 0.70710676908493042
vn 0 0.70710676908493042 0.70710676908493042
vn 0 0.70710676908493042 0.70710676908493042
vn 0 0.70710676908493042 0.70710676908493042
vn 0 0.70710676908493042 0.70710676908493042
vn 0 0.70710676908493042 0.70710676908493042
vn 0 0.70710676908493042 0.70710676908493042
vn 0 0.70710676908493042 0.70710676908493042
vn 0 0.70710676908493042 0.70710676908493042
vn 0 0.70710676908493042 0.70710676908493042
vn 0 0.70710676908493042 0.70710676908493042
vn 0 0.70710676908493042 0.70710676908493042
vn 0.70710676908493042 0.70710676908493042 0
vn 0.70710676908493042 0.70710676908493042 0
vn 0.70710676908493042 0.70710676908493042 0
vn 0.70710676908493042 0.70710676908493042 0
vn 0.70710676908493042 0.70710676908493042 0
vn 0.70710676908493042 0.70710676908493042 0
vn 0.70710676908493042 0.70710676908493042 0
vn 0.70710676908493042 0.70710676908493042 0
vn 0.70710676908493042 0.70710676908493042 0
vn 0.70710676908493042 0.70710676908493042 0
vn 0.70710676908493042 0.70710676908493042 0
vn 0.70710676908493042 0.70710676908493042 0
vn 0.70710676908493042 0.70710676908493042 0
vn 0.70710676908493042 0.70710676908493042 0
vn 0.70710676908493042 0.70710676908493042 0
vn 0.70710676908493042 0.70710676908493042 0
vn 0.70710676908493042 0.70710676908493042 0
vn 0.70710676908493042 0.70710676908493042 0
vn 0.70710676908493042 0.70710676908493042 0
vn 0.70710676908493042 0.70710676908493042 0
vn 0 0.70710676908493042 -0.70710676908493042
vn 0 0.70710676908493042 -0.70710676908493042
vn 0 0.70710676908493042 -0.70710676908493042
vn 0 0.70710676908493042 -0.70710676908493042
vn 0 0.70710676908493042 -0.70710676908493042
vn 0 0.70710676908493042 -0.70710676908493042
vn 0 0.70710676908493042 -0.70710676908493042
vn 0 0.70710676908493042 -0.70710676908493042
vn 0 0.70710676908493042 -0.70710676908493042
vn 0 0.70710676908493042 -0.70710676908493042
vn 0 0.70710676908493042 -0.70710676908493042
vn 0 0.70710676908493042 -0.70710676908493042
vn 0 0.70710676908493042 -0.70710676908493042
vn 0 0.70710676908493042 -0.70710676908493042
vn 0 0.70710676908493042 -0.70710676908493042
vn 0 0.70710676908493042 -0.70710676908493042
vn 0 0.70710676908493042 -0.70710676908493042
vn 0 0.70710676908493042 -0.70710676908493042
vn 0 0.70710676908493042 -0.70710676908493042
vn 0 0.70710676908493042 -0.70710676908493042
vn -0.70710676908493042 0.70710676908493042 0
vn -0.70710676908493042 0.70710676908493042 0
vn -0.70710676908493042 0.70710676908493042 0
vn -0.70710676908493042 0.70710676908493042 0
vn -0.70710676908493042 0.70710676908493042 0
vn -0.70710676908493042 0.70710676908493042 0
vn -0.70710676908493042 0.70710676908493042 0
vn -0.70710676908493042 0.70710676908493042 0
vn -0.70710676908493042 0.70710676908493042 0
vn -0.70710676908493042 0.70710676908493042 0
vn -0.70710676908493042 0.70710676908493042 0
vn -0.70710676908493042 0.70710676908493042 0
vn -0.70710676908493042 0.70710676908493042 0
vn -0.70710676908493042 0.70710676908493042 0
vn -0.70710676908493042 0.70710676908493042 0
vn -0.70710676908493042 0.70710676908493042 0
vn -0.70710676908493042 0.70710676908493042 0
vn -0.70710676908493042 0.70710676908493042 0
vn -0.70710676908493042 0.70710676908493042 0
vn -0.70710676908493042 0.70710676908493042 0
vn -0.70710676908493042 0.70710676908493042 0
vn -0.70710676908493042 0.70710676908493042 0
vn -0.70710676908493042 0.70710676908493042 0
vn -0.70710676908493042 0.70710676908493042 0
vn -0.70710676908493042 0.70710676908493042 0
vn -0.70710676908493042 0.70710676908493042 0
vn -0.70710676908493042 0.70710676908493042 0
vn -0.70710676908493042 0.70710676908493042 0
vn -0.70710676908493042 0.70710676908493042 0
vn -0.70710676908493042 0.70710676908493042 0
vn -0.70710676908493042 0.70710676908493042 0
vn -0.70710676908493042 0.70710676908493042 0
vn -0.70710676908493042 0.70710676908493042 0
vn -0.70710676908493042 0.70710676908493042 0
vn -0.70710676908493042 0.70710676908493042 0
vn -0.70710676908493042 0.70710676908493042 0
vn -0.70710676908493042 0.70710676908493042 0
vn -0.70710676908493042 0.70710676908493042 0
vn -0.70710676908493042 0.70710676908493042 0
vn -0.70710676908493042 0.70710676908493042 0
vn -0.70710676908493042 0.70710676908493042 0
vn -0.70710676908493042 0.70710676908493042 0
vn -0.70710676908493042 0.70710676908493042 0
vn -0.70710676908493042 0.70710676908493042 0
vn -0.70710676908493042 0.70710676908493042 0
vn -0.70710676908493042 0.70710676908493042 0
vn -0.70710676908493042 0.70710676908493042 0
vn -0.70710676908493042 0.70710676908493042 0
vn -0.70710676908493042 0.70710676908493042 0
vn -0.70710676908493042 0.70710676908493042 0
vn -0.70710676908493042 0.70710676908493042 0
vn -0.70710676908493042 0.70710676908493042 0
vn -0.70710676908493042 0.70710676908493042 0
vn -0.70710676908493042 0.70710676908493042 0
vn -0.70710676908493042 0.70710676908493042 0
vn -0.70710676908493042 0.70710676908493042 0
vn -0.70710676908493042 0.70710676908493042 0
vn -0.70710676908493042 0.70710676908493042 0
vn -0.70710676908493042 0.70710676908493042 0
vn -0.70710676908493042 0.70710676908493042 0
vn -0.70710676908493042 0.70710676908493042 0
vn -0.70710676908493042 0.70710676908493042 0
vn -0.70710676908493042 0.70710676908493042 0
vn -0.70710676908493042 0.70710676908493042 0
vn -0.70710676908493042 0.70710676908493042 0
vn -0.70710676908493042 0.70710676908493042 0
vn -0.70710676908493042 0.70710676908493042 0
vn -0.70710676908493042 0.70710676908493042 0
vn -0.70710676908493042 0.70710676908493042 0
vn -0.70710676908493042 0.70710676908493042 0
vn -0.70710676908493042 0.70710676908493042 0
vn -0.70710676908493042 0.70710676908493042 0
vn -0.70710676908493042 0.70710676908493042 0
vn -0.70710676908493042 0.70710676908493042 0
vn -0.70710676908493042 0.70710676908493042 0
vn -0.70710676908493042 0.70710676908493042 0
vn -0.70710676908493042 0.70710676908493042 0
vn -0.70710676908493042 0.70710676908493042 0
vn -0.70710676908493042 0.70710676908493042 0
vn -0.70710676908493042 0.70710676908493042 0
vn -0.70710676908493042 0.70710676908493042 0
vn -0.70710676908493042 0.70710676908493042 0
vn -0.70710676908493042 0.70710676908493042 0
vn -0.70710676908493042 0.70710676908493042 0
vn -0.70710676908493042 0.70710676908493042 0
vn -0.70710676908493042 0.70710676908493042 0
vn -0.70710676908493042 0.70710676908493042 0
vn -0.70710676908493042 0.70710676908493042 0
vn -0.70710676908493042 0.70710676908493042 0
vn -0.70710676908493042 0.70710676908493042 0
vn -0.70710676908493042 0.70710676908493042 0
vn -0.70710676908493042 0.70710676908493042 0
vn -0.70710676908493042 0.70710676908493042 0
vn -0.70710676908493042 0.70710676908493042 0
vn -0.70710676908493042 0.70710676908493042 0
vn -0.70710676908493042 0.70710676908493042 0
vn -0.70710676908493042 0.70710676908493042 0
vn -0.70710676908493042 0.70710676908493042 0
vn -0.70710676908493042 0.70710676908493042 0
vn -0.70710676908493042 0.70710676908493042 0
vn -0.70710676908493042 0.70710676908493042 0
vn -0.70710676908493042 0.70710676908493042 0
vn -0.70710676908493042 0.70710676908493042 0
vn -0.70710676908493042 0.70710676908493042 0
vn -0.70710676908493042 0.70710676908493042 0
vn -0.70710676908493042 0.70710676908493042 0
vn -0.70710676908493042 0.70710676908493042 0
vn -0.70710676908493042 0.70710676908493042 0
vn -0.70710676908493042 0.70710676908493042 0
vn -0.70710676908493042 0.70710676908493042 0
vn -0.70710676908493042 0.70710676908493042 0
vn -0.70710676908493042 0.70710676908493042 0
vn -0.70710676908493042 0.70710676908493042 0
vn -0.70710676908493042 0.70710676908493042 0
vn -0.70710676908493042 0.70710676908493042 0
vn -0.70710676908493042 0.70710676908493042 0
vn -0.70710676908493042 0.70710676908493042 0
vn -0.70710676908493042 0.70710676908493042 0
vn -0.70710676908493042 0.70710676908493042 0
vn -0.70710676908493042 0.70710676908493042 0
vn -0.70710676908493042 0.70710676908493042 0
vn -0.70710676908493042 0.70710676908493042 0
vn -0.70710676908493042 0.70710676908493042 0
vn -0.70710676908493042 0.70710676908493042 0
vn -0.70710676908493042 0.70710676908493042 0
vn -0.70710676908493042 0.70710676908493042 0
vn -0.70710676908493042 0.70710676908493042 0
vn -0.70710676908493042 0.70710676908493042 0
vn -0.70710676908493042 0.70710676908493042 0
vn -0.70710676908493042 0.70710676908493042 0
vn -0.70710676908493042 0.70710676908493042 0
vn -0.70710676908493042 0.70710676908493042 0
vn 0 -0.70710676908493042 0.70710676908493042
vn 0 -0.70710676908493042 0.70710676908493042
vn 0 -0.70710676908493042 0.70710676908493042
vn 0 -0.70710676908493042 0.70710676908493042
vn 0 -0.70710676908493042 0.70710676908493042
vn 0 -0.70710676908493042 0.70710676908493042
vn 0 -0.70710676908493042 0.70710676908493042
vn 0 -0.70710676908493042 0.70710676908493042
vn 0 -0.70710676908493042 0.70710676908493042
vn 0 -0.70710676908493042 0.70710676908493042
vn 0 -0.70710676908493042 0.70710676908493042
vn 0 -0.70710676908493042 0.70710676908493042
vn 0 -0.70710676908493042 0.70710676908493042
vn 0 -0.70710676908493042 0.70710676908493042
vn 0 -0.70710676908493042 0.70710676908493042
vn 0 -0.70710676908493042 0.70710676908493042
vn 0 -0.70710676908493042 0.70710676908493042
vn 0 -0.70710676908493042 0.70710676908493042
vn 0 -0.70710676908493042 0.70710676908493042
vn 0 -0.70710676908493042 0.70710676908493042
vn 0.70710676908493042 -0.70710676908493042 0
vn 0.70710676908493042 -0.70710676908493042 0
vn 0.70710676908493042 -0.70710676908493042 0
vn 0.70710676908493042 -0.70710676908493042 0
vn 0.70710676908493042 -0.70710676908493042 0
vn 0.70710676908493042 -0.70710676908493042 0
vn 0.70710676908493042 -0.70710676908493042 0
vn 0.70710676908493042 -0.70710676908493042 0
vn 0.70710676908493042 -0.70710676908493042 0
vn 0.70710676908493042 -0.70710676908493042 0
vn 0.70710676908493042 -0.70710676908493042 0
vn 0.70710676908493042 -0.70710676908493042 0
vn 0.70710676908493042 -0.70710676908493042 0
vn 0.70710676908493042 -0.70710676908493042 0
vn 0.70710676908493042 -0.70710676908493042 0
vn 0.70710676908493042 -0.70710676908493042 0
vn 0.70710676908493042 -0.70710676908493042 0
vn 0.70710676908493042 -0.70710676908493042 0
vn 0.70710676908493042 -0.70710676908493042 0
vn 0.70710676908493042 -0.70710676908493042 0
vn 0 -0.70710676908493042 -0.70710676908493042
vn 0 -0.70710676908493042 -0.70710676908493042
vn 0 -0.70710676908493042 -0.70710676908493042
vn 0 -0.70710676908493042 -0.70710676908493042
vn 0 -0.70710676908493042 -0.70710676908493042
vn 0 -0.70710676908493042 -0.70710676908493042
vn 0 -0.70710676908493042 -0.70710676908493042
vn 0 -0.70710676908493042 -0.70710676908493042
vn 0 -0.70710676908493042 -0.70710676908493042
vn 0 -0.70710676908493042 -0.70710676908493042
vn 0 -0.70710676908493042 -0.70710676908493042
vn 0 -0.70710676908493042 -0.70710676908493042
vn 0 -0.70710676908493042 -0.70710676908493042
vn 0 -0.70710676908493042 -0.70710676908493042
vn 0 -0.70710676908493042 -0.70710676908493042
vn 0 -0.70710676908493042 -0.70710676908493042
vn 0 -0.70710676908493042 -0.70710676908493042
vn 0 -0.70710676908493042 -0.70710676908493042
vn 0 -0.70710676908493042 -0.70710676908493042
vn 0 -0.70710676908493042 -0.70710676908493042
vn -0.70710676908493042 -0.70710676908493042 0
vn -0.70710676908493042 -0.70710676908493042 0
vn -0.70710676908493042 -0.70710676908493042 0
vn -0.70710676908493042 -0.70710676908493042 0
vn -0.70710676908493042 -0.70710676908493042 0
vn -0.70710676908493042 -0.70710676908493042 0
vn -0.70710676908493042 -0.70710676908493042 0
vn -0.70710676908493042 -0.70710676908493042 0
vn -0.70710676908493042 -0.70710676908493042 0
vn -0.70710676908493042 -0.70710676908493042 0
vn -0.70710676908493042 -0.70710676908493042 0
vn -0.70710676908493042 -0.70710676908493042 0
vn -0.70710676908493042 -0.70710676908493042 0
vn -0.70710676908493042 -0.70710676908493042 0
vn -0.70710676908493042 -0.70710676908493042 0
vn -0.70710676908493042 -0.70710676908493042 0
vn -0.70710676908493042 -0.70710676908493042 0
vn -0.70710676908493042 -0.70710676908493042 0
vn -0.70710676908493042 -0.70710676908493042 0
vn -0.70710676908493042 -0.70710676908493042 0
f 1140/1452/1452 1139/1451/1451 1137/1449/1449 1138/1450/1450
f 1138/1456/1456 1137/1453/1453 1141/1454/1454 1142/1455/1455
f 1142/1460/1460 1141/1457/1457 1143/1458/1458 1144/1459/1459
f 1144/1462/1462 1143/1461/1461 1139/1463/1463 1140/1464/1464
f 1148/1468/1468 1145/1465/1465 1146/1466/1466 1147/1467/1467
f 1149/1469/1469 1152/1472/1472 1151/1471/1471 1150/1470/1470
f 1154/1478/1478 1167/1491/1491 1168/1492/1492
f 1165/1489/1489 1166/1490/1490 1156/1480/1480
f 1166/1490/1490 1167/1491/1491 1154/1478/1478
f 1156/1480/1480 1164/1488/1488 1165/1489/1489
f 1164/1488/1488 1157/1481/1481 1163/1487/1487
f 1152/1476/1476 1161/1485/1485 1160/1484/1484
f 1162/1486/1486 1159/1483/1483 1161/1485/1485
f 1162/1486/1486 1163/1487/1487 1158/1482/1482
f 1168/1492/1492 1140/1473/1473 1153/1477/1477
f 1155/1479/1479 1156/1480/1480 1166/1490/1490
f 1154/1478/1478 1168/1492/1492 1153/1477/1477
f 1138/1474/1474 1153/1477/1477 1140/1473/1473
f 1164/1488/1488 1156/1480/1480 1157/1481/1481
f 1152/1476/1476 1160/1484/1484 1151/1475/1475
f 1162/1486/1486 1158/1482/1482 1159/1483/1483
f 1158/1482/1482 1163/1487/1487 1157/1481/1481
f 1159/1483/1483 1160/1484/1484 1161/1485/1485
f 1155/1479/1479 1166/1490/1490 1154/1478/1478
f 1169/1505/1505 1153/1504/1504 1138/1493/1493
f 1156/1501/1501 1155/1502/1502 1171/1507/1507
f 1155/1502/1502 1154/1503/1503 1170/1506/1506
f 1169/1505/1505 1154/1503/1503 1153/1504/1504
f 1175/1511/1511 1159/1498/1498 1158/1499/1499
f 1158/1499/1499 1157/1500/1500 1174/1510/1510
f 1150/1495/1495 1151/1496/1496 1160/1497/1497
f 1160/1497/1497 1159/1498/1498 1176/1512/1512
f 1156/1501/1501 1173/1509/1509 1157/1500/1500
f 1156/1501/1501 1172/1508/1508 1173/1509/1509
f 1154/1503/1503 1169/1505/1505 1170/1506/1506
f 1138/1493/1493 1142/1494/1494 1169/1505/1505
f 1156/1501/1501 1171/1507/1507 1172/1508/1508
f 1160/1497/1497 1176/1512/1512 1150/1495/1495
f 1159/1498/1498 1175/1511/1511 1176/1512/1512
f 1174/1510/1510 1175/1511/1511 1158/1499/1499
f 1157/1500/1500 1173/1509/1509 1174/1510/1510
f 1170/1506/1506 1171/1507/1507 1155/1502/1502
f 1177/1525/1525 1170/1523/1523 1169/1524/1524
f 1173/1520/1520 1172/1521/1521 1180/1528/1528
f 1172/1521/1521 1171/1522/1522 1180/1528/1528
f 1179/1527/1527 1171/1522/1522 1170/1523/1523
f 1174/1519/1519 1182/1530/1530 1175/1518/1518
f 1175/1518/1518 1183/1531/1531 1176/1517/1517
f 1184/1532/1532 1150/1516/1516 1176/1517/1517
f 1173/1520/1520 1181/1529/1529 1174/1519/1519
f 1169/1524/1524 1142/1513/1513 1177/1525/1525
f 1180/1528/1528 1181/1529/1529 1173/1520/1520
f 1170/1523/1523 1178/1526/1526 1179/1527/1527
f 1142/1513/1513 1144/1514/1514 1177/1525/1525
f 1180/1528/1528 1171/1522/1522 1179/1527/1527
f 1184/1532/1532 1149/1515/1515 1150/1516/1516
f 1183/1531/1531 1184/1532/1532 1176/1517/1517
f 1181/1529/1529 1182/1530/1530 1174/1519/1519
f 1183/1531/1531 1175/1518/1518 1182/1530/1530
f 1178/1526/1526 1170/1523/1523 1177/1525/1525
f 1223/1583/1583 1217/1577/1577 1224/1584/1584 1226/1586/1586
f 1226/1586/1586 1224/1584/1584 1219/1579/1579 1225/1585/1585
f 1224/1584/1584 1217/1577/1577 1202/1562/1562
f 1218/1578/1578 1219/1579/1579 1224/1584/1584
f 1202/1562/1562 1218/1578/1578 1224/1584/1584
f 1219/1579/1579 1218/1578/1578 1204/1564/1564 1210/1570/1570
f 1218/1578/1578 1202/1562/1562 1185/1545/1545
f 1203/1563/1563 1204/1564/1564 1218/1578/1578
f 1185/1545/1545 1203/1563/1563 1218/1578/1578
f 1211/1571/1571 1204/1564/1564 1203/1563/1563
f 1186/1546/1546 1187/1547/1547 1211/1571/1571
f 1203/1563/1563 1186/1546/1546 1211/1571/1571
f 1213/1573/1573 1210/1570/1570 1214/1574/1574 1216/1576/1576
f 1216/1576/1576 1214/1574/1574 1212/1572/1572 1215/1575/1575
f 1214/1574/1574 1210/1570/1570 1204/1564/1564
f 1211/1571/1571 1212/1572/1572 1214/1574/1574
f 1204/1564/1564 1211/1571/1571 1214/1574/1574
f 1212/1572/1572 1211/1571/1571 1187/1547/1547 1199/1559/1559
f 1268/1636/1636 1264/1632/1632 1203/1563/1563
f 1185/1545/1545 1253/1621/1621 1268/1636/1636
f 1203/1563/1563 1185/1545/1545 1268/1636/1636
f 1271/1639/1639 1270/1638/1638 1268/1636/1636
f 1253/1621/1621 1261/1629/1629 1271/1639/1639
f 1268/1636/1636 1253/1621/1621 1271/1639/1639
f 1261/1629/1629 1266/1634/1634 1273/1641/1641 1271/1639/1639
f 1271/1639/1639 1273/1641/1641 1272/1640/1640 1270/1638/1638
f 1268/1636/1636 1270/1638/1638 1269/1637/1637 1264/1632/1632
f 1278/1646/1646 1276/1644/1644 1274/1642/1642
f 1264/1632/1632 1269/1637/1637 1278/1646/1646
f 1274/1642/1642 1264/1632/1632 1278/1646/1646
f 1269/1637/1637 1279/1647/1647 1281/1649/1649 1278/1646/1646
f 1278/1646/1646 1281/1649/1649 1280/1648/1648 1276/1644/1644
f 1274/1642/1642 1276/1644/1644 1275/1643/1643 1263/1631/1631
f 1274/1642/1642 1263/1631/1631 1186/1546/1546
f 1203/1563/1563 1264/1632/1632 1274/1642/1642
f 1186/1546/1546 1203/1563/1563 1274/1642/1642
f 1282/1650/1650 1277/1645/1645 1188/1548/1548
f 1186/1546/1546 1263/1631/1631 1282/1650/1650
f 1188/1548/1548 1186/1546/1546 1282/1650/1650
f 1285/1653/1653 1284/1652/1652 1282/1650/1650
f 1263/1631/1631 1275/1643/1643 1285/1653/1653
f 1282/1650/1650 1263/1631/1631 1285/1653/1653
f 1275/1643/1643 1286/1654/1654 1288/1656/1656 1285/1653/1653
f 1285/1653/1653 1288/1656/1656 1287/1655/1655 1284/1652/1652
f 1282/1650/1650 1284/1652/1652 1283/1651/1651 1277/1645/1645
f 1291/1659/1659 1290/1658/1658 1289/1657/1657
f 1277/1645/1645 1283/1651/1651 1291/1659/1659
f 1289/1657/1657 1277/1645/1645 1291/1659/1659
f 1283/1651/1651 1292/1660/1660 1294/1662/1662 1291/1659/1659
f 1291/1659/1659 1294/1662/1662 1293/1661/1661 1290/1658/1658
f 1290/1658/1658 1293/1661/1661 1296/1664/1664 1295/1663/1663
f 1206/1566/1566 1199/1559/1559 1207/1567/1567 1209/1569/1569
f 1209/1569/1569 1207/1567/1567 1201/1561/1561 1208/1568/1568
f 1207/1567/1567 1199/1559/1559 1187/1547/1547
f 1200/1560/1560 1201/1561/1561 1207/1567/1567
f 1187/1547/1547 1200/1560/1560 1207/1567/1567
f 1201/1561/1561 1200/1560/1560 1189/1549/1549 1190/1550/1550
f 1200/1560/1560 1187/1547/1547 1186/1546/1546
f 1188/1548/1548 1189/1549/1549 1200/1560/1560
f 1186/1546/1546 1188/1548/1548 1200/1560/1560
f 1196/1556/1556 1190/1550/1550 1197/1557/1557 1198/1558/1558
f 1198/1558/1558 1197/1557/1557 1192/1552/1552 1193/1553/1553
f 1197/1557/1557 1190/1550/1550 1189/1549/1549
f 1191/1551/1551 1192/1552/1552 1197/1557/1557
f 1189/1549/1549 1191/1551/1551 1197/1557/1557
f 1193/1553/1553 1192/1552/1552 1194/1554/1554 1195/1555/1555
f 1243/1603/1603 1242/1602/1602 1241/1601/1601
f 1235/1595/1595 1237/1597/1597 1243/1603/1603
f 1241/1601/1601 1235/1595/1595 1243/1603/1603
f 1238/1598/1598 1235/1595/1595 1234/1594/1594
f 1205/1565/1565 1220/1580/1580 1238/1598/1598
f 1234/1594/1594 1205/1565/1565 1238/1598/1598
f 1237/1597/1597 1235/1595/1595 1238/1598/1598 1239/1599/1599
f 1240/1600/1600 1239/1599/1599 1238/1598/1598
f 1220/1580/1580 1231/1591/1591 1240/1600/1600
f 1238/1598/1598 1220/1580/1580 1240/1600/1600
f 1249/1617/1617 1247/1615/1615 1245/1613/1613
f 1246/1614/1614 1248/1616/1616 1249/1617/1617
f 1245/1613/1613 1246/1614/1614 1249/1617/1617
f 1245/1613/1613 1247/1615/1615 1252/1620/1620 1250/1618/1618
f 1255/1623/1623 1251/1619/1619 1244/1612/1612
f 1250/1618/1618 1252/1620/1620 1255/1623/1623
f 1244/1612/1612 1250/1618/1618 1255/1623/1623
f 1250/1618/1618 1244/1612/1612 1205/1565/1565
f 1234/1594/1594 1245/1613/1613 1250/1618/1618
f 1205/1565/1565 1234/1594/1594 1250/1618/1618
f 1256/1624/1624 1254/1622/1622 1221/1581/1581
f 1205/1565/1565 1244/1612/1612 1256/1624/1624
f 1221/1581/1581 1205/1565/1565 1256/1624/1624
f 1244/1612/1612 1251/1619/1619 1258/1626/1626 1256/1624/1624
f 1259/1627/1627 1257/1625/1625 1254/1622/1622
f 1256/1624/1624 1258/1626/1626 1259/1627/1627
f 1254/1622/1622 1256/1624/1624 1259/1627/1627
f 1254/1622/1622 1257/1625/1625 1262/1630/1630 1260/1628/1628
f 1267/1635/1635 1265/1633/1633 1262/1630/1630
f 1265/1633/1633 1267/1635/1635 1266/1634/1634 1261/1629/1629
f 1265/1633/1633 1261/1629/1629 1253/1621/1621
f 1260/1628/1628 1262/1630/1630 1265/1633/1633
f 1253/1621/1621 1260/1628/1628 1265/1633/1633
f 1260/1628/1628 1253/1621/1621 1185/1545/1545
f 1221/1581/1581 1254/1622/1622 1260/1628/1628
f 1185/1545/1545 1221/1581/1581 1260/1628/1628
f 1231/1591/1591 1220/1580/1580 1232/1592/1592 1233/1593/1593
f 1236/1596/1596 1233/1593/1593 1232/1592/1592
f 1222/1582/1582 1227/1587/1587 1236/1596/1596
f 1232/1592/1592 1222/1582/1582 1236/1596/1596
f 1232/1592/1592 1220/1580/1580 1205/1565/1565
f 1221/1581/1581 1222/1582/1582 1232/1592/1592
f 1205/1565/1565 1221/1581/1581 1232/1592/1592
f 1228/1588/1588 1222/1582/1582 1221/1581/1581
f 1185/1545/1545 1202/1562/1562 1228/1588/1588
f 1221/1581/1581 1185/1545/1545 1228/1588/1588
f 1227/1587/1587 1222/1582/1582 1228/1588/1588 1229/1589/1589
f 1230/1590/1590 1229/1589/1589 1228/1588/1588
f 1202/1562/1562 1217/1577/1577 1230/1590/1590
f 1228/1588/1588 1202/1562/1562 1230/1590/1590
f 1293/1661/1661 1177/1611/1611 1144/1533/1533
f 1144/1533/1533 1296/1664/1664 1293/1661/1661
f 1177/1611/1611 1293/1661/1661 1294/1662/1662
f 1296/1664/1664 1144/1533/1533 1295/1663/1663
f 1292/1660/1660 1177/1611/1611 1294/1662/1662
f 1286/1654/1654 1179/1609/1609 1178/1610/1610
f 1292/1660/1660 1287/1655/1655 1177/1611/1611
f 1287/1655/1655 1178/1610/1610 1177/1611/1611
f 1178/1610/1610 1287/1655/1655 1288/1656/1656
f 1178/1610/1610 1288/1656/1656 1286/1654/1654
f 1287/1655/1655 1292/1660/1660 1283/1651/1651 1284/1652/1652
f 1280/1648/1648 1179/1609/1609 1286/1654/1654
f 1289/1657/1657 1290/1658/1658 1295/1663/1663
f 1277/1645/1645 1289/1657/1657 1188/1548/1548
f 1191/1551/1551 1188/1548/1548 1289/1657/1657
f 1295/1663/1663 1194/1554/1554 1191/1551/1551 1289/1657/1657
f 1179/1609/1609 1280/1648/1648 1281/1649/1649
f 1179/1609/1609 1281/1649/1649 1279/1647/1647
f 1280/1648/1648 1286/1654/1654 1275/1643/1643 1276/1644/1644
f 1194/1554/1554 1295/1663/1663 1144/1533/1533 1140/1534/1534
f 1180/1608/1608 1179/1609/1609 1279/1647/1647
f 1273/1641/1641 1180/1608/1608 1272/1640/1640
f 1272/1640/1640 1180/1608/1608 1279/1647/1647
f 1266/1634/1634 1180/1608/1608 1273/1641/1641
f 1269/1637/1637 1270/1638/1638 1272/1640/1640 1279/1647/1647
f 1267/1635/1635 1180/1608/1608 1266/1634/1634
f 1262/1630/1630 1181/1607/1607 1267/1635/1635
f 1180/1608/1608 1267/1635/1635 1181/1607/1607
f 1182/1606/1606 1181/1607/1607 1257/1625/1625
f 1251/1619/1619 1183/1605/1605 1182/1606/1606
f 1252/1620/1620 1184/1604/1604 1183/1605/1605
f 1149/1536/1536 1184/1604/1604 1248/1616/1616
f 1181/1607/1607 1262/1630/1630 1257/1625/1625
f 1182/1606/1606 1257/1625/1625 1259/1627/1627
f 1182/1606/1606 1258/1626/1626 1251/1619/1619
f 1183/1605/1605 1251/1619/1619 1255/1623/1623
f 1182/1606/1606 1259/1627/1627 1258/1626/1626
f 1184/1604/1604 1252/1620/1620 1247/1615/1615
f 1184/1604/1604 1247/1615/1615 1249/1617/1617
f 1245/1613/1613 1234/1594/1594 1246/1614/1614
f 1149/1536/1536 1248/1616/1616 1246/1614/1614
f 1184/1604/1604 1249/1617/1617 1248/1616/1616
f 1183/1605/1605 1255/1623/1623 1252/1620/1620
f 1246/1614/1614 1241/1601/1601 1152/1535/1535 1149/1536/1536
f 1194/1554/1554 1192/1552/1552 1191/1551/1551
f 1140/1534/1534 1193/1553/1553 1195/1555/1555
f 1195/1555/1555 1194/1554/1554 1140/1534/1534
f 1201/1561/1561 1190/1550/1550 1196/1556/1556 1208/1568/1568
f 1219/1579/1579 1210/1570/1570 1213/1573/1573 1225/1585/1585
f 1212/1572/1572 1199/1559/1559 1206/1566/1566 1215/1575/1575
f 1168/1537/1537 1196/1556/1556 1198/1558/1558
f 1168/1537/1537 1208/1568/1568 1196/1556/1556
f 1167/1538/1538 1209/1569/1569 1208/1568/1568
f 1168/1537/1537 1198/1558/1558 1193/1553/1553
f 1168/1537/1537 1167/1538/1538 1208/1568/1568
f 1168/1537/1537 1193/1553/1553 1140/1534/1534
f 1166/1539/1539 1215/1575/1575 1206/1566/1566
f 1166/1539/1539 1216/1576/1576 1215/1575/1575
f 1213/1573/1573 1216/1576/1576 1166/1539/1539
f 1167/1538/1538 1166/1539/1539 1206/1566/1566
f 1165/1540/1540 1213/1573/1573 1166/1539/1539
f 1167/1538/1538 1206/1566/1566 1209/1569/1569
f 1223/1583/1583 1230/1590/1590 1217/1577/1577
f 1164/1541/1541 1229/1589/1589 1230/1590/1590
f 1163/1542/1542 1236/1596/1596 1227/1587/1587
f 1163/1542/1542 1233/1593/1593 1236/1596/1596
f 1227/1587/1587 1229/1589/1589 1164/1541/1541
f 1241/1601/1601 1234/1594/1594 1235/1595/1595
f 1162/1543/1543 1240/1600/1600 1231/1591/1591
f 1162/1543/1543 1239/1599/1599 1240/1600/1600
f 1231/1591/1591 1233/1593/1593 1163/1542/1542
f 1162/1543/1543 1231/1591/1591 1163/1542/1542
f 1165/1540/1540 1226/1586/1586 1225/1585/1585
f 1230/1590/1590 1223/1583/1583 1164/1541/1541
f 1164/1541/1541 1223/1583/1583 1165/1540/1540
f 1226/1586/1586 1165/1540/1540 1223/1583/1583
f 1227/1587/1587 1164/1541/1541 1163/1542/1542
f 1165/1540/1540 1225/1585/1585 1213/1573/1573
f 1161/1544/1544 1243/1603/1603 1237/1597/1597
f 1161/1544/1544 1242/1602/1602 1243/1603/1603
f 1242/1602/1602 1161/1544/1544 1152/1535/1535
f 1239/1599/1599 1161/1544/1544 1237/1597/1597
f 1239/1599/1599 1162/1543/1543 1161/1544/1544
f 1241/1601/1601 1242/1602/1602 1152/1535/1535
f 1234/1594/1594 1241/1601/1601 1246/1614/1614
f 1191/1551/1551 1189/1549/1549 1188/1548/1548
f 1297/1669/1669 1312/1684/1684 1137/1665/1665
f 1310/1682/1682 1300/1672/1672 1309/1681/1681
f 1300/1672/1672 1308/1680/1680 1309/1681/1681
f 1311/1683/1683 1312/1684/1684 1298/1670/1670
f 1307/1679/1679 1303/1675/1675 1306/1678/1678
f 1306/1678/1678 1303/1675/1675 1305/1677/1677
f 1304/1676/1676 1148/1668/1668 1305/1677/1677
f 1302/1674/1674 1307/1679/1679 1308/1680/1680
f 1298/1670/1670 1310/1682/1682 1311/1683/1683
f 1299/1671/1671 1300/1672/1672 1310/1682/1682
f 1312/1684/1684 1297/1669/1669 1298/1670/1670
f 1137/1665/1665 1139/1666/1666 1297/1669/1669
f 1299/1671/1671 1310/1682/1682 1298/1670/1670
f 1304/1676/1676 1145/1667/1667 1148/1668/1668
f 1307/1679/1679 1302/1674/1674 1303/1675/1675
f 1303/1675/1675 1304/1676/1676 1305/1677/1677
f 1301/1673/1673 1302/1674/1674 1308/1680/1680
f 1300/1672/1672 1301/1673/1673 1308/1680/1680
f 1312/1689/1689 1320/1704/1704 1141/1685/1685
f 1317/1701/1701 1318/1702/1702 1309/1692/1692
f 1317/1701/1701 1308/1693/1693 1316/1700/1700
f 1319/1703/1703 1310/1691/1691 1318/1702/1702
f 1316/1700/1700 1307/1694/1694 1315/1699/1699
f 1314/1698/1698 1305/1696/1696 1313/1697/1697
f 1148/1687/1687 1147/1688/1688 1313/1697/1697
f 1306/1695/1695 1314/1698/1698 1315/1699/1699
f 1311/1690/1690 1319/1703/1703 1320/1704/1704
f 1310/1691/1691 1309/1692/1692 1318/1702/1702
f 1311/1690/1690 1320/1704/1704 1312/1689/1689
f 1137/1686/1686 1312/1689/1689 1141/1685/1685
f 1317/1701/1701 1309/1692/1692 1308/1693/1693
f 1313/1697/1697 1305/1696/1696 1148/1687/1687
f 1314/1698/1698 1306/1695/1695 1305/1696/1696
f 1306/1695/1695 1315/1699/1699 1307/1694/1694
f 1316/1700/1700 1308/1693/1693 1307/1694/1694
f 1319/1703/1703 1311/1690/1690 1310/1691/1691
f 1320/1709/1709 1327/1723/1723 1328/1724/1724
f 1327/1723/1723 1319/1710/1710 1326/1722/1722
f 1326/1722/1722 1317/1712/1712 1325/1721/1721
f 1324/1720/1720 1325/1721/1721 1317/1712/1712
f 1314/1715/1715 1322/1718/1718 1323/1719/1719
f 1146/1708/1708 1321/1717/1717 1313/1716/1716
f 1323/1719/1719 1324/1720/1720 1316/1713/1713
f 1314/1715/1715 1321/1717/1717 1322/1718/1718
f 1328/1724/1724 1143/1705/1705 1320/1709/1709
f 1318/1711/1711 1317/1712/1712 1326/1722/1722
f 1319/1710/1710 1318/1711/1711 1326/1722/1722
f 1143/1705/1705 1141/1706/1706 1320/1709/1709
f 1319/1710/1710 1327/1723/1723 1320/1709/1709
f 1313/1716/1716 1147/1707/1707 1146/1708/1708
f 1314/1715/1715 1323/1719/1719 1315/1714/1714
f 1313/1716/1716 1321/1717/1717 1314/1715/1715
f 1316/1713/1713 1315/1714/1714 1323/1719/1719
f 1316/1713/1713 1324/1720/1720 1317/1712/1712
f 1139/1725/1725 1143/1726/1726 1328/1737/1737 1297/1736/1736
f 1300/1733/1733 1299/1734/1734 1326/1739/1739
f 1299/1734/1734 1298/1735/1735 1327/1738/1738
f 1327/1738/1738 1298/1735/1735 1297/1736/1736
f 1302/1731/1731 1323/1742/1742 1303/1730/1730
f 1303/1730/1730 1321/1744/1744 1304/1729/1729
f 1304/1729/1729 1146/1727/1727 1145/1728/1728
f 1301/1732/1732 1324/1741/1741 1302/1731/1731
f 1301/1732/1732 1300/1733/1733 1325/1740/1740
f 1326/1739/1739 1325/1740/1740 1300/1733/1733
f 1327/1738/1738 1297/1736/1736 1328/1737/1737
f 1301/1732/1732 1325/1740/1740 1324/1741/1741
f 1321/1744/1744 1146/1727/1727 1304/1729/1729
f 1303/1730/1730 1322/1743/1743 1321/1744/1744
f 1322/1743/1743 1303/1730/1730 1323/1742/1742
f 1302/1731/1731 1324/1741/1741 1323/1742/1742
f 1299/1734/1734 1327/1738/1738 1326/1739/1739
v 1.9427375793457031 -0.23142604529857635 0.039010796695947647
v 1.9427375793457031 3.0585029125213623 0.039010796695947647
v 1.9700453281402588 -0.23142604529857635 0.039010796695947647
v 1.9700453281402588 3.0585029125213623 0.039010796695947647
v 1.9700453281402588 -0.23142604529857635 -0.039010796695947647
v 1.9700453281402588 3.0585029125213623 -0.039010796695947647
v 1.9427375793457031 -0.23142604529857635 -0.039010796695947647
v 1.9427375793457031 3.0585029125213623 -0.039010796695947647
vt 0.0081648547202348709 0
vt 0.0081648547202348709 0.98220545053482056
vt 0.014864865690469742 0
vt 0.014864865690469742 0.98220545053482056
vt 0.99853515625 0.61934852600097656
vt 0.016329709440469742 0.61934852600097656
vt 0.99853515625 0.64267653226852417
vt 0.016329709440469742 0.64267653226852417
vt 0 0
vt 0 0.98220545053482056
vt 0.0067000109702348709 0
vt 0.0067000109702348709 0.98220545053482056
vt 0.99853515625 0.25502672791481018
vt 0.016329709440469742 0.25502672791481018
vt 0.99853515625 0.27835476398468018
vt 0.016329709440469742 0.27835476398468018
vt 0.016329709440469742 0.12751336395740509
vt 0.016329709440469742 0.13567823171615601
vt 0.039657726883888245 0.12751336395740509
vt 0.039657726883888245 0.13567823171615601
vt 0.039657726883888245 0
vt 0.016329709440469742 0
vt 0.039657726883888245 0.0081648547202348709
vt 0.016329709440469742 0.0081648547202348709
vn 0 0 1
vn 0 0 1
vn 0 0 1
vn 0 0 1
vn 1 0 0
vn 1 0 0
vn 1 0 0
vn 1 0 0
vn 0 0 -1
vn 0 0 -1
vn 0 0 -1
vn 0 0 -1
vn -1 0 0
vn -1 0 0
vn -1 0 0
vn -1 0 0
vn 0 -1 0
vn 0 -1 0
vn 0 -1 0
vn 0 -1 0
vn 0 1 0
vn 0 1 0
vn 0 1 0
vn 0 1 0
f 1330/1746/1746 1329/1745/1745 1331/1747/1747 1332/1748/1748
f 1332/1750/1750 1331/1749/1749 1333/1751/1751 1334/1752/1752
f 1334/1754/1754 1333/1753/1753 1335/1755/1755 1336/1756/1756
f 1336/1758/1758 1335/1757/1757 1329/1759/1759 1330/1760/1760
f 1331/1762/1762 1329/1761/1761 1335/1763/1763 1333/1764/1764
f 1336/1766/1766 1330/1765/1765 1332/1767/1767 1334/1768/1768
v -1.9700453281402588 -0.23142604529857635 0.039010796695947647
v -1.9700453281402588 3.0585029125213623 0.039010796695947647
v -1.9427375793457031 -0.23142604529857635 0.039010796695947647
v -1.9427375793457031 3.0585029125213623 0.039010796695947647
v -1.9427375793457031 -0.23142604529857635 -0.039010796695947647
v -1.9427375793457031 3.0585029125213623 -0.039010796695947647
v -1.9700453281402588 -0.23142604529857635 -0.039010796695947647
v -1.9700453281402588 3.0585029125213623 -0.039010796695947647
vt 0.0081648547202348709 0
vt 0.0081648547202348709 0.98220545053482056
vt 0.014864865690469742 0
vt 0.014864865690469742 0.98220545053482056
vt 0.99853515625 0.61934852600097656
vt 0.016329709440469742 0.61934852600097656
vt 0.99853515625 0.64267653226852417
vt 0.016329709440469742 0.64267653226852417
vt 0 0
vt 0 0.98220545053482056
vt 0.0067000109702348709 0
vt 0.0067000109702348709 0.98220545053482056
vt 0.99853515625 0.25502672791481018
vt 0.016329709440469742 0.25502672791481018
vt 0.99853515625 0.27835476398468018
vt 0.016329709440469742 0.27835476398468018
vt 0.016329709440469742 0.12751336395740509
vt 0.016329709440469742 0.13567823171615601
vt 0.039657726883888245 0.12751336395740509
vt 0.039657726883888245 0.13567823171615601
vt 0.039657726883888245 0
vt 0.016329709440469742 0
vt 0.039657726883888245 0.0081648547202348709
vt 0.016329709440469742 0.0081648547202348709
vn 0 0 1
vn 0 0 1
vn 0 0 1
vn 0 0 1
vn 1 0 0
vn 1 0 0
vn 1 0 0
vn 1 0 0
vn 0 0 -1
vn 0 0 -1
vn 0 0 -1
vn 0 0 -1
vn -1 0 0
vn -1 0 0
vn -1 0 0
vn -1 0 0
vn 0 -1 0
vn 0 -1 0
vn 0 -1 0
vn 0 -1 0
vn 0 1 0
vn 0 1 0
vn 0 1 0
vn 0 1 0
f 1338/1770/1770 1337/1769/1769 1339/1771/1771 1340/1772/1772
f 1340/1774/1774 1339/1773/1773 1341/1775/1775 1342/1776/1776
f 1342/1778/1778 1341/1777/1777 1343/1779/1779 1344/1780/1780
f 1344/1782/1782 1343/1781/1781 1337/1783/1783 1338/1784/1784
f 1339/1786/1786 1337/1785/1785 1343/1787/1787 1341/1788/1788
f 1344/1790/1790 1338/1789/1789 1340/1791/1791 1342/1792/1792
v -1.9700453281402588 3.0585029125213623 0.039010796695947647
v -1.9700453281402588 3.1700172424316406 0.039010796695947647
v 1.9700453281402588 3.0585029125213623 0.039010796695947647
v 1.9700453281402588 3.1700172424316406 0.039010796695947647
v 1.9700453281402588 3.0585029125213623 -0.039010796695947647
v 1.9700453281402588 3.1700172424316406 -0.039010796695947647
v -1.9700453281402588 3.0585029125213623 -0.039010796695947647
v -1.9700453281402588 3.1700172424316406 -0.039010796695947647
vt 0.02752348780632019 0.68639606237411499
vt 0.02752348780632019 0.71391952037811279
vt 0.99853515625 0.68639606237411499
vt 0.99853515625 0.71391952037811279
vt 0.51376175880432129 0
vt 0.51376175880432129 0.02752348780632019
vt 0.53301870822906494 0
vt 0.53301870822906494 0.02752348780632019
vt 0.02605864405632019 0
vt 0 0
vt 0.02605864405632019 0.9710116982460022
vt 0 0.9710116982460022
vt 0.02752348780632019 0
vt 0.02752348780632019 0.02752348780632019
vt 0.046780448406934738 0
vt 0.046780448406934738 0.02752348780632019
vt 0.99853515625 0.4862382709980011
vt 0.02752348780632019 0.4862382709980011
vt 0.99853515625 0.50549519062042236
vt 0.02752348780632019 0.50549519062042236
vt 0.02752348780632019 0.28608047962188721
vt 0.02752348780632019 0.30533742904663086
vt 0.99853515625 0.28608047962188721
vt 0.99853515625 0.30533742904663086
vn 0 0 1
vn 0 0 1
vn 0 0 1
vn 0 0 1
vn 1 0 0
vn 1 0 0
vn 1 0 0
vn 1 0 0
vn 0 0 -1
vn 0 0 -1
vn 0 0 -1
vn 0 0 -1
vn -1 0 0
vn -1 0 0
vn -1 0 0
vn -1 0 0
vn 0 -1 0
vn 0 -1 0
vn 0 -1 0
vn 0 -1 0
vn 0 1 0
vn 0 1 0
vn 0 1 0
vn 0 1 0
f 1346/1794/1794 1345/1793/1793 1347/1795/1795 1348/1796/1796
f 1348/1798/1798 1347/1797/1797 1349/1799/1799 1350/1800/1800
f 1350/1802/1802 1349/1801/1801 1351/1803/1803 1352/1804/1804
f 1352/1806/1806 1351/1805/1805 1345/1807/1807 1346/1808/1808
f 1347/1810/1810 1345/1809/1809 1351/1811/1811 1349/1812/1812
f 1352/1814/1814 1346/1813/1813 1348/1815/1815 1350/1816/1816
v -0.78663361072540283 0.23904736340045929 -1.2493388652801514
v -0.79825341701507568 0.19587419927120209 -1.2500671148300171
v -0.81709206104278564 0.24725176393985748 -1.2493213415145874
v -0.86315006017684937 0.38637307286262512 -1.2005925178527832
v -0.86695438623428345 0.37249377369880676 -1.2170876264572144
v -0.86807125806808472 0.35883599519729614 -1.2039521932601929
v -0.77249062061309814 0.28914770483970642 -1.1827265024185181
v -0.77314448356628418 0.21526046097278595 -1.1974248886108398
v -0.76239097118377686 0.27652668952941895 -1.1963927745819092
v -0.83052492141723633 0.16418430209159851 -1.2282638549804688
v -0.83781170845031738 0.21395114064216614 -1.2352895736694336
v -0.81923055648803711 0.19516460597515106 -1.2373534440994263
v -0.83142936229705811 0.45240435004234314 -1.2284570932388306
v -0.84150367975234985 0.45880976319313049 -1.2186813354492188
v -0.82734286785125732 0.46994850039482117 -1.2179062366485596
v -0.77449393272399902 0.30606678128242493 -1.1820471286773682
v -0.766914963722229 0.35272949934005737 -1.1844907999038696
v -0.7828986644744873 0.33944249153137207 -1.17429518699646
v -0.81756079196929932 0.16436733305454254 -1.2249214649200439
v -0.80810427665710449 0.19214101135730743 -1.2229655981063843
v -0.84536224603652954 0.19895975291728973 -1.2223546504974365
v -0.80805277824401855 0.25645172595977783 -1.1689810752868652
v -0.79669904708862305 0.33993732929229736 -1.1697735786437988
v -0.82543385028839111 0.32189476490020752 -1.1671938896179199
v -0.82630980014801025 0.22789637744426727 -1.1743979454040527
v -0.84049004316329956 0.24532784521579742 -1.1749171018600464
v -0.83480668067932129 0.1982925683259964 -1.1874748468399048
v -0.76191592216491699 0.13714189827442169 -1.246056079864502
v -0.76163411140441895 0.21125954389572144 -1.2382280826568604
v -0.75900053977966309 0.20889541506767273 -1.2238526344299316
v -0.78951966762542725 0.16891908645629883 -1.2190598249435425
v -0.79328882694244385 0.19465620815753937 -1.2053369283676147
v -0.80731582641601562 0.193412184715271 -1.2384803295135498
v -0.7795412540435791 0.37224492430686951 -1.2361832857131958
v -0.7662806510925293 0.38937023282051086 -1.2230538129806519
v -0.76345419883728027 0.34943637251853943 -1.2478258609771729
v -0.77104973793029785 0.15357910096645355 -1.2558120489120483
v -0.76970148086547852 0.2126191109418869 -1.2488261461257935
v -0.82892632484436035 0.34823492169380188 -1.2516119480133057
v -0.77871143817901611 0.3606531023979187 -1.2443735599517822
v -0.79061031341552734 0.33050680160522461 -1.2509407997131348
v -0.84649044275283813 0.39605721831321716 -1.2096767425537109
v -0.80814599990844727 0.17909802496433258 -1.2194887399673462
v -0.80036795139312744 0.10889564454555511 -1.2113747596740723
v -0.84917110204696655 0.22966943681240082 -1.1905250549316406
v -0.83234357833862305 0.15101934969425201 -1.1954348087310791
v -0.7799605131149292 0.021198485046625137 -1.2374700307846069
v -0.78871846199035645 0.066825360059738159 -1.2319769859313965
v -0.78004145622253418 0.03510516881942749 -1.2486797571182251
v -0.78473341464996338 0.15334124863147736 -1.2550250291824341
v -0.76258409023284912 0.14604580402374268 -1.2204947471618652
v -0.76142692565917969 0.20483128726482391 -1.2098287343978882
v -0.77526223659515381 0.15757893025875092 -1.2142630815505981
v -0.78286421298980713 0.070071347057819366 -1.2202705144882202
v -0.78632616996765137 0.1277259886264801 -1.222288966178894
v -0.79383659362792969 0.11114688962697983 -1.2334029674530029
v -0.76480162143707275 0.40085381269454956 -1.2053072452545166
v -0.75680172443389893 0.38436496257781982 -1.2017765045166016
v -0.75282132625579834 0.36904656887054443 -1.2087910175323486
v -0.79241824150085449 0.4235367476940155 -1.1968505382537842
v -0.78477120399475098 0.40995293855667114 -1.2069735527038574
v -0.79248654842376709 0.43933749198913574 -1.2080025672912598
v -0.80414175987243652 0.41670417785644531 -1.1847760677337646
v -0.80580329895019531 0.43269169330596924 -1.1852800846099854
v -0.81884109973907471 0.42931628227233887 -1.1818647384643555
v -0.83769798278808594 0.45121321082115173 -1.1765815019607544
v -0.83407866954803467 0.43717455863952637 -1.1775281429290771
v -0.8207322359085083 0.44068288803100586 -1.1757146120071411
v -0.81763124465942383 0.43724343180656433 -1.2373472452163696
v -0.83558535575866699 0.41511905193328857 -1.2235361337661743
v -0.83932018280029297 0.43949413299560547 -1.2193490266799927
v -0.84433144330978394 0.4314500093460083 -1.2059184312820435
v -0.84277254343032837 0.4057735800743103 -1.2113940715789795
v -0.83912217617034912 0.41744256019592285 -1.1972986459732056
v -0.79775893688201904 0.12531673908233643 -1.19091796875
v -0.79562151432037354 0.078604817390441895 -1.1908560991287231
v -0.79366624355316162 0.094112269580364227 -1.2013838291168213
v -0.81627070903778076 0.030208367854356766 -1.1918385028839111
v -0.81542026996612549 0.012577695772051811 -1.1956787109375
v -0.80589509010314941 0.011252965778112411 -1.1889139413833618
v -0.85492342710494995 0.2893218994140625 -1.2023361921310425
v -0.85325175523757935 0.33545082807540894 -1.195984959602356
v -0.85329872369766235 0.32935282588005066 -1.2159029245376587
v -0.82234799861907959 0.19939444959163666 -1.1840362548828125
v -0.80890214443206787 0.23977530002593994 -1.171568751335144
v -0.79851818084716797 0.21398118138313293 -1.1870173215866089
v -0.7859034538269043 0.31865650415420532 -1.2443680763244629
v -0.80813133716583252 0.32155126333236694 -1.2463127374649048
v -0.75743627548217773 0.32438385486602783 -1.2241120338439941
v -0.76508855819702148 0.31970700621604919 -1.2105673551559448
v -0.77671492099761963 0.31685680150985718 -1.2378195524215698
v -0.83133518695831299 0.32680463790893555 -1.2476859092712402
v -0.86792367696762085 0.34945234656333923 -1.2248311042785645
v -0.86348968744277954 0.33723226189613342 -1.2183358669281006
v -0.76690566539764404 0.30604445934295654 -1.1930303573608398
v -0.75319957733154297 0.33674496412277222 -1.2156515121459961
v -0.7542804479598999 0.35046017169952393 -1.201122522354126
v -0.76321291923522949 0.33664417266845703 -1.1961578130722046
v -0.82419312000274658 0.023054793477058411 -1.2064932584762573
v -0.81915426254272461 0.032805223017930984 -1.2133127450942993
v -0.83442342281341553 0.017022926360368729 -1.2207051515579224
v -0.80971789360046387 0.033289898186922073 -1.2195767164230347
v -0.80074763298034668 0.026961972936987877 -1.2150000333786011
v -0.811545729637146 0.014494907110929489 -1.2260782718658447
v -0.77249777317047119 0.02255227230489254 -1.2517642974853516
v -0.75384008884429932 0.0076715047471225262 -1.2570984363555908
v -0.7757103443145752 0.0092649366706609726 -1.2262977361679077
v -0.75379312038421631 0.031523548066616058 -1.2271122932434082
v -0.76666808128356934 0.012987669557332993 -1.2209159135818481
v -0.75013291835784912 0.013227354735136032 -1.2404589653015137
v -0.84179860353469849 0.35579544305801392 -1.1707638502120972
v -0.83359944820404053 0.38977605104446411 -1.1716184616088867
v -0.84718376398086548 0.39290505647659302 -1.1794635057449341
v -0.78961861133575439 0.38259419798851013 -1.1749531030654907
v -0.77227163314819336 0.39110717177391052 -1.1848506927490234
v -0.81136560440063477 0.40203073620796204 -1.1753756999969482
v -0.75250542163848877 0.031708888709545135 -1.2437877655029297
v -0.7584301233291626 0.13487005233764648 -1.2333176136016846
v -0.80096399784088135 0.30451005697250366 -1.244825005531311
v -0.81808125972747803 0.2617264986038208 -1.2493640184402466
v -0.85578757524490356 0.25730732083320618 -1.2191139459609985
v -0.82869243621826172 0.31655988097190857 -1.2418237924575806
v -0.83107626438140869 0.24528953433036804 -1.2442407608032227
v -0.78724277019500732 0.032091502100229263 -1.1943975687026978
v -0.79442346096038818 0.010193536058068275 -1.2008589506149292
v -0.80270397663116455 0.43524760007858276 -1.2297869920730591
v -0.79105603694915771 0.41905176639556885 -1.2174071073532104
v -0.79674017429351807 0.41298180818557739 -1.2260206937789917
v -0.82697212696075439 0.40400868654251099 -1.2256960868835449
v -0.80946719646453857 0.42304173111915588 -1.2357079982757568
v -0.83111345767974854 0.13375227153301239 -1.2153186798095703
v -0.83375990390777588 0.1345793753862381 -1.2041740417480469
v -0.80311357975006104 0.047006871551275253 -1.2177255153656006
v -0.81325864791870117 0.047007396817207336 -1.2141965627670288
v -0.81444871425628662 0.076233983039855957 -1.217219352722168
v -0.82510077953338623 0.090516507625579834 -1.1887396574020386
v -0.80866611003875732 0.046205297112464905 -1.1825146675109863
v -0.81913352012634277 0.12263297289609909 -1.1837873458862305
v -0.79743719100952148 0.047798812389373779 -1.1851421594619751
v -0.80128002166748047 0.078818008303642273 -1.1816765069961548
v -0.77608466148376465 0.052043206989765167 -1.2537050247192383
v -0.78226661682128906 0.1084638386964798 -1.2528210878372192
v -0.76898431777954102 0.10789061337709427 -1.2541173696517944
v -0.75804054737091064 0.035043861716985703 -1.2576419115066528
v -0.7524181604385376 0.021140294149518013 -1.272290825843811
v -0.80359506607055664 0.45774653553962708 -1.2158112525939941
v -0.82363045215606689 0.45524495840072632 -1.1744174957275391
v -0.82782816886901855 0.46739807724952698 -1.1828770637512207
v -0.83970874547958374 0.46205782890319824 -1.1830476522445679
v -0.81017220020294189 0.20345322787761688 -1.2447044849395752
v -0.82521939277648926 0.21364204585552216 -1.2422964572906494
v -0.78938484191894531 0.079225704073905945 -1.2448670864105225
v -0.77513909339904785 0.18466205894947052 -1.2060484886169434
v -0.85344499349594116 0.39912697672843933 -1.1925071477890015
v -0.84135693311691284 0.40724673867225647 -1.1953368186950684
v -0.81992626190185547 0.41677719354629517 -1.1818726062774658
v -0.83588266372680664 0.40531650185585022 -1.1830781698226929
v -0.82256162166595459 0.059722226113080978 -1.1987993717193604
v -0.81853592395782471 0.037737756967544556 -1.2069897651672363
v -0.83862066268920898 0.27366402745246887 -1.1757005453109741
v -0.84742754697799683 0.318948894739151 -1.1842184066772461
v -0.82415163516998291 0.24289840459823608 -1.1708328723907471
v -0.78350734710693359 0.25646224617958069 -1.1787269115447998
v -0.81328332424163818 0.15481756627559662 -1.1847891807556152
v -0.80150246620178223 0.14011718332767487 -1.1918611526489258
v -0.80472719669342041 0.18278361856937408 -1.1876434087753296
v -0.83290255069732666 0.37120658159255981 -1.2300108671188354
v -0.79301166534423828 0.38054352998733521 -1.2303555011749268
v -0.8247448205947876 0.35487401485443115 -1.2380685806274414
v -0.7791064977645874 0.30563530325889587 -1.234423041343689
v -0.76857399940490723 0.30845806002616882 -1.222027063369751
v -0.76217424869537354 0.26757609844207764 -1.2276325225830078
v -0.76609396934509277 0.39642304182052612 -1.1926659345626831
v -0.78644180297851562 0.41228660941123962 -1.1971064805984497
v -0.79214775562286377 0.40771794319152832 -1.1867769956588745
v -0.84199434518814087 0.3152472972869873 -1.2279031276702881
v -0.86135011911392212 0.33866491913795471 -1.2424432039260864
v -0.84767848253250122 0.32655537128448486 -1.2458457946777344
v -0.83819317817687988 0.47231453657150269 -1.2052580118179321
v -0.84135729074478149 0.46853438019752502 -1.1944587230682373
v -0.82313549518585205 0.47594904899597168 -1.1983741521835327
v -0.84432429075241089 0.44710519909858704 -1.1832165718078613
v -0.85003489255905151 0.44062143564224243 -1.1989961862564087
v -0.77189230918884277 0.10152965039014816 -1.2177456617355347
v -0.84976774454116821 0.21428024768829346 -1.2079513072967529
v -0.85406762361526489 0.24261575937271118 -1.2039698362350464
v -0.76289284229278564 0.33499476313591003 -1.2494840621948242
v -0.76340186595916748 0.32320478558540344 -1.2433568239212036
v -0.77400660514831543 0.32248830795288086 -1.2473655939102173
v -0.75482785701751709 0.37318798899650574 -1.2211477756500244
v -0.81857287883758545 0.38731861114501953 -1.1690628528594971
v -0.76588261127471924 0.038394741714000702 -1.2560079097747803
v -0.75825667381286621 0.05081595852971077 -1.2500342130661011
v -0.75290894508361816 0.064181216061115265 -1.2373000383377075
v -0.79915058612823486 0.1670365184545517 -1.2336821556091309
v -0.79921925067901611 0.16663335263729095 -1.2486498355865479
v -0.84904378652572632 0.33625510334968567 -1.1814606189727783
v -0.85770803689956665 0.37230649590492249 -1.1843726634979248
v -0.84958475828170776 0.35003608465194702 -1.2497591972351074
v -0.86177653074264526 0.36330348253250122 -1.2359747886657715
v -0.84586638212203979 0.3768208920955658 -1.2258727550506592
v -0.80262196063995361 0.26420116424560547 -1.2500513792037964
v -0.77341675758361816 0.24093286693096161 -1.2439990043640137
v -0.81642591953277588 0.47007402777671814 -1.1885362863540649
v -0.80258429050445557 0.46124988794326782 -1.1887984275817871
v -0.83237004280090332 0.42741024494171143 -1.1838922500610352
v -0.83121871948242188 0.41697847843170166 -1.1853674650192261
v -0.81300389766693115 0.47229155898094177 -1.2093967199325562
v -0.79426515102386475 0.396535724401474 -1.2258942127227783
v -0.75684046745300293 0.36804318428039551 -1.1948941946029663
v -0.74154698848724365 0.023229733109474182 -1.2584084272384644
v -0.80842936038970947 0.10739456117153168 -1.2188775539398193
v -0.79899811744689941 0.13912518322467804 -1.2033786773681641
v -0.76620590686798096 0.044058840721845627 -1.2179869413375854
v -0.75963854789733887 0.075851798057556152 -1.223901629447937
v -0.82685792446136475 0.010394981130957603 -1.2379209995269775
v -0.83376729488372803 0.019390050321817398 -1.2391791343688965
v -0.81662225723266602 0.0077806445769965649 -1.2170490026473999
v -0.80820739269256592 0.20012025535106659 -1.1849123239517212
v -0.80230462551116943 0.18209409713745117 -1.2020999193191528
v -0.79941141605377197 0.20109573006629944 -1.1951420307159424
v -0.75325882434844971 0.33644425868988037 -1.2419615983963013
v -0.8196415901184082 0.10394719243049622 -1.2196646928787231
v -0.75737416744232178 0.26601651310920715 -1.2140634059906006
v -0.76026511192321777 0.23708060383796692 -1.2187957763671875
v -0.76380813121795654 0.23997524380683899 -1.2323548793792725
v -0.84516412019729614 0.32568174600601196 -1.2317994832992554
v -0.79874014854431152 0.45555934309959412 -1.2048966884613037
v -0.8393256664276123 0.01346728578209877 -1.2344558238983154
v -0.84905511140823364 0.45910117030143738 -1.2071329355239868
v -0.76511263847351074 0.30706104636192322 -1.2086549997329712
v -0.79364562034606934 0.047473497688770294 -1.2150156497955322
v -0.78751182556152344 0.017000710591673851 -1.1943995952606201
v -0.78855025768280029 0.30518832802772522 -1.2414580583572388
v -0.81711339950561523 0.061320412904024124 -1.1899421215057373
v -0.83976846933364868 0.39150050282478333 -1.2226077318191528
v -0.84213048219680786 0.24428196251392365 -1.2343438863754272
v -0.79317378997802734 0.36567783355712891 -1.2342727184295654
v -0.76396822929382324 0.21942323446273804 -1.2068320512771606
v -0.77196598052978516 0.40180191397666931 -1.2145951986312866
v -0.78338479995727539 0.40322309732437134 -1.2188555002212524
v -0.73740124702453613 0.020003654062747955 -1.2693463563919067
v -0.73626196384429932 0.0098115671426057816 -1.2696690559387207
v -0.74102199077606201 0.011039784178137779 -1.2813620567321777
v -0.74288082122802734 0.019203012809157372 -1.2813413143157959
v -0.75396299362182617 0.012188928201794624 -1.2748252153396606
v -0.8161245584487915 0.4596194326877594 -1.2248989343643188
v -0.85032552480697632 0.24625249207019806 -1.187919020652771
v -0.84917217493057251 0.28902646899223328 -1.1873337030410767
v -0.7982490062713623 0.18131382763385773 -1.2490056753158569
v -0.79545736312866211 0.0084684230387210846 -1.1863200664520264
v -0.84829860925674438 0.44707629084587097 -1.2106820344924927
v -0.79543888568878174 0.031741462647914886 -1.1840277910232544
v -0.85894054174423218 0.25770685076713562 -1.2038131952285767
vt 0.059700515121221542 0.14995996654033661
vt 0.059700515121221542 0.19873864948749542
vt 0 0.19873864948749542
vt 0.23465706408023834 0.25602224469184875
vt 0.23465706408023834 0.27990204095840454
vt 0.21395003795623779 0.27990204095840454
vt 0.067864395678043365 0
vt 0.067864395678043365 0.08218364417552948
vt 0 0.08218364417552948
vt 0.56774044036865234 0.17191624641418457
vt 0.62314105033874512 0.17191624641418457
vt 0.62314105033874512 0.19936361908912659
vt 0.40359267592430115 0.65227895975112915
vt 0.40359267592430115 0.66911119222640991
vt 0.38392060995101929 0.66911119222640991
vt 0.59847241640090942 0
vt 0.59847241640090942 0.050173930823802948
vt 0.57321751117706299 0.050173930823802948
vt 0.06287885457277298 0.54852241277694702
vt 0.099154338240623474 0.54852241277694702
vt 0.099154338240623474 0.56863540410995483
vt 0.35277354717254639 0
vt 0.35277354717254639 0.055400591343641281
vt 0.31102877855300903 0.055400591343641281
vt 0.55484616756439209 0.76938813924789429
vt 0.55484616756439209 0.86130225658416748
vt 0.51772648096084595 0.86130225658416748
vt 0.40023428201675415 0.13741709291934967
vt 0.42475345730781555 0.13741709291934967
vt 0.42475345730781555 0.19088424742221832
vt 0 0.30147415399551392
vt 0.081302821636199951 0.30147415399551392
vt 0.081302821636199951 0.31664064526557922
vt 0.82172006368637085 0.75541585683822632
vt 0.82172006368637085 0.78749781847000122
vt 0.78249895572662354 0.78749781847000122
vt 0.44200518727302551 0.37284409999847412
vt 0.44200518727302551 0.39931395649909973
vt 0.39064911007881165 0.39931395649909973
vt 0.051468353718519211 0.20163741707801819
vt 0.11633918434381485 0.20163741707801819
vt 0.11633918434381485 0.21624237298965454
vt 0.080365180969238281 0.80293071269989014
vt 0.080365180969238281 0.85990840196609497
vt 0.044292058795690536 0.85990840196609497
vt 0.074032597243785858 0.33473286032676697
vt 0.074032597243785858 0.35861265659332275
vt 0.050793014466762543 0.35861265659332275
vt 0.83397430181503296 0.21929433941841125
vt 0.91153115034103394 0.21929433941841125
vt 0.91153115034103394 0.28434714674949646
vt 0.55366885662078857 0.51964181661605835
vt 0.59145998954772949 0.51964181661605835
vt 0.59145998954772949 0.60754376649856567
vt 0.040235772728919983 0.80293071269989014
vt 0.040235772728919983 0.85396522283554077
vt 0 0.85396522283554077
vt 0.64993715286254883 0
vt 0.71699005365371704 0
vt 0.71699005365371704 0.064870834350585938
vt 0.43153780698776245 0.56001377105712891
vt 0.49672421813011169 0.56001377105712891
vt 0.49672421813011169 0.61247646808624268
vt 0.59100419282913208 0.10134080797433853
vt 0.59100419282913208 0.16438616812229156
vt 0.56774044036865234 0.16438616812229156
vt 0.018884941935539246 0.68231946229934692
vt 0.018884941935539246 0.70267951488494873
vt 0 0.70267951488494873
vt 0 0.26651915907859802
vt 0.020275849848985672 0.26651915907859802
vt 0.020275849848985672 0.29967930912971497
vt 0.802132248878479 0.70692276954650879
vt 0.8196750283241272 0.70692276954650879
vt 0.8196750283241272 0.72207921743392944
vt 0.77865618467330933 0.46685329079627991
vt 0.79450494050979614 0.46685329079627991
vt 0.79450494050979614 0.48203650116920471
vt 0.73996663093566895 0.12000240385532379
vt 0.77450740337371826 0.12000240385532379
vt 0.77450740337371826 0.14728774130344391
vt 0.800667405128479 0.70692276954650879
vt 0.800667405128479 0.73561263084411621
vt 0.78177738189697266 0.73561263084411621
vt 0.47175049781799316 0.37806245684623718
vt 0.52276039123535156 0.37806245684623718
vt 0.52276039123535156 0.39861994981765747
vt 0.73147249221801758 0.4682651162147522
vt 0.75117802619934082 0.4682651162147522
vt 0.75117802619934082 0.48109138011932373
vt 0.25921192765235901 0.098321788012981415
vt 0.25921192765235901 0.14914979040622711
vt 0.23648862540721893 0.14914979040622711
vt 0 0.097419224679470062
vt 0.053467154502868652 0.097419224679470062
vt 0.053467154502868652 0.12332946062088013
vt 0.90075868368148804 0.80125021934509277
vt 0.90075868368148804 0.81540030241012573
vt 0.86765390634536743 0.81540030241012573
vt 0.05543849989771843 0.66789394617080688
vt 0.11050435900688171 0.66789394617080688
vt 0.11050435900688171 0.70259350538253784
vt 0 0.70725160837173462
vt 0.015277229249477386 0.70725160837173462
vt 0.015277229249477386 0.73179584741592407
vt 0.077812924981117249 0.36734086275100708
vt 0.095533616840839386 0.36734086275100708
vt 0.095533616840839386 0.39931395649909973
vt 0.86618906259536743 0.77411741018295288
vt 0.86618906259536743 0.81886714696884155
vt 0.84374237060546875 0.81886714696884155
vt 0.51440399885177612 0.76629120111465454
vt 0.51440399885177612 0.79126232862472534
vt 0.49855151772499084 0.79126232862472534
vt 0.6482396125793457 0.40077880024909973
vt 0.6482396125793457 0.45241758227348328
vt 0.63367688655853271 0.45241758227348328
vt 0.44881930947303772 0.53538435697555542
vt 0.44881930947303772 0.55721175670623779
vt 0.43153780698776245 0.55721175670623779
vt 0.38294330239295959 0.33069908618927002
vt 0.38294330239295959 0.34479480981826782
vt 0.35766714811325073 0.34479480981826782
vt 0.78031253814697266 0.70525139570236206
vt 0.78031253814697266 0.71822553873062134
vt 0.76010352373123169 0.71822553873062134
vt 0.78401076793670654 0.26892226934432983
vt 0.78401076793670654 0.29559829831123352
vt 0.74276614189147949 0.29559829831123352
vt 0.44036820530891418 0.33617725968360901
vt 0.46589869260787964 0.33617725968360901
vt 0.46589869260787964 0.36410436034202576
vt 0.48169147968292236 0.15094670653343201
vt 0.51983505487442017 0.15094670653343201
vt 0.51983505487442017 0.16779497265815735
vt 0.83397430181503296 0
vt 0.85765761137008667 0
vt 0.85765761137008667 0.045470189303159714
vt 0.499937504529953 0.10134080797433853
vt 0.499937504529953 0.12198895961046219
vt 0.48169147968292236 0.12198895961046219
vt 0.26131343841552734 0.5161173939704895
vt 0.34272509813308716 0.5161173939704895
vt 0.34272509813308716 0.53073585033416748
vt 0 0.54852241277694702
vt 0.050511259585618973 0.54852241277694702
vt 0.050511259585618973 0.61476349830627441
vt 0.38179260492324829 0.20082846283912659
vt 0.45706051588058472 0.20082846283912659
vt 0.45706051588058472 0.27866315841674805
vt 0.82318490743637085 0.77411741018295288
vt 0.84227752685546875 0.77411741018295288
vt 0.84227752685546875 0.82581847906112671
vt 0.28134042024612427 0.35870844125747681
vt 0.28134042024612427 0.38038229942321777
vt 0.25643742084503174 0.38038229942321777
vt 0.64321720600128174 0.50197881460189819
vt 0.64321720600128174 0.52860325574874878
vt 0.61877590417861938 0.52860325574874878
vt 0.26288095116615295 0.62753188610076904
vt 0.29728391766548157 0.62753188610076904
vt 0.29728391766548157 0.65778094530105591
vt 0.85962963104248047 0.090325891971588135
vt 0.85962963104248047 0.16354051232337952
vt 0.84769332408905029 0.16354051232337952
vt 0.85887295007705688 0.44364678859710693
vt 0.8704795241355896 0.44364678859710693
vt 0.8704795241355896 0.47572547197341919
vt 0.73409938812255859 0.11814828217029572
vt 0.73409938812255859 0.17014889419078827
vt 0.64993715286254883 0.17014889419078827
vt 0.50605595111846924 0.3640291690826416
vt 0.50605595111846924 0.37659761309623718
vt 0.47175049781799316 0.37659761309623718
vt 0.047949109226465225 0.33473286032676697
vt 0.047949109226465225 0.39665615558624268
vt 0.033377621322870255 0.39665615558624268
vt 0.79910105466842651 0.65352225303649902
vt 0.82090741395950317 0.65352225303649902
vt 0.82090741395950317 0.67639178037643433
vt 0.48169147968292236 0.16925981640815735
vt 0.50664514303207397 0.16925981640815735
vt 0.50664514303207397 0.19588422775268555
vt 0.71752095222473145 0.70664036273956299
vt 0.73431044816970825 0.70664036273956299
vt 0.73431044816970825 0.72085082530975342
vt 0.59530645608901978 0.48470169305801392
vt 0.59530645608901978 0.50051397085189819
vt 0.5753096342086792 0.50051397085189819
vt 0.34562882781028748 0.62753188610076904
vt 0.34562882781028748 0.68945521116256714
vt 0.31123805046081543 0.68945521116256714
vt 0.41302651166915894 0.8258892297744751
vt 0.41302651166915894 0.85676270723342896
vt 0.35909894108772278 0.85676270723342896
vt 0.26288095116615295 0.6621246337890625
vt 0.29762828350067139 0.6621246337890625
vt 0.29762828350067139 0.69207441806793213
vt 0.52619463205337524 0.56802153587341309
vt 0.54667824506759644 0.56802153587341309
vt 0.54667824506759644 0.58420395851135254
vt 0.5250663161277771 0.10134080797433853
vt 0.55992573499679565 0.10134080797433853
vt 0.55992573499679565 0.12240984290838242
vt 0.93176090717315674 0.76980972290039062
vt 0.95626252889633179 0.76980972290039062
vt 0.95626252889633179 0.78843075037002563
vt 0.3864445686340332 0
vt 0.3864445686340332 0.096618682146072388
vt 0.36241364479064941 0.096618682146072388
vt 0.26131343841552734 0.57409954071044922
vt 0.35113659501075745 0.57409954071044922
vt 0.35113659501075745 0.6173284649848938
vt 0 0.5065310001373291
vt 0.089823171496391296 0.5065310001373291
vt 0.089823171496391296 0.54399675130844116
vt 0.056777365505695343 0.40077880024909973
vt 0.056777365505695343 0.45556846261024475
vt 0 0.45556846261024475
vt 0.20618943870067596 0.55647945404052734
vt 0.25682488083839417 0.55647945404052734
vt 0.25682488083839417 0.59053456783294678
vt 0.39838212728500366 0.61394131183624268
vt 0.39838212728500366 0.63094431161880493
vt 0.35909894108772278 0.63094431161880493
vt 0.18723632395267487 0.37495195865631104
vt 0.18723632395267487 0.39690268039703369
vt 0.14033390581607819 0.39690268039703369
vt 0.83397430181503296 0.32938256859779358
vt 0.87866759300231934 0.32938256859779358
vt 0.87866759300231934 0.37469503283500671
vt 0.68002468347549438 0.79357904195785522
vt 0.712962806224823 0.79357904195785522
vt 0.712962806224823 0.82951045036315918
vt 0.3321605920791626 0.40077880024909973
vt 0.35525143146514893 0.40077880024909973
vt 0.35525143146514893 0.4335591197013855
vt 0.89821463823318481 0.32938256859779358
vt 0.91622424125671387 0.32938256859779358
vt 0.91622424125671387 0.37493479251861572
vt 0.083595961332321167 0.70542526245117188
vt 0.083595961332321167 0.72010564804077148
vt 0.05543849989771843 0.72010564804077148
vt 0.90656465291976929 0.17840330302715302
vt 0.90656465291976929 0.20355619490146637
vt 0.86109447479248047 0.20355619490146637
vt 0.19239962100982666 0.62753188610076904
vt 0.19239962100982666 0.70624881982803345
vt 0.16873107850551605 0.70624881982803345
vt 0.62512814998626709 0.13539598882198334
vt 0.645393967628479 0.13539598882198334
vt 0.645393967628479 0.17045140266418457
vt 0.51559180021286011 0.70818442106246948
vt 0.51559180021286011 0.72113442420959473
vt 0.49371054768562317 0.72113442420959473
vt 0.5753096342086792 0.40077880024909973
vt 0.61157572269439697 0.40077880024909973
vt 0.61157572269439697 0.42040383815765381
vt 0.85963332653045654 0.66304224729537964
vt 0.85963332653045654 0.72608757019042969
vt 0.82318490743637085 0.72608757019042969
vt 0.027927109971642494 0.33473286032676697
vt 0.027927109971642494 0.36691704392433167
vt 0 0.36691704392433167
vt 0.64501607418060303 0.61394131183624268
vt 0.64501607418060303 0.69119346141815186
vt 0.60557597875595093 0.69119346141815186
vt 0.54091727733612061 0.44919613003730774
vt 0.57248169183731079 0.44919613003730774
vt 0.57248169183731079 0.50051397085189819
vt 0.71110337972640991 0.46609216928482056
vt 0.72560840845108032 0.46609216928482056
vt 0.72560840845108032 0.47848421335220337
vt 0.14033390581607819 0.22921259701251984
vt 0.18041899800300598 0.22921259701251984
vt 0.18041899800300598 0.2805686891078949
vt 0 0.12486923485994339
vt 0.058680109679698944 0.12486923485994339
vt 0.058680109679698944 0.14849512279033661
vt 0.20207133889198303 0.29516163468360901
vt 0.27386045455932617 0.29516163468360901
vt 0.27386045455932617 0.33228135108947754
vt 0.47748649120330811 0.10003802925348282
vt 0.47748649120330811 0.17595234513282776
vt 0.45872902870178223 0.17595234513282776
vt 0.17023023962974548 0.40077880024909973
vt 0.17023023962974548 0.49513342976570129
vt 0.089468777179718018 0.49513342976570129
vt 0.45351383090019226 0.13741709291934967
vt 0.45351383090019226 0.19866102933883667
vt 0.43025010824203491 0.19866102933883667
vt 0.32736271619796753 0.20082846283912659
vt 0.32736271619796753 0.26207241415977478
vt 0.31102877855300903 0.26207241415977478
vt 0.40232786536216736 0.47344696521759033
vt 0.40232786536216736 0.49127528071403503
vt 0.35909894108772278 0.49127528071403503
vt 0.78103411197662354 0.75541585683822632
vt 0.78103411197662354 0.78450191020965576
vt 0.74047845602035522 0.78450191020965576
vt 0.59621936082839966 0.10134080797433853
vt 0.6209673285484314 0.10134080797433853
vt 0.6209673285484314 0.12664100527763367
vt 0.24099425971508026 0.731769859790802
vt 0.24099425971508026 0.75132203102111816
vt 0.21494346857070923 0.75132203102111816
vt 0.94365203380584717 0.44364678859710693
vt 0.99416327476501465 0.44364678859710693
vt 0.99416327476501465 0.48802340030670166
vt 0.54337060451507568 0.30439329147338867
vt 0.54337060451507568 0.34064096212387085
vt 0.47175049781799316 0.34064096212387085
vt 0.91857701539993286 0.21929433941841125
vt 0.94052773714065552 0.21929433941841125
vt 0.94052773714065552 0.30329614877700806
vt 0.20773126184940338 0
vt 0.29189351201057434 0
vt 0.29189351201057434 0.036111336201429367
vt 0.37819930911064148 0.40077880024909973
vt 0.37819930911064148 0.46596524119377136
vt 0.35909894108772278 0.46596524119377136
vt 0.23819711804389954 0.36301010847091675
vt 0.23819711804389954 0.38125613331794739
vt 0.20207133889198303 0.38125613331794739
vt 0.68709492683410645 0.68005961179733276
vt 0.68709492683410645 0.69430792331695557
vt 0.67193847894668579 0.69430792331695557
vt 0.14870843291282654 0.12285525351762772
vt 0.14870843291282654 0.1465335339307785
vt 0.12014082819223404 0.1465335339307785
vt 0.43586283922195435 0.33617725968360901
vt 0.43586283922195435 0.37137925624847412
vt 0.41620665788650513 0.37137925624847412
vt 0.64993715286254883 0.7365872859954834
vt 0.6647331714630127 0.7365872859954834
vt 0.6647331714630127 0.75051432847976685
vt 0.52110922336578369 0.56802153587341309
vt 0.52110922336578369 0.58638262748718262
vt 0.50261813402175903 0.58638262748718262
vt 0.59441983699798584 0.57211315631866455
vt 0.62233370542526245 0.57211315631866455
vt 0.62233370542526245 0.59529989957809448
vt 0.43768393993377686 0.63252294063568115
vt 0.44889375567436218 0.63252294063568115
vt 0.44889375567436218 0.66068041324615479
vt 0.21034549176692963 0.40077880024909973
vt 0.21034549176692963 0.42840820550918579
vt 0.17738930881023407 0.42840820550918579
vt 0.89005672931671143 0.60310637950897217
vt 0.89005672931671143 0.63954782485961914
vt 0.82318490743637085 0.63954782485961914
vt 0.20207133889198303 0.38540342450141907
vt 0.28484717011451721 0.38540342450141907
vt 0.28484717011451721 0.39793124794960022
vt 0.12014082819223404 0.097419224679470062
vt 0.13595965504646301 0.097419224679470062
vt 0.13595965504646301 0.11630416661500931
vt 0.95772737264633179 0.76980972290039062
vt 0.99853515625 0.76980972290039062
vt 0.99853515625 0.82848978042602539
vt 0.078059442341327667 0.097419224679470062
vt 0.11024363338947296 0.097419224679470062
vt 0.11024363338947296 0.13866385817527771
vt 0.86109447479248047 0.14122435450553894
vt 0.88046365976333618 0.14122435450553894
vt 0.88046365976333618 0.16409386694431305
vt 0.23487274348735809 0.75396251678466797
vt 0.23487274348735809 0.78863024711608887
vt 0.16873107850551605 0.78863024711608887
vt 0.99811112880706787 0.28250128030776978
vt 0.99811112880706787 0.33199557662010193
vt 0.97731924057006836 0.33199557662010193
vt 0.24038088321685791 0.79344910383224487
vt 0.24038088321685791 0.85644888877868652
vt 0.20539729297161102 0.85644888877868652
vt 0.90794140100479126 0.44364678859710693
vt 0.90794140100479126 0.50664651393890381
vt 0.8719443678855896 0.50664651393890381
vt 0.76855939626693726 0.63215100765228271
vt 0.76855939626693726 0.64459997415542603
vt 0.73147249221801758 0.64459997415542603
vt 0.64993715286254883 0.79357904195785522
vt 0.67855983972549438 0.79357904195785522
vt 0.67855983972549438 0.80704498291015625
vt 0.13048535585403442 0.280760258436203
vt 0.13048535585403442 0.29935106635093689
vt 0.09578578919172287 0.29935106635093689
vt 0.37996584177017212 0.34761470556259155
vt 0.37996584177017212 0.36362245678901672
vt 0.35766714811325073 0.36362245678901672
vt 0.43429297208786011 0.73591822385787964
vt 0.43429297208786011 0.74874448776245117
vt 0.41055849194526672 0.74874448776245117
vt 0.23994342982769012 0.22921259701251984
vt 0.23994342982769012 0.25199860334396362
vt 0.1882423609495163 0.25199860334396362
vt 0.69003808498382568 0.49099799990653992
vt 0.70454311370849609 0.49099799990653992
vt 0.70454311370849609 0.50442510843276978
vt 0.13319352269172668 0
vt 0.13319352269172668 0.021990939974784851
vt 0.11136611551046371 0.021990939974784851
vt 0.48169147968292236 0
vt 0.55490612983703613 0
vt 0.55490612983703613 0.041744772344827652
vt 0.83397430181503296 0.090325891971588135
vt 0.84622848033905029 0.090325891971588135
vt 0.84622848033905029 0.15775619447231293
vt 0.39794155955314636 0.70352840423583984
vt 0.43023303151130676 0.70352840423583984
vt 0.43023303151130676 0.72880458831787109
vt 0.4113086462020874 0.64677464962005615
vt 0.43533957004547119 0.64677464962005615
vt 0.43533957004547119 0.66081732511520386
vt 0.56360352039337158 0.79327446222305298
vt 0.59686881303787231 0.79327446222305298
vt 0.59686881303787231 0.81497567892074585
vt 0.099526897072792053 0.30147415399551392
vt 0.13367019593715668 0.30147415399551392
vt 0.13367019593715668 0.37903103232383728
vt 0.64993715286254883 0.21285621821880341
vt 0.72585141658782959 0.21285621821880341
vt 0.72585141658782959 0.27636376023292542
vt 0.02094460092484951 0.68231946229934692
vt 0.037620939314365387 0.68231946229934692
vt 0.037620939314365387 0.70429301261901855
vt 0.62478280067443848 0.47019615769386292
vt 0.62478280067443848 0.50051397085189819
vt 0.59899914264678955 0.50051397085189819
vt 0.67718559503555298 0.33172193169593811
vt 0.67718559503555298 0.36380389332771301
vt 0.64993715286254883 0.36380389332771301
vt 0.33055061101913452 0.21643899381160736
vt 0.36269032955169678 0.21643899381160736
vt 0.36269032955169678 0.23058469593524933
vt 0.62086188793182373 0.45393824577331543
vt 0.62086188793182373 0.46873131394386292
vt 0.5753096342086792 0.46873131394386292
vt 0 0.62753188610076904
vt 0.096040509641170502 0.62753188610076904
vt 0.096040509641170502 0.66484856605529785
vt 0.11435176432132721 0.68588376045227051
vt 0.16372433304786682 0.68588376045227051
vt 0.16372433304786682 0.7261195182800293
vt 0.050793014466762543 0.36734086275100708
vt 0.072843864560127258 0.36734086275100708
vt 0.072843864560127258 0.39333701133728027
vt 0.14033390581607819 0.35626760125160217
vt 0.16334277391433716 0.35626760125160217
vt 0.16334277391433716 0.36946231126785278
vt 0.41620665788650513 0.29910582304000854
vt 0.4608999490737915 0.29910582304000854
vt 0.4608999490737915 0.33471241593360901
vt 0.57829827070236206 0.61394131183624268
vt 0.57829827070236206 0.64138126373291016
vt 0.55293458700180054 0.64138126373291016
vt 0.54779845476150513 0.27698564529418945
vt 0.54779845476150513 0.30146759748458862
vt 0.51988458633422852 0.30146759748458862
vt 0.82318490743637085 0.54726356267929077
vt 0.86668944358825684 0.54726356267929077
vt 0.86668944358825684 0.56836098432540894
vt 0.11435176432132721 0.62753188610076904
vt 0.16517975926399231 0.62753188610076904
vt 0.16517975926399231 0.66628766059875488
vt 0.35909894108772278 0.67361092567443848
vt 0.39066335558891296 0.67361092567443848
vt 0.39066335558891296 0.69898051023483276
vt 0.40444692969322205 0.55796581506729126
vt 0.42631995677947998 0.55796581506729126
vt 0.42631995677947998 0.57710516452789307
vt 0.99454444646835327 0.2552090585231781
vt 0.99454444646835327 0.26971760392189026
vt 0.96902549266815186 0.26971760392189026
vt 0.24795982241630554 0.59331381320953369
vt 0.24795982241630554 0.6247406005859375
vt 0.21920971572399139 0.6247406005859375
vt 0.94038385152816772 0.44364678859710693
vt 0.94038385152816772 0.48421844840049744
vt 0.91210097074508667 0.48421844840049744
vt 0.26537641882896423 0.7792125940322876
vt 0.3324885368347168 0.7792125940322876
vt 0.3324885368347168 0.79108870029449463
vt 0.25003388524055481 0.20163741707801819
vt 0.30106842517852783 0.20163741707801819
vt 0.30106842517852783 0.25824511051177979
vt 0.26537641882896423 0.75396251678466797
vt 0.35165375471115112 0.75396251678466797
vt 0.35165375471115112 0.77700787782669067
vt 0.087741196155548096 0.70542526245117188
vt 0.1109369769692421 0.70542526245117188
vt 0.1109369769692421 0.74336749315261841
vt 0.91857701539993286 0.36296415328979492
vt 0.97157728672027588 0.36296415328979492
vt 0.97157728672027588 0.41259363293647766
vt 0.29211410880088806 0.037576179951429367
vt 0.29211410880088806 0.073638945817947388
vt 0.20773126184940338 0.073638945817947388
vt 0.35763409733772278 0.81176066398620605
vt 0.35763409733772278 0.86053937673568726
vt 0.26537641882896423 0.86053937673568726
vt 0.15749345719814301 0.075103789567947388
vt 0.25353395938873291 0.075103789567947388
vt 0.25353395938873291 0.096856944262981415
vt 0.83103865385055542 0.21285621821880341
vt 0.83103865385055542 0.23782733082771301
vt 0.81033164262771606 0.23782733082771301
vt 0.93176090717315674 0.81634443998336792
vt 0.95626252889633179 0.81634443998336792
vt 0.95626252889633179 0.83589655160903931
vt 0.86768871545791626 0.66304224729537964
vt 0.90617972612380981 0.66304224729537964
vt 0.90617972612380981 0.72274273633956909
vt 0.24184572696685791 0.75396251678466797
vt 0.26391157507896423 0.75396251678466797
vt 0.26391157507896423 0.83179724216461182
vt 0.74047845602035522 0.70525139570236206
vt 0.75863867998123169 0.70525139570236206
vt 0.75863867998123169 0.73489165306091309
vt 0.53162544965744019 0.16925981640815735
vt 0.53162544965744019 0.18546028435230255
vt 0.5123600959777832 0.18546028435230255
vt 0.90973454713821411 0.05928068608045578
vt 0.94552642107009888 0.05928068608045578
vt 0.94552642107009888 0.089690409600734711
vt 0.93029606342315674 0.76980972290039062
vt 0.93029606342315674 0.82678741216659546
vt 0.91468656063079834 0.82678741216659546
vt 0.47175049781799316 0.34444752335548401
vt 0.49609467387199402 0.34444752335548401
vt 0.49609467387199402 0.36216822266578674
vt 0.77649557590484619 0.80703294277191162
vt 0.77649557590484619 0.839813232421875
vt 0.74047845602035522 0.839813232421875
vt 0.16726623475551605 0.74646389484405518
vt 0.16726623475551605 0.79946935176849365
vt 0.084001816809177399 0.79946935176849365
vt 0.41144099831581116 0.29910582304000854
vt 0.41144099831581116 0.36662629246711731
vt 0.39064911007881165 0.36662629246711731
vt 0.60117393732070923 0.8408818244934082
vt 0.60117393732070923 0.8623199462890625
vt 0.58316439390182495 0.8623199462890625
vt 0.85710430145263672 0.44364678859710693
vt 0.85710430145263672 0.46819102764129639
vt 0.84179848432540894 0.46819102764129639
vt 0.17738930881023407 0.462359219789505
vt 0.25411912798881531 0.462359219789505
vt 0.25411912798881531 0.51206123828887939
vt 0.64791512489318848 0.69265830516815186
vt 0.64791512489318848 0.76792329549789429
vt 0.62718844413757324 0.76792329549789429
vt 0.38631913065910339 0.73591822385787964
vt 0.40687239170074463 0.73591822385787964
vt 0.40687239170074463 0.76993274688720703
vt 0.96435743570327759 0.21929433941841125
vt 0.96435743570327759 0.25817418098449707
vt 0.94252192974090576 0.25817418098449707
vt 0.73426133394241333 0.67883813381195068
vt 0.73426133394241333 0.69278502464294434
vt 0.71812409162521362 0.69278502464294434
vt 0.77714204788208008 0.60161662101745605
vt 0.79631388187408447 0.60161662101745605
vt 0.79631388187408447 0.63125687837600708
vt 0.084001816809177399 0.80379503965377808
vt 0.10170405358076096 0.80379503965377808
vt 0.10170405358076096 0.83123499155044556
vt 0.88276815414428711 0
vt 0.88276815414428711 0.027285344898700714
vt 0.86430615186691284 0.027285344898700714
vt 0.43854957818984985 0.79862165451049805
vt 0.50330370664596558 0.79862165451049805
vt 0.50330370664596558 0.85116064548492432
vt 0.203844353556633 0.5161173939704895
vt 0.203844353556633 0.58087152242660522
vt 0.17738930881023407 0.58087152242660522
vt 0.11136611551046371 0.032416727393865585
vt 0.12952914834022522 0.032416727393865585
vt 0.12952914834022522 0.06537291407585144
vt 0.55293458700180054 0.74472057819366455
vt 0.58956992626190186 0.74472057819366455
vt 0.58956992626190186 0.76472938060760498
vt 0.38271376490592957 0.73591822385787964
vt 0.38271376490592957 0.79926633834838867
vt 0.35909894108772278 0.79926633834838867
vt 0 0.31810548901557922
vt 0.081411689519882202 0.31810548901557922
vt 0.081411689519882202 0.33326801657676697
vt 0.79980754852294922 0.44364678859710693
vt 0.8183363676071167 0.44364678859710693
vt 0.8183363676071167 0.4570319652557373
vt 0.5516732931137085 0.59343236684799194
vt 0.5516732931137085 0.60649311542510986
vt 0.52619463205337524 0.60649311542510986
vt 0.22100101411342621 0.098321788012981415
vt 0.22100101411342621 0.19267641007900238
vt 0.15749345719814301 0.19267641007900238
vt 0.64993715286254883 0.40039300918579102
vt 0.73123997449874878 0.40039300918579102
vt 0.73123997449874878 0.42350262403488159
vt 0.79616409540176392 0.44364678859710693
vt 0.79616409540176392 0.45737642049789429
vt 0.77865618467330933 0.45737642049789429
vt 0.66669356822967529 0.62604409456253052
vt 0.66669356822967529 0.63889425992965698
vt 0.64993715286254883 0.63889425992965698
vt 0.61580318212509155 0.40077880024909973
vt 0.63181090354919434 0.40077880024909973
vt 0.63181090354919434 0.44768121838569641
vt 0.47975441813468933 0.4744611382484436
vt 0.47975441813468933 0.50917631387710571
vt 0.43026012182235718 0.50917631387710571
vt 0.26690420508384705 0.40077880024909973
vt 0.30698928236961365 0.40077880024909973
vt 0.30698928236961365 0.44687721133232117
vt 0.42568865418434143 0.51064115762710571
vt 0.42568865418434143 0.53844791650772095
vt 0.37494990229606628 0.53844791650772095
vt 0.68511492013931274 0.44364678859710693
vt 0.68511492013931274 0.4548397958278656
vt 0.67127788066864014 0.4548397958278656
vt 0.90528535842895508 0.14122435450553894
vt 0.90528535842895508 0.16319787502288818
vt 0.88463723659515381 0.16319787502288818
vt 0.26475349068641663 0.098321788012981415
vt 0.30102357268333435 0.098321788012981415
vt 0.30102357268333435 0.13400526344776154
vt 0.6658063530921936 0.65352225303649902
vt 0.6658063530921936 0.66694933176040649
vt 0.64993715286254883 0.66694933176040649
vt 0.51988458633422852 0.24993699789047241
vt 0.54816746711730957 0.24993699789047241
vt 0.54816746711730957 0.27409827709197998
vt 0.7337033748626709 0.73496794700622559
vt 0.7337033748626709 0.74976402521133423
vt 0.71752095222473145 0.74976402521133423
vt 0.66434919834136963 0.44364678859710693
vt 0.66434919834136963 0.45277976989746094
vt 0.64993715286254883 0.45277976989746094
vt 0.034197334200143814 0.21970312297344208
vt 0.034197334200143814 0.22883246839046478
vt 0 0.22883246839046478
vt 0.86109447479248047 0.11357475072145462
vt 0.8919101357460022 0.11357475072145462
vt 0.8919101357460022 0.13058257102966309
vt 0.42892611026763916 0.75466382503509521
vt 0.42892611026763916 0.77147608995437622
vt 0.41055849194526672 0.77147608995437622
vt 0.56127321720123291 0.20082846283912659
vt 0.6283261775970459 0.20082846283912659
vt 0.6283261775970459 0.29455098509788513
vt 0.31102877855300903 0.29910582304000854
vt 0.32671427726745605 0.29910582304000854
vt 0.32671427726745605 0.37179738283157349
vt 0.5040278434753418 0.10134080797433853
vt 0.52121365070343018 0.10134080797433853
vt 0.52121365070343018 0.12335752695798874
vt 0.78031253814697266 0.65352225303649902
vt 0.78031253814697266 0.67745965719223022
vt 0.75857585668563843 0.67745965719223022
vt 0.019814051687717438 0.20163741707801819
vt 0.019814051687717438 0.21823827922344208
vt 0 0.21823827922344208
vt 0.17738930881023407 0.59331381320953369
vt 0.19119340181350708 0.59331381320953369
vt 0.19119340181350708 0.62495005130767822
vt 0.26537641882896423 0.79255354404449463
vt 0.31205853819847107 0.79255354404449463
vt 0.31205853819847107 0.81008362770080566
vt 0.35909894108772278 0.49274012446403503
vt 0.40578103065490723 0.49274012446403503
vt 0.40578103065490723 0.50917631387710571
vt 0.33158203959465027 0.26606035232543945
vt 0.33158203959465027 0.29764097929000854
vt 0.31102877855300903 0.29764097929000854
vt 0.34565678238868713 0.69637513160705566
vt 0.34565678238868713 0.74817401170730591
vt 0.26288095116615295 0.74817401170730591
vt 0.51772648096084595 0.61394131183624268
vt 0.5498051643371582 0.61394131183624268
vt 0.5498051643371582 0.71056002378463745
vt 0.77792590856552124 0.32083696126937866
vt 0.77792590856552124 0.38826727867126465
vt 0.74276614189147949 0.38826727867126465
vt 0.75072532892227173 0.44364678859710693
vt 0.75072532892227173 0.45670750737190247
vt 0.73147249221801758 0.45670750737190247
vt 0.23800274729728699 0.34071862697601318
vt 0.23800274729728699 0.35888165235519409
vt 0.20207133889198303 0.35888165235519409
vt 0.50232142210006714 0.22433575987815857
vt 0.50232142210006714 0.24720412492752075
vt 0.47175049781799316 0.24720412492752075
vt 0.094753973186016083 0.23747794330120087
vt 0.12532491981983185 0.23747794330120087
vt 0.12532491981983185 0.25668808817863464
vt 0.25643742084503174 0.34071862697601318
vt 0.29271289706230164 0.34071862697601318
vt 0.29271289706230164 0.35532468557357788
vt 0.712962806224823 0.76446288824081421
vt 0.712962806224823 0.77906888723373413
vt 0.64993715286254883 0.77906888723373413
vt 0.46676251292228699 0.51064115762710571
vt 0.46676251292228699 0.5337563157081604
vt 0.43153780698776245 0.5337563157081604
vt 0.77262753248214722 0.52108055353164673
vt 0.77262753248214722 0.53391826152801514
vt 0.75409877300262451 0.53391826152801514
vt 0.68674302101135254 0.54523938894271851
vt 0.68674302101135254 0.5579531192779541
vt 0.67126923799514771 0.5579531192779541
vt 0 0.66789394617080688
vt 0.028836732730269432 0.66789394617080688
vt 0.028836732730269432 0.68060761690139771
vt 0 0.46330434083938599
vt 0.08218364417552948 0.46330434083938599
vt 0.08218364417552948 0.50118285417556763
vt 0.78064459562301636 0.21285621821880341
vt 0.78064459562301636 0.24166539311408997
vt 0.74276614189147949 0.24166539311408997
vt 0.45062908530235291 0.40077880024909973
vt 0.45062908530235291 0.46765068173408508
vt 0.43026012182235718 0.46765068173408508
vt 0.39199402928352356 0
vt 0.46486374735832214 0
vt 0.46486374735832214 0.087901964783668518
vt 0.61917567253112793 0.69265830516815186
vt 0.61917567253112793 0.71546024084091187
vt 0.55293458700180054 0.71546024084091187
vt 0.5885043740272522 0.42491725087165833
vt 0.5885043740272522 0.44851189851760864
vt 0.5753096342086792 0.44851189851760864
vt 0.61352354288101196 0.519359290599823
vt 0.61352354288101196 0.53464812040328979
vt 0.59441983699798584 0.53464812040328979
vt 0.33030954003334045 0.33069908618927002
vt 0.35127538442611694 0.33069908618927002
vt 0.35127538442611694 0.36536002159118652
vt 0.37999573349952698 0.41523408889770508
vt 0.40618103742599487 0.41523408889770508
vt 0.40618103742599487 0.43393850326538086
vt 0.24754342436790466 0.71415919065475464
vt 0.24754342436790466 0.72967451810836792
vt 0.21494346857070923 0.72967451810836792
vt 0 0.23029731214046478
vt 0.038491051644086838 0.23029731214046478
vt 0.038491051644086838 0.26505431532859802
vt 0.52573496103286743 0.51964181661605835
vt 0.52573496103286743 0.55307841300964355
vt 0.50261813402175903 0.55307841300964355
vt 0.72749245166778564 0.5738760232925415
vt 0.72749245166778564 0.58685016632080078
vt 0.71076267957687378 0.58685016632080078
vt 0.82024043798446655 0.32083696126937866
vt 0.83099544048309326 0.32083696126937866
vt 0.83099544048309326 0.3869786262512207
vt 0.62370949983596802 0.71692508459091187
vt 0.62370949983596802 0.73325157165527344
vt 0.60605734586715698 0.73325157165527344
vt 0.62262696027755737 0.026265703141689301
vt 0.62262696027755737 0.045557502657175064
vt 0.60630041360855103 0.045557502657175064
vt 0.51560002565383911 0.20082846283912659
vt 0.5501408576965332 0.20082846283912659
vt 0.5501408576965332 0.2187872976064682
vt 0.28313601016998291 0.13547010719776154
vt 0.28313601016998291 0.16573938727378845
vt 0.26475349068641663 0.16573938727378845
vt 0.16180512309074402 0.33654618263244629
vt 0.16180512309074402 0.35047325491905212
vt 0.14033390581607819 0.35047325491905212
vt 0.72653919458389282 0.49099799990653992
vt 0.72653919458389282 0.50472766160964966
vt 0.71147197484970093 0.50472766160964966
vt 0.19624319672584534 0.62753188610076904
vt 0.22633077204227448 0.62753188610076904
vt 0.22633077204227448 0.65126633644104004
vt 0.16873107850551605 0.79344910383224487
vt 0.18687534332275391 0.79344910383224487
vt 0.18687534332275391 0.8153221607208252
vt 0.9941173791885376 0.11767169833183289
vt 0.9941173791885376 0.1706719696521759
vt 0.90973454713821411 0.1706719696521759
vt 0.082536973059177399 0.74646389484405518
vt 0.082536973059177399 0.79812723398208618
vt 0 0.79812723398208618
vt 0.6075131893157959 0.76938813924789429
vt 0.63965290784835815 0.76938813924789429
vt 0.63965290784835815 0.79100954532623291
vt 0.64143991470336914 0.81644052267074585
vt 0.64143991470336914 0.86238390207290649
vt 0.60542279481887817 0.86238390207290649
vt 0.3817143440246582 0.63548976182937622
vt 0.3817143440246582 0.66509252786636353
vt 0.35909894108772278 0.66509252786636353
vt 0.1882423609495163 0.25602224469184875
vt 0.2029949277639389 0.25602224469184875
vt 0.2029949277639389 0.28928753733634949
vt 0.86765390634536743 0.77411741018295288
vt 0.89971530437469482 0.77411741018295288
vt 0.89971530437469482 0.78872239589691162
vt 0.33055061101913452 0.20082846283912659
vt 0.36261197924613953 0.20082846283912659
vt 0.36261197924613953 0.21497415006160736
vt 0.21158663928508759 0.43210956454277039
vt 0.21158663928508759 0.45878559350967407
vt 0.17738930881023407 0.45878559350967407
vt 0.59753429889678955 0.47019615769386292
vt 0.59753429889678955 0.48323684930801392
vt 0.5753096342086792 0.48323684930801392
vt 0.56212109327316284 0.17529432475566864
vt 0.56212109327316284 0.19365544617176056
vt 0.54244905710220337 0.19365544617176056
vt 0.79742699861526489 0.49251672625541687
vt 0.79742699861526489 0.50546669960021973
vt 0.77865618467330933 0.50546669960021973
vt 0.89761477708816528 0.090325891971588135
vt 0.89761477708816528 0.10462672263383865
vt 0.86109447479248047 0.10462672263383865
vt 0.35327392816543579 0.24991199374198914
vt 0.35327392816543579 0.26421281695365906
vt 0.33055061101913452 0.26421281695365906
vt 0.19101794064044952 0
vt 0.19101794064044952 0.02856760285794735
vt 0.15749345719814301 0.02856760285794735
vt 0.78347116708755493 0.17168994247913361
vt 0.78347116708755493 0.19342121481895447
vt 0.73996663093566895 0.19342121481895447
vt 0.35909894108772278 0.51064115762710571
vt 0.37348505854606628 0.51064115762710571
vt 0.37348505854606628 0.60255533456802368
vt 0.32951942086219788 0.40077880024909973
vt 0.32951942086219788 0.44828569889068604
vt 0.31366845965385437 0.44828569889068604
vt 0.60178041458129883 0.67462307214736938
vt 0.60178041458129883 0.68910813331604004
vt 0.5785936713218689 0.68910813331604004
vt 0.10305161029100418 0.082364268600940704
vt 0.10305161029100418 0.095954380929470062
vt 0.083076402544975281 0.095954380929470062
vt 0.72229743003845215 0.36530584096908569
vt 0.72229743003845215 0.38405221700668335
vt 0.6993790864944458 0.38405221700668335
vt 0.59579688310623169 0.76938813924789429
vt 0.59579688310623169 0.79180961847305298
vt 0.56360352039337158 0.79180961847305298
vt 0.68313944339752197 0.70857816934585571
vt 0.68313944339752197 0.72102713584899902
vt 0.66863089799880981 0.72102713584899902
vt 0.29840037226676941 0.53418624401092529
vt 0.29840037226676941 0.56647771596908569
vt 0.26131343841552734 0.56647771596908569
vt 0.59314393997192383 0.71692508459091187
vt 0.60459250211715698 0.71692508459091187
vt 0.60459250211715698 0.76792329549789429
vt 0.40925535559654236 0.57857000827789307
vt 0.40925535559654236 0.58910387754440308
vt 0.37494990229606628 0.58910387754440308
vt 0.62624764442443848 0.45393824577331543
vt 0.64847230911254883 0.45393824577331543
vt 0.64847230911254883 0.48940902948379517
vt 0.89977693557739258 0.05083189532160759
vt 0.89977693557739258 0.075125433504581451
vt 0.86430615186691284 0.075125433504581451
vt 0.6859549880027771 0.57085072994232178
vt 0.6859549880027771 0.5845525860786438
vt 0.67126923799514771 0.5845525860786438
vt 0.80778950452804565 0.21285621821880341
vt 0.80778950452804565 0.24154607951641083
vt 0.78985798358917236 0.24154607951641083
vt 0.12089606374502182 0.14830176532268524
vt 0.14760397374629974 0.14830176532268524
vt 0.14760397374629974 0.19793124496936798
vt 0.15311843156814575 0.050541549921035767
vt 0.15311843156814575 0.065297253429889679
vt 0.13360045850276947 0.065297253429889679
vt 0.48169147968292236 0.050065431743860245
vt 0.55348062515258789 0.050065431743860245
vt 0.55348062515258789 0.092819064855575562
vt 0.16728962957859039 0.5065310001373291
vt 0.16728962957859039 0.5928083062171936
vt 0.12604089081287384 0.5928083062171936
vt 0.80783098936080933 0
vt 0.80783098936080933 0.063348092138767242
vt 0.73996663093566895 0.063348092138767242
vt 0.40187278389930725 0.53991276025772095
vt 0.40187278389930725 0.57466012239456177
vt 0.37494990229606628 0.57466012239456177
vt 0.81880003213882446 0.51943498849868774
vt 0.81880003213882446 0.53548908233642578
vt 0.80246609449386597 0.53548908233642578
vt 0.56898868083953857 0.71692508459091187
vt 0.56898868083953857 0.73947107791900635
vt 0.55293458700180054 0.73947107791900635
vt 0.5785936713218689 0.65251284837722778
vt 0.59735113382339478 0.65251284837722778
vt 0.59735113382339478 0.67027080059051514
vt 0.50115329027175903 0.51064115762710571
vt 0.50115329027175903 0.55854892730712891
vt 0.46822735667228699 0.55854892730712891
vt 0.6993790864944458 0.33172193169593811
vt 0.72329056262969971 0.33172193169593811
vt 0.72329056262969971 0.34966513514518738
vt 0.45028415322303772 0.53538435697555542
vt 0.46676251292228699 0.53538435697555542
vt 0.46676251292228699 0.55839318037033081
vt 0.57321751117706299 0.051638774573802948
vt 0.63458800315856934 0.051638774573802948
vt 0.63458800315856934 0.099875964224338531
vt 0.99066835641860962 0
vt 0.99066835641860962 0.061370488256216049
vt 0.95485156774520874 0.061370488256216049
vt 0.67193847894668579 0.65352225303649902
vt 0.68820822238922119 0.65352225303649902
vt 0.68820822238922119 0.66678076982498169
vt 0.37782177329063416 0.23204953968524933
vt 0.37782177329063416 0.24758769571781158
vt 0.35770881175994873 0.24758769571781158
vt 0.45254477858543396 0.43558129668235779
vt 0.47398942708969116 0.43558129668235779
vt 0.47398942708969116 0.4729962944984436
vt 0.49530839920043945 0.76629120111465454
vt 0.49530839920043945 0.79180186986923218
vt 0.47983464598655701 0.79180186986923218
vt 0.59300523996353149 0.42491725087165833
vt 0.61000454425811768 0.42491725087165833
vt 0.61000454425811768 0.44335004687309265
vt 0.62700635194778442 0.10134080797433853
vt 0.64543914794921875 0.10134080797433853
vt 0.64543914794921875 0.13393114507198334
vt 0.41040545701980591 0.43540334701538086
vt 0.41040545701980591 0.45676231384277344
vt 0.37999573349952698 0.45676231384277344
vt 0.714427649974823 0.76446288824081421
vt 0.73901361227035522 0.76446288824081421
vt 0.73901361227035522 0.7871742844581604
vt 0.70676785707473755 0.51996272802352905
vt 0.70676785707473755 0.53168016672134399
vt 0.69003808498382568 0.53168016672134399
vt 0.70676541328430176 0.54523938894271851
vt 0.70676541328430176 0.55760610103607178
vt 0.68996316194534302 0.55760610103607178
vt 0.14033390581607819 0.20163741707801819
vt 0.22910904884338379 0.20163741707801819
vt 0.22910904884338379 0.22507406771183014
vt 0.31102877855300903 0.10003802925348282
vt 0.38389849662780762 0.10003802925348282
vt 0.38389849662780762 0.18881316483020782
vt 0.3907352089881897 0.70576262474060059
vt 0.3907352089881897 0.71808028221130371
vt 0.35909894108772278 0.71808028221130371
vt 0.94252192974090576 0.28250128030776978
vt 0.95449376106262207 0.28250128030776978
vt 0.95449376106262207 0.3146946132183075
vt 0.57498425245285034 0.65251284837722778
vt 0.57498425245285034 0.68630790710449219
vt 0.55293458700180054 0.68630790710449219
vt 0.73877185583114624 0.81309932470321655
vt 0.73877185583114624 0.83743113279342651
vt 0.714427649974823 0.83743113279342651
vt 0.54139536619186401 0.22176696360111237
vt 0.54139536619186401 0.24592824280261993
vt 0.51560002565383911 0.24592824280261993
vt 0.55415236949920654 0.12387468665838242
vt 0.55415236949920654 0.14948186278343201
vt 0.5250663161277771 0.14948186278343201
vt 0.42593911290168762 0.45822715759277344
vt 0.42593911290168762 0.47198212146759033
vt 0.37999573349952698 0.47198212146759033
vt 0.58146291971206665 0.61394131183624268
vt 0.60290110111236572 0.61394131183624268
vt 0.60290110111236572 0.6464114785194397
vt 0.97538834810256958 0.51578980684280396
vt 0.97538834810256958 0.52791416645050049
vt 0.91210097074508667 0.52791416645050049
vt 0.88450634479522705 0.32938256859779358
vt 0.89663070440292358 0.32938256859779358
vt 0.89663070440292358 0.39690303802490234
vt 0.55734866857528687 0.30439329147338867
vt 0.63481760025024414 0.30439329147338867
vt 0.63481760025024414 0.38515475392341614
vt 0.6484411358833313 0.53611296415328979
vt 0.6484411358833313 0.61247646808624268
vt 0.6293407678604126 0.61247646808624268
vt 0.26690420508384705 0.45340713858604431
vt 0.33401632308959961 0.45340713858604431
vt 0.33401632308959961 0.51001483201980591
vt 0.4894026517868042 0.20082846283912659
vt 0.4894026517868042 0.21925392746925354
vt 0.47175049781799316 0.21925392746925354
vt 0.078059442341327667 0.17597474157810211
vt 0.094595491886138916 0.17597474157810211
vt 0.094595491886138916 0.19393359124660492
vt 0.18834018707275391 0.79344910383224487
vt 0.20393244922161102 0.79344910383224487
vt 0.20393244922161102 0.81892776489257812
vt 0.81776851415634155 0.54657042026519775
vt 0.81776851415634155 0.57724153995513916
vt 0.79937136173248291 0.57724153995513916
vt 0.40023428201675415 0.10003802925348282
vt 0.43650433421134949 0.10003802925348282
vt 0.43650433421134949 0.11500401794910431
vt 0.71283704042434692 0.6801493763923645
vt 0.71283704042434692 0.69165158271789551
vt 0.69276708364486694 0.69165158271789551
vt 0.64993715286254883 0.54523938894271851
vt 0.66759461164474487 0.54523938894271851
vt 0.66759461164474487 0.55674165487289429
vt 0.51508790254592896 0.61394131183624268
vt 0.51508790254592896 0.65914982557296753
vt 0.49587774276733398 0.65914982557296753
vt 0.47436636686325073 0.73591822385787964
vt 0.47436636686325073 0.78112673759460449
vt 0.43854957818984985 0.78112673759460449
vt 0.6075131893157959 0.79247438907623291
vt 0.63850319385528564 0.79247438907623291
vt 0.63850319385528564 0.81497567892074585
vt 0.73147249221801758 0.54657042026519775
vt 0.76893824338912964 0.54657042026519775
vt 0.76893824338912964 0.5775604248046875
vt 0.66863089799880981 0.74031507968902588
vt 0.68773460388183594 0.74031507968902588
vt 0.68773460388183594 0.74978721141815186
vt 0.70816594362258911 0.6294255256652832
vt 0.72745770215988159 0.6294255256652832
vt 0.72745770215988159 0.6388975977897644
vt 0.43768393993377686 0.61394131183624268
vt 0.48760917782783508 0.61394131183624268
vt 0.48760917782783508 0.62851279973983765
vt 0.10618602484464645 0
vt 0.10618602484464645 0.049925237894058228
vt 0.083076402544975281 0.049925237894058228
vt 0.14090855419635773 0.097419224679470062
vt 0.15354131162166595 0.097419224679470062
vt 0.15354131162166595 0.12108776718378067
vt 0.80755108594894409 0.37454015016555786
vt 0.80755108594894409 0.39013558626174927
vt 0.78766405582427979 0.39013558626174927
vt 0.17801286280155182 0.041093416512012482
vt 0.17801286280155182 0.06469232589006424
vt 0.15749345719814301 0.06469232589006424
vt 0.49711412191390991 0.27360633015632629
vt 0.49711412191390991 0.29720523953437805
vt 0.47175049781799316 0.29720523953437805
vt 0.6278759241104126 0.53611296415328979
vt 0.6278759241104126 0.55531114339828491
vt 0.61152780055999756 0.55531114339828491
vt 0.16873107850551605 0.73586302995681763
vt 0.20015788078308105 0.73586302995681763
vt 0.20015788078308105 0.75238221883773804
vt 0.89480501413345337 0.58196282386779785
vt 0.89480501413345337 0.59481823444366455
vt 0.82318490743637085 0.59481823444366455
vt 0.79980754852294922 0.46857509016990662
vt 0.81915795803070068 0.46857509016990662
vt 0.81915795803070068 0.48143050074577332
vt 0.51201409101486206 0.24993699789047241
vt 0.51201409101486206 0.26693633198738098
vt 0.49502912163734436 0.26693633198738098
vt 0.62768751382827759 0.026265703141689301
vt 0.6446724534034729 0.026265703141689301
vt 0.6446724534034729 0.044827472418546677
vt 0.64993715286254883 0.68209379911422729
vt 0.66712290048599243 0.68209379911422729
vt 0.66712290048599243 0.69454002380371094
vt 0.7552788257598877 0.44364678859710693
vt 0.77462923526763916 0.44364678859710693
vt 0.77462923526763916 0.45611098408699036
vt 0.71110337972640991 0.44364678859710693
vt 0.72695213556289673 0.44364678859710693
vt 0.72695213556289673 0.454814612865448
vt 0.68522477149963379 0.46936798095703125
vt 0.68522477149963379 0.48053577542304993
vt 0.67127788066864014 0.48053577542304993
vt 0.5892212986946106 0.71692508459091187
vt 0.5892212986946106 0.73916572332382202
vt 0.57283085584640503 0.73916572332382202
vt 0.70642852783203125 0.44364678859710693
vt 0.70642852783203125 0.45389649271965027
vt 0.69003808498382568 0.45389649271965027
vt 0.37950742244720459 0.29910582304000854
vt 0.37950742244720459 0.32923424243927002
vt 0.36300575733184814 0.32923424243927002
vt 0.78177738189697266 0.65352225303649902
vt 0.79746288061141968 0.65352225303649902
vt 0.79746288061141968 0.6851155161857605
vt 0.27563902735710144 0.16720423102378845
vt 0.27563902735710144 0.20017257332801819
vt 0.23648862540721893 0.20017257332801819
vt 0.10697165876626968 0.14830176532268524
vt 0.10697165876626968 0.17016583681106567
vt 0.078059442341327667 0.17016583681106567
vt 0.50261813402175903 0.44919613003730774
vt 0.52162820100784302 0.44919613003730774
vt 0.52162820100784302 0.46890166401863098
vt 0.11295928806066513 0.25989049673080444
vt 0.11295928806066513 0.27851155400276184
vt 0.09578578919172287 0.27851155400276184
vt 0.47954863309860229 0.67594188451766968
vt 0.49224570393562317 0.67594188451766968
vt 0.49224570393562317 0.72297453880310059
vt 0.91322171688079834 0.82753801345825195
vt 0.91322171688079834 0.84781372547149658
vt 0.86765390634536743 0.84781372547149658
vt 0.094753973186016083 0.21782827377319336
vt 0.12961342930793762 0.21782827377319336
vt 0.12961342930793762 0.23467032611370087
vt 0.43768393993377686 0.67594188451766968
vt 0.47582748532295227 0.67594188451766968
vt 0.47582748532295227 0.71869552135467529
vt 0.67047035694122314 0.62655824422836304
vt 0.68637776374816895 0.62655824422836304
vt 0.68637776374816895 0.63994348049163818
vt 0.47175049781799316 0.24993699789047241
vt 0.48765793442726135 0.24993699789047241
vt 0.48765793442726135 0.26808005571365356
vt 0.9277614951133728 0.6076894998550415
vt 0.94691377878189087 0.6076894998550415
vt 0.94691377878189087 0.62759453058242798
vt 0.54244905710220337 0.15094670653343201
vt 0.56302750110626221 0.15094670653343201
vt 0.56302750110626221 0.1684546172618866
vt 0.70386260747909546 0.59995180368423462
vt 0.70386260747909546 0.61375594139099121
vt 0.68996316194534302 0.61375594139099121
vt 0.76010352373123169 0.72947001457214355
vt 0.78031253814697266 0.72947001457214355
vt 0.78031253814697266 0.743369460105896
vt 0.41643461585044861 0.40077880024909973
vt 0.41643461585044861 0.41376924514770508
vt 0.37999573349952698 0.41376924514770508
vt 0.11361759901046753 0.57106494903564453
vt 0.11361759901046753 0.58544903993606567
vt 0.06287885457277298 0.58544903993606567
vt 0.39794155955314636 0.67361092567443848
vt 0.43274402618408203 0.67361092567443848
vt 0.43274402618408203 0.69695776700973511
vt 0.49198493361473083 0.40077880024909973
vt 0.49198493361473083 0.43411645293235779
vt 0.45254477858543396 0.43411645293235779
vt 0.64993715286254883 0.57174986600875854
vt 0.66759461164474487 0.57174986600875854
vt 0.66759461164474487 0.5833355188369751
vt 0.70816594362258911 0.59995180368423462
vt 0.72378599643707275 0.59995180368423462
vt 0.72378599643707275 0.61153751611709595
vt 0.6658024787902832 0.4693390429019928
vt 0.6658024787902832 0.4784720242023468
vt 0.64993715286254883 0.4784720242023468
vt 0.61006295680999756 0.53611296415328979
vt 0.61006295680999756 0.55606907606124878
vt 0.59441983699798584 0.55606907606124878
vt 0.05397365614771843 0.66789394617080688
vt 0.05397365614771843 0.71698206663131714
vt 0.039439719170331955 0.71698206663131714
vt 0.33030954003334045 0.36682486534118652
vt 0.3793976902961731 0.36682486534118652
vt 0.3793976902961731 0.39931395649909973
vt 0.79391300678253174 0.5734943151473999
vt 0.79391300678253174 0.59013229608535767
vt 0.77714204788208008 0.59013229608535767
vt 0.43163156509399414 0.77923500537872314
vt 0.43163156509399414 0.81587028503417969
vt 0.38631913065910339 0.81587028503417969
vt 0.34982752799987793 0.29910582304000854
vt 0.34982752799987793 0.32581374049186707
vt 0.33030954003334045 0.32581374049186707
vt 0.084573112428188324 0.21782827377319336
vt 0.084573112428188324 0.2557704746723175
vt 0.051468353718519211 0.2557704746723175
vt 0.79530197381973267 0.51778209209442139
vt 0.79530197381973267 0.53253775835037231
vt 0.77865618467330933 0.53253775835037231
vt 0.19760499894618988 0.59331381320953369
vt 0.21235756576061249 0.59331381320953369
vt 0.21235756576061249 0.622916579246521
vt 0.14080694317817688 0.067331396043300629
vt 0.14080694317817688 0.078086458146572113
vt 0.11712826788425446 0.078086458146572113
vt 0.36758929491043091 0.26606035232543945
vt 0.36758929491043091 0.29489707946777344
vt 0.34391060471534729 0.29489707946777344
vt 0.50033044815063477 0.43558129668235779
vt 0.50033044815063477 0.46999171376228333
vt 0.47600632905960083 0.46999171376228333
vt 0.5738447904586792 0.40077880024909973
vt 0.5738447904586792 0.44773128628730774
vt 0.50261813402175903 0.44773128628730774
vt 0.98768341541290283 0.6076894998550415
vt 0.98768341541290283 0.64173805713653564
vt 0.9538952112197876 0.64173805713653564
vt 0.49237105250358582 0.63252294063568115
vt 0.49237105250358582 0.66657149791717529
vt 0.46684059500694275 0.66657149791717529
vt 0.12762910127639771 0.80379503965377808
vt 0.16611480712890625 0.80379503965377808
vt 0.16611480712890625 0.86057239770889282
vt 0.81911206245422363 0.62890762090682983
vt 0.81911206245422363 0.64347034692764282
vt 0.80051189661026001 0.64347034692764282
vt 0.035603567957878113 0.72569924592971802
vt 0.035603567957878113 0.74399983882904053
vt 0.016742072999477386 0.74399983882904053
vt 0.95048964023590088 0.53550040721893311
vt 0.96879017353057861 0.53550040721893311
vt 0.96879017353057861 0.55386805534362793
vt 0.73147249221801758 0.51894378662109375
vt 0.74795734882354736 0.51894378662109375
vt 0.74795734882354736 0.53398150205612183
vt 0.80051189661026001 0.60161662101745605
vt 0.81699675321578979 0.60161662101745605
vt 0.81699675321578979 0.61776274442672729
vt 0.19624319672584534 0.65353697538375854
vt 0.24493828415870667 0.65353697538375854
vt 0.24493828415870667 0.66819006204605103
vt 0.20618943870067596 0.5161173939704895
vt 0.25488454103469849 0.5161173939704895
vt 0.25488454103469849 0.55343407392501831
vt 0.16873107850551605 0.82986485958099365
vt 0.20393244922161102 0.82986485958099365
vt 0.20393244922161102 0.85459160804748535
vt 0.19491636753082275 0.71415919065475464
vt 0.19491636753082275 0.73396795988082886
vt 0.16873107850551605 0.73396795988082886
vt 0.2876189649105072 0.13547010719776154
vt 0.30387750267982483 0.13547010719776154
vt 0.30387750267982483 0.15100105106830597
vt 0.037957422435283661 0.70725160837173462
vt 0.037957422435283661 0.72351014614105225
vt 0.016742072999477386 0.72351014614105225
vt 0.06287885457277298 0.58718651533126831
vt 0.11177933216094971 0.58718651533126831
vt 0.11177933216094971 0.62318360805511475
vt 0.96100145578384399 0.57399415969848633
vt 0.96100145578384399 0.59472084045410156
vt 0.91210097074508667 0.59472084045410156
vt 0.75409877300262451 0.49244147539138794
vt 0.77056342363357544 0.49244147539138794
vt 0.77056342363357544 0.50686526298522949
vt 0.58734738826751709 0.50197881460189819
vt 0.58734738826751709 0.51817697286605835
vt 0.50261813402175903 0.51817697286605835
vt 0.73147249221801758 0.59977126121520996
vt 0.75584739446640015 0.59977126121520996
vt 0.75584739446640015 0.61863279342651367
vt 0.084001816809177399 0.83700418472290039
vt 0.10311195999383926 0.83700418472290039
vt 0.10311195999383926 0.86137902736663818
vt 0.77245235443115234 0.46654543280601501
vt 0.77245235443115234 0.48064115643501282
vt 0.7552788257598877 0.48064115643501282
vt 0.66851133108139038 0.49503129720687866
vt 0.68531352281570435 0.49503129720687866
vt 0.68531352281570435 0.50380527973175049
vt 0.5123600959777832 0.18692512810230255
vt 0.53684210777282715 0.18692512810230255
vt 0.53684210777282715 0.19936361908912659
vt 0.35770881175994873 0.24905253946781158
vt 0.37785974144935608 0.24905253946781158
vt 0.37785974144935608 0.26459550857543945
vt 0.23212981224060059 0.66965490579605103
vt 0.25858485698699951 0.66965490579605103
vt 0.25858485698699951 0.71027326583862305
vt 0.17948430776596069 0.29516163468360901
vt 0.17948430776596069 0.3303351104259491
vt 0.14033390581607819 0.3303351104259491
vt 0.5235021710395813 0.44919613003730774
vt 0.53935462236404419 0.44919613003730774
vt 0.53935462236404419 0.47283968329429626
vt 0.20313176512718201 0.041093416512012482
vt 0.20313176512718201 0.064736977219581604
vt 0.18261235952377319 0.064736977219581604
vt 0.15392221510410309 0
vt 0.15392221510410309 0.030598359182476997
vt 0.13812935352325439 0.030598359182476997
vt 0.78985798358917236 0.26510864496231079
vt 0.82610565423965454 0.26510864496231079
vt 0.82610565423965454 0.29570698738098145
vt 0.72594588994979858 0.54523938894271851
vt 0.72594588994979858 0.55948770046234131
vt 0.71076267957687378 0.55948770046234131
vt 0.70503038167953491 0.62769567966461182
vt 0.70503038167953491 0.64054584503173828
vt 0.68996316194534302 0.64054584503173828
vt 0.40023428201675415 0.11646886169910431
vt 0.41491463780403137 0.11646886169910431
vt 0.41491463780403137 0.13582198321819305
vt 0.51986300945281982 0.4756506085395813
vt 0.53918606042861938 0.4756506085395813
vt 0.53918606042861938 0.49500373005867004
vt 0.70446085929870605 0.57050615549087524
vt 0.70446085929870605 0.58491820096969604
vt 0.68996316194534302 0.58491820096969604
vt 0.66443479061126709 0.52159887552261353
vt 0.66443479061126709 0.53188645839691162
vt 0.64993715286254883 0.53188645839691162
vt 0.95595860481262207 0.28250128030776978
vt 0.97554028034210205 0.28250128030776978
vt 0.97554028034210205 0.30298486351966858
vt 0.430890291929245 0.61394131183624268
vt 0.430890291929245 0.63112205266952515
vt 0.4113086462020874 0.63112205266952515
vt 0.92629057168960571 0.53550040721893311
vt 0.92629057168960571 0.55917870998382568
vt 0.91210097074508667 0.55917870998382568
vt 0.083076402544975281 0.067331396043300629
vt 0.10305161029100418 0.067331396043300629
vt 0.10305161029100418 0.080899424850940704
vt 0.57943046092987061 0.8408818244934082
vt 0.57943046092987061 0.86374109983444214
vt 0.56360352039337158 0.86374109983444214
vt 0.51839816570281982 0.4756506085395813
vt 0.51839816570281982 0.49918130040168762
vt 0.50261813402175903 0.49918130040168762
vt 0.52890998125076294 0.51964181661605835
vt 0.55067890882492065 0.51964181661605835
vt 0.55067890882492065 0.55543369054794312
vt 0.42917364835739136 0.53991276025772095
vt 0.42917364835739136 0.55650097131729126
vt 0.40444692969322205 0.55650097131729126
vt 0.43012288212776184 0.11646886169910431
vt 0.44417333602905273 0.11646886169910431
vt 0.44417333602905273 0.13595224916934967
vt 0.83088064193725586 0.12000240385532379
vt 0.83088064193725586 0.16819612681865692
vt 0.78650403022766113 0.16819612681865692
vt 0.6856151819229126 0.59845262765884399
vt 0.6856151819229126 0.61240452527999878
vt 0.67047035694122314 0.61240452527999878
vt 0.50633478164672852 0.12490486353635788
vt 0.5202866792678833 0.12490486353635788
vt 0.5202866792678833 0.14923667907714844
vt 0.64993715286254883 0.82469058036804199
vt 0.67305225133895874 0.82469058036804199
vt 0.67305225133895874 0.84222668409347534
vt 0.078568249940872192 0.33473286032676697
vt 0.09610438346862793 0.33473286032676697
vt 0.09610438346862793 0.36587601900100708
vt 0.62531018257141113 0.74429112672805786
vt 0.62531018257141113 0.75926393270492554
vt 0.60605734586715698 0.75926393270492554
vt 0.56360352039337158 0.81644052267074585
vt 0.58018845319747925 0.81644052267074585
vt 0.58018845319747925 0.8394169807434082
vt 0.05543849989771843 0.72475093603134155
vt 0.080591388046741486 0.72475093603134155
vt 0.080591388046741486 0.74124473333358765
vt 0.026030611246824265 0.26651915907859802
vt 0.045844662934541702 0.26651915907859802
vt 0.045844662934541702 0.28203973174095154
vt 0.8398703932762146 0.44364678859710693
vt 0.8398703932762146 0.49550530314445496
vt 0.82318490743637085 0.49550530314445496
vt 0.66662263870239258 0.59845262765884399
vt 0.66662263870239258 0.61135578155517578
vt 0.64993715286254883 0.61135578155517578
vt 0.61983418464660645 0.13539598882198334
vt 0.61983418464660645 0.16666369140148163
vt 0.59621936082839966 0.16666369140148163
vt 0.90468758344650269 0
vt 0.90468758344650269 0.031267706304788589
vt 0.88853764533996582 0.031267706304788589
vt 0.35108989477157593 0.23204953968524933
vt 0.35108989477157593 0.24786835908889771
vt 0.33055061101913452 0.24786835908889771
vt 0.4117177426815033 0.59056872129440308
vt 0.4117177426815033 0.61247646808624268
vt 0.3926432728767395 0.61247646808624268
vt 0.90973454713821411 0
vt 0.94489431381225586 0
vt 0.94489431381225586 0.03087306022644043
vt 0.22711625695228577 0.66965490579605103
vt 0.22711625695228577 0.70432263612747192
vt 0.19624319672584534 0.70432263612747192
vt 0.051468353718519211 0.25989049673080444
vt 0.085988238453865051 0.25989049673080444
vt 0.085988238453865051 0.27581608295440674
vt 0.80246609449386597 0.49251672625541687
vt 0.81873577833175659 0.49251672625541687
vt 0.81873577833175659 0.50844234228134155
vt 0.91210097074508667 0.6076894998550415
vt 0.92357790470123291 0.6076894998550415
vt 0.92357790470123291 0.64073503017425537
vt 0.35909894108772278 0.72137314081192017
vt 0.39311349391937256 0.72137314081192017
vt 0.39311349391937256 0.73285007476806641
vt 0.48169147968292236 0.12490486353635788
vt 0.50004673004150391 0.12490486353635788
vt 0.50004673004150391 0.14331634342670441
vt 0.4131825864315033 0.57857000827789307
vt 0.43007296323776245 0.57857000827789307
vt 0.43007296323776245 0.60448026657104492
vt 0.11805514246225357 0.25989049673080444
vt 0.13523590564727783 0.25989049673080444
vt 0.13523590564727783 0.27862116694450378
vt 0.026030611246824265 0.28350457549095154
vt 0.044761303812265396 0.28350457549095154
vt 0.044761303812265396 0.30000931024551392
vt 0.60630041360855103 0
vt 0.62102556228637695 0
vt 0.62102556228637695 0.019970491528511047
vt 0.11544360965490341 0.17597474157810211
vt 0.11544360965490341 0.19625051319599152
vt 0.10071850568056107 0.19625051319599152
vt 0.64357143640518188 0
vt 0.64357143640518188 0.017300186678767204
vt 0.62652409076690674 0.017300186678767204
vt 0.61283129453659058 0.50197881460189819
vt 0.61283129453659058 0.517894446849823
vt 0.59441983699798584 0.517894446849823
vt 0.22318841516971588 0.40077880024909973
vt 0.25583016872406006 0.40077880024909973
vt 0.25583016872406006 0.45771291851997375
vt 0.17402629554271698 0.33654618263244629
vt 0.19317853450775146 0.33654618263244629
vt 0.19317853450775146 0.36918795108795166
vt 0.51248139142990112 0.67594188451766968
vt 0.51248139142990112 0.69099718332290649
vt 0.49371054768562317 0.69099718332290649
vt 0.75711101293563843 0.67977118492126465
vt 0.75711101293563843 0.69482642412185669
vt 0.74047845602035522 0.69482642412185669
vt 0.46485918760299683 0.63252294063568115
vt 0.46485918760299683 0.65440422296524048
vt 0.45043343305587769 0.65440422296524048
vt 0.73147249221801758 0.49244147539138794
vt 0.74854421615600586 0.49244147539138794
vt 0.74854421615600586 0.50686722993850708
vt 0.71087032556533813 0.70664036273956299
vt 0.71087032556533813 0.71875965595245361
vt 0.69276708364486694 0.71875965595245361
vt 0.81317472457885742 0.32083696126937866
vt 0.81317472457885742 0.33295628428459167
vt 0.78766405582427979 0.33295628428459167
vt 0.12325019389390945 0.80379503965377808
vt 0.12325019389390945 0.83249783515930176
vt 0.10626884549856186 0.83249783515930176
vt 0.58426624536514282 0.81644052267074585
vt 0.60124754905700684 0.81644052267074585
vt 0.60124754905700684 0.8394169807434082
vt 0.6628340482711792 0.49503129720687866
vt 0.6628340482711792 0.50659263134002686
vt 0.64993715286254883 0.50659263134002686
vt 0.71242326498031616 0.65352225303649902
vt 0.71242326498031616 0.66508358716964722
vt 0.69276708364486694 0.66508358716964722
vt 0.15153200924396515 0.032416727393865585
vt 0.15153200924396515 0.048345670104026794
vt 0.13360045850276947 0.048345670104026794
vt 0.79431527853012085 0.54657042026519775
vt 0.79431527853012085 0.56249934434890747
vt 0.77714204788208008 0.56249934434890747
vt 0.52448219060897827 0.59284013509750366
vt 0.52448219060897827 0.60845106840133667
vt 0.50261813402175903 0.60845106840133667
vt 0.71147197484970093 0.51859217882156372
vt 0.72708290815353394 0.51859217882156372
vt 0.72708290815353394 0.53185063600540161
vt 0.12616173923015594 0.83700418472290039
vt 0.12616173923015594 0.85879051685333252
vt 0.10457680374383926 0.85879051685333252
vt 0.051468353718519211 0.27754539251327515
vt 0.076987296342849731 0.27754539251327515
vt 0.076987296342849731 0.29913032054901123
vt 0.96902549266815186 0.21929433941841125
vt 0.98829108476638794 0.21929433941841125
vt 0.98829108476638794 0.2383866012096405
vt 0.38392060995101929 0.63548976182937622
vt 0.4088742733001709 0.63548976182937622
vt 0.4088742733001709 0.64873743057250977
vt 0.3064391016960144 0.15246589481830597
vt 0.3064391016960144 0.16573938727378845
vt 0.2876189649105072 0.16573938727378845
vt 0.66462284326553345 0.70857816934585571
vt 0.66462284326553345 0.7225719690322876
vt 0.64993715286254883 0.7225719690322876
vt 0.51060134172439575 0.20082846283912659
vt 0.51060134172439575 0.22182641923427582
vt 0.49509191513061523 0.22182641923427582
vt 0.74047845602035522 0.65352225303649902
vt 0.75711101293563843 0.65352225303649902
vt 0.75711101293563843 0.66903173923492432
vt 0.82125473022460938 0.80964237451553345
vt 0.82125473022460938 0.84251534938812256
vt 0.78249895572662354 0.84251534938812256
vt 0.47983464598655701 0.73591822385787964
vt 0.51270765066146851 0.73591822385787964
vt 0.51270765066146851 0.75988435745239258
vt 0.3911784291267395 0.59056872129440308
vt 0.3911784291267395 0.61247646808624268
vt 0.37494990229606628 0.61247646808624268
vt 0.71812409162521362 0.65352225303649902
vt 0.73581749200820923 0.65352225303649902
vt 0.73581749200820923 0.66622191667556763
vt 0.11712826788425446 0.080819293856620789
vt 0.13649743795394897 0.080819293856620789
vt 0.13649743795394897 0.094055838882923126
vt 0.68174785375595093 0.5170939564704895
vt 0.68174785375595093 0.52828693389892578
vt 0.66851133108139038 0.52828693389892578
vt 0.70841580629348755 0.73344826698303223
vt 0.70841580629348755 0.74746930599212646
vt 0.69276708364486694 0.74746930599212646
vt 0.69003808498382568 0.46503111720085144
vt 0.70405912399291992 0.46503111720085144
vt 0.70405912399291992 0.4774773120880127
vt 0.802132248878479 0.73337125778198242
vt 0.82172006368637085 0.73337125778198242
vt 0.82172006368637085 0.74600404500961304
vt 0.91468656063079834 0.66304224729537964
vt 0.98995447158813477 0.66304224729537964
vt 0.98995447158813477 0.72871702909469604
vn 0.0036979091819375753 0.015869874507188797 -0.99986720085144043
vn 0.0036979091819375753 0.015869874507188797 -0.99986720085144043
vn 0.0036979091819375753 0.015869874507188797 -0.99986720085144043
vn -0.98239731788635254 0.16484583914279938 0.08787132054567337
vn -0.98239731788635254 0.16484583914279938 0.08787132054567337
vn -0.98239731788635254 0.16484583914279938 0.08787132054567337
vn 0.73042565584182739 -0.1394672691822052 0.66860097646713257
vn 0.73042565584182739 -0.1394672691822052 0.66860097646713257
vn 0.73042565584182739 -0.1394672691822052 0.66860097646713257
vn -0.28113165497779846 -0.17438620328903198 -0.9436919093132019
vn -0.28113165497779846 -0.17438620328903198 -0.9436919093132019
vn -0.28113165497779846 -0.17438620328903198 -0.9436919093132019
vn -0.3836866021156311 0.53992003202438354 -0.74918019771575928
vn -0.3836866021156311 0.53992003202438354 -0.74918019771575928
vn -0.3836866021156311 0.53992003202438354 -0.74918019771575928
vn 0.56564199924468994 -0.048759974539279938 0.82320809364318848
vn 0.56564199924468994 -0.048759974539279938 0.82320809364318848
vn 0.56564199924468994 -0.048759974539279938 0.82320809364318848
vn 0.75110465288162231 -0.21170009672641754 -0.62531977891921997
vn 0.75110465288162231 -0.21170009672641754 -0.62531977891921997
vn 0.75110465288162231 -0.21170009672641754 -0.62531977891921997
vn -0.72810113430023193 -0.19920049607753754 -0.65588706731796265
vn -0.72810113430023193 -0.19920049607753754 -0.65588706731796265
vn -0.72810113430023193 -0.19920049607753754 -0.65588706731796265
vn 0.091255888342857361 -0.0029580916743725538 0.99582308530807495
vn 0.091255888342857361 -0.0029580916743725538 0.99582308530807495
vn 0.091255888342857361 -0.0029580916743725538 0.99582308530807495
vn -0.37793546915054321 -0.28117519617080688 0.88210278749465942
vn -0.37793546915054321 -0.28117519617080688 0.88210278749465942
vn -0.37793546915054321 -0.28117519617080688 0.88210278749465942
vn 0.98395538330078125 0.015034501440823078 -0.17778010666370392
vn 0.98395538330078125 0.015034501440823078 -0.17778010666370392
vn 0.98395538330078125 0.015034501440823078 -0.17778010666370392
vn -0.86530333757400513 -0.3285602331161499 0.37854760885238647
vn -0.86530333757400513 -0.3285602331161499 0.37854760885238647
vn -0.86530333757400513 -0.3285602331161499 0.37854760885238647
vn 0.1448042243719101 0.52896499633789062 -0.83619838953018188
vn 0.1448042243719101 0.52896499633789062 -0.83619838953018188
vn 0.1448042243719101 0.52896499633789062 -0.83619838953018188
vn 0.79783964157104492 0.052838869392871857 -0.60054975748062134
vn 0.79783964157104492 0.052838869392871857 -0.60054975748062134
vn 0.79783964157104492 0.052838869392871857 -0.60054975748062134
vn 0.098012782633304596 0.17474471032619476 -0.97972333431243896
vn 0.098012782633304596 0.17474471032619476 -0.97972333431243896
vn 0.098012782633304596 0.17474471032619476 -0.97972333431243896
vn -0.61615955829620361 0.66690200567245483 -0.41903352737426758
vn -0.61615955829620361 0.66690200567245483 -0.41903352737426758
vn -0.61615955829620361 0.66690200567245483 -0.41903352737426758
vn 0.54220801591873169 -0.036945976316928864 -0.83943164348602295
vn 0.54220801591873169 -0.036945976316928864 -0.83943164348602295
vn 0.54220801591873169 -0.036945976316928864 -0.83943164348602295
vn -0.54003381729125977 -0.16703779995441437 0.82490110397338867
vn -0.54003381729125977 -0.16703779995441437 0.82490110397338867
vn -0.54003381729125977 -0.16703779995441437 0.82490110397338867
vn -0.96741139888763428 -0.16229218244552612 -0.19436168670654297
vn -0.96741139888763428 -0.16229218244552612 -0.19436168670654297
vn -0.96741139888763428 -0.16229218244552612 -0.19436168670654297
vn -0.059068232774734497 0.11862945556640625 -0.99118012189865112
vn -0.059068232774734497 0.11862945556640625 -0.99118012189865112
vn -0.059068232774734497 0.11862945556640625 -0.99118012189865112
vn 0.30063974857330322 -0.17599199712276459 0.93735933303833008
vn 0.30063974857330322 -0.17599199712276459 0.93735933303833008
vn 0.30063974857330322 -0.17599199712276459 0.93735933303833008
vn -0.8083917498588562 -0.027955183759331703 0.58798068761825562
vn -0.8083917498588562 -0.027955183759331703 0.58798068761825562
vn -0.8083917498588562 -0.027955183759331703 0.58798068761825562
vn 0.88274914026260376 0.36490640044212341 -0.29596829414367676
vn 0.88274914026260376 0.36490640044212341 -0.29596829414367676
vn 0.88274914026260376 0.36490640044212341 -0.29596829414367676
vn 0.90372312068939209 0.24946737289428711 0.34792324900627136
vn 0.90372312068939209 0.24946737289428711 0.34792324900627136
vn 0.90372312068939209 0.24946737289428711 0.34792324900627136
vn 0.23955601453781128 0.055451840162277222 0.96929770708084106
vn 0.23955601453781128 0.055451840162277222 0.96929770708084106
vn 0.23955601453781128 0.055451840162277222 0.96929770708084106
vn -0.10949225723743439 -0.094947151839733124 0.98944252729415894
vn -0.10949225723743439 -0.094947151839733124 0.98944252729415894
vn -0.10949225723743439 -0.094947151839733124 0.98944252729415894
vn -0.63605332374572754 0.034954547882080078 -0.77085298299789429
vn -0.63605332374572754 0.034954547882080078 -0.77085298299789429
vn -0.63605332374572754 0.034954547882080078 -0.77085298299789429
vn -0.92813205718994141 -0.13068152964115143 0.34855872392654419
vn -0.92813205718994141 -0.13068152964115143 0.34855872392654419
vn -0.92813205718994141 -0.13068152964115143 0.34855872392654419
vn 0.96834474802017212 0.044634822756052017 0.24559356272220612
vn 0.96834474802017212 0.044634822756052017 0.24559356272220612
vn 0.96834474802017212 0.044634822756052017 0.24559356272220612
vn -0.58568406105041504 -0.19937321543693542 0.78563636541366577
vn -0.58568406105041504 -0.19937321543693542 0.78563636541366577
vn -0.58568406105041504 -0.19937321543693542 0.78563636541366577
vn -0.99925631284713745 0.037466283887624741 -0.009116416797041893
vn -0.99925631284713745 0.037466283887624741 -0.009116416797041893
vn -0.99925631284713745 0.037466283887624741 -0.009116416797041893
vn -0.70863425731658936 -0.26067671179771423 0.65565627813339233
vn -0.70863425731658936 -0.26067671179771423 0.65565627813339233
vn -0.70863425731658936 -0.26067671179771423 0.65565627813339233
vn -0.22216124832630157 -0.33990567922592163 0.91384273767471313
vn -0.22216124832630157 -0.33990567922592163 0.91384273767471313
vn -0.22216124832630157 -0.33990567922592163 0.91384273767471313
vn 0.36914429068565369 -0.36363312602043152 0.85527974367141724
vn 0.36914429068565369 -0.36363312602043152 0.85527974367141724
vn 0.36914429068565369 -0.36363312602043152 0.85527974367141724
vn 0.014105601236224174 -0.48069491982460022 -0.87677443027496338
vn 0.014105601236224174 -0.48069491982460022 -0.87677443027496338
vn 0.014105601236224174 -0.48069491982460022 -0.87677443027496338
vn 0.41181206703186035 -0.90768337249755859 -0.080757200717926025
vn 0.41181206703186035 -0.90768337249755859 -0.080757200717926025
vn 0.41181206703186035 -0.90768337249755859 -0.080757200717926025
vn -0.062831051647663116 -0.17300961911678314 -0.98291397094726562
vn -0.062831051647663116 -0.17300961911678314 -0.98291397094726562
vn -0.062831051647663116 -0.17300961911678314 -0.98291397094726562
vn -0.95198404788970947 -0.28170150518417358 0.11987732350826263
vn -0.95198404788970947 -0.28170150518417358 0.11987732350826263
vn -0.95198404788970947 -0.28170150518417358 0.11987732350826263
vn 0.81823962926864624 -0.10328188538551331 0.56552338600158691
vn 0.81823962926864624 -0.10328188538551331 0.56552338600158691
vn 0.81823962926864624 -0.10328188538551331 0.56552338600158691
vn 0.82322221994400024 -0.38099193572998047 0.42089226841926575
vn 0.82322221994400024 -0.38099193572998047 0.42089226841926575
vn 0.82322221994400024 -0.38099193572998047 0.42089226841926575
vn -0.7520979642868042 0.59168893098831177 0.29026344418525696
vn -0.7520979642868042 0.59168893098831177 0.29026344418525696
vn -0.7520979642868042 0.59168893098831177 0.29026344418525696
vn 0.56239461898803711 0.22093616425991058 -0.79680579900741577
vn 0.56239461898803711 0.22093616425991058 -0.79680579900741577
vn 0.56239461898803711 0.22093616425991058 -0.79680579900741577
vn -0.63643890619277954 -0.64799678325653076 -0.41838467121124268
vn -0.63643890619277954 -0.64799678325653076 -0.41838467121124268
vn -0.63643890619277954 -0.64799678325653076 -0.41838467121124268
vn 0.72966486215591431 -0.30168077349662781 0.61365944147109985
vn 0.72966486215591431 -0.30168077349662781 0.61365944147109985
vn 0.72966486215591431 -0.30168077349662781 0.61365944147109985
vn -0.47183811664581299 0.13575939834117889 0.87117058038711548
vn -0.47183811664581299 0.13575939834117889 0.87117058038711548
vn -0.47183811664581299 0.13575939834117889 0.87117058038711548
vn 0.31551876664161682 0.37200579047203064 0.87296026945114136
vn 0.31551876664161682 0.37200579047203064 0.87296026945114136
vn 0.31551876664161682 0.37200579047203064 0.87296026945114136
vn 0.98699074983596802 0.14070874452590942 0.077783815562725067
vn 0.98699074983596802 0.14070874452590942 0.077783815562725067
vn 0.98699074983596802 0.14070874452590942 0.077783815562725067
vn 0.96556270122528076 0.040304683148860931 -0.25702953338623047
vn 0.96556270122528076 0.040304683148860931 -0.25702953338623047
vn 0.96556270122528076 0.040304683148860931 -0.25702953338623047
vn 0.22935481369495392 0.011493965052068233 -0.97327500581741333
vn 0.22935481369495392 0.011493965052068233 -0.97327500581741333
vn 0.22935481369495392 0.011493965052068233 -0.97327500581741333
vn -0.7006988525390625 0.04757845401763916 -0.71186894178390503
vn -0.7006988525390625 0.04757845401763916 -0.71186894178390503
vn -0.7006988525390625 0.04757845401763916 -0.71186894178390503
vn 0.91794472932815552 0.13700753450393677 0.37229880690574646
vn 0.91794472932815552 0.13700753450393677 0.37229880690574646
vn 0.91794472932815552 0.13700753450393677 0.37229880690574646
vn 0.79874402284622192 -0.18230372667312622 -0.57338762283325195
vn 0.79874402284622192 -0.18230372667312622 -0.57338762283325195
vn 0.79874402284622192 -0.18230372667312622 -0.57338762283325195
vn 0.85171175003051758 0.26863914728164673 -0.44991123676300049
vn 0.85171175003051758 0.26863914728164673 -0.44991123676300049
vn 0.85171175003051758 0.26863914728164673 -0.44991123676300049
vn 0.160943403840065 -0.57135260105133057 -0.80476915836334229
vn 0.160943403840065 -0.57135260105133057 -0.80476915836334229
vn 0.160943403840065 -0.57135260105133057 -0.80476915836334229
vn -0.95051479339599609 -0.23021242022514343 -0.20862382650375366
vn -0.95051479339599609 -0.23021242022514343 -0.20862382650375366
vn -0.95051479339599609 -0.23021242022514343 -0.20862382650375366
vn -0.32653123140335083 -0.11038243025541306 -0.93871885538101196
vn -0.32653123140335083 -0.11038243025541306 -0.93871885538101196
vn -0.32653123140335083 -0.11038243025541306 -0.93871885538101196
vn -0.46727323532104492 -0.049298208206892014 0.88273745775222778
vn -0.46727323532104492 -0.049298208206892014 0.88273745775222778
vn -0.46727323532104492 -0.049298208206892014 0.88273745775222778
vn 0.23770986497402191 -0.078716546297073364 0.96814137697219849
vn 0.23770986497402191 -0.078716546297073364 0.96814137697219849
vn 0.23770986497402191 -0.078716546297073364 0.96814137697219849
vn -0.096920222043991089 0.0049731223843991756 -0.99527972936630249
vn -0.096920222043991089 0.0049731223843991756 -0.99527972936630249
vn -0.096920222043991089 0.0049731223843991756 -0.99527972936630249
vn -0.63171511888504028 0.42654258012771606 -0.647300124168396
vn -0.63171511888504028 0.42654258012771606 -0.647300124168396
vn -0.63171511888504028 0.42654258012771606 -0.647300124168396
vn 0.83587044477462769 0.31315356492996216 -0.45083856582641602
vn 0.83587044477462769 0.31315356492996216 -0.45083856582641602
vn 0.83587044477462769 0.31315356492996216 -0.45083856582641602
vn -0.23620648682117462 0.4988560676574707 0.83387595415115356
vn -0.23620648682117462 0.4988560676574707 0.83387595415115356
vn -0.23620648682117462 0.4988560676574707 0.83387595415115356
vn -0.56954556703567505 -0.81377005577087402 -0.11574152857065201
vn -0.56954556703567505 -0.81377005577087402 -0.11574152857065201
vn -0.56954556703567505 -0.81377005577087402 -0.11574152857065201
vn -0.63072365522384644 -0.056982923299074173 -0.77391254901885986
vn -0.63072365522384644 -0.056982923299074173 -0.77391254901885986
vn -0.63072365522384644 -0.056982923299074173 -0.77391254901885986
vn 0.57056730985641479 -0.24074417352676392 0.78517210483551025
vn 0.57056730985641479 -0.24074417352676392 0.78517210483551025
vn 0.57056730985641479 -0.24074417352676392 0.78517210483551025
vn 0.37676155567169189 -0.27394750714302063 0.88487482070922852
vn 0.37676155567169189 -0.27394750714302063 0.88487482070922852
vn 0.37676155567169189 -0.27394750714302063 0.88487482070922852
vn -0.57654494047164917 0.73136001825332642 -0.3642917275428772
vn -0.57654494047164917 0.73136001825332642 -0.3642917275428772
vn -0.57654494047164917 0.73136001825332642 -0.3642917275428772
vn -0.41604599356651306 0.49930635094642639 0.75999927520751953
vn -0.41604599356651306 0.49930635094642639 0.75999927520751953
vn -0.41604599356651306 0.49930635094642639 0.75999927520751953
vn -0.97914916276931763 -0.19730821251869202 0.04833611473441124
vn -0.97914916276931763 -0.19730821251869202 0.04833611473441124
vn -0.97914916276931763 -0.19730821251869202 0.04833611473441124
vn -0.90193665027618408 -0.19065938889980316 -0.38750392198562622
vn -0.90193665027618408 -0.19065938889980316 -0.38750392198562622
vn -0.90193665027618408 -0.19065938889980316 -0.38750392198562622
vn -0.8452191948890686 -0.064591102302074432 0.53050214052200317
vn -0.8452191948890686 -0.064591102302074432 0.53050214052200317
vn -0.8452191948890686 -0.064591102302074432 0.53050214052200317
vn -0.45024242997169495 -0.070921808481216431 0.89008527994155884
vn -0.45024242997169495 -0.070921808481216431 0.89008527994155884
vn -0.45024242997169495 -0.070921808481216431 0.89008527994155884
vn 0.41263589262962341 -0.06689935177564621 0.90843605995178223
vn 0.41263589262962341 -0.06689935177564621 0.90843605995178223
vn 0.41263589262962341 -0.06689935177564621 0.90843605995178223
vn 0.42752349376678467 -0.28221753239631653 0.85882300138473511
vn 0.42752349376678467 -0.28221753239631653 0.85882300138473511
vn 0.42752349376678467 -0.28221753239631653 0.85882300138473511
vn 0.24382822215557098 -0.96750974655151367 -0.066878288984298706
vn 0.24382822215557098 -0.96750974655151367 -0.066878288984298706
vn 0.24382822215557098 -0.96750974655151367 -0.066878288984298706
vn 0.4653107225894928 -0.052180517464876175 0.88360804319381714
vn 0.4653107225894928 -0.052180517464876175 0.88360804319381714
vn 0.4653107225894928 -0.052180517464876175 0.88360804319381714
vn -0.10126981884241104 0.39902329444885254 -0.91133135557174683
vn -0.10126981884241104 0.39902329444885254 -0.91133135557174683
vn -0.10126981884241104 0.39902329444885254 -0.91133135557174683
vn -0.048284668475389481 0.12684684991836548 -0.99074643850326538
vn -0.048284668475389481 0.12684684991836548 -0.99074643850326538
vn -0.048284668475389481 0.12684684991836548 -0.99074643850326538
vn 0.82982617616653442 0.063771076500415802 0.55436611175537109
vn 0.82982617616653442 0.063771076500415802 0.55436611175537109
vn 0.82982617616653442 0.063771076500415802 0.55436611175537109
vn 0.72271084785461426 0.20369090139865875 -0.6604536771774292
vn 0.72271084785461426 0.20369090139865875 -0.6604536771774292
vn 0.72271084785461426 0.20369090139865875 -0.6604536771774292
vn 0.53541761636734009 0.77846860885620117 0.32758906483650208
vn 0.53541761636734009 0.77846860885620117 0.32758906483650208
vn 0.53541761636734009 0.77846860885620117 0.32758906483650208
vn 0.33237224817276001 0.49108952283859253 0.80520790815353394
vn 0.33237224817276001 0.49108952283859253 0.80520790815353394
vn 0.33237224817276001 0.49108952283859253 0.80520790815353394
vn -0.69307875633239746 0.055974435061216354 -0.71868538856506348
vn -0.69307875633239746 0.055974435061216354 -0.71868538856506348
vn -0.69307875633239746 0.055974435061216354 -0.71868538856506348
vn -0.67378318309783936 -0.73167538642883301 -0.10328283905982971
vn -0.67378318309783936 -0.73167538642883301 -0.10328283905982971
vn -0.67378318309783936 -0.73167538642883301 -0.10328283905982971
vn -0.32504349946975708 0.91825246810913086 0.22618371248245239
vn -0.32504349946975708 0.91825246810913086 0.22618371248245239
vn -0.32504349946975708 0.91825246810913086 0.22618371248245239
vn -0.82291269302368164 -0.35494261980056763 0.44365578889846802
vn -0.82291269302368164 -0.35494261980056763 0.44365578889846802
vn -0.82291269302368164 -0.35494261980056763 0.44365578889846802
vn -0.27133098244667053 0.017399385571479797 0.96232879161834717
vn -0.27133098244667053 0.017399385571479797 0.96232879161834717
vn -0.27133098244667053 0.017399385571479797 0.96232879161834717
vn 0.26242685317993164 -0.9417153000831604 0.21048606932163239
vn 0.26242685317993164 -0.9417153000831604 0.21048606932163239
vn 0.26242685317993164 -0.9417153000831604 0.21048606932163239
vn -0.99925559759140015 0.035221375524997711 -0.015740351751446724
vn -0.99925559759140015 0.035221375524997711 -0.015740351751446724
vn -0.99925559759140015 0.035221375524997711 -0.015740351751446724
vn -0.97813898324966431 -0.12509168684482574 -0.16612094640731812
vn -0.97813898324966431 -0.12509168684482574 -0.16612094640731812
vn -0.97813898324966431 -0.12509168684482574 -0.16612094640731812
vn 0.34282788634300232 -0.44480627775192261 -0.82741552591323853
vn 0.34282788634300232 -0.44480627775192261 -0.82741552591323853
vn 0.34282788634300232 -0.44480627775192261 -0.82741552591323853
vn 0.68809264898300171 0.41705036163330078 -0.59379923343658447
vn 0.68809264898300171 0.41705036163330078 -0.59379923343658447
vn 0.68809264898300171 0.41705036163330078 -0.59379923343658447
vn 0.4618237316608429 0.08538094162940979 0.88285273313522339
vn 0.4618237316608429 0.08538094162940979 0.88285273313522339
vn 0.4618237316608429 0.08538094162940979 0.88285273313522339
vn 0.076658196747303009 0.020436961203813553 0.99684798717498779
vn 0.076658196747303009 0.020436961203813553 0.99684798717498779
vn 0.076658196747303009 0.020436961203813553 0.99684798717498779
vn -0.1973675936460495 0.017855467274785042 -0.98016691207885742
vn -0.1973675936460495 0.017855467274785042 -0.98016691207885742
vn -0.1973675936460495 0.017855467274785042 -0.98016691207885742
vn 0.89716154336929321 0.058207150548696518 -0.43785050511360168
vn 0.89716154336929321 0.058207150548696518 -0.43785050511360168
vn 0.89716154336929321 0.058207150548696518 -0.43785050511360168
vn -0.77454280853271484 -0.070504866540431976 0.62857973575592041
vn -0.77454280853271484 -0.070504866540431976 0.62857973575592041
vn -0.77454280853271484 -0.070504866540431976 0.62857973575592041
vn -0.99548834562301636 -0.0946163609623909 0.0071164201945066452
vn -0.99548834562301636 -0.0946163609623909 0.0071164201945066452
vn -0.99548834562301636 -0.0946163609623909 0.0071164201945066452
vn -0.63102263212203979 -0.17920920252799988 0.75478106737136841
vn -0.63102263212203979 -0.17920920252799988 0.75478106737136841
vn -0.63102263212203979 -0.17920920252799988 0.75478106737136841
vn -0.71201556921005249 -0.1151692122220993 0.69265425205230713
vn -0.71201556921005249 -0.1151692122220993 0.69265425205230713
vn -0.71201556921005249 -0.1151692122220993 0.69265425205230713
vn -0.10231776535511017 0.66995495557785034 -0.73531723022460938
vn -0.10231776535511017 0.66995495557785034 -0.73531723022460938
vn -0.10231776535511017 0.66995495557785034 -0.73531723022460938
vn -0.38631010055541992 -0.18206538259983063 -0.90422159433364868
vn -0.38631010055541992 -0.18206538259983063 -0.90422159433364868
vn -0.38631010055541992 -0.18206538259983063 -0.90422159433364868
vn -0.06494797021150589 0.13093756139278412 -0.98926091194152832
vn -0.06494797021150589 0.13093756139278412 -0.98926091194152832
vn -0.06494797021150589 0.13093756139278412 -0.98926091194152832
vn 0.66545158624649048 0.16621881723403931 -0.72769874334335327
vn 0.66545158624649048 0.16621881723403931 -0.72769874334335327
vn 0.66545158624649048 0.16621881723403931 -0.72769874334335327
vn 0.62466078996658325 0.13019320368766785 0.76996660232543945
vn 0.62466078996658325 0.13019320368766785 0.76996660232543945
vn 0.62466078996658325 0.13019320368766785 0.76996660232543945
vn -0.1157456561923027 0.00068752624792978168 0.9932786226272583
vn -0.1157456561923027 0.00068752624792978168 0.9932786226272583
vn -0.1157456561923027 0.00068752624792978168 0.9932786226272583
vn 0.92337512969970703 -0.086058095097541809 0.3741287887096405
vn 0.92337512969970703 -0.086058095097541809 0.3741287887096405
vn 0.92337512969970703 -0.086058095097541809 0.3741287887096405
vn 0.99702954292297363 -0.002983469283208251 0.076961994171142578
vn 0.99702954292297363 -0.002983469283208251 0.076961994171142578
vn 0.99702954292297363 -0.002983469283208251 0.076961994171142578
vn 0.32857528328895569 -0.40659162402153015 0.85247963666915894
vn 0.32857528328895569 -0.40659162402153015 0.85247963666915894
vn 0.32857528328895569 -0.40659162402153015 0.85247963666915894
vn 0.36159658432006836 0.54472911357879639 0.75664925575256348
vn 0.36159658432006836 0.54472911357879639 0.75664925575256348
vn 0.36159658432006836 0.54472911357879639 0.75664925575256348
vn -0.64948290586471558 -0.41605517268180847 0.6364511251449585
vn -0.64948290586471558 -0.41605517268180847 0.6364511251449585
vn -0.64948290586471558 -0.41605517268180847 0.6364511251449585
vn -0.80855447053909302 0.40682110190391541 0.42513087391853333
vn -0.80855447053909302 0.40682110190391541 0.42513087391853333
vn -0.80855447053909302 0.40682110190391541 0.42513087391853333
vn -0.10709661245346069 0.95665150880813599 -0.2708287239074707
vn -0.10709661245346069 0.95665150880813599 -0.2708287239074707
vn -0.10709661245346069 0.95665150880813599 -0.2708287239074707
vn 0.53159600496292114 0.82866013050079346 0.17529411613941193
vn 0.53159600496292114 0.82866013050079346 0.17529411613941193
vn 0.53159600496292114 0.82866013050079346 0.17529411613941193
vn 0.42021006345748901 0.89642620086669922 -0.14086733758449554
vn 0.42021006345748901 0.89642620086669922 -0.14086733758449554
vn 0.42021006345748901 0.89642620086669922 -0.14086733758449554
vn 0.21068570017814636 0.4867917001247406 -0.84772956371307373
vn 0.21068570017814636 0.4867917001247406 -0.84772956371307373
vn 0.21068570017814636 0.4867917001247406 -0.84772956371307373
vn -0.65503966808319092 0.0051972032524645329 0.75557661056518555
vn -0.65503966808319092 0.0051972032524645329 0.75557661056518555
vn -0.65503966808319092 0.0051972032524645329 0.75557661056518555
vn -0.96306544542312622 -0.15963895618915558 -0.21684174239635468
vn -0.96306544542312622 -0.15963895618915558 -0.21684174239635468
vn -0.96306544542312622 -0.15963895618915558 -0.21684174239635468
vn 0.95169681310653687 0.11737179756164551 0.2837199866771698
vn 0.95169681310653687 0.11737179756164551 0.2837199866771698
vn 0.95169681310653687 0.11737179756164551 0.2837199866771698
vn 0.490192711353302 0.076561175286769867 0.86824506521224976
vn 0.490192711353302 0.076561175286769867 0.86824506521224976
vn 0.490192711353302 0.076561175286769867 0.86824506521224976
vn 0.28053471446037292 -0.92747163772583008 0.2471773624420166
vn 0.28053471446037292 -0.92747163772583008 0.2471773624420166
vn 0.28053471446037292 -0.92747163772583008 0.2471773624420166
vn 0.49141255021095276 0.71803361177444458 -0.49289092421531677
vn 0.49141255021095276 0.71803361177444458 -0.49289092421531677
vn 0.49141255021095276 0.71803361177444458 -0.49289092421531677
vn -0.12046293914318085 -0.029534939676523209 -0.99227839708328247
vn -0.12046293914318085 -0.029534939676523209 -0.99227839708328247
vn -0.12046293914318085 -0.029534939676523209 -0.99227839708328247
vn 0.88037937879562378 0.083594575524330139 -0.46684479713439941
vn 0.88037937879562378 0.083594575524330139 -0.46684479713439941
vn 0.88037937879562378 0.083594575524330139 -0.46684479713439941
vn -0.1674470454454422 -0.020705850794911385 0.98566359281539917
vn -0.1674470454454422 -0.020705850794911385 0.98566359281539917
vn -0.1674470454454422 -0.020705850794911385 0.98566359281539917
vn 0.52795809507369995 0.048679277300834656 0.84787416458129883
vn 0.52795809507369995 0.048679277300834656 0.84787416458129883
vn 0.52795809507369995 0.048679277300834656 0.84787416458129883
vn 0.5068860650062561 0.27508985996246338 -0.81694072484970093
vn 0.5068860650062561 0.27508985996246338 -0.81694072484970093
vn 0.5068860650062561 0.27508985996246338 -0.81694072484970093
vn 0.38376396894454956 -0.83118432760238647 -0.40231558680534363
vn 0.38376396894454956 -0.83118432760238647 -0.40231558680534363
vn 0.38376396894454956 -0.83118432760238647 -0.40231558680534363
vn 0.54395592212677002 -0.25903189182281494 0.79813182353973389
vn 0.54395592212677002 -0.25903189182281494 0.79813182353973389
vn 0.54395592212677002 -0.25903189182281494 0.79813182353973389
vn 0.96272522211074829 -0.20931336283683777 0.17131292819976807
vn 0.96272522211074829 -0.20931336283683777 0.17131292819976807
vn 0.96272522211074829 -0.20931336283683777 0.17131292819976807
vn -0.11923067271709442 -0.99251347780227661 -0.026477416977286339
vn -0.11923067271709442 -0.99251347780227661 -0.026477416977286339
vn -0.11923067271709442 -0.99251347780227661 -0.026477416977286339
vn 0.73575097322463989 0.081342674791812897 0.67234957218170166
vn 0.73575097322463989 0.081342674791812897 0.67234957218170166
vn 0.73575097322463989 0.081342674791812897 0.67234957218170166
vn 0.60273069143295288 -0.38829991221427917 -0.69709318876266479
vn 0.60273069143295288 -0.38829991221427917 -0.69709318876266479
vn 0.60273069143295288 -0.38829991221427917 -0.69709318876266479
vn 0.99375593662261963 -0.034194741398096085 0.10620693117380142
vn 0.99375593662261963 -0.034194741398096085 0.10620693117380142
vn 0.99375593662261963 -0.034194741398096085 0.10620693117380142
vn -0.77828520536422729 -0.23298276960849762 -0.58308762311935425
vn -0.77828520536422729 -0.23298276960849762 -0.58308762311935425
vn -0.77828520536422729 -0.23298276960849762 -0.58308762311935425
vn 0.10666925460100174 -0.1216026097536087 -0.98683053255081177
vn 0.10666925460100174 -0.1216026097536087 -0.98683053255081177
vn 0.10666925460100174 -0.1216026097536087 -0.98683053255081177
vn -0.42580088973045349 0.68749839067459106 -0.58825129270553589
vn -0.42580088973045349 0.68749839067459106 -0.58825129270553589
vn -0.42580088973045349 0.68749839067459106 -0.58825129270553589
vn -0.83573395013809204 0.05067034438252449 -0.54679179191589355
vn -0.83573395013809204 0.05067034438252449 -0.54679179191589355
vn -0.83573395013809204 0.05067034438252449 -0.54679179191589355
vn 0.95738071203231812 -0.041084468364715576 -0.28589192032814026
vn 0.95738071203231812 -0.041084468364715576 -0.28589192032814026
vn 0.95738071203231812 -0.041084468364715576 -0.28589192032814026
vn 0.92343777418136597 0.058477729558944702 -0.37926647067070007
vn 0.92343777418136597 0.058477729558944702 -0.37926647067070007
vn 0.92343777418136597 0.058477729558944702 -0.37926647067070007
vn 0.56669306755065918 0.047669302672147751 -0.82254880666732788
vn 0.56669306755065918 0.047669302672147751 -0.82254880666732788
vn 0.56669306755065918 0.047669302672147751 -0.82254880666732788
vn 0.58081716299057007 0.81322449445724487 -0.036295652389526367
vn 0.58081716299057007 0.81322449445724487 -0.036295652389526367
vn 0.58081716299057007 0.81322449445724487 -0.036295652389526367
vn -0.48274284601211548 -0.25218269228935242 0.83866751194000244
vn -0.48274284601211548 -0.25218269228935242 0.83866751194000244
vn -0.48274284601211548 -0.25218269228935242 0.83866751194000244
vn -0.23339146375656128 -0.48389172554016113 0.84343183040618896
vn -0.23339146375656128 -0.48389172554016113 0.84343183040618896
vn -0.23339146375656128 -0.48389172554016113 0.84343183040618896
vn 0.96330678462982178 -0.053216446191072464 -0.26307412981987
vn 0.96330678462982178 -0.053216446191072464 -0.26307412981987
vn 0.96330678462982178 -0.053216446191072464 -0.26307412981987
vn 0.93250012397766113 0.188238725066185 -0.30823647975921631
vn 0.93250012397766113 0.188238725066185 -0.30823647975921631
vn 0.93250012397766113 0.188238725066185 -0.30823647975921631
vn -0.99121534824371338 -0.11439616978168488 -0.066374748945236206
vn -0.99121534824371338 -0.11439616978168488 -0.066374748945236206
vn -0.99121534824371338 -0.11439616978168488 -0.066374748945236206
vn -0.97148847579956055 -0.19395020604133606 -0.13635788857936859
vn -0.97148847579956055 -0.19395020604133606 -0.13635788857936859
vn -0.97148847579956055 -0.19395020604133606 -0.13635788857936859
vn -0.036676511168479919 -0.40122359991073608 -0.91524559259414673
vn -0.036676511168479919 -0.40122359991073608 -0.91524559259414673
vn -0.036676511168479919 -0.40122359991073608 -0.91524559259414673
vn -0.63517302274703979 -0.50047212839126587 -0.58828812837600708
vn -0.63517302274703979 -0.50047212839126587 -0.58828812837600708
vn -0.63517302274703979 -0.50047212839126587 -0.58828812837600708
vn -0.040744028985500336 0.13754391670227051 -0.98965728282928467
vn -0.040744028985500336 0.13754391670227051 -0.98965728282928467
vn -0.040744028985500336 0.13754391670227051 -0.98965728282928467
vn -0.4119250476360321 0.5790284276008606 -0.70359355211257935
vn -0.4119250476360321 0.5790284276008606 -0.70359355211257935
vn -0.4119250476360321 0.5790284276008606 -0.70359355211257935
vn 0.766060471534729 0.64127761125564575 -0.043753534555435181
vn 0.766060471534729 0.64127761125564575 -0.043753534555435181
vn 0.766060471534729 0.64127761125564575 -0.043753534555435181
vn 0.94218337535858154 0.19593717157840729 0.27184382081031799
vn 0.94218337535858154 0.19593717157840729 0.27184382081031799
vn 0.94218337535858154 0.19593717157840729 0.27184382081031799
vn -0.90909284353256226 -0.024316860362887383 0.41588327288627625
vn -0.90909284353256226 -0.024316860362887383 0.41588327288627625
vn -0.90909284353256226 -0.024316860362887383 0.41588327288627625
vn -0.96725857257843018 -0.17288883030414581 0.18579632043838501
vn -0.96725857257843018 -0.17288883030414581 0.18579632043838501
vn -0.96725857257843018 -0.17288883030414581 0.18579632043838501
vn -0.46089062094688416 -0.64771205186843872 0.60667037963867188
vn -0.46089062094688416 -0.64771205186843872 0.60667037963867188
vn -0.46089062094688416 -0.64771205186843872 0.60667037963867188
vn -0.24024920165538788 -0.97070395946502686 -0.0037675411440432072
vn -0.24024920165538788 -0.97070395946502686 -0.0037675411440432072
vn -0.24024920165538788 -0.97070395946502686 -0.0037675411440432072
vn -0.840198814868927 -0.41252601146697998 0.35197755694389343
vn -0.840198814868927 -0.41252601146697998 0.35197755694389343
vn -0.840198814868927 -0.41252601146697998 0.35197755694389343
vn -0.82532519102096558 -0.15448063611984253 0.54311513900756836
vn -0.82532519102096558 -0.15448063611984253 0.54311513900756836
vn -0.82532519102096558 -0.15448063611984253 0.54311513900756836
vn -0.46276533603668213 -0.141193687915802 0.87516433000564575
vn -0.46276533603668213 -0.141193687915802 0.87516433000564575
vn -0.46276533603668213 -0.141193687915802 0.87516433000564575
vn -0.84645229578018188 -0.22080658376216888 0.48452341556549072
vn -0.84645229578018188 -0.22080658376216888 0.48452341556549072
vn -0.84645229578018188 -0.22080658376216888 0.48452341556549072
vn -0.074919067323207855 -0.047099754214286804 0.99607670307159424
vn -0.074919067323207855 -0.047099754214286804 0.99607670307159424
vn -0.074919067323207855 -0.047099754214286804 0.99607670307159424
vn 0.06273554265499115 -0.31730273365974426 0.9462469220161438
vn 0.06273554265499115 -0.31730273365974426 0.9462469220161438
vn 0.06273554265499115 -0.31730273365974426 0.9462469220161438
vn -0.25973740220069885 -0.069086164236068726 0.96320486068725586
vn -0.25973740220069885 -0.069086164236068726 0.96320486068725586
vn -0.25973740220069885 -0.069086164236068726 0.96320486068725586
vn -0.8059123158454895 -0.13889817893505096 0.57551074028015137
vn -0.8059123158454895 -0.13889817893505096 0.57551074028015137
vn -0.8059123158454895 -0.13889817893505096 0.57551074028015137
vn -0.16712351143360138 0.061578258872032166 -0.98401111364364624
vn -0.16712351143360138 0.061578258872032166 -0.98401111364364624
vn -0.16712351143360138 0.061578258872032166 -0.98401111364364624
vn -0.46980896592140198 -0.090860679745674133 -0.87807965278625488
vn -0.46980896592140198 -0.090860679745674133 -0.87807965278625488
vn -0.46980896592140198 -0.090860679745674133 -0.87807965278625488
vn -0.99816679954528809 0.05225338414311409 -0.030539335682988167
vn -0.99816679954528809 0.05225338414311409 -0.030539335682988167
vn -0.99816679954528809 0.05225338414311409 -0.030539335682988167
vn -0.64135456085205078 0.18442182242870331 -0.7447502613067627
vn -0.64135456085205078 0.18442182242870331 -0.7447502613067627
vn -0.64135456085205078 0.18442182242870331 -0.7447502613067627
vn -0.34265044331550598 -0.11209975928068161 -0.93275094032287598
vn -0.34265044331550598 -0.11209975928068161 -0.93275094032287598
vn -0.34265044331550598 -0.11209975928068161 -0.93275094032287598
vn -0.41482660174369812 0.044695515185594559 -0.9088020920753479
vn -0.41482660174369812 0.044695515185594559 -0.9088020920753479
vn -0.41482660174369812 0.044695515185594559 -0.9088020920753479
vn -0.94690465927124023 0.17028637230396271 0.27271610498428345
vn -0.94690465927124023 0.17028637230396271 0.27271610498428345
vn -0.94690465927124023 0.17028637230396271 0.27271610498428345
vn -0.71355479955673218 -0.056523405015468597 -0.69831556081771851
vn -0.71355479955673218 -0.056523405015468597 -0.69831556081771851
vn -0.71355479955673218 -0.056523405015468597 -0.69831556081771851
vn 0.2265639454126358 0.6305585503578186 -0.74233734607696533
vn 0.2265639454126358 0.6305585503578186 -0.74233734607696533
vn 0.2265639454126358 0.6305585503578186 -0.74233734607696533
vn -0.16724762320518494 0.90469890832901001 -0.39185222983360291
vn -0.16724762320518494 0.90469890832901001 -0.39185222983360291
vn -0.16724762320518494 0.90469890832901001 -0.39185222983360291
vn 0.85289502143859863 -0.38986802101135254 0.34723618626594543
vn 0.85289502143859863 -0.38986802101135254 0.34723618626594543
vn 0.85289502143859863 -0.38986802101135254 0.34723618626594543
vn 0.98313486576080322 0.13650447130203247 0.12170585989952087
vn 0.98313486576080322 0.13650447130203247 0.12170585989952087
vn 0.98313486576080322 0.13650447130203247 0.12170585989952087
vn 0.97743719816207886 0.059657823294401169 -0.2026265561580658
vn 0.97743719816207886 0.059657823294401169 -0.2026265561580658
vn 0.97743719816207886 0.059657823294401169 -0.2026265561580658
vn 0.89887654781341553 0.12330334633588791 -0.42049643397331238
vn 0.89887654781341553 0.12330334633588791 -0.42049643397331238
vn 0.89887654781341553 0.12330334633588791 -0.42049643397331238
vn 0.7547837495803833 -0.33209502696990967 -0.56569814682006836
vn 0.7547837495803833 -0.33209502696990967 -0.56569814682006836
vn 0.7547837495803833 -0.33209502696990967 -0.56569814682006836
vn 0.056337174028158188 -0.22142568230628967 -0.9735485315322876
vn 0.056337174028158188 -0.22142568230628967 -0.9735485315322876
vn 0.056337174028158188 -0.22142568230628967 -0.9735485315322876
vn 0.40204527974128723 -0.027549438178539276 0.91520524024963379
vn 0.40204527974128723 -0.027549438178539276 0.91520524024963379
vn 0.40204527974128723 -0.027549438178539276 0.91520524024963379
vn 0.89918744564056396 0.016509408131241798 0.43725207448005676
vn 0.89918744564056396 0.016509408131241798 0.43725207448005676
vn 0.89918744564056396 0.016509408131241798 0.43725207448005676
vn -0.7190173864364624 -0.061672966927289963 0.69225025177001953
vn -0.7190173864364624 -0.061672966927289963 0.69225025177001953
vn -0.7190173864364624 -0.061672966927289963 0.69225025177001953
vn -0.57390391826629639 -0.19128464162349701 0.79626911878585815
vn -0.57390391826629639 -0.19128464162349701 0.79626911878585815
vn -0.57390391826629639 -0.19128464162349701 0.79626911878585815
vn -0.26193037629127502 0.45795434713363647 0.84951180219650269
vn -0.26193037629127502 0.45795434713363647 0.84951180219650269
vn -0.26193037629127502 0.45795434713363647 0.84951180219650269
vn -0.89816993474960327 0.29525178670883179 0.32575634121894836
vn -0.89816993474960327 0.29525178670883179 0.32575634121894836
vn -0.89816993474960327 0.29525178670883179 0.32575634121894836
vn -0.73431527614593506 0.42310160398483276 -0.53081643581390381
vn -0.73431527614593506 0.42310160398483276 -0.53081643581390381
vn -0.73431527614593506 0.42310160398483276 -0.53081643581390381
vn -0.84661513566970825 -0.038543079048395157 -0.53080809116363525
vn -0.84661513566970825 -0.038543079048395157 -0.53080809116363525
vn -0.84661513566970825 -0.038543079048395157 -0.53080809116363525
vn -0.9834093451499939 -0.1726142019033432 -0.055770527571439743
vn -0.9834093451499939 -0.1726142019033432 -0.055770527571439743
vn -0.9834093451499939 -0.1726142019033432 -0.055770527571439743
vn -0.78367328643798828 -0.10602946579456329 -0.61205708980560303
vn -0.78367328643798828 -0.10602946579456329 -0.61205708980560303
vn -0.78367328643798828 -0.10602946579456329 -0.61205708980560303
vn -0.25647234916687012 0.24102026224136353 -0.93601876497268677
vn -0.25647234916687012 0.24102026224136353 -0.93601876497268677
vn -0.25647234916687012 0.24102026224136353 -0.93601876497268677
vn -0.18120643496513367 0.75213748216629028 -0.63360351324081421
vn -0.18120643496513367 0.75213748216629028 -0.63360351324081421
vn -0.18120643496513367 0.75213748216629028 -0.63360351324081421
vn 0.97627353668212891 -0.064741544425487518 0.2066362202167511
vn 0.97627353668212891 -0.064741544425487518 0.2066362202167511
vn 0.97627353668212891 -0.064741544425487518 0.2066362202167511
vn 0.98592853546142578 -0.013704403303563595 0.16660480201244354
vn 0.98592853546142578 -0.013704403303563595 0.16660480201244354
vn 0.98592853546142578 -0.013704403303563595 0.16660480201244354
vn 0.27358910441398621 0.8502662181854248 -0.44966244697570801
vn 0.27358910441398621 0.8502662181854248 -0.44966244697570801
vn 0.27358910441398621 0.8502662181854248 -0.44966244697570801
vn 0.79194492101669312 0.11054486781358719 -0.60050231218338013
vn 0.79194492101669312 0.11054486781358719 -0.60050231218338013
vn 0.79194492101669312 0.11054486781358719 -0.60050231218338013
vn 0.62726902961730957 0.062363661825656891 -0.77630168199539185
vn 0.62726902961730957 0.062363661825656891 -0.77630168199539185
vn 0.62726902961730957 0.062363661825656891 -0.77630168199539185
vn 0.77923119068145752 0.062895052134990692 -0.62357276678085327
vn 0.77923119068145752 0.062895052134990692 -0.62357276678085327
vn 0.77923119068145752 0.062895052134990692 -0.62357276678085327
vn 0.1808137446641922 -0.016263635829091072 0.98338288068771362
vn 0.1808137446641922 -0.016263635829091072 0.98338288068771362
vn 0.1808137446641922 -0.016263635829091072 0.98338288068771362
vn -0.72785621881484985 -0.45926070213317871 0.50921988487243652
vn -0.72785621881484985 -0.45926070213317871 0.50921988487243652
vn -0.72785621881484985 -0.45926070213317871 0.50921988487243652
vn 0.98501491546630859 0.058404926210641861 0.16227886080741882
vn 0.98501491546630859 0.058404926210641861 0.16227886080741882
vn 0.98501491546630859 0.058404926210641861 0.16227886080741882
vn 0.99233698844909668 0.11901702731847763 0.033200997859239578
vn 0.99233698844909668 0.11901702731847763 0.033200997859239578
vn 0.99233698844909668 0.11901702731847763 0.033200997859239578
vn 0.75828707218170166 0.34552872180938721 -0.55282056331634521
vn 0.75828707218170166 0.34552872180938721 -0.55282056331634521
vn 0.75828707218170166 0.34552872180938721 -0.55282056331634521
vn 0.99993437528610229 -0.011259159073233604 -0.0021222829818725586
vn 0.99993437528610229 -0.011259159073233604 -0.0021222829818725586
vn 0.99993437528610229 -0.011259159073233604 -0.0021222829818725586
vn 0.92422384023666382 0.11484082788228989 -0.36417281627655029
vn 0.92422384023666382 0.11484082788228989 -0.36417281627655029
vn 0.92422384023666382 0.11484082788228989 -0.36417281627655029
vn 0.83611166477203369 0.19937622547149658 0.51104444265365601
vn 0.83611166477203369 0.19937622547149658 0.51104444265365601
vn 0.83611166477203369 0.19937622547149658 0.51104444265365601
vn -0.049792852252721786 0.23131513595581055 -0.97160381078720093
vn -0.049792852252721786 0.23131513595581055 -0.97160381078720093
vn -0.049792852252721786 0.23131513595581055 -0.97160381078720093
vn 0.60067754983901978 0.11420819163322449 -0.79129195213317871
vn 0.60067754983901978 0.11420819163322449 -0.79129195213317871
vn 0.60067754983901978 0.11420819163322449 -0.79129195213317871
vn -0.90823698043823242 0.11316046863794327 0.40286505222320557
vn -0.90823698043823242 0.11316046863794327 0.40286505222320557
vn -0.90823698043823242 0.11316046863794327 0.40286505222320557
vn -0.46900644898414612 0.81598860025405884 0.33792823553085327
vn -0.46900644898414612 0.81598860025405884 0.33792823553085327
vn -0.46900644898414612 0.81598860025405884 0.33792823553085327
vn 0.8855167031288147 0.20270459353923798 -0.41805624961853027
vn 0.8855167031288147 0.20270459353923798 -0.41805624961853027
vn 0.8855167031288147 0.20270459353923798 -0.41805624961853027
vn -0.66967606544494629 0.30703270435333252 -0.67621362209320068
vn -0.66967606544494629 0.30703270435333252 -0.67621362209320068
vn -0.66967606544494629 0.30703270435333252 -0.67621362209320068
vn 0.56729835271835327 0.45062977075576782 -0.68927890062332153
vn 0.56729835271835327 0.45062977075576782 -0.68927890062332153
vn 0.56729835271835327 0.45062977075576782 -0.68927890062332153
vn 0.020696690306067467 0.95444202423095703 -0.29767787456512451
vn 0.020696690306067467 0.95444202423095703 -0.29767787456512451
vn 0.020696690306067467 0.95444202423095703 -0.29767787456512451
vn 0.13699591159820557 0.068598262965679169 -0.98819351196289062
vn 0.13699591159820557 0.068598262965679169 -0.98819351196289062
vn 0.13699591159820557 0.068598262965679169 -0.98819351196289062
vn 0.35700935125350952 0.12071293592453003 -0.92626816034317017
vn 0.35700935125350952 0.12071293592453003 -0.92626816034317017
vn 0.35700935125350952 0.12071293592453003 -0.92626816034317017
vn 0.40552318096160889 -0.9114108681678772 -0.069865591824054718
vn 0.40552318096160889 -0.9114108681678772 -0.069865591824054718
vn 0.40552318096160889 -0.9114108681678772 -0.069865591824054718
vn 0.78687465190887451 -0.58088564872741699 -0.20832705497741699
vn 0.78687465190887451 -0.58088564872741699 -0.20832705497741699
vn 0.78687465190887451 -0.58088564872741699 -0.20832705497741699
vn 0.68712460994720459 0.094123482704162598 0.72041696310043335
vn 0.68712460994720459 0.094123482704162598 0.72041696310043335
vn 0.68712460994720459 0.094123482704162598 0.72041696310043335
vn 0.43338993191719055 0.71093392372131348 0.55384665727615356
vn 0.43338993191719055 0.71093392372131348 0.55384665727615356
vn 0.43338993191719055 0.71093392372131348 0.55384665727615356
vn -0.93341505527496338 0.020266275852918625 0.35822567343711853
vn -0.93341505527496338 0.020266275852918625 0.35822567343711853
vn -0.93341505527496338 0.020266275852918625 0.35822567343711853
vn -0.79699516296386719 0.013227136805653572 0.60384082794189453
vn -0.79699516296386719 0.013227136805653572 0.60384082794189453
vn -0.79699516296386719 0.013227136805653572 0.60384082794189453
vn -0.85300016403198242 -0.2521795928478241 0.45694214105606079
vn -0.85300016403198242 -0.2521795928478241 0.45694214105606079
vn -0.85300016403198242 -0.2521795928478241 0.45694214105606079
vn -0.97715979814529419 -0.13435716927051544 0.16464157402515411
vn -0.97715979814529419 -0.13435716927051544 0.16464157402515411
vn -0.97715979814529419 -0.13435716927051544 0.16464157402515411
vn -0.47770678997039795 -0.10960207879543304 -0.87165564298629761
vn -0.47770678997039795 -0.10960207879543304 -0.87165564298629761
vn -0.47770678997039795 -0.10960207879543304 -0.87165564298629761
vn -0.79550707340240479 -0.22409717738628387 -0.56298220157623291
vn -0.79550707340240479 -0.22409717738628387 -0.56298220157623291
vn -0.79550707340240479 -0.22409717738628387 -0.56298220157623291
vn 0.63432610034942627 0.36955606937408447 -0.67901301383972168
vn 0.63432610034942627 0.36955606937408447 -0.67901301383972168
vn 0.63432610034942627 0.36955606937408447 -0.67901301383972168
vn 0.95987331867218018 0.14259549975395203 -0.24147404730319977
vn 0.95987331867218018 0.14259549975395203 -0.24147404730319977
vn 0.95987331867218018 0.14259549975395203 -0.24147404730319977
vn -0.86921590566635132 -0.33520448207855225 -0.36345797777175903
vn -0.86921590566635132 -0.33520448207855225 -0.36345797777175903
vn -0.86921590566635132 -0.33520448207855225 -0.36345797777175903
vn -0.81643939018249512 -0.15137489140033722 0.55723637342453003
vn -0.81643939018249512 -0.15137489140033722 0.55723637342453003
vn -0.81643939018249512 -0.15137489140033722 0.55723637342453003
vn 0.23829974234104156 -0.35240232944488525 -0.90500044822692871
vn 0.23829974234104156 -0.35240232944488525 -0.90500044822692871
vn 0.23829974234104156 -0.35240232944488525 -0.90500044822692871
vn 0.24999257922172546 -0.062434226274490356 -0.96623271703720093
vn 0.24999257922172546 -0.062434226274490356 -0.96623271703720093
vn 0.24999257922172546 -0.062434226274490356 -0.96623271703720093
vn 0.7730066180229187 0.50129240751266479 -0.38880157470703125
vn 0.7730066180229187 0.50129240751266479 -0.38880157470703125
vn 0.7730066180229187 0.50129240751266479 -0.38880157470703125
vn 0.41923034191131592 0.87725162506103516 -0.23382802307605743
vn 0.41923034191131592 0.87725162506103516 -0.23382802307605743
vn 0.41923034191131592 0.87725162506103516 -0.23382802307605743
vn 0.71626722812652588 -0.6971021294593811 -0.031778030097484589
vn 0.71626722812652588 -0.6971021294593811 -0.031778030097484589
vn 0.71626722812652588 -0.6971021294593811 -0.031778030097484589
vn 0.77128779888153076 -0.21447841823101044 -0.59926128387451172
vn 0.77128779888153076 -0.21447841823101044 -0.59926128387451172
vn 0.77128779888153076 -0.21447841823101044 -0.59926128387451172
vn 0.69197738170623779 -0.14673569798469543 0.70684927701950073
vn 0.69197738170623779 -0.14673569798469543 0.70684927701950073
vn 0.69197738170623779 -0.14673569798469543 0.70684927701950073
vn 0.36900913715362549 -0.010649778880178928 0.92936474084854126
vn 0.36900913715362549 -0.010649778880178928 0.92936474084854126
vn 0.36900913715362549 -0.010649778880178928 0.92936474084854126
vn -0.94922631978988647 -0.079961255192756653 0.30426231026649475
vn -0.94922631978988647 -0.079961255192756653 0.30426231026649475
vn -0.94922631978988647 -0.079961255192756653 0.30426231026649475
vn -0.94997280836105347 -0.21725930273532867 0.22438827157020569
vn -0.94997280836105347 -0.21725930273532867 0.22438827157020569
vn -0.94997280836105347 -0.21725930273532867 0.22438827157020569
vn -0.23284465074539185 0.088123120367527008 -0.9685131311416626
vn -0.23284465074539185 0.088123120367527008 -0.9685131311416626
vn -0.23284465074539185 0.088123120367527008 -0.9685131311416626
vn -0.064194433391094208 -0.50804919004440308 -0.85893255472183228
vn -0.064194433391094208 -0.50804919004440308 -0.85893255472183228
vn -0.064194433391094208 -0.50804919004440308 -0.85893255472183228
vn 0.92838180065155029 0.17169679701328278 -0.32958683371543884
vn 0.92838180065155029 0.17169679701328278 -0.32958683371543884
vn 0.92838180065155029 0.17169679701328278 -0.32958683371543884
vn 0.87203270196914673 0.10629278421401978 -0.4777664840221405
vn 0.87203270196914673 0.10629278421401978 -0.4777664840221405
vn 0.87203270196914673 0.10629278421401978 -0.4777664840221405
vn -0.89589458703994751 0.14213123917579651 -0.42091763019561768
vn -0.89589458703994751 0.14213123917579651 -0.42091763019561768
vn -0.89589458703994751 0.14213123917579651 -0.42091763019561768
vn -0.3881930410861969 -0.12338564544916153 -0.91328096389770508
vn -0.3881930410861969 -0.12338564544916153 -0.91328096389770508
vn -0.3881930410861969 -0.12338564544916153 -0.91328096389770508
vn -0.32446199655532837 -0.11770930141210556 -0.93854618072509766
vn -0.32446199655532837 -0.11770930141210556 -0.93854618072509766
vn -0.32446199655532837 -0.11770930141210556 -0.93854618072509766
vn -0.8067169189453125 -0.096692733466625214 -0.5829736590385437
vn -0.8067169189453125 -0.096692733466625214 -0.5829736590385437
vn -0.8067169189453125 -0.096692733466625214 -0.5829736590385437
vn 0.41065683960914612 -0.075084157288074493 -0.90869319438934326
vn 0.41065683960914612 -0.075084157288074493 -0.90869319438934326
vn 0.41065683960914612 -0.075084157288074493 -0.90869319438934326
vn 0.27489015460014343 0.0058549796231091022 -0.96145778894424438
vn 0.27489015460014343 0.0058549796231091022 -0.96145778894424438
vn 0.27489015460014343 0.0058549796231091022 -0.96145778894424438
vn -0.80752009153366089 -0.37300360202789307 -0.45692408084869385
vn -0.80752009153366089 -0.37300360202789307 -0.45692408084869385
vn -0.80752009153366089 -0.37300360202789307 -0.45692408084869385
vn -0.4496644139289856 -0.051106341183185577 -0.89173430204391479
vn -0.4496644139289856 -0.051106341183185577 -0.89173430204391479
vn -0.4496644139289856 -0.051106341183185577 -0.89173430204391479
vn -0.32942876219749451 -0.29297864437103271 -0.89757460355758667
vn -0.32942876219749451 -0.29297864437103271 -0.89757460355758667
vn -0.32942876219749451 -0.29297864437103271 -0.89757460355758667
vn 0.4552142322063446 0.40926095843315125 -0.79074990749359131
vn 0.4552142322063446 0.40926095843315125 -0.79074990749359131
vn 0.4552142322063446 0.40926095843315125 -0.79074990749359131
vn -0.27812597155570984 0.29093518853187561 0.91542482376098633
vn -0.27812597155570984 0.29093518853187561 0.91542482376098633
vn -0.27812597155570984 0.29093518853187561 0.91542482376098633
vn -0.1498970240354538 0.012352939695119858 0.9886244535446167
vn -0.1498970240354538 0.012352939695119858 0.9886244535446167
vn -0.1498970240354538 0.012352939695119858 0.9886244535446167
vn -0.055853277444839478 -0.97352069616317749 0.22167062759399414
vn -0.055853277444839478 -0.97352069616317749 0.22167062759399414
vn -0.055853277444839478 -0.97352069616317749 0.22167062759399414
vn -0.83344876766204834 -0.52731168270111084 0.16524384915828705
vn -0.83344876766204834 -0.52731168270111084 0.16524384915828705
vn -0.83344876766204834 -0.52731168270111084 0.16524384915828705
vn -0.04520183801651001 0.039286859333515167 0.99820506572723389
vn -0.04520183801651001 0.039286859333515167 0.99820506572723389
vn -0.04520183801651001 0.039286859333515167 0.99820506572723389
vn -0.028901603072881699 0.036346267908811569 0.99892121553421021
vn -0.028901603072881699 0.036346267908811569 0.99892121553421021
vn -0.028901603072881699 0.036346267908811569 0.99892121553421021
vn 0.92413496971130371 -0.14980874955654144 0.35147109627723694
vn 0.92413496971130371 -0.14980874955654144 0.35147109627723694
vn 0.92413496971130371 -0.14980874955654144 0.35147109627723694
vn 0.97054249048233032 0.15914759039878845 0.18088479340076447
vn 0.97054249048233032 0.15914759039878845 0.18088479340076447
vn 0.97054249048233032 0.15914759039878845 0.18088479340076447
vn -0.35632044076919556 -0.69180011749267578 0.62805122137069702
vn -0.35632044076919556 -0.69180011749267578 0.62805122137069702
vn -0.35632044076919556 -0.69180011749267578 0.62805122137069702
vn -0.29781582951545715 -0.87766468524932861 0.37551358342170715
vn -0.29781582951545715 -0.87766468524932861 0.37551358342170715
vn -0.29781582951545715 -0.87766468524932861 0.37551358342170715
vn 0.79377788305282593 0.17898638546466827 -0.58127498626708984
vn 0.79377788305282593 0.17898638546466827 -0.58127498626708984
vn 0.79377788305282593 0.17898638546466827 -0.58127498626708984
vn 0.9665178656578064 0.11960780620574951 -0.22701811790466309
vn 0.9665178656578064 0.11960780620574951 -0.22701811790466309
vn 0.9665178656578064 0.11960780620574951 -0.22701811790466309
vn -0.64453780651092529 -0.74195075035095215 -0.18460793793201447
vn -0.64453780651092529 -0.74195075035095215 -0.18460793793201447
vn -0.64453780651092529 -0.74195075035095215 -0.18460793793201447
vn 0.035837072879076004 -0.99226957559585571 -0.11881429702043533
vn 0.035837072879076004 -0.99226957559585571 -0.11881429702043533
vn 0.035837072879076004 -0.99226957559585571 -0.11881429702043533
vn -0.49684205651283264 0.67002564668655396 -0.55155563354492188
vn -0.49684205651283264 0.67002564668655396 -0.55155563354492188
vn -0.49684205651283264 0.67002564668655396 -0.55155563354492188
vn -0.77221828699111938 0.63534551858901978 -0.0038679298013448715
vn -0.77221828699111938 0.63534551858901978 -0.0038679298013448715
vn -0.77221828699111938 0.63534551858901978 -0.0038679298013448715
vn -0.60530263185501099 -0.79502278566360474 -0.039338335394859314
vn -0.60530263185501099 -0.79502278566360474 -0.039338335394859314
vn -0.60530263185501099 -0.79502278566360474 -0.039338335394859314
vn -0.62904483079910278 -0.74289679527282715 0.22892563045024872
vn -0.62904483079910278 -0.74289679527282715 0.22892563045024872
vn -0.62904483079910278 -0.74289679527282715 0.22892563045024872
vn 0.55600112676620483 0.039611946791410446 0.83023709058761597
vn 0.55600112676620483 0.039611946791410446 0.83023709058761597
vn 0.55600112676620483 0.039611946791410446 0.83023709058761597
vn 0.66085338592529297 0.017945315688848495 0.75030040740966797
vn 0.66085338592529297 0.017945315688848495 0.75030040740966797
vn 0.66085338592529297 0.017945315688848495 0.75030040740966797
vn 0.31011128425598145 -0.033155452460050583 0.95012193918228149
vn 0.31011128425598145 -0.033155452460050583 0.95012193918228149
vn 0.31011128425598145 -0.033155452460050583 0.95012193918228149
vn 0.31277915835380554 0.063159957528114319 0.94772356748580933
vn 0.31277915835380554 0.063159957528114319 0.94772356748580933
vn 0.31277915835380554 0.063159957528114319 0.94772356748580933
vn 0.49439680576324463 0.85211277008056641 0.17168481647968292
vn 0.49439680576324463 0.85211277008056641 0.17168481647968292
vn 0.49439680576324463 0.85211277008056641 0.17168481647968292
vn -0.38787412643432617 0.85165590047836304 0.35247114300727844
vn -0.38787412643432617 0.85165590047836304 0.35247114300727844
vn -0.38787412643432617 0.85165590047836304 0.35247114300727844
vn 0.74951612949371338 -0.26689481735229492 0.60579919815063477
vn 0.74951612949371338 -0.26689481735229492 0.60579919815063477
vn 0.74951612949371338 -0.26689481735229492 0.60579919815063477
vn 0.64025372266769409 0.096511006355285645 0.76207661628723145
vn 0.64025372266769409 0.096511006355285645 0.76207661628723145
vn 0.64025372266769409 0.096511006355285645 0.76207661628723145
vn -0.33307284116744995 -0.37674093246459961 -0.86436611413955688
vn -0.33307284116744995 -0.37674093246459961 -0.86436611413955688
vn -0.33307284116744995 -0.37674093246459961 -0.86436611413955688
vn -0.55061608552932739 0.83023113012313843 0.086823061108589172
vn -0.55061608552932739 0.83023113012313843 0.086823061108589172
vn -0.55061608552932739 0.83023113012313843 0.086823061108589172
vn 0.85100436210632324 0.03963412344455719 0.52366089820861816
vn 0.85100436210632324 0.03963412344455719 0.52366089820861816
vn 0.85100436210632324 0.03963412344455719 0.52366089820861816
vn 0.85081088542938232 0.046928688883781433 0.52337223291397095
vn 0.85081088542938232 0.046928688883781433 0.52337223291397095
vn 0.85081088542938232 0.046928688883781433 0.52337223291397095
vn 0.28790029883384705 -0.9257967472076416 0.24497708678245544
vn 0.28790029883384705 -0.9257967472076416 0.24497708678245544
vn 0.28790029883384705 -0.9257967472076416 0.24497708678245544
vn 0.90310263633728027 -0.0046409727074205875 0.42939972877502441
vn 0.90310263633728027 -0.0046409727074205875 0.42939972877502441
vn 0.90310263633728027 -0.0046409727074205875 0.42939972877502441
vn -0.98767387866973877 -0.016177944839000702 -0.15568749606609344
vn -0.98767387866973877 -0.016177944839000702 -0.15568749606609344
vn -0.98767387866973877 -0.016177944839000702 -0.15568749606609344
vn -0.93983519077301025 0.01571599580347538 -0.34126654267311096
vn -0.93983519077301025 0.01571599580347538 -0.34126654267311096
vn -0.93983519077301025 0.01571599580347538 -0.34126654267311096
vn 0.22733668982982635 0.029787974432110786 0.97336053848266602
vn 0.22733668982982635 0.029787974432110786 0.97336053848266602
vn 0.22733668982982635 0.029787974432110786 0.97336053848266602
vn 0.75505632162094116 0.048569057136774063 0.65385854244232178
vn 0.75505632162094116 0.048569057136774063 0.65385854244232178
vn 0.75505632162094116 0.048569057136774063 0.65385854244232178
vn -0.12938490509986877 0.04186934232711792 0.99071007966995239
vn -0.12938490509986877 0.04186934232711792 0.99071007966995239
vn -0.12938490509986877 0.04186934232711792 0.99071007966995239
vn -0.30827480554580688 -0.048767384141683578 0.95004653930664062
vn -0.30827480554580688 -0.048767384141683578 0.95004653930664062
vn -0.30827480554580688 -0.048767384141683578 0.95004653930664062
vn 0.73913782835006714 -0.14082910120487213 0.65866714715957642
vn 0.73913782835006714 -0.14082910120487213 0.65866714715957642
vn 0.73913782835006714 -0.14082910120487213 0.65866714715957642
vn 0.58677101135253906 -0.25486689805984497 0.76859784126281738
vn 0.58677101135253906 -0.25486689805984497 0.76859784126281738
vn 0.58677101135253906 -0.25486689805984497 0.76859784126281738
vn -0.99781465530395508 0.066015444695949554 0.0028002371545881033
vn -0.99781465530395508 0.066015444695949554 0.0028002371545881033
vn -0.99781465530395508 0.066015444695949554 0.0028002371545881033
vn -0.39958301186561584 0.004189574159681797 -0.91668742895126343
vn -0.39958301186561584 0.004189574159681797 -0.91668742895126343
vn -0.39958301186561584 0.004189574159681797 -0.91668742895126343
vn -0.42268821597099304 -0.16561280190944672 -0.89101463556289673
vn -0.42268821597099304 -0.16561280190944672 -0.89101463556289673
vn -0.42268821597099304 -0.16561280190944672 -0.89101463556289673
vn -0.6504090428352356 -0.072397820651531219 -0.75612610578536987
vn -0.6504090428352356 -0.072397820651531219 -0.75612610578536987
vn -0.6504090428352356 -0.072397820651531219 -0.75612610578536987
vn -0.10778145492076874 -0.16741876304149628 -0.9799765944480896
vn -0.10778145492076874 -0.16741876304149628 -0.9799765944480896
vn -0.10778145492076874 -0.16741876304149628 -0.9799765944480896
vn 0.008069637231528759 -0.99794834852218628 -0.063513346016407013
vn 0.008069637231528759 -0.99794834852218628 -0.063513346016407013
vn 0.008069637231528759 -0.99794834852218628 -0.063513346016407013
vn 0.41782984137535095 -0.031295768916606903 0.9079861044883728
vn 0.41782984137535095 -0.031295768916606903 0.9079861044883728
vn 0.41782984137535095 -0.031295768916606903 0.9079861044883728
vn -0.43121263384819031 -0.081757009029388428 0.89853852987289429
vn -0.43121263384819031 -0.081757009029388428 0.89853852987289429
vn -0.43121263384819031 -0.081757009029388428 0.89853852987289429
vn -0.60560303926467896 -0.53655368089675903 -0.58766919374465942
vn -0.60560303926467896 -0.53655368089675903 -0.58766919374465942
vn -0.60560303926467896 -0.53655368089675903 -0.58766919374465942
vn -0.15312547981739044 -0.98424267768859863 -0.088424623012542725
vn -0.15312547981739044 -0.98424267768859863 -0.088424623012542725
vn -0.15312547981739044 -0.98424267768859863 -0.088424623012542725
vn -0.091903805732727051 -0.18637606501579285 0.97817057371139526
vn -0.091903805732727051 -0.18637606501579285 0.97817057371139526
vn -0.091903805732727051 -0.18637606501579285 0.97817057371139526
vn 0.74536734819412231 -0.065934218466281891 0.66338539123535156
vn 0.74536734819412231 -0.065934218466281891 0.66338539123535156
vn 0.74536734819412231 -0.065934218466281891 0.66338539123535156
vn 0.016114262863993645 -0.1541159451007843 0.98792135715484619
vn 0.016114262863993645 -0.1541159451007843 0.98792135715484619
vn 0.016114262863993645 -0.1541159451007843 0.98792135715484619
vn 0.36427810788154602 -0.16088931262493134 0.91728734970092773
vn 0.36427810788154602 -0.16088931262493134 0.91728734970092773
vn 0.36427810788154602 -0.16088931262493134 0.91728734970092773
vn 0.037543971091508865 0.8926541805267334 -0.44917589426040649
vn 0.037543971091508865 0.8926541805267334 -0.44917589426040649
vn 0.037543971091508865 0.8926541805267334 -0.44917589426040649
vn -0.10283537209033966 -0.17164397239685059 -0.97977715730667114
vn -0.10283537209033966 -0.17164397239685059 -0.97977715730667114
vn -0.10283537209033966 -0.17164397239685059 -0.97977715730667114
vn -0.31588661670684814 0.27465423941612244 -0.90817439556121826
vn -0.31588661670684814 0.27465423941612244 -0.90817439556121826
vn -0.31588661670684814 0.27465423941612244 -0.90817439556121826
vn -0.55056530237197876 0.17778511345386505 -0.81564104557037354
vn -0.55056530237197876 0.17778511345386505 -0.81564104557037354
vn -0.55056530237197876 0.17778511345386505 -0.81564104557037354
vn -0.97602182626724243 -0.2000948041677475 -0.085694000124931335
vn -0.97602182626724243 -0.2000948041677475 -0.085694000124931335
vn -0.97602182626724243 -0.2000948041677475 -0.085694000124931335
vn -0.88485801219940186 -0.15693536400794983 0.43863147497177124
vn -0.88485801219940186 -0.15693536400794983 0.43863147497177124
vn -0.88485801219940186 -0.15693536400794983 0.43863147497177124
vn 0.40859717130661011 0.57145291566848755 0.71168100833892822
vn 0.40859717130661011 0.57145291566848755 0.71168100833892822
vn 0.40859717130661011 0.57145291566848755 0.71168100833892822
vn 0.70955997705459595 0.17782139778137207 0.68183881044387817
vn 0.70955997705459595 0.17782139778137207 0.68183881044387817
vn 0.70955997705459595 0.17782139778137207 0.68183881044387817
vn 0.91835099458694458 -0.071034930646419525 0.38933983445167542
vn 0.91835099458694458 -0.071034930646419525 0.38933983445167542
vn 0.91835099458694458 -0.071034930646419525 0.38933983445167542
vn 0.99286866188049316 -0.11876270174980164 0.010354166850447655
vn 0.99286866188049316 -0.11876270174980164 0.010354166850447655
vn 0.99286866188049316 -0.11876270174980164 0.010354166850447655
vn -0.80480515956878662 0.28743183612823486 0.51929914951324463
vn -0.80480515956878662 0.28743183612823486 0.51929914951324463
vn -0.80480515956878662 0.28743183612823486 0.51929914951324463
vn -0.5814208984375 0.10477340221405029 0.80682855844497681
vn -0.5814208984375 0.10477340221405029 0.80682855844497681
vn -0.5814208984375 0.10477340221405029 0.80682855844497681
vn 0.95178204774856567 0.20903252065181732 -0.22453586757183075
vn 0.95178204774856567 0.20903252065181732 -0.22453586757183075
vn 0.95178204774856567 0.20903252065181732 -0.22453586757183075
vn 0.90752488374710083 0.12672911584377289 -0.400422602891922
vn 0.90752488374710083 0.12672911584377289 -0.400422602891922
vn 0.90752488374710083 0.12672911584377289 -0.400422602891922
vn 0.67789632081985474 0.030730610713362694 -0.73451495170593262
vn 0.67789632081985474 0.030730610713362694 -0.73451495170593262
vn 0.67789632081985474 0.030730610713362694 -0.73451495170593262
vn 0.66493946313858032 0.11650574952363968 -0.73775464296340942
vn 0.66493946313858032 0.11650574952363968 -0.73775464296340942
vn 0.66493946313858032 0.11650574952363968 -0.73775464296340942
vn 0.96462571620941162 0.089315526187419891 -0.24803224205970764
vn 0.96462571620941162 0.089315526187419891 -0.24803224205970764
vn 0.96462571620941162 0.089315526187419891 -0.24803224205970764
vn 0.96387159824371338 0.060670826584100723 0.2593657374382019
vn 0.96387159824371338 0.060670826584100723 0.2593657374382019
vn 0.96387159824371338 0.060670826584100723 0.2593657374382019
vn -0.96547150611877441 -0.13563494384288788 0.22241386771202087
vn -0.96547150611877441 -0.13563494384288788 0.22241386771202087
vn -0.96547150611877441 -0.13563494384288788 0.22241386771202087
vn -0.66941207647323608 -0.62064510583877563 -0.40827330946922302
vn -0.66941207647323608 -0.62064510583877563 -0.40827330946922302
vn -0.66941207647323608 -0.62064510583877563 -0.40827330946922302
vn 0.46312573552131653 0.16573962569236755 -0.87065774202346802
vn 0.46312573552131653 0.16573962569236755 -0.87065774202346802
vn 0.46312573552131653 0.16573962569236755 -0.87065774202346802
vn 0.62240558862686157 0.034444000571966171 -0.78193658590316772
vn 0.62240558862686157 0.034444000571966171 -0.78193658590316772
vn 0.62240558862686157 0.034444000571966171 -0.78193658590316772
vn 0.090216152369976044 -0.24373665452003479 -0.96563631296157837
vn 0.090216152369976044 -0.24373665452003479 -0.96563631296157837
vn 0.090216152369976044 -0.24373665452003479 -0.96563631296157837
vn 0.033508628606796265 0.11529428511857986 -0.99276602268218994
vn 0.033508628606796265 0.11529428511857986 -0.99276602268218994
vn 0.033508628606796265 0.11529428511857986 -0.99276602268218994
vn -0.82910555601119995 0.22693437337875366 -0.51096457242965698
vn -0.82910555601119995 0.22693437337875366 -0.51096457242965698
vn -0.82910555601119995 0.22693437337875366 -0.51096457242965698
vn -0.92996895313262939 0.36441737413406372 0.048556569963693619
vn -0.92996895313262939 0.36441737413406372 0.048556569963693619
vn -0.92996895313262939 0.36441737413406372 0.048556569963693619
vn -0.82387512922286987 -0.10749364644289017 0.5564844012260437
vn -0.82387512922286987 -0.10749364644289017 0.5564844012260437
vn -0.82387512922286987 -0.10749364644289017 0.5564844012260437
vn -0.38910013437271118 -0.10193491727113724 0.91553831100463867
vn -0.38910013437271118 -0.10193491727113724 0.91553831100463867
vn -0.38910013437271118 -0.10193491727113724 0.91553831100463867
vn -0.69444954395294189 0.065624266862869263 0.71654260158538818
vn -0.69444954395294189 0.065624266862869263 0.71654260158538818
vn -0.69444954395294189 0.065624266862869263 0.71654260158538818
vn -0.236355260014534 0.04243064671754837 0.97073984146118164
vn -0.236355260014534 0.04243064671754837 0.97073984146118164
vn -0.236355260014534 0.04243064671754837 0.97073984146118164
vn -0.0020430951844900846 0.4344293475151062 -0.90070360898971558
vn -0.0020430951844900846 0.4344293475151062 -0.90070360898971558
vn -0.0020430951844900846 0.4344293475151062 -0.90070360898971558
vn -0.26136213541030884 -0.14643079042434692 -0.95406907796859741
vn -0.26136213541030884 -0.14643079042434692 -0.95406907796859741
vn -0.26136213541030884 -0.14643079042434692 -0.95406907796859741
vn -0.098818317055702209 -0.041344936937093735 -0.99424624443054199
vn -0.098818317055702209 -0.041344936937093735 -0.99424624443054199
vn -0.098818317055702209 -0.041344936937093735 -0.99424624443054199
vn 0.73686128854751587 0.0082373423501849174 -0.67599380016326904
vn 0.73686128854751587 0.0082373423501849174 -0.67599380016326904
vn 0.73686128854751587 0.0082373423501849174 -0.67599380016326904
vn -0.8534853458404541 -0.38882943987846375 -0.34695011377334595
vn -0.8534853458404541 -0.38882943987846375 -0.34695011377334595
vn -0.8534853458404541 -0.38882943987846375 -0.34695011377334595
vn -0.39062774181365967 -0.92046147584915161 0.01267470046877861
vn -0.39062774181365967 -0.92046147584915161 0.01267470046877861
vn -0.39062774181365967 -0.92046147584915161 0.01267470046877861
vn -0.93258869647979736 0.14961874485015869 -0.32847008109092712
vn -0.93258869647979736 0.14961874485015869 -0.32847008109092712
vn -0.93258869647979736 0.14961874485015869 -0.32847008109092712
vn -0.36547064781188965 0.79364484548568726 -0.48637339472770691
vn -0.36547064781188965 0.79364484548568726 -0.48637339472770691
vn -0.36547064781188965 0.79364484548568726 -0.48637339472770691
vn -0.9498673677444458 -0.13374188542366028 0.28260418772697449
vn -0.9498673677444458 -0.13374188542366028 0.28260418772697449
vn -0.9498673677444458 -0.13374188542366028 0.28260418772697449
vn -0.85207176208496094 -0.44742044806480408 0.2716405987739563
vn -0.85207176208496094 -0.44742044806480408 0.2716405987739563
vn -0.85207176208496094 -0.44742044806480408 0.2716405987739563
vn 0.5836673378944397 0.16887471079826355 -0.79423785209655762
vn 0.5836673378944397 0.16887471079826355 -0.79423785209655762
vn 0.5836673378944397 0.16887471079826355 -0.79423785209655762
vn 0.58207947015762329 -0.27938902378082275 -0.76362639665603638
vn 0.58207947015762329 -0.27938902378082275 -0.76362639665603638
vn 0.58207947015762329 -0.27938902378082275 -0.76362639665603638
vn -0.00038714733091183007 -0.23115323483943939 0.97291725873947144
vn -0.00038714733091183007 -0.23115323483943939 0.97291725873947144
vn -0.00038714733091183007 -0.23115323483943939 0.97291725873947144
vn -0.26430299878120422 -0.18682877719402313 0.94617068767547607
vn -0.26430299878120422 -0.18682877719402313 0.94617068767547607
vn -0.26430299878120422 -0.18682877719402313 0.94617068767547607
vn 0.22715720534324646 -0.86562001705169678 -0.44620802998542786
vn 0.22715720534324646 -0.86562001705169678 -0.44620802998542786
vn 0.22715720534324646 -0.86562001705169678 -0.44620802998542786
vn 0.49838417768478394 -0.34673362970352173 -0.79459989070892334
vn 0.49838417768478394 -0.34673362970352173 -0.79459989070892334
vn 0.49838417768478394 -0.34673362970352173 -0.79459989070892334
vn -0.62302154302597046 -0.21140530705451965 0.75309491157531738
vn -0.62302154302597046 -0.21140530705451965 0.75309491157531738
vn -0.62302154302597046 -0.21140530705451965 0.75309491157531738
vn -0.75569331645965576 0.22632092237472534 0.6145782470703125
vn -0.75569331645965576 0.22632092237472534 0.6145782470703125
vn -0.75569331645965576 0.22632092237472534 0.6145782470703125
vn -0.48659592866897583 -0.787986159324646 0.3772297203540802
vn -0.48659592866897583 -0.787986159324646 0.3772297203540802
vn -0.48659592866897583 -0.787986159324646 0.3772297203540802
vn -0.70073330402374268 0.71035170555114746 0.066130705177783966
vn -0.70073330402374268 0.71035170555114746 0.066130705177783966
vn -0.70073330402374268 0.71035170555114746 0.066130705177783966
vn 0.76317602396011353 0.20463947951793671 -0.61293148994445801
vn 0.76317602396011353 0.20463947951793671 -0.61293148994445801
vn 0.76317602396011353 0.20463947951793671 -0.61293148994445801
vn 0.34209606051445007 0.20136751234531403 -0.91783517599105835
vn 0.34209606051445007 0.20136751234531403 -0.91783517599105835
vn 0.34209606051445007 0.20136751234531403 -0.91783517599105835
vn -0.48658770322799683 -0.042077988386154175 -0.87261784076690674
vn -0.48658770322799683 -0.042077988386154175 -0.87261784076690674
vn -0.48658770322799683 -0.042077988386154175 -0.87261784076690674
vn -0.45942777395248413 -0.36547121405601501 -0.80954116582870483
vn -0.45942777395248413 -0.36547121405601501 -0.80954116582870483
vn -0.45942777395248413 -0.36547121405601501 -0.80954116582870483
vn -0.83536499738693237 -0.15515567362308502 0.52734434604644775
vn -0.83536499738693237 -0.15515567362308502 0.52734434604644775
vn -0.83536499738693237 -0.15515567362308502 0.52734434604644775
vn -0.88460856676101685 0.35121089220046997 0.30678749084472656
vn -0.88460856676101685 0.35121089220046997 0.30678749084472656
vn -0.88460856676101685 0.35121089220046997 0.30678749084472656
vn 0.97605806589126587 0.068967819213867188 0.20628631114959717
vn 0.97605806589126587 0.068967819213867188 0.20628631114959717
vn 0.97605806589126587 0.068967819213867188 0.20628631114959717
vn 0.94037443399429321 0.082183882594108582 -0.33006316423416138
vn 0.94037443399429321 0.082183882594108582 -0.33006316423416138
vn 0.94037443399429321 0.082183882594108582 -0.33006316423416138
vn -0.091208755970001221 0.39358201622962952 0.91475361585617065
vn -0.091208755970001221 0.39358201622962952 0.91475361585617065
vn -0.091208755970001221 0.39358201622962952 0.91475361585617065
vn -0.15735191106796265 0.062753550708293915 0.98554670810699463
vn -0.15735191106796265 0.062753550708293915 0.98554670810699463
vn -0.15735191106796265 0.062753550708293915 0.98554670810699463
vn 0.36584073305130005 0.32332846522331238 -0.8727080225944519
vn 0.36584073305130005 0.32332846522331238 -0.8727080225944519
vn 0.36584073305130005 0.32332846522331238 -0.8727080225944519
vn 0.51099836826324463 0.070310652256011963 -0.85670125484466553
vn 0.51099836826324463 0.070310652256011963 -0.85670125484466553
vn 0.51099836826324463 0.070310652256011963 -0.85670125484466553
vn -0.0098343538120388985 0.39837172627449036 0.91717135906219482
vn -0.0098343538120388985 0.39837172627449036 0.91717135906219482
vn -0.0098343538120388985 0.39837172627449036 0.91717135906219482
vn 0.16133905947208405 0.47482842206954956 0.86516338586807251
vn 0.16133905947208405 0.47482842206954956 0.86516338586807251
vn 0.16133905947208405 0.47482842206954956 0.86516338586807251
vn 0.73101323843002319 0.37537300586700439 0.56983745098114014
vn 0.73101323843002319 0.37537300586700439 0.56983745098114014
vn 0.73101323843002319 0.37537300586700439 0.56983745098114014
vn 0.88282376527786255 0.46810257434844971 0.038757476955652237
vn 0.88282376527786255 0.46810257434844971 0.038757476955652237
vn 0.88282376527786255 0.46810257434844971 0.038757476955652237
vn 0.93414169549942017 0.35541355609893799 -0.032565698027610779
vn 0.93414169549942017 0.35541355609893799 -0.032565698027610779
vn 0.93414169549942017 0.35541355609893799 -0.032565698027610779
vn 0.98614448308944702 0.11162254214286804 -0.12271688878536224
vn 0.98614448308944702 0.11162254214286804 -0.12271688878536224
vn 0.98614448308944702 0.11162254214286804 -0.12271688878536224
vn -0.84959292411804199 0.083624787628650665 0.52076750993728638
vn -0.84959292411804199 0.083624787628650665 0.52076750993728638
vn -0.84959292411804199 0.083624787628650665 0.52076750993728638
vn -0.97006028890609741 0.13276100158691406 -0.20336568355560303
vn -0.97006028890609741 0.13276100158691406 -0.20336568355560303
vn -0.97006028890609741 0.13276100158691406 -0.20336568355560303
vn -0.97205513715744019 0.22557292878627777 0.06500554084777832
vn -0.97205513715744019 0.22557292878627777 0.06500554084777832
vn -0.97205513715744019 0.22557292878627777 0.06500554084777832
vn -0.79581683874130249 0.27794921398162842 0.53797751665115356
vn -0.79581683874130249 0.27794921398162842 0.53797751665115356
vn -0.79581683874130249 0.27794921398162842 0.53797751665115356
vn -0.45571097731590271 -0.10151345282793045 -0.88432037830352783
vn -0.45571097731590271 -0.10151345282793045 -0.88432037830352783
vn -0.45571097731590271 -0.10151345282793045 -0.88432037830352783
vn -0.20563614368438721 -0.94866043329238892 -0.24032707512378693
vn -0.20563614368438721 -0.94866043329238892 -0.24032707512378693
vn -0.20563614368438721 -0.94866043329238892 -0.24032707512378693
vn -0.05643867701292038 -0.052067380398511887 -0.99704748392105103
vn -0.05643867701292038 -0.052067380398511887 -0.99704748392105103
vn -0.05643867701292038 -0.052067380398511887 -0.99704748392105103
vn -0.59692227840423584 -0.072052530944347382 -0.79905712604522705
vn -0.59692227840423584 -0.072052530944347382 -0.79905712604522705
vn -0.59692227840423584 -0.072052530944347382 -0.79905712604522705
vn -0.25113332271575928 0.24919915199279785 -0.93532443046569824
vn -0.25113332271575928 0.24919915199279785 -0.93532443046569824
vn -0.25113332271575928 0.24919915199279785 -0.93532443046569824
vn 0.02916644886136055 0.25440019369125366 -0.96665912866592407
vn 0.02916644886136055 0.25440019369125366 -0.96665912866592407
vn 0.02916644886136055 0.25440019369125366 -0.96665912866592407
vn 0.068461529910564423 -0.14182290434837341 0.98752176761627197
vn 0.068461529910564423 -0.14182290434837341 0.98752176761627197
vn 0.068461529910564423 -0.14182290434837341 0.98752176761627197
vn 0.074636511504650116 -0.31012043356895447 0.94776302576065063
vn 0.074636511504650116 -0.31012043356895447 0.94776302576065063
vn 0.074636511504650116 -0.31012043356895447 0.94776302576065063
vn 0.7105858325958252 -0.40986728668212891 0.57190608978271484
vn 0.7105858325958252 -0.40986728668212891 0.57190608978271484
vn 0.7105858325958252 -0.40986728668212891 0.57190608978271484
vn 0.60847151279449463 -0.45301690697669983 0.65156584978103638
vn 0.60847151279449463 -0.45301690697669983 0.65156584978103638
vn 0.60847151279449463 -0.45301690697669983 0.65156584978103638
vn 0.27828133106231689 -0.097083725035190582 -0.95558059215545654
vn 0.27828133106231689 -0.097083725035190582 -0.95558059215545654
vn 0.27828133106231689 -0.097083725035190582 -0.95558059215545654
vn 0.75021082162857056 -0.26022255420684814 -0.60783874988555908
vn 0.75021082162857056 -0.26022255420684814 -0.60783874988555908
vn 0.75021082162857056 -0.26022255420684814 -0.60783874988555908
vn -0.0098961563780903816 -0.034598521888256073 -0.99935227632522583
vn -0.0098961563780903816 -0.034598521888256073 -0.99935227632522583
vn -0.0098961563780903816 -0.034598521888256073 -0.99935227632522583
vn 0.23446865379810333 0.1217140257358551 -0.96447402238845825
vn 0.23446865379810333 0.1217140257358551 -0.96447402238845825
vn 0.23446865379810333 0.1217140257358551 -0.96447402238845825
vn -0.26668024063110352 -0.086516961455345154 0.95989400148391724
vn -0.26668024063110352 -0.086516961455345154 0.95989400148391724
vn -0.26668024063110352 -0.086516961455345154 0.95989400148391724
vn 0.53129613399505615 -0.08733755350112915 0.84267228841781616
vn 0.53129613399505615 -0.08733755350112915 0.84267228841781616
vn 0.53129613399505615 -0.08733755350112915 0.84267228841781616
vn 0.81907981634140015 0.074135296046733856 0.56886923313140869
vn 0.81907981634140015 0.074135296046733856 0.56886923313140869
vn 0.81907981634140015 0.074135296046733856 0.56886923313140869
vn 0.82052868604660034 0.074392199516296387 0.56674373149871826
vn 0.82052868604660034 0.074392199516296387 0.56674373149871826
vn 0.82052868604660034 0.074392199516296387 0.56674373149871826
vn -0.048772562295198441 0.52307611703872681 -0.85088932514190674
vn -0.048772562295198441 0.52307611703872681 -0.85088932514190674
vn -0.048772562295198441 0.52307611703872681 -0.85088932514190674
vn 0.26316699385643005 0.72031223773956299 -0.64178925752639771
vn 0.26316699385643005 0.72031223773956299 -0.64178925752639771
vn 0.26316699385643005 0.72031223773956299 -0.64178925752639771
vn 0.71954113245010376 -0.017251536250114441 0.69423550367355347
vn 0.71954113245010376 -0.017251536250114441 0.69423550367355347
vn 0.71954113245010376 -0.017251536250114441 0.69423550367355347
vn 0.97054797410964966 0.12699310481548309 0.20471782982349396
vn 0.97054797410964966 0.12699310481548309 0.20471782982349396
vn 0.97054797410964966 0.12699310481548309 0.20471782982349396
vn -0.88118433952331543 -0.086803272366523743 0.46473580598831177
vn -0.88118433952331543 -0.086803272366523743 0.46473580598831177
vn -0.88118433952331543 -0.086803272366523743 0.46473580598831177
vn -0.99133867025375366 -0.11643077433109283 -0.060757376253604889
vn -0.99133867025375366 -0.11643077433109283 -0.060757376253604889
vn -0.99133867025375366 -0.11643077433109283 -0.060757376253604889
vn -0.402353435754776 0.19052676856517792 -0.89543914794921875
vn -0.402353435754776 0.19052676856517792 -0.89543914794921875
vn -0.402353435754776 0.19052676856517792 -0.89543914794921875
vn -0.2383434921503067 0.0040382309816777706 -0.9711725115776062
vn -0.2383434921503067 0.0040382309816777706 -0.9711725115776062
vn -0.2383434921503067 0.0040382309816777706 -0.9711725115776062
vn -0.1197408139705658 -0.1117011085152626 0.98650139570236206
vn -0.1197408139705658 -0.1117011085152626 0.98650139570236206
vn -0.1197408139705658 -0.1117011085152626 0.98650139570236206
vn 0.55267751216888428 0.03583492711186409 0.83262443542480469
vn 0.55267751216888428 0.03583492711186409 0.83262443542480469
vn 0.55267751216888428 0.03583492711186409 0.83262443542480469
vn 0.60680073499679565 0.022470336407423019 0.794536292552948
vn 0.60680073499679565 0.022470336407423019 0.794536292552948
vn 0.60680073499679565 0.022470336407423019 0.794536292552948
vn 0.9200434684753418 0.09376971423625946 0.38043028116226196
vn 0.9200434684753418 0.09376971423625946 0.38043028116226196
vn 0.9200434684753418 0.09376971423625946 0.38043028116226196
vn 0.78468888998031616 -0.014072113670408726 0.61972999572753906
vn 0.78468888998031616 -0.014072113670408726 0.61972999572753906
vn 0.78468888998031616 -0.014072113670408726 0.61972999572753906
vn 0.68057352304458618 -0.012035065330564976 -0.73258090019226074
vn 0.68057352304458618 -0.012035065330564976 -0.73258090019226074
vn 0.68057352304458618 -0.012035065330564976 -0.73258090019226074
vn -0.02684490941464901 0.48736163973808289 -0.8727874755859375
vn -0.02684490941464901 0.48736163973808289 -0.8727874755859375
vn -0.02684490941464901 0.48736163973808289 -0.8727874755859375
vn -0.64084690809249878 -0.14071474969387054 -0.7546619176864624
vn -0.64084690809249878 -0.14071474969387054 -0.7546619176864624
vn -0.64084690809249878 -0.14071474969387054 -0.7546619176864624
vn -0.91964715719223022 0.34819218516349792 -0.18169009685516357
vn -0.91964715719223022 0.34819218516349792 -0.18169009685516357
vn -0.91964715719223022 0.34819218516349792 -0.18169009685516357
vn -0.90990614891052246 0.36550760269165039 -0.1961505264043808
vn -0.90990614891052246 0.36550760269165039 -0.1961505264043808
vn -0.90990614891052246 0.36550760269165039 -0.1961505264043808
vn 0.77063477039337158 0.59692490100860596 -0.22316527366638184
vn 0.77063477039337158 0.59692490100860596 -0.22316527366638184
vn 0.77063477039337158 0.59692490100860596 -0.22316527366638184
vn 0.52510422468185425 0.60405588150024414 -0.59948486089706421
vn 0.52510422468185425 0.60405588150024414 -0.59948486089706421
vn 0.52510422468185425 0.60405588150024414 -0.59948486089706421
vn -0.66685342788696289 0.15344786643981934 -0.72921895980834961
vn -0.66685342788696289 0.15344786643981934 -0.72921895980834961
vn -0.66685342788696289 0.15344786643981934 -0.72921895980834961
vn -0.64936703443527222 -0.1657743901014328 -0.74218684434890747
vn -0.64936703443527222 -0.1657743901014328 -0.74218684434890747
vn -0.64936703443527222 -0.1657743901014328 -0.74218684434890747
vn -0.91583901643753052 -0.38775596022605896 -0.10432734340429306
vn -0.91583901643753052 -0.38775596022605896 -0.10432734340429306
vn -0.91583901643753052 -0.38775596022605896 -0.10432734340429306
vn -0.91440516710281372 0.08791176974773407 -0.39513891935348511
vn -0.91440516710281372 0.08791176974773407 -0.39513891935348511
vn -0.91440516710281372 0.08791176974773407 -0.39513891935348511
vn 0.9427945613861084 0.001228845096193254 -0.33337211608886719
vn 0.9427945613861084 0.001228845096193254 -0.33337211608886719
vn 0.9427945613861084 0.001228845096193254 -0.33337211608886719
vn 0.77231311798095703 0.062442597001791 -0.63216561079025269
vn 0.77231311798095703 0.062442597001791 -0.63216561079025269
vn 0.77231311798095703 0.062442597001791 -0.63216561079025269
vn 0.005350036546587944 -0.47518724203109741 0.87986844778060913
vn 0.005350036546587944 -0.47518724203109741 0.87986844778060913
vn 0.005350036546587944 -0.47518724203109741 0.87986844778060913
vn -0.047182321548461914 -0.5512043833732605 0.8330351710319519
vn -0.047182321548461914 -0.5512043833732605 0.8330351710319519
vn -0.047182321548461914 -0.5512043833732605 0.8330351710319519
vn 0.84904932975769043 0.46545222401618958 0.24993892014026642
vn 0.84904932975769043 0.46545222401618958 0.24993892014026642
vn 0.84904932975769043 0.46545222401618958 0.24993892014026642
vn 0.81472897529602051 0.22364313900470734 0.5349770188331604
vn 0.81472897529602051 0.22364313900470734 0.5349770188331604
vn 0.81472897529602051 0.22364313900470734 0.5349770188331604
vn 0.096462555229663849 0.98922890424728394 -0.11009586602449417
vn 0.096462555229663849 0.98922890424728394 -0.11009586602449417
vn 0.096462555229663849 0.98922890424728394 -0.11009586602449417
vn -0.62023466825485229 0.31094127893447876 -0.72015589475631714
vn -0.62023466825485229 0.31094127893447876 -0.72015589475631714
vn -0.62023466825485229 0.31094127893447876 -0.72015589475631714
vn -0.60971707105636597 0.69985044002532959 -0.37209466099739075
vn -0.60971707105636597 0.69985044002532959 -0.37209466099739075
vn -0.60971707105636597 0.69985044002532959 -0.37209466099739075
vn -0.80533105134963989 0.28235194087028503 0.52126699686050415
vn -0.80533105134963989 0.28235194087028503 0.52126699686050415
vn -0.80533105134963989 0.28235194087028503 0.52126699686050415
vn 0.23357477784156799 0.60855305194854736 0.75835740566253662
vn 0.23357477784156799 0.60855305194854736 0.75835740566253662
vn 0.23357477784156799 0.60855305194854736 0.75835740566253662
vn 0.040095150470733643 0.86966890096664429 0.49200445413589478
vn 0.040095150470733643 0.86966890096664429 0.49200445413589478
vn 0.040095150470733643 0.86966890096664429 0.49200445413589478
vn -0.043475404381752014 -0.0059176781214773655 -0.99903696775436401
vn -0.043475404381752014 -0.0059176781214773655 -0.99903696775436401
vn -0.043475404381752014 -0.0059176781214773655 -0.99903696775436401
vn -0.33814311027526855 -0.025884367525577545 -0.94073867797851562
vn -0.33814311027526855 -0.025884367525577545 -0.94073867797851562
vn -0.33814311027526855 -0.025884367525577545 -0.94073867797851562
vn -0.12295972555875778 0.38900870084762573 -0.91299128532409668
vn -0.12295972555875778 0.38900870084762573 -0.91299128532409668
vn -0.12295972555875778 0.38900870084762573 -0.91299128532409668
vn -0.17799556255340576 0.28352817893028259 -0.94230002164840698
vn -0.17799556255340576 0.28352817893028259 -0.94230002164840698
vn -0.17799556255340576 0.28352817893028259 -0.94230002164840698
vn 0.26040348410606384 0.025260331109166145 -0.96516937017440796
vn 0.26040348410606384 0.025260331109166145 -0.96516937017440796
vn 0.26040348410606384 0.025260331109166145 -0.96516937017440796
vn 0.25425416231155396 0.11406451463699341 -0.9603874683380127
vn 0.25425416231155396 0.11406451463699341 -0.9603874683380127
vn 0.25425416231155396 0.11406451463699341 -0.9603874683380127
vn 0.96627599000930786 -0.040299519896507263 -0.25433564186096191
vn 0.96627599000930786 -0.040299519896507263 -0.25433564186096191
vn 0.96627599000930786 -0.040299519896507263 -0.25433564186096191
vn 0.99324536323547363 0.015499989502131939 0.11499315500259399
vn 0.99324536323547363 0.015499989502131939 0.11499315500259399
vn 0.99324536323547363 0.015499989502131939 0.11499315500259399
vn 0.65901148319244385 0.60522240400314331 -0.44655314087867737
vn 0.65901148319244385 0.60522240400314331 -0.44655314087867737
vn 0.65901148319244385 0.60522240400314331 -0.44655314087867737
vn 0.23438200354576111 0.61786103248596191 -0.75054168701171875
vn 0.23438200354576111 0.61786103248596191 -0.75054168701171875
vn 0.23438200354576111 0.61786103248596191 -0.75054168701171875
vn 0.88472211360931396 0.44224816560745239 -0.14725270867347717
vn 0.88472211360931396 0.44224816560745239 -0.14725270867347717
vn 0.88472211360931396 0.44224816560745239 -0.14725270867347717
vn 0.90894705057144165 0.22639612853527069 -0.35008570551872253
vn 0.90894705057144165 0.22639612853527069 -0.35008570551872253
vn 0.90894705057144165 0.22639612853527069 -0.35008570551872253
vn 0.40082323551177979 0.34610223770141602 0.84826529026031494
vn 0.40082323551177979 0.34610223770141602 0.84826529026031494
vn 0.40082323551177979 0.34610223770141602 0.84826529026031494
vn 0.48018333315849304 0.47698906064033508 0.73614221811294556
vn 0.48018333315849304 0.47698906064033508 0.73614221811294556
vn 0.48018333315849304 0.47698906064033508 0.73614221811294556
vn 0.37552228569984436 0.15322934091091156 0.91405898332595825
vn 0.37552228569984436 0.15322934091091156 0.91405898332595825
vn 0.37552228569984436 0.15322934091091156 0.91405898332595825
vn 0.94990187883377075 0.25203928351402283 0.18483124673366547
vn 0.94990187883377075 0.25203928351402283 0.18483124673366547
vn 0.94990187883377075 0.25203928351402283 0.18483124673366547
vn 0.95856142044067383 -0.0080869626253843307 0.28477120399475098
vn 0.95856142044067383 -0.0080869626253843307 0.28477120399475098
vn 0.95856142044067383 -0.0080869626253843307 0.28477120399475098
vn 0.98301047086715698 0.074222229421138763 -0.16787326335906982
vn 0.98301047086715698 0.074222229421138763 -0.16787326335906982
vn 0.98301047086715698 0.074222229421138763 -0.16787326335906982
vn 0.95906662940979004 0.040353372693061829 0.28029057383537292
vn 0.95906662940979004 0.040353372693061829 0.28029057383537292
vn 0.95906662940979004 0.040353372693061829 0.28029057383537292
vn 0.78539633750915527 -0.10191660374403 0.61054533720016479
vn 0.78539633750915527 -0.10191660374403 0.61054533720016479
vn 0.78539633750915527 -0.10191660374403 0.61054533720016479
vn -0.74937725067138672 -0.19621928036212921 -0.63240158557891846
vn -0.74937725067138672 -0.19621928036212921 -0.63240158557891846
vn -0.74937725067138672 -0.19621928036212921 -0.63240158557891846
vn 0.091418325901031494 -0.070520132780075073 -0.99331241846084595
vn 0.091418325901031494 -0.070520132780075073 -0.99331241846084595
vn 0.091418325901031494 -0.070520132780075073 -0.99331241846084595
vn -0.51134151220321655 -0.062633372843265533 -0.85709214210510254
vn -0.51134151220321655 -0.062633372843265533 -0.85709214210510254
vn -0.51134151220321655 -0.062633372843265533 -0.85709214210510254
vn -0.78215312957763672 -0.045535121113061905 -0.62142020463943481
vn -0.78215312957763672 -0.045535121113061905 -0.62142020463943481
vn -0.78215312957763672 -0.045535121113061905 -0.62142020463943481
vn -0.8061249852180481 -0.2427619993686676 0.53965646028518677
vn -0.8061249852180481 -0.2427619993686676 0.53965646028518677
vn -0.8061249852180481 -0.2427619993686676 0.53965646028518677
vn -0.84598410129547119 -0.055242802947759628 0.53033870458602905
vn -0.84598410129547119 -0.055242802947759628 0.53033870458602905
vn -0.84598410129547119 -0.055242802947759628 0.53033870458602905
vn -0.96280407905578613 -0.10607941448688507 0.24850654602050781
vn -0.96280407905578613 -0.10607941448688507 0.24850654602050781
vn -0.96280407905578613 -0.10607941448688507 0.24850654602050781
vn -0.79377323389053345 -0.14797049760818481 0.58993959426879883
vn -0.79377323389053345 -0.14797049760818481 0.58993959426879883
vn -0.79377323389053345 -0.14797049760818481 0.58993959426879883
vn -0.52591484785079956 0.64151012897491455 0.55846071243286133
vn -0.52591484785079956 0.64151012897491455 0.55846071243286133
vn -0.52591484785079956 0.64151012897491455 0.55846071243286133
vn -0.33005592226982117 0.5283469557762146 0.78224843740463257
vn -0.33005592226982117 0.5283469557762146 0.78224843740463257
vn -0.33005592226982117 0.5283469557762146 0.78224843740463257
vn 0.69427818059921265 -0.18745413422584534 -0.69486600160598755
vn 0.69427818059921265 -0.18745413422584534 -0.69486600160598755
vn 0.69427818059921265 -0.18745413422584534 -0.69486600160598755
vn 0.94886618852615356 -0.084142804145812988 -0.30425801873207092
vn 0.94886618852615356 -0.084142804145812988 -0.30425801873207092
vn 0.94886618852615356 -0.084142804145812988 -0.30425801873207092
vn -0.93575495481491089 -0.3002350926399231 -0.18499056994915009
vn -0.93575495481491089 -0.3002350926399231 -0.18499056994915009
vn -0.93575495481491089 -0.3002350926399231 -0.18499056994915009
vn -0.91264307498931885 -0.2976023256778717 0.28020617365837097
vn -0.91264307498931885 -0.2976023256778717 0.28020617365837097
vn -0.91264307498931885 -0.2976023256778717 0.28020617365837097
vn 0.21166594326496124 0.083109922707080841 0.97380197048187256
vn 0.21166594326496124 0.083109922707080841 0.97380197048187256
vn 0.21166594326496124 0.083109922707080841 0.97380197048187256
vn 0.23538599908351898 0.28357893228530884 0.92961090803146362
vn 0.23538599908351898 0.28357893228530884 0.92961090803146362
vn 0.23538599908351898 0.28357893228530884 0.92961090803146362
vn -0.65918976068496704 0.60521012544631958 -0.44630652666091919
vn -0.65918976068496704 0.60521012544631958 -0.44630652666091919
vn -0.65918976068496704 0.60521012544631958 -0.44630652666091919
vn -0.83071810007095337 0.10887753963470459 -0.54594242572784424
vn -0.83071810007095337 0.10887753963470459 -0.54594242572784424
vn -0.83071810007095337 0.10887753963470459 -0.54594242572784424
vn -0.22987690567970276 0.83176606893539429 0.50529384613037109
vn -0.22987690567970276 0.83176606893539429 0.50529384613037109
vn -0.22987690567970276 0.83176606893539429 0.50529384613037109
vn -0.91517466306686401 0.27920764684677124 0.29068619012832642
vn -0.91517466306686401 0.27920764684677124 0.29068619012832642
vn -0.91517466306686401 0.27920764684677124 0.29068619012832642
vn -0.22513428330421448 -0.96553826332092285 -0.13057710230350494
vn -0.22513428330421448 -0.96553826332092285 -0.13057710230350494
vn -0.22513428330421448 -0.96553826332092285 -0.13057710230350494
vn -0.26373106241226196 -0.094344690442085266 0.95997136831283569
vn -0.26373106241226196 -0.094344690442085266 0.95997136831283569
vn -0.26373106241226196 -0.094344690442085266 0.95997136831283569
vn 0.94564318656921387 -0.32520207762718201 0.0015879010315984488
vn 0.94564318656921387 -0.32520207762718201 0.0015879010315984488
vn 0.94564318656921387 -0.32520207762718201 0.0015879010315984488
vn 0.75834226608276367 -0.52467638254165649 0.38682261109352112
vn 0.75834226608276367 -0.52467638254165649 0.38682261109352112
vn 0.75834226608276367 -0.52467638254165649 0.38682261109352112
vn -0.29426217079162598 -0.16559004783630371 0.94127023220062256
vn -0.29426217079162598 -0.16559004783630371 0.94127023220062256
vn -0.29426217079162598 -0.16559004783630371 0.94127023220062256
vn -0.8249019980430603 -0.16739481687545776 0.53992193937301636
vn -0.8249019980430603 -0.16739481687545776 0.53992193937301636
vn -0.8249019980430603 -0.16739481687545776 0.53992193937301636
vn -0.78687489032745361 -0.35388588905334473 -0.5055617094039917
vn -0.78687489032745361 -0.35388588905334473 -0.5055617094039917
vn -0.78687489032745361 -0.35388588905334473 -0.5055617094039917
vn -0.71795785427093506 -0.057179544121026993 -0.69373410940170288
vn -0.71795785427093506 -0.057179544121026993 -0.69373410940170288
vn -0.71795785427093506 -0.057179544121026993 -0.69373410940170288
vn -0.37501895427703857 -0.35106804966926575 -0.85796970129013062
vn -0.37501895427703857 -0.35106804966926575 -0.85796970129013062
vn -0.37501895427703857 -0.35106804966926575 -0.85796970129013062
vn -0.15864346921443939 -0.55239611864089966 -0.81834638118743896
vn -0.15864346921443939 -0.55239611864089966 -0.81834638118743896
vn -0.15864346921443939 -0.55239611864089966 -0.81834638118743896
vn 0.5586012601852417 0.2221137136220932 -0.79914337396621704
vn 0.5586012601852417 0.2221137136220932 -0.79914337396621704
vn 0.5586012601852417 0.2221137136220932 -0.79914337396621704
vn 0.47711473703384399 -0.81219470500946045 -0.3357100784778595
vn 0.47711473703384399 -0.81219470500946045 -0.3357100784778595
vn 0.47711473703384399 -0.81219470500946045 -0.3357100784778595
vn 0.93457186222076416 0.34060823917388916 0.1027689129114151
vn 0.93457186222076416 0.34060823917388916 0.1027689129114151
vn 0.93457186222076416 0.34060823917388916 0.1027689129114151
vn 0.86686182022094727 0.39293199777603149 -0.30684694647789001
vn 0.86686182022094727 0.39293199777603149 -0.30684694647789001
vn 0.86686182022094727 0.39293199777603149 -0.30684694647789001
vn -0.88815838098526001 -0.43002128601074219 -0.16203810274600983
vn -0.88815838098526001 -0.43002128601074219 -0.16203810274600983
vn -0.88815838098526001 -0.43002128601074219 -0.16203810274600983
vn -0.89441525936126709 -0.32176360487937927 -0.31062769889831543
vn -0.89441525936126709 -0.32176360487937927 -0.31062769889831543
vn -0.89441525936126709 -0.32176360487937927 -0.31062769889831543
vn 0.24261754751205444 0.57132935523986816 -0.78404051065444946
vn 0.24261754751205444 0.57132935523986816 -0.78404051065444946
vn 0.24261754751205444 0.57132935523986816 -0.78404051065444946
vn -0.35953658819198608 0.52115833759307861 -0.77403324842453003
vn -0.35953658819198608 0.52115833759307861 -0.77403324842453003
vn -0.35953658819198608 0.52115833759307861 -0.77403324842453003
vn -0.9334903359413147 0.017135413363575935 0.35819289088249207
vn -0.9334903359413147 0.017135413363575935 0.35819289088249207
vn -0.9334903359413147 0.017135413363575935 0.35819289088249207
vn -0.75606447458267212 -0.02401251345872879 0.65405654907226562
vn -0.75606447458267212 -0.02401251345872879 0.65405654907226562
vn -0.75606447458267212 -0.02401251345872879 0.65405654907226562
vn 0.7746046781539917 0.13921265304088593 0.61693388223648071
vn 0.7746046781539917 0.13921265304088593 0.61693388223648071
vn 0.7746046781539917 0.13921265304088593 0.61693388223648071
vn 0.21414463222026825 0.094123803079128265 0.97225654125213623
vn 0.21414463222026825 0.094123803079128265 0.97225654125213623
vn 0.21414463222026825 0.094123803079128265 0.97225654125213623
vn 0.1197674572467804 0.96364784240722656 -0.23882754147052765
vn 0.1197674572467804 0.96364784240722656 -0.23882754147052765
vn 0.1197674572467804 0.96364784240722656 -0.23882754147052765
vn 0.93981802463531494 0.094663344323635101 0.32829999923706055
vn 0.93981802463531494 0.094663344323635101 0.32829999923706055
vn 0.93981802463531494 0.094663344323635101 0.32829999923706055
vn -0.056128267198801041 -0.50122535228729248 -0.86349451541900635
vn -0.056128267198801041 -0.50122535228729248 -0.86349451541900635
vn -0.056128267198801041 -0.50122535228729248 -0.86349451541900635
vn 0.16239252686500549 -0.86933833360671997 -0.46677568554878235
vn 0.16239252686500549 -0.86933833360671997 -0.46677568554878235
vn 0.16239252686500549 -0.86933833360671997 -0.46677568554878235
vn -0.63126224279403687 -0.43223032355308533 -0.64396035671234131
vn -0.63126224279403687 -0.43223032355308533 -0.64396035671234131
vn -0.63126224279403687 -0.43223032355308533 -0.64396035671234131
vn -0.72451126575469971 0.068437136709690094 -0.68585699796676636
vn -0.72451126575469971 0.068437136709690094 -0.68585699796676636
vn -0.72451126575469971 0.068437136709690094 -0.68585699796676636
f 1355/1819/1819 1353/1817/1817 1354/1818/1818
f 1358/1822/1822 1356/1820/1820 1357/1821/1821
f 1361/1825/1825 1359/1823/1823 1360/1824/1824
f 1364/1828/1828 1362/1826/1826 1363/1827/1827
f 1367/1831/1831 1365/1829/1829 1366/1830/1830
f 1370/1834/1834 1368/1832/1832 1369/1833/1833
f 1372/1837/1837 1371/1835/1835 1364/1836/1836
f 1373/1840/1840 1363/1838/1838 1362/1839/1839
f 1376/1843/1843 1374/1841/1841 1375/1842/1842
f 1379/1846/1846 1377/1844/1844 1378/1845/1845
f 1382/1849/1849 1380/1847/1847 1381/1848/1848
f 1385/1852/1852 1383/1850/1850 1384/1851/1851
f 1388/1855/1855 1386/1853/1853 1387/1854/1854
f 1381/1858/1858 1389/1856/1856 1390/1857/1857
f 1393/1861/1861 1391/1859/1859 1392/1860/1860
f 1394/1864/1864 1357/1862/1862 1356/1863/1863
f 1371/1867/1867 1395/1865/1865 1396/1866/1866
f 1398/1870/1870 1379/1868/1868 1397/1869/1869
f 1401/1873/1873 1399/1871/1871 1400/1872/1872
f 1389/1876/1876 1402/1874/1874 1390/1875/1875
f 1405/1879/1879 1403/1877/1877 1404/1878/1878
f 1408/1882/1882 1406/1880/1880 1407/1881/1881
f 1411/1885/1885 1409/1883/1883 1410/1884/1884
f 1414/1888/1888 1412/1886/1886 1413/1887/1887
f 1417/1891/1891 1415/1889/1889 1416/1890/1890
f 1420/1894/1894 1418/1892/1892 1419/1893/1893
f 1423/1897/1897 1421/1895/1895 1422/1896/1896
f 1426/1900/1900 1424/1898/1898 1425/1899/1899
f 1429/1903/1903 1427/1901/1901 1428/1902/1902
f 1432/1906/1906 1430/1904/1904 1431/1905/1905
f 1435/1909/1909 1433/1907/1907 1434/1908/1908
f 1397/1912/1912 1379/1910/1910 1378/1911/1911
f 1377/1915/1915 1379/1913/1913 1436/1914/1914
f 1438/1918/1918 1360/1916/1916 1437/1917/1917
f 1440/1921/1921 1393/1919/1919 1439/1920/1920
f 1443/1924/1924 1441/1922/1922 1442/1923/1923
f 1391/1927/1927 1393/1925/1925 1444/1926/1926
f 1446/1930/1930 1358/1928/1928 1445/1929/1929
f 1447/1933/1933 1369/1931/1931 1368/1932/1932
f 1450/1936/1936 1448/1934/1934 1449/1935/1935
f 1453/1939/1939 1451/1937/1937 1452/1938/1938
f 1456/1942/1942 1454/1940/1940 1455/1941/1941
f 1459/1945/1945 1457/1943/1943 1458/1944/1944
f 1462/1948/1948 1460/1946/1946 1461/1947/1947
f 1465/1951/1951 1463/1949/1949 1464/1950/1950
f 1468/1954/1954 1466/1952/1952 1467/1953/1953
f 1460/1957/1957 1462/1955/1955 1469/1956/1956
f 1380/1960/1960 1382/1958/1958 1470/1959/1959
f 1440/1963/1963 1471/1961/1961 1472/1962/1962
f 1475/1966/1966 1473/1964/1964 1474/1965/1965
f 1476/1969/1969 1429/1967/1967 1428/1968/1968
f 1477/1972/1972 1456/1970/1970 1455/1971/1971
f 1479/1975/1975 1478/1973/1973 1414/1974/1974
f 1482/1978/1978 1480/1976/1976 1481/1977/1977
f 1484/1981/1981 1373/1979/1979 1483/1980/1980
f 1487/1984/1984 1485/1982/1982 1486/1983/1983
f 1490/1987/1987 1488/1985/1985 1489/1986/1986
f 1492/1990/1990 1489/1988/1988 1491/1989/1989
f 1495/1993/1993 1493/1991/1991 1494/1992/1992
f 1497/1996/1996 1457/1994/1994 1496/1995/1995
f 1478/1999/1999 1498/1997/1997 1414/1998/1998
f 1501/2002/2002 1499/2000/2000 1500/2001/2001
f 1503/2005/2005 1354/2003/2003 1502/2004/2004
f 1504/2008/2008 1494/2006/2006 1493/2007/2007
f 1404/2011/2011 1505/2009/2009 1405/2010/2010
f 1438/2014/2014 1505/2012/2012 1360/2013/2013
f 1507/2017/2017 1394/2015/2015 1506/2016/2016
f 1509/2020/2020 1464/2018/2018 1508/2019/2019
f 1430/2023/2023 1510/2021/2021 1511/2022/2022
f 1510/2026/2026 1483/2024/2024 1486/2025/2025
f 1513/2029/2029 1512/2027/2027 1463/2028/2028
f 1514/2032/2032 1463/2030/2030 1512/2031/2031
f 1370/2035/2035 1374/2033/2033 1359/2034/2034
f 1437/2038/2038 1360/2036/2036 1515/2037/2037
f 1384/2041/2041 1372/2039/2039 1385/2040/2040
f 1518/2044/2044 1516/2042/2042 1517/2043/2043
f 1521/2047/2047 1519/2045/2045 1520/2046/2046
f 1520/2050/2050 1481/2048/2048 1480/2049/2049
f 1447/2053/2053 1359/2051/2051 1361/2052/2052
f 1524/2056/2056 1522/2054/2054 1523/2055/2055
f 1526/2059/2059 1525/2057/2057 1409/2058/2058
f 1467/2062/2062 1527/2060/2060 1468/2061/2061
f 1528/2065/2065 1473/2063/2063 1435/2064/2064
f 1446/2068/2068 1529/2066/2066 1530/2067/2067
f 1533/2071/2071 1531/2069/2069 1532/2070/2070
f 1535/2074/2074 1426/2072/2072 1534/2073/2073
f 1536/2077/2077 1407/2075/2075 1406/2076/2076
f 1461/2080/2080 1459/2078/2078 1462/2079/2079
f 1433/2083/2083 1435/2081/2081 1473/2082/2082
f 1373/2086/2086 1537/2084/2084 1538/2085/2085
f 1541/2089/2089 1539/2087/2087 1540/2088/2088
f 1387/2092/2092 1542/2090/2090 1388/2091/2091
f 1466/2095/2095 1370/2093/2093 1467/2094/2094
f 1375/2098/2098 1543/2096/2096 1376/2097/2097
f 1493/2101/2101 1495/2099/2099 1544/2100/2100
f 1546/2104/2104 1545/2102/2102 1380/2103/2103
f 1407/2107/2107 1547/2105/2105 1408/2106/2106
f 1548/2110/2110 1408/2108/2108 1547/2109/2109
f 1463/2113/2113 1549/2111/2111 1513/2112/2112
f 1549/2116/2116 1463/2114/2114 1550/2115/2115
f 1553/2119/2119 1551/2117/2117 1552/2118/2118
f 1530/2122/2122 1529/2120/2120 1551/2121/2121
f 1554/2125/2125 1472/2123/2123 1471/2124/2124
f 1522/2128/2128 1524/2126/2126 1555/2127/2127
f 1492/2131/2131 1517/2129/2129 1516/2130/2130
f 1492/2134/2134 1490/2132/2132 1489/2133/2133
f 1470/2137/2137 1404/2135/2135 1403/2136/2136
f 1546/2140/2140 1460/2138/2138 1469/2139/2139
f 1416/2143/2143 1420/2141/2141 1417/2142/2142
f 1557/2146/2146 1556/2144/2144 1499/2145/2145
f 1558/2149/2149 1534/2147/2147 1426/2148/2148
f 1559/2152/2152 1507/2150/2150 1509/2151/2151
f 1533/2155/2155 1367/2153/2153 1531/2154/2154
f 1556/2158/2158 1557/2156/2156 1560/2157/2157
f 1409/2161/2161 1413/2159/2159 1526/2160/2160
f 1561/2164/2164 1387/2162/2162 1386/2163/2163
f 1488/2167/2167 1490/2165/2165 1398/2166/2166
f 1483/2170/2170 1510/2168/2168 1484/2169/2169
f 1410/2173/2173 1562/2171/2171 1411/2172/2172
f 1370/2176/2176 1369/2174/2174 1467/2175/2175
f 1458/2179/2179 1462/2177/2177 1459/2178/2178
f 1496/2182/2182 1563/2180/2180 1497/2181/2181
f 1485/2185/2185 1487/2183/2183 1564/2184/2184
f 1396/2188/2188 1565/2186/2186 1429/2187/2187
f 1406/2191/2191 1566/2189/2189 1536/2190/2190
f 1567/2194/2194 1536/2192/2192 1566/2193/2193
f 1454/2197/2197 1568/2195/2195 1569/2196/2196
f 1456/2200/2200 1477/2198/2198 1570/2199/2199
f 1437/2203/2203 1571/2201/2201 1438/2202/2202
f 1573/2206/2206 1518/2204/2204 1572/2205/2205
f 1477/2209/2209 1432/2207/2207 1431/2208/2208
f 1428/2212/2212 1491/2210/2210 1476/2211/2211
f 1574/2215/2215 1540/2213/2213 1539/2214/2214
f 1448/2218/2218 1411/2216/2216 1449/2217/2217
f 1362/2221/2221 1483/2219/2219 1373/2220/2220
f 1362/2224/2224 1564/2222/2222 1575/2223/2223
f 1452/2227/2227 1454/2225/2225 1453/2226/2226
f 1511/2230/2230 1510/2228/2228 1486/2229/2229
f 1572/2233/2233 1372/2231/2231 1573/2232/2232
f 1395/2236/2236 1565/2234/2234 1396/2235/2235
f 1545/2239/2239 1544/2237/2237 1495/2238/2238
f 1563/2242/2242 1496/2240/2240 1469/2241/2241
f 1383/2245/2245 1405/2243/2243 1505/2244/2244
f 1505/2248/2248 1384/2246/2246 1383/2247/2247
f 1578/2251/2251 1576/2249/2249 1577/2250/2250
f 1523/2254/2254 1576/2252/2252 1524/2253/2253
f 1408/2257/2257 1548/2255/2255 1504/2256/2256
f 1400/2260/2260 1504/2258/2258 1401/2259/2259
f 1444/2263/2263 1393/2261/2261 1440/2262/2262
f 1474/2266/2266 1579/2264/2264 1444/2265/2265
f 1481/2269/2269 1520/2267/2267 1519/2268/2268
f 1357/2272/2272 1394/2270/2270 1553/2271/2271
f 1557/2275/2275 1580/2273/2273 1560/2274/2274
f 1414/2278/2278 1557/2276/2276 1412/2277/2277
f 1513/2281/2281 1434/2279/2279 1433/2280/2280
f 1397/2284/2284 1538/2282/2282 1537/2283/2283
f 1453/2287/2287 1570/2285/2285 1451/2286/2286
f 1570/2290/2290 1581/2288/2288 1568/2289/2289
f 1446/2293/2293 1434/2291/2291 1358/2292/2292
f 1358/2296/2296 1549/2294/2294 1550/2295/2295
f 1461/2299/2299 1406/2297/2297 1459/2298/2298
f 1406/2302/2302 1400/2300/2300 1399/2301/2301
f 1374/2305/2305 1376/2303/2303 1514/2304/2304
f 1571/2308/2308 1437/2306/2306 1377/2307/2307
f 1436/2311/2311 1379/2309/2309 1516/2310/2310
f 1379/2314/2314 1398/2312/2312 1490/2313/2313
f 1402/2317/2317 1354/2315/2315 1353/2316/2316
f 1402/2320/2320 1504/2318/2318 1548/2319/2319
f 1357/2323/2323 1445/2321/2321 1358/2322/2322
f 1529/2326/2326 1552/2324/2324 1551/2325/2325
f 1354/2329/2329 1503/2327/2327 1355/2328/2328
f 1474/2332/2332 1472/2330/2330 1475/2331/2331
f 1582/2335/2335 1535/2333/2333 1534/2334/2334
f 1423/2338/2338 1366/2336/2336 1365/2337/2337
f 1551/2341/2341 1553/2339/2339 1521/2340/2340
f 1521/2344/2344 1392/2342/2342 1391/2343/2343
f 1441/2347/2347 1450/2345/2345 1442/2346/2346
f 1583/2350/2350 1447/2348/2348 1361/2349/2349
f 1585/2353/2353 1584/2351/2351 1429/2352/2352
f 1429/2356/2356 1584/2354/2354 1396/2355/2355
f 1522/2359/2359 1443/2357/2357 1523/2358/2358
f 1586/2362/2362 1440/2360/2360 1439/2361/2361
f 1536/2365/2365 1567/2363/2363 1403/2364/2364
f 1546/2368/2368 1403/2366/2366 1567/2367/2367
f 1430/2371/2371 1489/2369/2369 1587/2370/2370
f 1430/2374/2374 1432/2372/2372 1489/2373/2373
f 1499/2377/2377 1501/2375/2375 1418/2376/2376
f 1534/2380/2380 1532/2378/2378 1582/2379/2379
f 1394/2383/2383 1588/2381/2381 1553/2382/2382
f 1425/2386/2386 1423/2384/2384 1422/2385/2385
f 1538/2389/2389 1473/2387/2387 1373/2388/2388
f 1589/2392/2392 1373/2390/2390 1473/2391/2391
f 1386/2395/2395 1520/2393/2393 1561/2394/2394
f 1392/2398/2398 1521/2396/2396 1590/2397/2397
f 1577/2401/2401 1361/2399/2399 1591/2400/2400
f 1404/2404/2404 1470/2402/2402 1382/2403/2403
f 1593/2407/2407 1413/2405/2405 1592/2406/2406
f 1478/2410/2410 1479/2408/2408 1480/2409/2409
f 1495/2413/2413 1380/2411/2411 1545/2412/2412
f 1389/2416/2416 1381/2414/2414 1380/2415/2415
f 1415/2419/2419 1417/2417/2417 1508/2418/2418
f 1534/2422/2422 1558/2420/2420 1419/2421/2421
f 1517/2425/2425 1572/2423/2423 1518/2424/2424
f 1565/2428/2428 1427/2426/2426 1429/2427/2427
f 1574/2431/2431 1388/2429/2429 1542/2430/2430
f 1411/2434/2434 1448/2432/2432 1574/2433/2433
f 1596/2437/2437 1594/2435/2435 1595/2436/2436
f 1462/2440/2440 1563/2438/2438 1469/2439/2439
f 1392/2443/2443 1388/2441/2441 1393/2442/2442
f 1388/2446/2446 1574/2444/2444 1539/2445/2445
f 1356/2449/2449 1358/2447/2447 1550/2448/2448
f 1506/2452/2452 1509/2450/2450 1507/2451/2451
f 1594/2455/2455 1596/2453/2453 1597/2454/2454
f 1457/2458/2458 1497/2456/2456 1598/2457/2457
f 1498/2461/2461 1478/2459/2459 1599/2460/2460
f 1367/2464/2464 1533/2462/2462 1560/2463/2463
f 1353/2467/2467 1390/2465/2465 1402/2466/2466
f 1586/2470/2470 1555/2468/2468 1353/2469/2469
f 1441/2473/2473 1443/2471/2471 1540/2472/2472
f 1540/2476/2476 1574/2474/2474 1441/2475/2475
f 1412/2479/2479 1416/2477/2477 1415/2478/2478
f 1525/2482/2482 1526/2480/2480 1527/2481/2481
f 1433/2485/2485 1600/2483/2483 1601/2484/2484
f 1378/2488/2488 1601/2486/2486 1600/2487/2487
f 1489/2491/2491 1488/2489/2489 1587/2490/2490
f 1510/2494/2494 1488/2492/2492 1484/2493/2493
f 1483/2497/2497 1487/2495/2495 1486/2496/2496
f 1483/2500/2500 1362/2498/2498 1575/2499/2499
f 1593/2503/2503 1480/2501/2501 1479/2502/2502
f 1480/2506/2506 1561/2504/2504 1520/2505/2505
f 1385/2509/2509 1602/2507/2507 1547/2508/2508
f 1383/2512/2512 1385/2510/2510 1547/2511/2511
f 1362/2515/2515 1364/2513/2513 1371/2514/2514
f 1564/2518/2518 1362/2516/2516 1371/2517/2517
f 1542/2521/2521 1387/2519/2519 1409/2520/2520
f 1413/2524/2524 1409/2522/2522 1592/2523/2523
f 1603/2527/2527 1477/2525/2525 1585/2526/2526
f 1477/2530/2530 1455/2528/2528 1585/2529/2529
f 1515/2533/2533 1360/2531/2531 1359/2532/2532
f 1359/2536/2536 1374/2534/2534 1515/2535/2535
f 1484/2539/2539 1488/2537/2537 1398/2538/2538
f 1397/2542/2542 1537/2540/2540 1398/2541/2541
f 1472/2545/2545 1474/2543/2543 1440/2544/2544
f 1444/2548/2548 1440/2546/2546 1474/2547/2547
f 1545/2551/2551 1469/2549/2549 1496/2550/2550
f 1469/2554/2554 1545/2552/2552 1546/2553/2553
f 1425/2557/2557 1422/2555/2555 1588/2556/2556
f 1482/2560/2560 1481/2558/2558 1422/2559/2559
f 1475/2563/2563 1355/2561/2561 1503/2562/2562
f 1373/2566/2566 1589/2564/2564 1363/2565/2565
f 1485/2569/2569 1455/2567/2567 1454/2568/2568
f 1564/2572/2572 1584/2570/2570 1485/2571/2571
f 1399/2575/2575 1401/2573/2573 1457/2574/2574
f 1401/2578/2578 1544/2576/2576 1457/2577/2577
f 1482/2581/2581 1422/2579/2579 1421/2580/2580
f 1421/2584/2584 1599/2582/2582 1478/2583/2583
f 1508/2587/2587 1559/2585/2585 1509/2586/2586
f 1558/2590/2590 1508/2588/2588 1417/2589/2589
f 1431/2593/2593 1570/2591/2591 1477/2592/2592
f 1570/2596/2596 1431/2594/2594 1451/2595/2595
f 1490/2599/2599 1516/2597/2597 1379/2598/2598
f 1516/2602/2602 1490/2600/2600 1492/2601/2601
f 1361/2605/2605 1577/2603/2603 1576/2604/2604
f 1361/2608/2608 1576/2606/2606 1583/2607/2607
f 1505/2611/2611 1438/2609/2609 1384/2610/2610
f 1372/2614/2614 1384/2612/2612 1573/2613/2613
f 1390/2617/2617 1578/2615/2615 1381/2616/2616
f 1577/2620/2620 1381/2618/2618 1578/2619/2619
f 1598/2623/2623 1458/2621/2621 1457/2622/2622
f 1458/2626/2626 1596/2624/2624 1595/2625/2625
f 1366/2629/2629 1531/2627/2627 1367/2628/2628
f 1582/2632/2632 1532/2630/2630 1531/2631/2631
f 1530/2635/2635 1435/2633/2633 1446/2634/2634
f 1434/2638/2638 1446/2636/2636 1435/2637/2637
f 1416/2641/2641 1557/2639/2639 1499/2640/2640
f 1557/2644/2644 1416/2642/2642 1412/2643/2643
f 1374/2647/2647 1370/2645/2645 1375/2646/2646
f 1370/2650/2650 1466/2648/2648 1375/2649/2649
f 1560/2653/2653 1533/2651/2651 1556/2652/2652
f 1533/2656/2656 1501/2654/2654 1500/2655/2655
f 1369/2659/2659 1450/2657/2657 1449/2658/2658
f 1467/2662/2662 1369/2660/2660 1562/2661/2661
f 1581/2665/2665 1569/2663/2663 1568/2664/2664
f 1569/2668/2668 1453/2666/2666 1454/2667/2667
f 1427/2671/2671 1492/2669/2669 1428/2670/2670
f 1491/2674/2674 1428/2672/2672 1492/2673/2673
f 1462/2677/2677 1458/2675/2675 1595/2676/2676
f 1595/2680/2680 1563/2678/2678 1462/2679/2679
f 1535/2683/2683 1582/2681/2681 1604/2682/2682
f 1423/2686/2686 1425/2684/2684 1424/2685/2685
f 1516/2689/2689 1518/2687/2687 1436/2688/2688
f 1518/2692/2692 1573/2690/2690 1571/2691/2691
f 1463/2695/2695 1376/2693/2693 1543/2694/2694
f 1463/2698/2698 1514/2696/2696 1376/2697/2697
f 1360/2701/2701 1591/2699/2699 1361/2700/2700
f 1404/2704/2704 1360/2702/2702 1505/2703/2703
f 1547/2707/2707 1602/2705/2705 1548/2706/2706
f 1602/2710/2710 1402/2708/2708 1548/2709/2709
f 1401/2713/2713 1493/2711/2711 1544/2712/2712
f 1493/2716/2716 1401/2714/2714 1504/2715/2715
f 1530/2719/2719 1391/2717/2717 1444/2718/2718
f 1579/2722/2722 1530/2720/2720 1444/2721/2721
f 1403/2725/2725 1405/2723/2723 1536/2724/2724
f 1407/2728/2728 1536/2726/2726 1405/2727/2727
f 1502/2731/2731 1354/2729/2729 1385/2730/2730
f 1364/2734/2734 1385/2732/2732 1372/2733/2733
f 1432/2737/2737 1605/2735/2735 1489/2736/2736
f 1585/2740/2740 1605/2738/2738 1603/2739/2739
f 1374/2743/2743 1514/2741/2741 1437/2742/2742
f 1515/2746/2746 1374/2744/2744 1437/2745/2745
f 1521/2749/2749 1391/2747/2747 1551/2748/2748
f 1391/2752/2752 1530/2750/2750 1551/2751/2751
f 1454/2755/2755 1486/2753/2753 1485/2754/2754
f 1486/2758/2758 1454/2756/2756 1452/2757/2757
f 1373/2761/2761 1484/2759/2759 1537/2760/2760
f 1484/2764/2764 1398/2762/2762 1537/2763/2763
f 1527/2767/2767 1467/2765/2765 1525/2766/2766
f 1562/2770/2770 1525/2768/2768 1467/2769/2769
f 1369/2773/2773 1447/2771/2771 1450/2772/2772
f 1450/2776/2776 1447/2774/2774 1442/2775/2775
f 1465/2779/2779 1356/2777/2777 1550/2778/2778
f 1463/2782/2782 1465/2780/2780 1550/2781/2781
f 1576/2785/2785 1523/2783/2783 1583/2784/2784
f 1442/2788/2788 1523/2786/2786 1443/2787/2787
f 1371/2791/2791 1396/2789/2789 1564/2790/2790
f 1584/2794/2794 1564/2792/2792 1396/2793/2793
f 1380/2797/2797 1470/2795/2795 1546/2796/2796
f 1403/2800/2800 1546/2798/2798 1470/2799/2799
f 1399/2803/2803 1459/2801/2801 1406/2802/2802
f 1457/2806/2806 1459/2804/2804 1399/2805/2805
f 1421/2809/2809 1478/2807/2807 1482/2808/2808
f 1480/2812/2812 1482/2810/2810 1478/2811/2811
f 1541/2815/2815 1393/2813/2813 1539/2814/2814
f 1539/2818/2818 1393/2816/2816 1388/2817/2817
f 1588/2821/2821 1394/2819/2819 1425/2820/2820
f 1394/2824/2824 1507/2822/2822 1425/2823/2823
f 1547/2827/2827 1407/2825/2825 1383/2826/2826
f 1405/2830/2830 1383/2828/2828 1407/2829/2829
f 1601/2833/2833 1378/2831/2831 1512/2832/2832
f 1378/2836/2836 1514/2834/2834 1512/2835/2835
f 1544/2839/2839 1545/2837/2837 1496/2838/2838
f 1496/2842/2842 1457/2840/2840 1544/2841/2841
f 1494/2845/2845 1389/2843/2843 1495/2844/2844
f 1380/2848/2848 1495/2846/2846 1389/2847/2847
f 1435/2851/2851 1579/2849/2849 1528/2850/2850
f 1435/2854/2854 1530/2852/2852 1579/2853/2853
f 1445/2857/2857 1357/2855/2855 1552/2856/2856
f 1553/2860/2860 1552/2858/2858 1357/2859/2859
f 1434/2863/2863 1513/2861/2861 1549/2862/2862
f 1549/2866/2866 1358/2864/2864 1434/2865/2865
f 1555/2869/2869 1586/2867/2867 1522/2868/2868
f 1586/2872/2872 1439/2870/2870 1522/2871/2871
f 1377/2875/2875 1437/2873/2873 1514/2874/2874
f 1378/2878/2878 1377/2876/2876 1514/2877/2877
f 1541/2881/2881 1540/2879/2879 1443/2880/2880
f 1443/2884/2884 1522/2882/2882 1439/2883/2883
f 1534/2887/2887 1419/2885/2885 1418/2886/2886
f 1501/2890/2890 1534/2888/2888 1418/2889/2889
f 1581/2893/2893 1570/2891/2891 1453/2892/2892
f 1453/2896/2896 1569/2894/2894 1581/2895/2895
f 1578/2899/2899 1390/2897/2897 1555/2898/2898
f 1390/2902/2902 1353/2900/2900 1555/2901/2901
f 1503/2905/2905 1363/2903/2903 1589/2904/2904
f 1363/2908/2908 1503/2906/2906 1364/2907/2907
f 1430/2911/2911 1451/2909/2909 1431/2910/2910
f 1451/2914/2914 1430/2912/2912 1511/2913/2913
f 1572/2917/2917 1517/2915/2915 1565/2916/2916
f 1565/2920/2920 1395/2918/2918 1572/2919/2919
f 1543/2923/2923 1508/2921/2921 1464/2922/2922
f 1543/2926/2926 1464/2924/2924 1463/2925/2925
f 1592/2929/2929 1561/2927/2927 1593/2928/2928
f 1480/2932/2932 1593/2930/2930 1561/2931/2931
f 1508/2935/2935 1543/2933/2933 1468/2934/2934
f 1508/2938/2938 1468/2936/2936 1415/2937/2937
f 1412/2941/2941 1527/2939/2939 1526/2940/2940
f 1526/2944/2944 1413/2942/2942 1412/2943/2943
f 1409/2947/2947 1411/2945/2945 1542/2946/2946
f 1574/2950/2950 1542/2948/2948 1411/2949/2949
f 1600/2953/2953 1433/2951/2951 1606/2952/2952
f 1473/2956/2956 1606/2954/2954 1433/2955/2955
f 1426/2959/2959 1425/2957/2957 1507/2958/2958
f 1507/2962/2962 1559/2960/2960 1426/2961/2961
f 1598/2965/2965 1597/2963/2963 1596/2964/2964
f 1596/2968/2968 1458/2966/2966 1598/2967/2967
f 1389/2971/2971 1494/2969/2969 1402/2970/2970
f 1504/2974/2974 1402/2972/2972 1494/2973/2973
f 1520/2977/2977 1386/2975/2975 1590/2976/2976
f 1520/2980/2980 1590/2978/2978 1521/2979/2979
f 1571/2983/2983 1436/2981/2981 1518/2982/2982
f 1436/2986/2986 1571/2984/2984 1377/2985/2985
f 1438/2989/2989 1571/2987/2987 1573/2988/2988
f 1438/2992/2992 1573/2990/2990 1384/2991/2991
f 1455/2995/2995 1485/2993/2993 1584/2994/2994
f 1584/2998/2998 1585/2996/2996 1455/2997/2997
f 1554/3001/3001 1353/2999/2999 1355/3000/3000
f 1353/3004/3004 1554/3002/3002 1586/3003/3003
f 1406/3007/3007 1461/3005/3005 1566/3006/3006
f 1460/3010/3010 1566/3008/3008 1461/3009/3009
f 1359/3013/3013 1368/3011/3011 1370/3012/3012
f 1359/3016/3016 1447/3014/3014 1368/3015/3015
f 1365/3019/3019 1367/3017/3017 1599/3018/3018
f 1560/3022/3022 1599/3020/3020 1367/3021/3021
f 1360/3025/3025 1404/3023/3023 1591/3024/3024
f 1382/3028/3028 1591/3026/3026 1404/3027/3027
f 1406/3031/3031 1408/3029/3029 1400/3030/3030
f 1504/3034/3034 1400/3032/3032 1408/3033/3033
f 1588/3037/3037 1481/3035/3035 1519/3036/3036
f 1422/3040/3040 1481/3038/3038 1588/3039/3039
f 1418/3043/3043 1420/3041/3041 1499/3042/3042
f 1416/3046/3046 1499/3044/3044 1420/3045/3045
f 1566/3049/3049 1460/3047/3047 1567/3048/3048
f 1460/3052/3052 1546/3050/3050 1567/3051/3051
f 1605/3055/3055 1585/3053/3053 1476/3054/3054
f 1429/3058/3058 1476/3056/3056 1585/3057/3057
f 1599/3061/3061 1421/3059/3059 1365/3060/3060
f 1421/3064/3064 1423/3062/3062 1365/3063/3063
f 1511/3067/3067 1452/3065/3065 1451/3066/3066
f 1511/3070/3070 1486/3068/3068 1452/3069/3069
f 1498/3073/3073 1560/3071/3071 1580/3072/3072
f 1599/3076/3076 1560/3074/3074 1498/3075/3075
f 1475/3079/3079 1589/3077/3077 1473/3078/3078
f 1589/3082/3082 1475/3080/3080 1503/3081/3081
f 1529/3085/3085 1446/3083/3083 1445/3084/3084
f 1552/3088/3088 1529/3086/3086 1445/3087/3087
f 1576/3091/3091 1578/3089/3089 1524/3090/3090
f 1578/3094/3094 1555/3092/3092 1524/3093/3093
f 1419/3097/3097 1417/3095/3095 1420/3096/3096
f 1417/3100/3100 1419/3098/3098 1558/3099/3099
f 1410/3103/3103 1409/3101/3101 1525/3102/3102
f 1525/3106/3106 1562/3104/3104 1410/3105/3105
f 1497/3109/3109 1594/3107/3107 1597/3108/3108
f 1597/3112/3112 1598/3110/3110 1497/3111/3111
f 1394/3115/3115 1356/3113/3113 1506/3114/3114
f 1356/3118/3118 1465/3116/3116 1506/3117/3117
f 1500/3121/3121 1499/3119/3119 1556/3120/3120
f 1556/3124/3124 1533/3122/3122 1500/3123/3123
f 1472/3127/3127 1554/3125/3125 1355/3126/3126
f 1355/3130/3130 1475/3128/3128 1472/3129/3129
f 1553/3133/3133 1519/3131/3131 1521/3132/3132
f 1519/3136/3136 1553/3134/3134 1588/3135/3135
f 1440/3139/3139 1586/3137/3137 1471/3138/3138
f 1471/3142/3142 1586/3140/3140 1554/3141/3141
f 1523/3145/3145 1442/3143/3143 1583/3144/3144
f 1447/3148/3148 1583/3146/3146 1442/3147/3147
f 1592/3151/3151 1409/3149/3149 1387/3150/3150
f 1561/3154/3154 1592/3152/3152 1387/3153/3153
f 1479/3157/3157 1413/3155/3155 1593/3156/3156
f 1414/3160/3160 1413/3158/3158 1479/3159/3159
f 1415/3163/3163 1468/3161/3161 1527/3162/3162
f 1527/3166/3166 1412/3164/3164 1415/3165/3165
f 1517/3169/3169 1492/3167/3167 1427/3168/3168
f 1427/3172/3172 1565/3170/3170 1517/3171/3171
f 1591/3175/3175 1382/3173/3173 1577/3174/3174
f 1381/3178/3178 1577/3176/3176 1382/3177/3177
f 1449/3181/3181 1411/3179/3179 1562/3180/3180
f 1562/3184/3184 1369/3182/3182 1449/3183/3183
f 1487/3187/3187 1483/3185/3185 1575/3186/3186
f 1575/3190/3190 1564/3188/3188 1487/3189/3189
f 1354/3193/3193 1402/3191/3191 1602/3192/3192
f 1602/3196/3196 1385/3194/3194 1354/3195/3195
f 1488/3199/3199 1510/3197/3197 1587/3198/3198
f 1510/3202/3202 1430/3200/3200 1587/3201/3201
f 1538/3205/3205 1397/3203/3203 1600/3204/3204
f 1378/3208/3208 1600/3206/3206 1397/3207/3207
f 1509/3211/3211 1506/3209/3209 1465/3210/3210
f 1464/3214/3214 1509/3212/3212 1465/3213/3213
f 1371/3217/3217 1372/3215/3215 1395/3216/3216
f 1372/3220/3220 1572/3218/3218 1395/3219/3219
f 1473/3223/3223 1538/3221/3221 1606/3222/3222
f 1600/3226/3226 1606/3224/3224 1538/3225/3225
f 1375/3229/3229 1466/3227/3227 1543/3228/3228
f 1466/3232/3232 1468/3230/3230 1543/3231/3231
f 1531/3235/3235 1366/3233/3233 1582/3234/3234
f 1604/3238/3238 1582/3236/3236 1366/3237/3237
f 1501/3241/3241 1533/3239/3239 1532/3240/3240
f 1532/3244/3244 1534/3242/3242 1501/3243/3243
f 1477/3247/3247 1603/3245/3245 1432/3246/3246
f 1605/3250/3250 1432/3248/3248 1603/3249/3249
f 1441/3253/3253 1574/3251/3251 1448/3252/3252
f 1450/3256/3256 1441/3254/3254 1448/3255/3255
f 1508/3259/3259 1558/3257/3257 1559/3258/3258
f 1426/3262/3262 1559/3260/3260 1558/3261/3261
f 1424/3265/3265 1604/3263/3263 1423/3264/3264
f 1366/3268/3268 1423/3266/3266 1604/3267/3267
f 1503/3271/3271 1502/3269/3269 1364/3270/3270
f 1385/3274/3274 1364/3272/3272 1502/3273/3273
f 1568/3277/3277 1454/3275/3275 1456/3276/3276
f 1456/3280/3280 1570/3278/3278 1568/3279/3279
f 1557/3283/3283 1414/3281/3281 1580/3282/3282
f 1580/3286/3286 1414/3284/3284 1498/3285/3285
f 1426/3289/3289 1535/3287/3287 1424/3288/3288
f 1604/3292/3292 1424/3290/3290 1535/3291/3291
f 1386/3295/3295 1388/3293/3293 1392/3294/3294
f 1392/3298/3298 1590/3296/3296 1386/3297/3297
f 1433/3301/3301 1601/3299/3299 1513/3300/3300
f 1512/3304/3304 1513/3302/3302 1601/3303/3303
f 1605/3307/3307 1476/3305/3305 1491/3306/3306
f 1489/3310/3310 1605/3308/3308 1491/3309/3309
f 1594/3313/3313 1497/3311/3311 1563/3312/3312
f 1563/3316/3316 1595/3314/3314 1594/3315/3315
f 1393/3319/3319 1541/3317/3317 1439/3318/3318
f 1443/3322/3322 1439/3320/3320 1541/3321/3321
f 1579/3325/3325 1474/3323/3323 1528/3324/3324
f 1528/3328/3328 1474/3326/3326 1473/3327/3327
v -1.4750876426696777 0.26857662200927734 1.0535274744033813
v -1.4666093587875366 0.19838261604309082 1.0553457736968994
v -1.4542218446731567 0.24532285332679749 1.0461462736129761
v -1.5378756523132324 0.14706641435623169 1.0583155155181885
v -1.5375967025756836 0.095723845064640045 1.0574336051940918
v -1.5299594402313232 0.11356929689645767 1.0748229026794434
v -1.4858906269073486 0.14354802668094635 1.0750709772109985
v -1.4634026288986206 0.11604756116867065 1.053903341293335
v -1.4496363401412964 0.15386174619197845 1.0398880243301392
v -1.4965426921844482 0.20647229254245758 1.005207896232605
v -1.5009535551071167 0.24531979858875275 1.0129842758178711
v -1.4779617786407471 0.22894810140132904 1.0059837102890015
v -1.4882166385650635 0.261932373046875 1.0654563903808594
v -1.5052708387374878 0.28627043962478638 1.0083481073379517
v -1.4899293184280396 0.29413872957229614 1.0090397596359253
v -1.4931091070175171 0.27436980605125427 1.0094157457351685
v -1.5213438272476196 0.070725217461585999 1.046660304069519
v -1.5055700540542603 0.070850208401679993 1.0587300062179565
v -1.5136047601699829 0.072428144514560699 1.0776703357696533
v -1.4748107194900513 0.15043234825134277 0.99312436580657959
v -1.4609451293945312 0.18477381765842438 1.0020872354507446
v -1.457732081413269 0.14921393990516663 1.0013831853866577
v -1.5360718965530396 0.3220272958278656 1.075824499130249
v -1.5419046878814697 0.30248957872390747 1.0779483318328857
v -1.5345921516418457 0.29901823401451111 1.0963577032089233
v -1.5225620269775391 0.18277727067470551 1.0792895555496216
v -1.5176571607589722 0.23424303531646729 1.0754297971725464
v -1.5290901660919189 0.23387172818183899 1.0635917186737061
v -1.4799628257751465 0.20546628534793854 1.0047498941421509
v -1.4227720499038696 0.22668659687042236 1.0057214498519897
v -1.4331085681915283 0.25918680429458618 1.0137728452682495
v -1.4212552309036255 0.2498490959405899 1.0289598703384399
v -1.4842336177825928 0.064964607357978821 1.0736664533615112
v -1.4826973676681519 0.030918288975954056 1.0661624670028687
v -1.4791243076324463 0.048576347529888153 1.0556802749633789
v -1.4941322803497314 0.030569180846214294 1.0609139204025269
v -1.5375064611434937 0.2769370973110199 1.0954359769821167
v -1.5435067415237427 0.28512519598007202 1.0776824951171875
v -1.5441694259643555 0.26409745216369629 1.08138108253479
v -1.5241729021072388 0.28165146708488464 1.0866670608520508
v -1.4750237464904785 0.0764450803399086 0.99397367238998413
v -1.4862968921661377 0.076690569519996643 1.0093793869018555
v -1.514639139175415 0.072945542633533478 1.0249432325363159
v -1.5155048370361328 0.24003158509731293 1.0208373069763184
v -1.5098065137863159 0.18657413125038147 1.0130995512008667
v -1.5229167938232422 0.20155021548271179 1.0302201509475708
v -1.429659366607666 0.24463066458702087 1.0456942319869995
v -1.4432494640350342 0.27187976241111755 1.0440583229064941
v -1.4132213592529297 0.23581893742084503 1.0256105661392212
v -1.5176447629928589 0.34102490544319153 1.0467541217803955
v -1.5364586114883423 0.31347405910491943 1.0518392324447632
v -1.5244797468185425 0.33367443084716797 1.0653808116912842
v -1.4656699895858765 0.31472223997116089 1.0085550546646118
v -1.4555500745773315 0.29743620753288269 1.0321736335754395
v -1.4589834213256836 0.2926880419254303 1.0092693567276001
v -1.5250376462936401 0.38311406970024109 1.0649129152297974
v -1.5203707218170166 0.34857076406478882 1.0556854009628296
v -1.508461594581604 0.35962983965873718 1.0653406381607056
v -1.5114386081695557 0.33757466077804565 1.0406093597412109
v -1.50429368019104 0.37273487448692322 1.0283085107803345
v -1.4965519905090332 0.35970911383628845 1.0430983304977417
v -1.4637469053268433 0.07337486743927002 1.0490943193435669
v -1.450562596321106 0.095200195908546448 1.0505634546279907
v -1.4803887605667114 0.093708470463752747 1.0729546546936035
v -1.4899332523345947 0.068445749580860138 1.0301296710968018
v -1.424607515335083 0.19507049024105072 1.030610203742981
v -1.4149634838104248 0.19903701543807983 1.0208501815795898
v -1.4033277034759521 0.2097247987985611 1.0360634326934814
v -1.4494664669036865 0.16658332943916321 1.0192452669143677
v -1.4816089868545532 0.1786143034696579 1.0729314088821411
v -1.4985334873199463 0.1997465193271637 1.0808247327804565
v -1.5042915344238281 0.16334459185600281 1.0827862024307251
v -1.5174031257629395 0.29595094919204712 1.0140576362609863
v -1.5309908390045166 0.2982146143913269 1.0255661010742188
v -1.5333224534988403 0.21796843409538269 1.0456749200820923
v -1.5327469110488892 0.24977625906467438 1.0491714477539062
v -1.5258551836013794 0.23560352623462677 1.0323594808578491
v -1.4885401725769043 0.29754939675331116 1.072634220123291
v -1.4659028053283691 0.3192865252494812 1.0342408418655396
v -1.4926460981369019 0.3387836217880249 1.0589462518692017
v -1.4706090688705444 0.33088928461074829 1.0190880298614502
v -1.4917775392532349 0.3435940146446228 1.043452262878418
v -1.4955377578735352 0.31979525089263916 1.0779707431793213
v -1.5114471912384033 0.33448991179466248 1.0808444023132324
v -1.52382493019104 0.3211304247379303 1.0929967164993286
v -1.5178110599517822 0.26528015732765198 1.0765650272369385
v -1.520821213722229 0.27720168232917786 1.0812358856201172
v -1.5400227308273315 0.28092443943023682 1.0678707361221313
v -1.5346239805221558 0.3892703652381897 1.0444927215576172
v -1.5363459587097168 0.37044471502304077 1.0433894395828247
v -1.483816385269165 0.39101085066795349 1.0497322082519531
v -1.4889123439788818 0.37269887328147888 1.0449197292327881
v -1.4860183000564575 0.3246801495552063 1.0135716199874878
v -1.4960240125656128 0.31440871953964233 1.0118294954299927
v -1.4600342512130737 0.071915261447429657 1.0253539085388184
v -1.443270206451416 0.095473729074001312 1.0321362018585205
v -1.4769598245620728 0.036119174212217331 1.038164496421814
v -1.4888602495193481 0.038642026484012604 1.0306068658828735
v -1.4907288551330566 0.011569103226065636 1.0263707637786865
v -1.4679477214813232 0.076742067933082581 1.010750412940979
v -1.486193060874939 0.059479895979166031 1.023863673210144
v -1.466686487197876 0.035796388983726501 1.0311694145202637
v -1.4736168384552002 0.013771405443549156 1.037548303604126
v -1.463992714881897 0.22183898091316223 1.0030986070632935
v -1.4384573698043823 0.24427065253257751 1.0023289918899536
v -1.4397159814834595 0.21311473846435547 0.99887251853942871
v -1.4663329124450684 0.29554551839828491 1.0011926889419556
v -1.4490195512771606 0.093979358673095703 1.0148336887359619
v -1.4156996011734009 0.21242994070053101 1.0413709878921509
v -1.4312920570373535 0.21794089674949646 1.04404616355896
v -1.4802963733673096 0.0098997540771961212 1.0556339025497437
v -1.4960885047912598 0.009549308568239212 1.048724889755249
v -1.5303679704666138 0.24960769712924957 1.0642920732498169
v -1.5404804944992065 0.28150838613510132 1.0343878269195557
v -1.4542711973190308 0.074070774018764496 1.0011558532714844
v -1.454912543296814 0.27048563957214355 1.0079386234283447
v -1.4578862190246582 0.24882324039936066 1.0004186630249023
v -1.4558662176132202 0.24012754857540131 0.9907306432723999
v -1.4789994955062866 0.27469375729560852 1.0027995109558105
v -1.4776952266693115 0.29427948594093323 1.0037820339202881
v -1.4986594915390015 0.00075313542038202286 1.014665961265564
v -1.4927077293395996 0.011846829205751419 1.008018970489502
v -1.5041171312332153 0.0031998981721699238 0.99539226293563843
v -1.4767347574234009 0.0053518177010118961 1.0114225149154663
v -1.5032452344894409 0.28657576441764832 1.0820686817169189
v -1.5245325565338135 0.095987163484096527 1.011324405670166
v -1.5265121459960938 0.15052290260791779 1.0223265886306763
v -1.5046569108963013 0.097974672913551331 0.9914250373840332
v -1.5358507633209229 0.11198734492063522 1.0331590175628662
v -1.4640426635742188 0.055734332650899887 1.0368520021438599
v -1.4701905250549316 0.058598209172487259 1.0228966474533081
v -1.4835095405578613 0.019833013415336609 1.0176420211791992
v -1.4933923482894897 0.39623722434043884 1.0621589422225952
v -1.5045595169067383 0.40841078758239746 1.0442212820053101
v -1.5180130004882812 0.40261489152908325 1.0627071857452393
v -1.4853990077972412 0.38747024536132812 1.0683777332305908
v -1.5012319087982178 0.39114993810653687 1.0733064413070679
v -1.5065690279006958 0.37476053833961487 1.0726388692855835
v -1.4861705303192139 0.36941236257553101 1.0658797025680542
v -1.5126960277557373 0.15228806436061859 1.0071227550506592
v -1.4950132369995117 0.17039775848388672 1.0011141300201416
v -1.4857083559036255 -0.0052801468409597874 1.0595296621322632
v -1.5128464698791504 -0.0053323898464441299 1.0492298603057861
v -1.5000827312469482 0.013767357915639877 1.0586254596710205
v -1.5014266967773438 0.00053687917534261942 1.0674611330032349
v -1.4784518480300903 -0.0031313835643231869 1.0676178932189941
v -1.4477661848068237 0.18201437592506409 1.0168344974517822
v -1.4507592916488647 0.18950648605823517 0.99853008985519409
v -1.4298192262649536 0.19080594182014465 1.0100984573364258
v -1.5258146524429321 0.35069888830184937 1.0329158306121826
v -1.4800341129302979 0.074226625263690948 1.04541015625
v -1.4883353710174561 0.031149275600910187 1.0501827001571655
v -1.4960788488388062 0.065592318773269653 1.0443710088729858
v -1.5096249580383301 0.1284809410572052 1.0823596715927124
v -1.4891825914382935 0.11200721561908722 1.0808460712432861
v -1.4982690811157227 0.39139193296432495 1.0309813022613525
v -1.526725172996521 0.37134331464767456 1.0258970260620117
v -1.5233771800994873 0.38845616579055786 1.0239002704620361
v -1.5419278144836426 0.21834994852542877 1.0692601203918457
v -1.5541973114013672 0.19686740636825562 1.0666383504867554
v -1.5488318204879761 0.2301982045173645 1.0760315656661987
v -1.5377616882324219 0.25672760605812073 1.093389630317688
v -1.5465978384017944 0.2042277455329895 1.0730061531066895
v -1.5269081592559814 0.1467360258102417 1.0773894786834717
v -1.5172023773193359 0.096170000731945038 1.0848881006240845
v -1.5068539381027222 0.3031068742275238 1.0896480083465576
v -1.5311036109924316 0.25111332535743713 1.0821843147277832
v -1.5212613344192505 0.28582170605659485 1.0133980512619019
v -1.5197303295135498 0.25628232955932617 1.0232222080230713
v -1.5077962875366211 0.26270425319671631 1.0143158435821533
v -1.4942677021026611 -0.0053871823474764824 0.99853271245956421
v -1.4800388813018799 -0.0054227933287620544 1.0283064842224121
v -1.4747591018676758 0.28579270839691162 1.0532816648483276
v -1.4128545522689819 0.2128562331199646 1.0135085582733154
v -1.4566627740859985 0.27624362707138062 0.99997812509536743
v -1.4635864496231079 0.23479054868221283 0.97947812080383301
v -1.4649654626846313 0.19935144484043121 0.97824198007583618
v -1.4677929878234863 0.19905532896518707 0.96716886758804321
v -1.4630753993988037 0.2221168726682663 0.97456127405166626
v -1.4725873470306396 0.22233562171459198 0.98411130905151367
v -1.4683197736740112 0.23407773673534393 0.99153226613998413
v -1.4735065698623657 0.21235710382461548 0.97781211137771606
v -1.5479329824447632 0.29270181059837341 1.0481116771697998
v -1.4658644199371338 0.095348477363586426 0.99042344093322754
v -1.4895459413528442 0.11893831938505173 0.98623228073120117
v -1.5192813873291016 0.0028770514763891697 1.0417048931121826
v -1.470793604850769 0.18959406018257141 0.97637021541595459
v -1.4768173694610596 0.19215492904186249 0.96909171342849731
v -1.4604564905166626 0.18573310971260071 0.97232562303543091
v -1.5358914136886597 0.18220314383506775 1.0639785528182983
v -1.4514114856719971 0.19455559551715851 1.0355402231216431
v -1.4458463191986084 0.22876465320587158 1.0445243120193481
v -1.445049524307251 0.25258433818817139 1.0049936771392822
v -1.437843918800354 0.28101450204849243 1.0337541103363037
v -1.4986879825592041 0.21973302960395813 1.0780248641967773
v -1.5018562078475952 0.25548091530799866 1.0734992027282715
v -1.5082494020462036 0.34634369611740112 1.0658717155456543
v -1.5190019607543945 0.40070059895515442 1.0281271934509277
v -1.5277737379074097 0.40293750166893005 1.0460001230239868
v -1.4912557601928711 0.080357834696769714 1.0818464756011963
v -1.5070877075195312 0.080932974815368652 1.0869045257568359
v -1.5252097845077515 0.070586562156677246 1.0736725330352783
v -1.5329098701477051 0.077742382884025574 1.0762131214141846
v -1.5385630130767822 0.079653404653072357 1.0597504377365112
v -1.4906065464019775 0.004869652446359396 0.99470251798629761
v -1.5462213754653931 0.20275530219078064 1.0597727298736572
v -1.5433921813964844 0.18386413156986237 1.0557099580764771
v -1.5548951625823975 0.17657642066478729 1.0616275072097778
v -1.5390185117721558 0.14894701540470123 1.0384474992752075
v -1.4653090238571167 0.24038137495517731 1.0023488998413086
v -1.4715943336486816 0.2594657838344574 0.99988389015197754
v -1.4668028354644775 0.26348748803138733 0.98884528875350952
v -1.5308784246444702 0.35516399145126343 1.0445280075073242
v -1.5019669532775879 0.069956235587596893 1.079923152923584
v -1.4111472368240356 0.22478803992271423 1.0421247482299805
v -1.5193082094192505 0.0031343819573521614 1.0496686697006226
v -1.4704493284225464 0.11594057828187943 0.99200928211212158
v -1.4951125383377075 0.13631711900234222 0.99258267879486084
v -1.455033540725708 0.11355847865343094 1.0016497373580933
v -1.4606509208679199 0.27694597840309143 1.043495774269104
v -1.4566476345062256 0.2916034460067749 1.0427701473236084
v -1.4878453016281128 0.073789931833744049 0.9822503924369812
v -1.5241810083389282 0.077034100890159607 1.0140411853790283
v -1.5403953790664673 0.074449896812438965 1.0385355949401855
v -1.4751806259155273 0.056661795824766159 1.0409916639328003
v -1.5014938116073608 -0.0055664516985416412 0.99884212017059326
v -1.4381922483444214 0.19459772109985352 0.99856412410736084
v -1.4236396551132202 0.2007586658000946 1.0072519779205322
v -1.4577115774154663 0.22665403783321381 0.98766893148422241
v -1.4605292081832886 0.21461936831474304 0.98237597942352295
v -1.5019775629043579 0.23737947642803192 1.0738714933395386
v -1.4822102785110474 0.22109025716781616 1.0700249671936035
v -1.4028300046920776 0.22293910384178162 1.0296956300735474
v -1.4949160814285278 0.35617825388908386 1.0581041574478149
v -1.4839320182800293 0.10015624761581421 0.9836498498916626
v -1.4996095895767212 0.096444994211196899 1.0850064754486084
v -1.4675134420394897 0.27912062406539917 0.99515891075134277
v -1.4828349351882935 0.2525608241558075 1.0092875957489014
v -1.5437581539154053 0.29913488030433655 1.0618408918380737
v -1.4376617670059204 0.18372794985771179 1.020534873008728
v -1.5422844886779785 0.29802390933036804 1.0375686883926392
v -1.4781513214111328 0.31380438804626465 1.0072486400604248
v -1.429185152053833 0.20810189843177795 1.0000573396682739
v -1.4705337285995483 -0.0053908242844045162 1.0345689058303833
v -1.4742642641067505 0.13438047468662262 0.99373835325241089
v -1.5208712816238403 0.070968165993690491 1.0807015895843506
v -1.5238956212997437 0.077955715358257294 1.086443305015564
v -1.5498644113540649 0.18708950281143188 1.0694953203201294
v -1.4668451547622681 0.18951921164989471 0.96455615758895874
vt 0.53471434116363525 0.76915109157562256
vt 0.62464213371276855 0.76915109157562256
vt 0.62464213371276855 0.83261126279830933
vt 0.38455680012702942 0.76070708036422729
vt 0.44956782460212708 0.76070708036422729
vt 0.44956782460212708 0.79417794942855835
vt 0.41327881813049316 0
vt 0.41327881813049316 0.051645796746015549
vt 0.35855004191398621 0.051645796746015549
vt 0.54139739274978638 0.28741365671157837
vt 0.59259450435638428 0.28741365671157837
vt 0.59259450435638428 0.32476228475570679
vt 0.38309195637702942 0.7078850269317627
vt 0.38309195637702942 0.79872244596481323
vt 0.36022841930389404 0.79872244596481323
vt 0.97783827781677246 0.5595470666885376
vt 0.99853515625 0.5595470666885376
vt 0.99853515625 0.58526778221130371
vt 0.12939924001693726 0.41945868730545044
vt 0.12939924001693726 0.44496816396713257
vt 0.10289765894412994 0.44496816396713257
vt 0.38455680012702942 0.7078850269317627
vt 0.43349498510360718 0.7078850269317627
vt 0.43349498510360718 0.7537505030632019
vt 0.0720815509557724 0.037714030593633652
vt 0.098410427570343018 0.037714030593633652
vt 0.098410427570343018 0.063542276620864868
vt 0 0.57526087760925293
vt 0.066345930099487305 0.57526087760925293
vt 0.066345930099487305 0.59640318155288696
vt 0.81226992607116699 0.72828686237335205
vt 0.81226992607116699 0.75859600305557251
vt 0.79239344596862793 0.75859600305557251
vt 0.91333752870559692 0.50451874732971191
vt 0.95687800645828247 0.50451874732971191
vt 0.95687800645828247 0.53201484680175781
vt 0.85574811697006226 0.091482296586036682
vt 0.90056771039962769 0.091482296586036682
vt 0.90056771039962769 0.11825212836265564
vt 0.31079795956611633 0.25886788964271545
vt 0.34509176015853882 0.25886788964271545
vt 0.34509176015853882 0.31272017955780029
vt 0.23226934671401978 0.4804251492023468
vt 0.23226934671401978 0.50669068098068237
vt 0.20483504235744476 0.50669068098068237
vt 0.13025197386741638 0.67271631956100464
vt 0.13025197386741638 0.70015060901641846
vt 0.10250956565141678 0.70015060901641846
vt 0.61645722389221191 0.6263962984085083
vt 0.61645722389221191 0.65091580152511597
vt 0.57465147972106934 0.65091580152511597
vt 0.56843322515487671 0.69337379932403564
vt 0.56843322515487671 0.76313120126724243
vt 0.53471434116363525 0.76313120126724243
vt 0.23935492336750031 0.39417099952697754
vt 0.23935492336750031 0.43333530426025391
vt 0.20270170271396637 0.43333530426025391
vt 0.67293465137481689 0.78546720743179321
vt 0.69267505407333374 0.78546720743179321
vt 0.69267505407333374 0.81613528728485107
vt 0.1710280179977417 0.45300653576850891
vt 0.1710280179977417 0.49634888768196106
vt 0.13767535984516144 0.49634888768196106
vt 0.96509987115859985 0.32073691487312317
vt 0.96509987115859985 0.36051073670387268
vt 0.93473589420318604 0.36051073670387268
vt 0.76001256704330444 0.45036736130714417
vt 0.80632269382476807 0.45036736130714417
vt 0.80632269382476807 0.47464609146118164
vt 0.90081864595413208 0.18974612653255463
vt 0.94924616813659668 0.18974612653255463
vt 0.94924616813659668 0.21694059669971466
vt 0.20528008043766022 0
vt 0.23808278143405914 0
vt 0.23808278143405914 0.047938220202922821
vt 0.71082550287246704 0.28525632619857788
vt 0.75263124704360962 0.28525632619857788
vt 0.75263124704360962 0.31431102752685547
vt 0.76001256704330444 0.38722306489944458
vt 0.77835631370544434 0.38722306489944458
vt 0.77835631370544434 0.4153924286365509
vt 0.18354088068008423 0.41102439165115356
vt 0.18354088068008423 0.44473826885223389
vt 0.13767535984516144 0.44473826885223389
vt 0.077874086797237396 0.27484580874443054
vt 0.11409386247396469 0.27484580874443054
vt 0.11409386247396469 0.32224607467651367
vt 0.5648270845413208 0.41684436798095703
vt 0.59132868051528931 0.41684436798095703
vt 0.59132868051528931 0.45113816857337952
vt 0.061551053076982498 0.70687884092330933
vt 0.083238966763019562 0.70687884092330933
vt 0.083238966763019562 0.76653861999511719
vt 0.91333752870559692 0.38722306489944458
vt 0.95444196462631226 0.38722306489944458
vt 0.95444196462631226 0.41681849956512451
vt 0.067810773849487305 0.57526087760925293
vt 0.13149845600128174 0.57526087760925293
vt 0.13149845600128174 0.6283036470413208
vt 0.5215410590171814 0.36742287874221802
vt 0.5215410590171814 0.41050639748573303
vt 0.47443577647209167 0.41050639748573303
vt 0.13317152857780457 0.66352736949920654
vt 0.15999743342399597 0.66352736949920654
vt 0.15999743342399597 0.69164693355560303
vt 0.78473347425460815 0.048379376530647278
vt 0.80162620544433594 0.048379376530647278
vt 0.80162620544433594 0.078804276883602142
vt 0.03138970211148262 0.77543348073959351
vt 0.060086209326982498 0.77543348073959351
vt 0.060086209326982498 0.79975408315658569
vt 0.10788045823574066 0.75763273239135742
vt 0.13170668482780457 0.75763273239135742
vt 0.13170668482780457 0.7867085337638855
vt 0.13441723585128784 0.45319610834121704
vt 0.13441723585128784 0.50365406274795532
vt 0.1077578142285347 0.50365406274795532
vt 0.51490271091461182 0.6569858193397522
vt 0.51490271091461182 0.69190895557403564
vt 0.45103266835212708 0.69190895557403564
vt 0.84449636936187744 0.091482296586036682
vt 0.84449636936187744 0.1224001944065094
vt 0.80635303258895874 0.1224001944065094
vt 0.18375334143638611 0.36709791421890259
vt 0.20123685896396637 0.36709791421890259
vt 0.20123685896396637 0.40237319469451904
vt 0.6894802451133728 0.61222803592681885
vt 0.6894802451133728 0.64861857891082764
vt 0.67546069622039795 0.64861857891082764
vt 0.78684765100479126 0
vt 0.80281561613082886 0
vt 0.80281561613082886 0.029032003134489059
vt 0.23420949280261993 0.20112316310405731
vt 0.27787330746650696 0.20112316310405731
vt 0.27787330746650696 0.24141551554203033
vt 0.25944232940673828 0.80322742462158203
vt 0.27393943071365356 0.80322742462158203
vt 0.27393943071365356 0.82962316274642944
vt 0.34194102883338928 0
vt 0.34194102883338928 0.09342106431722641
vt 0.31079795956611633 0.09342106431722641
vt 0.18169108033180237 0.66352736949920654
vt 0.18169108033180237 0.69214504957199097
vt 0.16146227717399597 0.69214504957199097
vt 0.73203957080841064 0.1914992481470108
vt 0.73203957080841064 0.24119551479816437
vt 0.71082550287246704 0.24119551479816437
vt 0.22932632267475128 0.06026044487953186
vt 0.2454918771982193 0.06026044487953186
vt 0.2454918771982193 0.10508003085851669
vt 0.95373493432998657 0.14140304923057556
vt 0.99607419967651367 0.14140304923057556
vt 0.99607419967651367 0.1716306060552597
vt 0.61990219354629517 0.45620828866958618
vt 0.61990219354629517 0.51667511463165283
vt 0.59030675888061523 0.51667511463165283
vt 0.85637944936752319 0
vt 0.88844674825668335 0
vt 0.88844674825668335 0.03174692764878273
vt 0.15358614921569824 0
vt 0.18730002641677856 0
vt 0.18730002641677856 0.09342106431722641
vt 0.73149263858795166 0.44847726821899414
vt 0.73149263858795166 0.47817423939704895
vt 0.71457302570343018 0.47817423939704895
vt 0.25767534971237183 0.80322742462158203
vt 0.25767534971237183 0.82846921682357788
vt 0.24262030422687531 0.82846921682357788
vt 0.48337486386299133 0.57207989692687988
vt 0.501659095287323 0.57207989692687988
vt 0.501659095287323 0.59513109922409058
vt 0 0.27484580874443054
vt 0.035480085760354996 0.27484580874443054
vt 0.035480085760354996 0.32320508360862732
vt 0.19394116103649139 0.1829199343919754
vt 0.21954680979251862 0.1829199343919754
vt 0.21954680979251862 0.19981266558170319
vt 0.62610697746276855 0.56018179655075073
vt 0.67277240753173828 0.56018179655075073
vt 0.67277240753173828 0.58451014757156372
vt 0.53324949741363525 0.69337379932403564
vt 0.53324949741363525 0.76340711116790771
vt 0.45103266835212708 0.76340711116790771
vt 0.67510223388671875 0.49906823039054871
vt 0.71269607543945312 0.49906823039054871
vt 0.71269607543945312 0.56501966714859009
vt 0.90081864595413208 0.32073691487312317
vt 0.92839884757995605 0.32073691487312317
vt 0.92839884757995605 0.34066471457481384
vt 0.48337486386299133 0.59659594297409058
vt 0.53521156311035156 0.59659594297409058
vt 0.53521156311035156 0.61313933134078979
vt 0.4065496027469635 0.48027297854423523
vt 0.4378688633441925 0.48027297854423523
vt 0.4378688633441925 0.51056569814682007
vt 0.69095063209533691 0.14246350526809692
vt 0.71276581287384033 0.14246350526809692
vt 0.71276581287384033 0.16461744904518127
vt 0.30696168541908264 0.37607213854789734
vt 0.33502066135406494 0.37607213854789734
vt 0.33502066135406494 0.41079303622245789
vt 0.073341652750968933 0.51763606071472168
vt 0.10178264975547791 0.51763606071472168
vt 0.10178264975547791 0.54107010364532471
vt 0 0.45319610834121704
vt 0.071876809000968933 0.45319610834121704
vt 0.071876809000968933 0.5363694429397583
vt 0.99837249517440796 0.60604822635650635
vt 0.99837249517440796 0.67859208583831787
vt 0.96047729253768921 0.67859208583831787
vt 0.39590200781822205 0.61600375175476074
vt 0.42297670245170593 0.61600375175476074
vt 0.42297670245170593 0.65328395366668701
vt 0.81164592504501343 0.65426480770111084
vt 0.81164592504501343 0.67477065324783325
vt 0.78176426887512207 0.67477065324783325
vt 0.055285792797803879 0.030004870146512985
vt 0.055285792797803879 0.055696077644824982
vt 0.02451549656689167 0.055696077644824982
vt 0.13317152857780457 0.76780408620834351
vt 0.16664846241474152 0.76780408620834351
vt 0.16664846241474152 0.81305515766143799
vt 0.32086220383644104 0.45022973418235779
vt 0.36086168885231018 0.45022973418235779
vt 0.36086168885231018 0.49894291162490845
vt 0.10104472190141678 0.64131230115890503
vt 0.10104472190141678 0.66474157571792603
vt 0.086503863334655762 0.66474157571792603
vt 0.27370166778564453 0.51500242948532104
vt 0.27370166778564453 0.5395362377166748
vt 0.25885456800460815 0.5395362377166748
vt 0.9697192907333374 0.28252294659614563
vt 0.99600154161453247 0.28252294659614563
vt 0.99600154161453247 0.3284735381603241
vt 0.71433329582214355 0.72751623392105103
vt 0.71433329582214355 0.7612910270690918
vt 0.67293465137481689 0.7612910270690918
vt 0.50986480712890625 0.28552591800689697
vt 0.50986480712890625 0.32692456245422363
vt 0.46169233322143555 0.32692456245422363
vt 0.54870378971099854 0.18045172095298767
vt 0.54870378971099854 0.20929931104183197
vt 0.51738452911376953 0.20929931104183197
vt 0.67146980762481689 0.72751623392105103
vt 0.67146980762481689 0.7565467357635498
vt 0.65039306879043579 0.7565467357635498
vt 0.76358616352081299 0.61222803592681885
vt 0.76358616352081299 0.64417952299118042
vt 0.71858036518096924 0.64417952299118042
vt 0.33049798011779785 0.15201018750667572
vt 0.33049798011779785 0.22522592544555664
vt 0.31079795956611633 0.22522592544555664
vt 0.58282631635665894 0.51813995838165283
vt 0.58282631635665894 0.56716728210449219
vt 0.53992265462875366 0.56716728210449219
vt 0.41563361883163452 0.25886788964271545
vt 0.41563361883163452 0.29117786884307861
vt 0.37288638949394226 0.29117786884307861
vt 0.86214041709899902 0.54358941316604614
vt 0.89775979518890381 0.54358941316604614
vt 0.89775979518890381 0.57567393779754639
vt 0.66789871454238892 0.14147110283374786
vt 0.66789871454238892 0.16756147146224976
vt 0.64967161417007446 0.16756147146224976
vt 0.25411319732666016 0.06026044487953186
vt 0.2910819947719574 0.06026044487953186
vt 0.2910819947719574 0.10029011219739914
vt 0.39292991161346436 0.053110640496015549
vt 0.39292991161346436 0.077892109751701355
vt 0.35855004191398621 0.077892109751701355
vt 0.20053437352180481 0.54238331317901611
vt 0.20053437352180481 0.56878572702407837
vt 0.17150236666202545 0.56878572702407837
vt 0.48337486386299133 0.61460417509078979
vt 0.50478667020797729 0.61460417509078979
vt 0.50478667020797729 0.6555209755897522
vt 0.39590200781822205 0.57207989692687988
vt 0.44033798575401306 0.57207989692687988
vt 0.44033798575401306 0.61124414205551147
vt 0.10411686450242996 0.21659733355045319
vt 0.13816145062446594 0.21659733355045319
vt 0.13816145062446594 0.26737013459205627
vt 0.71457302570343018 0.55424970388412476
vt 0.75486534833908081 0.55424970388412476
vt 0.75486534833908081 0.58482480049133301
vt 0.77876603603363037 0.28525632619857788
vt 0.77876603603363037 0.3134256899356842
vt 0.75848674774169922 0.3134256899356842
vt 0.46169233322143555 0.26516097784042358
vt 0.50958454608917236 0.26516097784042358
vt 0.50958454608917236 0.28397998213768005
vt 0.90593874454498291 0.09446600079536438
vt 0.92062151432037354 0.09446600079536438
vt 0.92062151432037354 0.12615372240543365
vt 0.095938146114349365 0.16138754785060883
vt 0.095938146114349365 0.1800505667924881
vt 0.079280667006969452 0.1800505667924881
vt 0.83747804164886475 0.74020212888717651
vt 0.85267961025238037 0.74020212888717651
vt 0.85267961025238037 0.75751572847366333
vt 0.32875660061836243 0.6341281533241272
vt 0.35999780893325806 0.6341281533241272
vt 0.35999780893325806 0.6926228404045105
vt 0.4944012463092804 0.18045172095298767
vt 0.4944012463092804 0.20678059756755829
vt 0.46169233322143555 0.20678059756755829
vt 0.49809932708740234 0.034898072481155396
vt 0.52646791934967041 0.034898072481155396
vt 0.52646791934967041 0.06225869432091713
vt 0.96086055040359497 0.38722306489944458
vt 0.99471372365951538 0.38722306489944458
vt 0.99471372365951538 0.46056473255157471
vt 0.22096261382102966 0.06026044487953186
vt 0.22096261382102966 0.10621102154254913
vt 0.20528008043766022 0.10621102154254913
vt 0.71457302570343018 0.38722306489944458
vt 0.75029242038726807 0.38722306489944458
vt 0.75029242038726807 0.40196588635444641
vt 0.83507102727890015 0.4148523211479187
vt 0.83507102727890015 0.42964592576026917
vt 0.81373476982116699 0.42964592576026917
vt 0.36466321349143982 0.36237841844558716
vt 0.38459283113479614 0.36237841844558716
vt 0.38459283113479614 0.38300371170043945
vt 0.44416174292564392 0.39069655537605286
vt 0.44416174292564392 0.41217091679573059
vt 0.40167737007141113 0.41217091679573059
vt 0.69248384237289429 0.44753929972648621
vt 0.69248384237289429 0.47511950135231018
vt 0.67150062322616577 0.47511950135231018
vt 0.30542099475860596 0.7078850269317627
vt 0.30542099475860596 0.77481871843338013
vt 0.27564093470573425 0.77481871843338013
vt 0.39403203129768372 0.57207989692687988
vt 0.39403203129768372 0.63901358842849731
vt 0.36794951558113098 0.63901358842849731
vt 0.34234818816184998 0.80170828104019165
vt 0.34234818816184998 0.83414560556411743
vt 0.27564093470573425 0.83414560556411743
vt 0.27564093470573425 0.33032539486885071
vt 0.30494141578674316 0.33032539486885071
vt 0.30494141578674316 0.40015313029289246
vt 0.26066070795059204 0
vt 0.29035767912864685 0
vt 0.29035767912864685 0.026520950719714165
vt 0.81373476982116699 0.65771597623825073
vt 0.85222434997558594 0.65771597623825073
vt 0.85222434997558594 0.69013386964797974
vt 0.54438704252243042 0.092599868774414062
vt 0.57078278064727783 0.092599868774414062
vt 0.57078278064727783 0.10765489935874939
vt 0.36475560069084167 0.57207989692687988
vt 0.36475560069084167 0.61809670925140381
vt 0.32020726799964905 0.61809670925140381
vt 0.53667640686035156 0.6263962984085083
vt 0.56752979755401611 0.6263962984085083
vt 0.56752979755401611 0.69190895557403564
vt 0.42491784691810608 0.61600375175476074
vt 0.44928562641143799 0.61600375175476074
vt 0.44928562641143799 0.65746700763702393
vt 0.66672432422637939 0
vt 0.6872594952583313 0
vt 0.6872594952583313 0.023429285734891891
vt 0.03138970211148262 0.80571866035461426
vt 0.059509247541427612 0.80571866035461426
vt 0.059509247541427612 0.83171272277832031
vt 0.85345834493637085 0
vt 0.85345834493637085 0.053042814135551453
vt 0.80635303258895874 0.053042814135551453
vt 0.92647916078567505 0.23589660227298737
vt 0.94924616813659668 0.23589660227298737
vt 0.94924616813659668 0.26337146759033203
vt 0.83712434768676758 0.50018560886383057
vt 0.83712434768676758 0.52591681480407715
vt 0.81373476982116699 0.52591681480407715
vt 0.0720815509557724 0
vt 0.10223458707332611 0
vt 0.10223458707332611 0.022541560232639313
vt 0.11611133813858032 0.099333561956882477
vt 0.13746996223926544 0.099333561956882477
vt 0.13746996223926544 0.11750005185604095
vt 0.71662956476211548 0.78546720743179321
vt 0.71662956476211548 0.79935646057128906
vt 0.69413989782333374 0.79935646057128906
vt 0.7033698558807373 0.68878525495529175
vt 0.7033698558807373 0.71135830879211426
vt 0.67546069622039795 0.71135830879211426
vt 0.62610697746276855 0.38722306489944458
vt 0.66848862171173096 0.38722306489944458
vt 0.66848862171173096 0.41838961839675903
vt 0.68927031755447388 0.23820741474628448
vt 0.68927031755447388 0.26328921318054199
vt 0.67020136117935181 0.26328921318054199
vt 0.38455680012702942 0.79925459623336792
vt 0.44956782460212708 0.79925459623336792
vt 0.44956782460212708 0.83297348022460938
vt 0.53667640686035156 0.57207989692687988
vt 0.62464213371276855 0.57207989692687988
vt 0.62464213371276855 0.6249314546585083
vt 0.29934835433959961 0.45022973418235779
vt 0.31939736008644104 0.45022973418235779
vt 0.31939736008644104 0.49548083543777466
vt 0.39187115430831909 0.17894800007343292
vt 0.39187115430831909 0.20461201667785645
vt 0.37557563185691833 0.20461201667785645
vt 0.23209589719772339 0.11221936345100403
vt 0.26848644018173218 0.11221936345100403
vt 0.26848644018173218 0.13443422317504883
vt 0.85020279884338379 0.77266854047775269
vt 0.85020279884338379 0.80794382095336914
vt 0.81373476982116699 0.80794382095336914
vt 0.27417609095573425 0.39417099952697754
vt 0.27417609095573425 0.43707466125488281
vt 0.24081976711750031 0.43707466125488281
vt 0.30696168541908264 0.33032539486885071
vt 0.35436195135116577 0.33032539486885071
vt 0.35436195135116577 0.36815714836120605
vt 0.9608231782913208 0.72206795215606689
vt 0.9608231782913208 0.7477337121963501
vt 0.93699133396148682 0.7477337121963501
vt 0.049890514463186264 0.24652367830276489
vt 0.067141629755496979 0.24652367830276489
vt 0.067141629755496979 0.27061405777931213
vt 0.57515430450439453 0.69337379932403564
vt 0.61763864755630493 0.69337379932403564
vt 0.61763864755630493 0.7490343451499939
vt 0.66978132724761963 0.14246350526809692
vt 0.68911552429199219 0.14246350526809692
vt 0.68911552429199219 0.16745132207870483
vt 0.13518345355987549 0.33032539486885071
vt 0.13518345355987549 0.37688249349594116
vt 0.10410168766975403 0.37688249349594116
vt 0.047207947820425034 0.37508335709571838
vt 0.066125646233558655 0.37508335709571838
vt 0.066125646233558655 0.40616512298583984
vt 0.23829430341720581 0.24585463106632233
vt 0.28464421629905701 0.24585463106632233
vt 0.28464421629905701 0.32194259762763977
vt 0.35482406616210938 0.7078850269317627
vt 0.35482406616210938 0.75144857168197632
vt 0.30688583850860596 0.75144857168197632
vt 0.031907834112644196 0.67590045928955078
vt 0.066345930099487305 0.67590045928955078
vt 0.066345930099487305 0.69710570573806763
vt 0.23420949280261993 0.16138754785060883
vt 0.25572541356086731 0.16138754785060883
vt 0.25572541356086731 0.17832973599433899
vt 0.31114605069160461 0.6341281533241272
vt 0.31114605069160461 0.65756720304489136
vt 0.27564093470573425 0.65756720304489136
vt 0.12327305227518082 0.70687884092330933
vt 0.12327305227518082 0.74238389730453491
vt 0.084703810513019562 0.74238389730453491
vt 0.44709107279777527 0.51526445150375366
vt 0.4860805869102478 0.51526445150375366
vt 0.4860805869102478 0.5406109094619751
vt 0.76337796449661255 0.50479048490524292
vt 0.80236750841140747 0.50479048490524292
vt 0.80236750841140747 0.53510981798171997
vt 0.073341652750968933 0.54836857318878174
vt 0.10444581508636475 0.54836857318878174
vt 0.10444581508636475 0.56887441873550415
vt 0.60990267992019653 0.11272743344306946
vt 0.60990267992019653 0.15000760555267334
vt 0.58608853816986084 0.15000760555267334
vt 0.92501431703567505 0.23589660227298737
vt 0.92501431703567505 0.26180821657180786
vt 0.90081864595413208 0.26180821657180786
vt 0.86067557334899902 0.50018560886383057
vt 0.86067557334899902 0.52735668420791626
vt 0.83858919143676758 0.52735668420791626
vt 0.45103266835212708 0.80546802282333374
vt 0.49888172745704651 0.80546802282333374
vt 0.49888172745704651 0.82750034332275391
vt 0.54472678899765015 0
vt 0.59780150651931763 0
vt 0.59780150651931763 0.031476233154535294
vt 0.57465147972106934 0.65955579280853271
vt 0.61623638868331909 0.65955579280853271
vt 0.61623638868331909 0.68456226587295532
vt 0.33568206429481506 0.50857037305831909
vt 0.33568206429481506 0.53648144006729126
vt 0.32008332014083862 0.53648144006729126
vt 0.15612789988517761 0.33032539486885071
vt 0.15612789988517761 0.39507016539573669
vt 0.13767535984516144 0.39507016539573669
vt 0.37288638949394226 0.29264271259307861
vt 0.42193731665611267 0.29264271259307861
vt 0.42193731665611267 0.32886055111885071
vt 0.10641561448574066 0.75763273239135742
vt 0.10641561448574066 0.78932040929794312
vt 0.084703810513019562 0.78932040929794312
vt 0.030442990362644196 0.64078521728515625
vt 0.030442990362644196 0.69151383638381958
vt 0 0.69151383638381958
vt 0.13767535984516144 0.51112258434295654
vt 0.16847088932991028 0.51112258434295654
vt 0.16847088932991028 0.5618511438369751
vt 0.10139176249504089 0.33032539486885071
vt 0.10139176249504089 0.37307265400886536
vt 0.067590489983558655 0.37307265400886536
vt 0.23869186639785767 0.76851701736450195
vt 0.23869186639785767 0.81472080945968628
vt 0.20522098243236542 0.81472080945968628
vt 0.45103266835212708 0.57207989692687988
vt 0.48191002011299133 0.57207989692687988
vt 0.48191002011299133 0.64183723926544189
vt 0.56920278072357178 0.11272743344306946
vt 0.56920278072357178 0.14849688112735748
vt 0.54438704252243042 0.14849688112735748
vt 0.40167737007141113 0.41989347338676453
vt 0.42254358530044556 0.41989347338676453
vt 0.42254358530044556 0.44148457050323486
vt 0.78338271379470825 0.1914992481470108
vt 0.80488818883895874 0.1914992481470108
vt 0.80488818883895874 0.21815867722034454
vt 0.76606035232543945 0.78639525175094604
vt 0.76606035232543945 0.81316643953323364
vt 0.74267071485519409 0.81316643953323364
vt 0.83531302213668823 0.60604822635650635
vt 0.83531302213668823 0.63390851020812988
vt 0.81373476982116699 0.63390851020812988
vt 0.62610697746276855 0.28931325674057007
vt 0.64598619937896729 0.28931325674057007
vt 0.64598619937896729 0.31540361046791077
vt 0.50034654140472412 0.76487195491790771
vt 0.53324949741363525 0.76487195491790771
vt 0.53324949741363525 0.83662289381027222
vt 0.85365968942642212 0.18974612653255463
vt 0.89935380220413208 0.18974612653255463
vt 0.89935380220413208 0.24824081361293793
vt 0.86274230480194092 0.38722306489944458
vt 0.90963250398635864 0.38722306489944458
vt 0.90963250398635864 0.44688290357589722
vt 0.23666693270206451 0.33032539486885071
vt 0.2715086042881012 0.33032539486885071
vt 0.2715086042881012 0.37095382809638977
vt 0.56276911497116089 0.24073357880115509
vt 0.56276911497116089 0.28136202692985535
vt 0.54139739274978638 0.28136202692985535
vt 0.35684046149253845 0.50857037305831909
vt 0.35684046149253845 0.53810417652130127
vt 0.34209766983985901 0.53810417652130127
vt 0.24262030422687531 0.76851701736450195
vt 0.27215412259101868 0.76851701736450195
vt 0.27215412259101868 0.79479926824569702
vt 0.36466321349143982 0.41920611262321472
vt 0.38177096843719482 0.41920611262321472
vt 0.38177096843719482 0.44328981637954712
vt 0.015858979895710945 0
vt 0.015858979895710945 0.04500579833984375
vt 0 0.04500579833984375
vt 0.51211333274841309 0.45620828866958618
vt 0.53719508647918701 0.45620828866958618
vt 0.53719508647918701 0.47331604361534119
vt 0.95094406604766846 0.14762882888317108
vt 0.95094406604766846 0.17273285984992981
vt 0.90593874454498291 0.17273285984992981
vt 0.10289765894412994 0.39189919829368591
vt 0.13531552255153656 0.39189919829368591
vt 0.13531552255153656 0.41273742914199829
vt 0.51854497194290161 0.33032539486885071
vt 0.51854497194290161 0.36595803499221802
vt 0.47443577647209167 0.36595803499221802
vt 0.85046225786209106 0.14414706826210022
vt 0.85046225786209106 0.17091690003871918
vt 0.80635303258895874 0.17091690003871918
vt 0.023114653304219246 0.33032539486885071
vt 0.023114653304219246 0.38417768478393555
vt 0 0.38417768478393555
vt 0.1037839949131012 0.080926977097988129
vt 0.1037839949131012 0.11670411378145218
vt 0.080669336020946503 0.11670411378145218
vt 0.86083942651748657 0.38722306489944458
vt 0.86083942651748657 0.41362479329109192
vt 0.83675688505172729 0.41362479329109192
vt 0.41447016596794128 0.12547697126865387
vt 0.43855267763137817 0.12547697126865387
vt 0.43855267763137817 0.13991425931453705
vt 0.67003577947616577 0.44376459717750549
vt 0.67003577947616577 0.45632427930831909
vt 0.64831018447875977 0.45632427930831909
vt 0.38449203968048096 0.41920611262321472
vt 0.39931905269622803 0.41920611262321472
vt 0.39931905269622803 0.44711530208587646
vt 0.91333752870559692 0.44472947716712952
vt 0.93227964639663696 0.44472947716712952
vt 0.93227964639663696 0.47549977898597717
vt 0.73752248287200928 0.80902892351150513
vt 0.73752248287200928 0.824512779712677
vt 0.71858036518096924 0.824512779712677
vt 0.082693204283714294 0.21659733355045319
vt 0.082693204283714294 0.24205224215984344
vt 0.049890514463186264 0.24205224215984344
vt 0.22393094003200531 0.29080584645271301
vt 0.22393094003200531 0.32254284620285034
vt 0.19847603142261505 0.32254284620285034
vt 0.66557890176773071 0.46755468845367432
vt 0.66557890176773071 0.48419186472892761
vt 0.64831018447875977 0.48419186472892761
vt 0.78854161500930786 0.69046175479888916
vt 0.80635321140289307 0.69046175479888916
vt 0.80635321140289307 0.70912480354309082
vt 0.36290401220321655 0.45022973418235779
vt 0.40063396096229553 0.45022973418235779
vt 0.40063396096229553 0.47389307618141174
vt 0.8888554573059082 0.60604822635650635
vt 0.9119269847869873 0.60604822635650635
vt 0.9119269847869873 0.65939080715179443
vt 0.25356319546699524 0.18019630014896393
vt 0.25356319546699524 0.19904640316963196
vt 0.23420949280261993 0.19904640316963196
vt 0.66673386096954346 0.1914992481470108
vt 0.66673386096954346 0.2191697359085083
vt 0.64788377285003662 0.2191697359085083
vt 0.067810773849487305 0.67434155941009521
vt 0.082809530198574066 0.67434155941009521
vt 0.082809530198574066 0.6974218487739563
vt 0.59972566366195679 0.54397845268249512
vt 0.6228058934211731 0.54397845268249512
vt 0.6228058934211731 0.55966097116470337
vt 0.20642261207103729 0.20369739830493927
vt 0.20642261207103729 0.24129125475883484
vt 0.15737169981002808 0.24129125475883484
vt 0.26791396737098694 0.16138754785060883
vt 0.29528981447219849 0.16138754785060883
vt 0.29528981447219849 0.18954050540924072
vt 0.31798017024993896 0.67424023151397705
vt 0.31798017024993896 0.69390016794204712
vt 0.27564093470573425 0.69390016794204712
vt 0.80063855648040771 0.099079899489879608
vt 0.80063855648040771 0.12704972922801971
vt 0.75953412055969238 0.12704972922801971
vt 0.40375953912734985 0.17722927033901215
vt 0.43324467539787292 0.17722927033901215
vt 0.43324467539787292 0.20461201667785645
vt 0.36290401220321655 0.47859823703765869
vt 0.39319673180580139 0.47859823703765869
vt 0.39319673180580139 0.50808334350585938
vt 0.36466321349143982 0.33032539486885071
vt 0.39654403924942017 0.33032539486885071
vt 0.39654403924942017 0.35916063189506531
vt 0.46169233322143555 0.21015015244483948
vt 0.49357315897941589 0.21015015244483948
vt 0.49357315897941589 0.23726361989974976
vt 0.27564093470573425 0.4798349142074585
vt 0.29788351058959961 0.4798349142074585
vt 0.29788351058959961 0.50005072355270386
vt 0.46169233322143555 0.24073357880115509
vt 0.4816022515296936 0.24073357880115509
vt 0.4816022515296936 0.26328936219215393
vt 0.82993978261947632 0.23776803910732269
vt 0.82993978261947632 0.26295056939125061
vt 0.80635303258895874 0.26295056939125061
vt 0.88982981443405151 0.77812618017196655
vt 0.91106730699539185 0.77812618017196655
vt 0.91106730699539185 0.80853581428527832
vt 0.13317152857780457 0.57526087760925293
vt 0.16938360035419464 0.57526087760925293
vt 0.16938360035419464 0.61488193273544312
vt 0.62610697746276855 0.49906823039054871
vt 0.66572803258895874 0.49906823039054871
vt 0.66572803258895874 0.52763503789901733
vt 0.55963671207427979 0.41684436798095703
vt 0.55963671207427979 0.44892889261245728
vt 0.52971118688583374 0.44892889261245728
vt 0.99709749221801758 0.052087772637605667
vt 0.99709749221801758 0.078585676848888397
vt 0.95563423633575439 0.078585676848888397
vt 0.99729853868484497 0.09446600079536438
vt 0.99729853868484497 0.12381440401077271
vt 0.95373493432998657 0.12381440401077271
vt 0.64746558666229248 0.14147110283374786
vt 0.64746558666229248 0.16372174024581909
vt 0.62610697746276855 0.16372174024581909
vt 0.52971118688583374 0.3930964469909668
vt 0.57369518280029297 0.3930964469909668
vt 0.57369518280029297 0.41378560662269592
vt 0.20483504235744476 0.45300653576850891
vt 0.23894663155078888 0.45300653576850891
vt 0.23894663155078888 0.47383424639701843
vt 0.41447016596794128 0.10614639520645142
vt 0.43653777241706848 0.10614639520645142
vt 0.43653777241706848 0.12401213496923447
vt 0.20740726590156555 0.64426887035369873
vt 0.20740726590156555 0.6752316951751709
vt 0.18315592408180237 0.6752316951751709
vt 0.43744847178459167 0.68492871522903442
vt 0.43744847178459167 0.70539748668670654
vt 0.41505467891693115 0.70539748668670654
vt 0.90593874454498291 0.051502633839845657
vt 0.95238304138183594 0.051502633839845657
vt 0.95238304138183594 0.075396500527858734
vt 0.48539689183235168 0.092560969293117523
vt 0.48539689183235168 0.10946247726678848
vt 0.46141815185546875 0.10946247726678848
vt 0.22090932726860046 0.70652848482131958
vt 0.22090932726860046 0.72706365585327148
vt 0.20522098243236542 0.72706365585327148
vt 0.82177925109863281 0.20578290522098541
vt 0.83669191598892212 0.20578290522098541
vt 0.83669191598892212 0.22571250796318054
vt 0.53521156311035156 0.63784843683242798
vt 0.53521156311035156 0.65226805210113525
vt 0.50625151395797729 0.65226805210113525
vt 0.68997865915298462 0.091968923807144165
vt 0.68997865915298462 0.11706867814064026
vt 0.66978132724761963 0.11706867814064026
vt 0.50772827863693237 0.11092732101678848
vt 0.50772827863693237 0.14913187921047211
vt 0.46141815185546875 0.14913187921047211
vt 0.76673215627670288 0.69046175479888916
vt 0.78215146064758301 0.69046175479888916
vt 0.78215146064758301 0.71188998222351074
vt 0.83798456192016602 0.44209802150726318
vt 0.85972470045089722 0.44209802150726318
vt 0.85972470045089722 0.47301593422889709
vt 0.52904593944549561 0.57207989692687988
vt 0.52904593944549561 0.59381997585296631
vt 0.50842481851577759 0.59381997585296631
vt 0.52850896120071411 0
vt 0.52850896120071411 0.025413038209080696
vt 0.49809932708740234 0.025413038209080696
vt 0.35855004191398621 0.079356953501701355
vt 0.39226648211479187 0.079356953501701355
vt 0.39226648211479187 0.10468155145645142
vt 0.20270170271396637 0.33032539486885071
vt 0.23306566476821899 0.33032539486885071
vt 0.23306566476821899 0.37688249349594116
vt 0.13317152857780457 0.64426887035369873
vt 0.18106372654438019 0.64426887035369873
vt 0.18106372654438019 0.6570855975151062
vt 0.71182990074157715 0
vt 0.71182990074157715 0.022214869037270546
vt 0.69010084867477417 0.022214869037270546
vt 0.85219484567642212 0.23776803910732269
vt 0.85219484567642212 0.26613664627075195
vt 0.83140462636947632 0.26613664627075195
vt 0.30688583850860596 0.75674283504486084
vt 0.35876357555389404 0.75674283504486084
vt 0.35876357555389404 0.79683578014373779
vt 0.95245373249053955 0.65982925891876221
vt 0.95245373249053955 0.69226664304733276
vt 0.9133918285369873 0.69226664304733276
vt 0.58501690626144409 0.51813995838165283
vt 0.59826081991195679 0.51813995838165283
vt 0.59826081991195679 0.57061505317687988
vt 0.93108540773391724 0.026339700445532799
vt 0.95015770196914673 0.026339700445532799
vt 0.95015770196914673 0.040333941578865051
vt 0.62610697746276855 0.091968923807144165
vt 0.6476515531539917 0.091968923807144165
vt 0.6476515531539917 0.11386565864086151
vt 0.23209589719772339 0.13735489547252655
vt 0.27039790153503418 0.13735489547252655
vt 0.27039790153503418 0.15859502553939819
vt 0.41489133238792419 0.20607686042785645
vt 0.41489133238792419 0.25740304589271545
vt 0.34339317679405212 0.25740304589271545
vt 0.95071101188659668 0.18974612653255463
vt 0.99853515625 0.18974612653255463
vt 0.99853515625 0.24524770677089691
vt 0.49614423513412476 0.51526445150375366
vt 0.53779596090316772 0.51526445150375366
vt 0.53779596090316772 0.56787562370300293
vt 0 0.080926977097988129
vt 0.052611134946346283 0.080926977097988129
vt 0.052611134946346283 0.14596155285835266
vt 0.81373476982116699 0.55022722482681274
vt 0.85721731185913086 0.55022722482681274
vt 0.85721731185913086 0.5805363655090332
vt 0.37937289476394653 0.39069655537605286
vt 0.37937289476394653 0.4163440465927124
vt 0.36466321349143982 0.4163440465927124
vt 0.44520348310470581 0.5436590313911438
vt 0.44520348310470581 0.56922674179077148
vt 0.40823468565940857 0.56922674179077148
vt 0.24092413485050201 0.54696100950241089
vt 0.25627297163009644 0.54696100950241089
vt 0.25627297163009644 0.56868606805801392
vt 0.31522884964942932 0.50857037305831909
vt 0.31522884964942932 0.55934309959411621
vt 0.27564093470573425 0.55934309959411621
vt 0.95311135053634644 0.55210691690444946
vt 0.95311135053634644 0.58327382802963257
vt 0.91333752870559692 0.58327382802963257
vt 0.26066070795059204 0.029988739639520645
vt 0.29009935259819031 0.029988739639520645
vt 0.29009935259819031 0.05675993487238884
vt 0.90081864595413208 0.35505193471908569
vt 0.93025732040405273 0.35505193471908569
vt 0.93025732040405273 0.37373471260070801
vt 0.17790970206260681 0.33032539486885071
vt 0.20116332173347473 0.33032539486885071
vt 0.20116332173347473 0.354693204164505
vt 0.85574811697006226 0.13763363659381866
vt 0.8956371545791626 0.13763363659381866
vt 0.8956371545791626 0.16786119341850281
vt 0.54375505447387695 0.21166910231113434
vt 0.56203931570053101 0.21166910231113434
vt 0.56203931570053101 0.23453164100646973
vt 0.66931182146072388 0.77867329120635986
vt 0.66931182146072388 0.80457562208175659
vt 0.64644932746887207 0.80457562208175659
vt 0.31079795956611633 0.10614639520645142
vt 0.34867054224014282 0.10614639520645142
vt 0.34867054224014282 0.12401556968688965
vt 0.44159612059593201 0.45022973418235779
vt 0.44159612059593201 0.47725695371627808
vt 0.4065496027469635 0.47725695371627808
vt 0.95051491260528564 0.28252294659614563
vt 0.95051491260528564 0.30538356304168701
vt 0.90081864595413208 0.30538356304168701
vt 0.78176426887512207 0.61222803592681885
vt 0.81164592504501343 0.61222803592681885
vt 0.81164592504501343 0.63604217767715454
vt 0.16763800382614136 0.70652848482131958
vt 0.16763800382614136 0.7267836332321167
vt 0.13317152857780457 0.7267836332321167
vt 0.66672432422637939 0.044925522059202194
vt 0.68697947263717651 0.044925522059202194
vt 0.68697947263717651 0.069459311664104462
vt 0.60552871227264404 0.24073357880115509
vt 0.60552871227264404 0.27501469850540161
vt 0.57998919486999512 0.27501469850540161
vt 0.027171088382601738 0.80447924137115479
vt 0.027171088382601738 0.83039087057113647
vt 0 0.83039087057113647
vt 0.59592521190643311 0.42728441953659058
vt 0.62164586782455444 0.42728441953659058
vt 0.62164586782455444 0.4443875253200531
vt 0.049890514463186264 0.16138754785060883
vt 0.066051289439201355 0.16138754785060883
vt 0.066051289439201355 0.18044380843639374
vt 0.10591065883636475 0.51763606071472168
vt 0.13621051609516144 0.51763606071472168
vt 0.13621051609516144 0.56275761127471924
vt 0.27417609095573425 0.70652848482131958
vt 0.27417609095573425 0.75165003538131714
vt 0.23971733450889587 0.75165003538131714
vt 0.73135524988174438 0.049664519727230072
vt 0.73135524988174438 0.078456155955791473
vt 0.71483641862869263 0.078456155955791473
vt 0.99567222595214844 0
vt 0.99567222595214844 0.032569009810686111
vt 0.98198145627975464 0.032569009810686111
vt 0.95671176910400391 0.44472947716712952
vt 0.95671176910400391 0.47306632995605469
vt 0.93609064817428589 0.47306632995605469
vt 0.64450031518936157 0.1914992481470108
vt 0.64450031518936157 0.21983608603477478
vt 0.62610697746276855 0.21983608603477478
vt 0.062575951218605042 0.64078521728515625
vt 0.062575951218605042 0.66482222080230713
vt 0.031907834112644196 0.66482222080230713
vt 0.18364875018596649 0.310921311378479
vt 0.18364875018596649 0.32592314481735229
vt 0.15737169981002808 0.32592314481735229
vt 0.43748658895492554 0.15201018750667572
vt 0.43748658895492554 0.17576442658901215
vt 0.40375953912734985 0.17576442658901215
vt 0.16910284757614136 0.70652848482131958
vt 0.19550527632236481 0.70652848482131958
vt 0.19550527632236481 0.73243081569671631
vt 0.9133918285369873 0.7792593240737915
vt 0.95917230844497681 0.7792593240737915
vt 0.95917230844497681 0.80752062797546387
vt 0.80488818883895874 0.23926128447055817
vt 0.80488818883895874 0.26493442058563232
vt 0.75946438312530518 0.26493442058563232
vt 0.78375077247619629 0.14616289734840393
vt 0.8043937087059021 0.14616289734840393
vt 0.8043937087059021 0.17309512197971344
vt 0.71483641862869263 0.099079899489879608
vt 0.73547929525375366 0.099079899489879608
vt 0.73547929525375366 0.12349461019039154
vt 0.82875192165374756 0.33590951561927795
vt 0.82875192165374756 0.36173775792121887
vt 0.80635303258895874 0.36173775792121887
vt 0.59972566366195679 0.51813995838165283
vt 0.62464213371276855 0.51813995838165283
vt 0.62464213371276855 0.53255957365036011
vt 0.67179524898529053 0.28931325674057007
vt 0.70651620626449585 0.28931325674057007
vt 0.70651620626449585 0.32003858685493469
vt 0.39787507057189941 0.66250604391098022
vt 0.39787507057189941 0.69323134422302246
vt 0.36794951558113098 0.69323134422302246
vt 0.27564093470573425 0.42181885242462158
vt 0.35172891616821289 0.42181885242462158
vt 0.35172891616821289 0.44531416893005371
vt 0.35822668671607971 0.54394108057022095
vt 0.35822668671607971 0.56743639707565308
vt 0.32008332014083862 0.56743639707565308
vt 0.66430103778839111 0.067980334162712097
vt 0.66430103778839111 0.080227963626384735
vt 0.64678698778152466 0.080227963626384735
vt 0.90802490711212158 0.71783596277236938
vt 0.90802490711212158 0.74841231107711792
vt 0.86182111501693726 0.74841231107711792
vt 0.20775459706783295 0.11221936345100403
vt 0.20775459706783295 0.14079773426055908
vt 0.18467740714550018 0.14079773426055908
vt 0.80406397581100464 0.33587223291397095
vt 0.80406397581100464 0.364450603723526
vt 0.78272771835327148 0.364450603723526
vt 0.27564093470573425 0.45022973418235779
vt 0.29742270708084106 0.45022973418235779
vt 0.29742270708084106 0.47105744481086731
vt 0.91187268495559692 0.50018560886383057
vt 0.91187268495559692 0.52248173952102661
vt 0.86214041709899902 0.52248173952102661
vt 0.85850429534912109 0.33328324556350708
vt 0.87870156764984131 0.33328324556350708
vt 0.87870156764984131 0.35761538147926331
vt 0.68755108118057251 0.3405144214630127
vt 0.68755108118057251 0.3685438334941864
vt 0.67179524898529053 0.3685438334941864
vt 0.83815675973892212 0.18974612653255463
vt 0.85219484567642212 0.18974612653255463
vt 0.85219484567642212 0.21084506809711456
vt 0.10104472190141678 0.67434155941009521
vt 0.10104472190141678 0.69544053077697754
vt 0.084274373948574066 0.69544053077697754
vt 0.53992265462875366 0.45620828866958618
vt 0.58157438039779663 0.45620828866958618
vt 0.58157438039779663 0.47638574242591858
vt 0.035337790846824646 0.058526545763015747
vt 0.035337790846824646 0.078703977167606354
vt 0 0.078703977167606354
vt 0.31079795956611633 0.12548041343688965
vt 0.32745543122291565 0.12548041343688965
vt 0.32745543122291565 0.14055298268795013
vt 0.64391857385635376 0.44376459717750549
vt 0.64391857385635376 0.46030202507972717
vt 0.62610697746276855 0.46030202507972717
vt 0.67342948913574219 0.61222803592681885
vt 0.67342948913574219 0.67069584131240845
vt 0.62610697746276855 0.67069584131240845
vt 0.44709107279777527 0.41197124123573303
vt 0.4944135844707489 0.41197124123573303
vt 0.4944135844707489 0.43014854192733765
vt 0.9030449390411377 0.054076924920082092
vt 0.9030449390411377 0.076036490499973297
vt 0.85637944936752319 0.076036490499973297
vt 0.15737169981002808 0.16138754785060883
vt 0.18062533438205719 0.16138754785060883
vt 0.18062533438205719 0.19911749660968781
vt 0.69254666566848755 0.23820741474628448
vt 0.70814543962478638 0.23820741474628448
vt 0.70814543962478638 0.26887553930282593
vt 0.31722581386566162 0.60476362705230713
vt 0.31722581386566162 0.62805187702178955
vt 0.27564093470573425 0.62805187702178955
vt 0.23802147805690765 0.61066186428070068
vt 0.23802147805690765 0.63458466529846191
vt 0.20887210965156555 0.63458466529846191
vt 0.46141815185546875 0
vt 0.48534095287322998 0
vt 0.48534095287322998 0.066707238554954529
vt 0.21845720708370209 0.16138754785060883
vt 0.21845720708370209 0.17889405786991119
vt 0.19394116103649139 0.17889405786991119
vt 0.82856178283691406 0.74020212888717651
vt 0.82856178283691406 0.75770866870880127
vt 0.81373476982116699 0.75770866870880127
vt 0.71858036518096924 0.72828686237335205
vt 0.73938721418380737 0.72828686237335205
vt 0.73938721418380737 0.75924968719482422
vt 0.71694427728652954 0.61222803592681885
vt 0.71694427728652954 0.63303488492965698
vt 0.6909450888633728 0.63303488492965698
vt 0.88706660270690918 0.77812618017196655
vt 0.88706660270690918 0.80370688438415527
vt 0.86182111501693726 0.80370688438415527
vt 0.75946438312530518 0.1914992481470108
vt 0.78191787004470825 0.1914992481470108
vt 0.78191787004470825 0.21707995235919952
vt 0.99853515625 0.72206795215606689
vt 0.99853515625 0.79461181163787842
vt 0.9622880220413208 0.79461181163787842
vt 0.16871735453605652 0.11221936345100403
vt 0.16871735453605652 0.15570192039012909
vt 0.15358614921569824 0.15570192039012909
vt 0.59592521190643311 0.3930964469909668
vt 0.61763697862625122 0.3930964469909668
vt 0.61763697862625122 0.41331228613853455
vt 0.7347758412361145 0.33730965852737427
vt 0.75648760795593262 0.33730965852737427
vt 0.75648760795593262 0.36516991257667542
vt 0.256783127784729 0.51500242948532104
vt 0.256783127784729 0.53785896301269531
vt 0.24092413485050201 0.53785896301269531
vt 0.41505467891693115 0.66250604391098022
vt 0.43791121244430542 0.66250604391098022
vt 0.43791121244430542 0.6824989914894104
vt 0.74199390411376953 0.72828686237335205
vt 0.76468271017074585 0.72828686237335205
vt 0.76468271017074585 0.75672787427902222
vt 0.93552649021148682 0.72206795215606689
vt 0.93552649021148682 0.74954283237457275
vt 0.9133918285369873 0.74954283237457275
vt 0.049890108406543732 0.33032539486885071
vt 0.065830759704113007 0.33032539486885071
vt 0.065830759704113007 0.36537191271781921
vt 0.64427345991134644 0.069194391369819641
vt 0.64427345991134644 0.079478763043880463
vt 0.62610697746276855 0.079478763043880463
vt 0.61937874555587769 0.33032539486885071
vt 0.61937874555587769 0.3850114643573761
vt 0.58218556642532349 0.3850114643573761
vt 0.44709107279777527 0.45620828866958618
vt 0.48718401789665222 0.45620828866958618
vt 0.48718401789665222 0.51089435815811157
vt 0.18547055125236511 0.51112258434295654
vt 0.18547055125236511 0.53622657060623169
vt 0.17150236666202545 0.53622657060623169
vt 0.76673215627670288 0.61222803592681885
vt 0.78029942512512207 0.61222803592681885
vt 0.78029942512512207 0.65589183568954468
vt 0.70936065912246704 0.3405144214630127
vt 0.70936065912246704 0.36265730857849121
vt 0.68901592493057251 0.36265730857849121
vt 0.83502888679504395 0.47398486733436584
vt 0.83502888679504395 0.48821106553077698
vt 0.81373476982116699 0.48821106553077698
vt 0.13170668482780457 0.64131230115890503
vt 0.13170668482780457 0.66539603471755981
vt 0.11739816516637802 0.66539603471755981
vt 0.53287237882614136 0.21166910231113434
vt 0.53287237882614136 0.23852722346782684
vt 0.51738452911376953 0.23852722346782684
vt 0.44029572606086731 0.053110640496015549
vt 0.44029572606086731 0.079674921929836273
vt 0.41126516461372375 0.079674921929836273
vt 0.68723487854003906 0.1914992481470108
vt 0.68723487854003906 0.21952837705612183
vt 0.67020136117935181 0.21952837705612183
vt 0.20483504235744476 0.51500242948532104
vt 0.23945929110050201 0.51500242948532104
vt 0.23945929110050201 0.55948388576507568
vt 0.40603262186050415 0.51394611597061157
vt 0.40603262186050415 0.55842757225036621
vt 0.36290401220321655 0.55842757225036621
vt 0.53325563669204712 0.48321899771690369
vt 0.53325563669204712 0.50351560115814209
vt 0.51211333274841309 0.50351560115814209
vt 0.3630530834197998 0.15201018750667572
vt 0.3630530834197998 0.17230677604675293
vt 0.34339317679405212 0.17230677604675293
vt 0.41126516461372375 0.081139765679836273
vt 0.4439740777015686 0.081139765679836273
vt 0.4439740777015686 0.10468155145645142
vt 0 0.60280692577362061
vt 0.025006629526615143 0.60280692577362061
vt 0.025006629526615143 0.62992042303085327
vt 0.1412653923034668 0
vt 0.1412653923034668 0.064744748175144196
vt 0.11869341880083084 0.064744748175144196
vt 0.85879093408584595 0.60604822635650635
vt 0.85879093408584595 0.63340884447097778
vt 0.83677786588668823 0.63340884447097778
vt 0.71457302570343018 0.50479048490524292
vt 0.761260986328125 0.50479048490524292
vt 0.761260986328125 0.53087300062179565
vt 0.080669336020946503 0.12064577639102936
vt 0.12735728919506073 0.12064577639102936
vt 0.12735728919506073 0.15734437108039856
vt 0.15759274363517761 0.33032539486885071
vt 0.17644485831260681 0.33032539486885071
vt 0.17644485831260681 0.35985568165779114
vt 0.45103266835212708 0.76487195491790771
vt 0.48933467268943787 0.76487195491790771
vt 0.48933467268943787 0.79229176044464111
vt 0.73350441455841064 0.23865526914596558
vt 0.75799953937530518 0.23865526914596558
vt 0.75799953937530518 0.26032817363739014
vt 0.20323091745376587 0.51112258434295654
vt 0.20323091745376587 0.5327954888343811
vt 0.18693539500236511 0.5327954888343811
vt 0.46169233322143555 0.15201018750667572
vt 0.5281682014465332 0.15201018750667572
vt 0.5281682014465332 0.1782926470041275
vt 0.13585659861564636 0.16138754785060883
vt 0.13585659861564636 0.20951163768768311
vt 0.10957413166761398 0.20951163768768311
vt 0.18708314001560211 0.74182164669036865
vt 0.20375613868236542 0.74182164669036865
vt 0.20375613868236542 0.7608906626701355
vt 0.024797271937131882 0.33032539486885071
vt 0.047395430505275726 0.33032539486885071
vt 0.047395430505275726 0.3549703061580658
vt 0.76337796449661255 0.56405508518218994
vt 0.81155043840408325 0.56405508518218994
vt 0.81155043840408325 0.58869999647140503
vt 0.39993646740913391 0.10614639520645142
vt 0.39993646740913391 0.13298866152763367
vt 0.38462921977043152 0.13298866152763367
vt 0.71483641862869263 0.14676888287067413
vt 0.7347642183303833 0.14676888287067413
vt 0.7347642183303833 0.17361114919185638
vt 0.8873906135559082 0.60604822635650635
vt 0.8873906135559082 0.65180802345275879
vt 0.86025577783584595 0.65180802345275879
vt 0.52971118688583374 0.33032539486885071
vt 0.57414716482162476 0.33032539486885071
vt 0.57414716482162476 0.37608522176742554
vt 0.032836735248565674 0.41477793455123901
vt 0.055890142917633057 0.41477793455123901
vt 0.055890142917633057 0.4287247359752655
vt 0.64684534072875977 0.47376635670661926
vt 0.64684534072875977 0.48771312832832336
vt 0.62610697746276855 0.48771312832832336
vt 0.81373476982116699 0.71783596277236938
vt 0.85707712173461914 0.71783596277236938
vt 0.85707712173461914 0.72989624738693237
vt 0.74120587110519409 0.78639525175094604
vt 0.74120587110519409 0.79845547676086426
vt 0.71858036518096924 0.79845547676086426
vt 0.67150062322616577 0.38722306489944458
vt 0.70670169591903687 0.38722306489944458
vt 0.70670169591903687 0.4223763644695282
vt 0.95834285020828247 0.50451874732971191
vt 0.99349617958068848 0.50451874732971191
vt 0.99349617958068848 0.53892642259597778
vt 0.71082550287246704 0.33730965852737427
vt 0.73275649547576904 0.33730965852737427
vt 0.73275649547576904 0.34955728054046631
vt 0.73420065641403198 0.44847726821899414
vt 0.7564513087272644 0.44847726821899414
vt 0.7564513087272644 0.47107544541358948
vt 0.40021252632141113 0.39069655537605286
vt 0.40021252632141113 0.41060644388198853
vt 0.38083773851394653 0.41060644388198853
vt 0.97637343406677246 0.5595470666885376
vt 0.97637343406677246 0.58862292766571045
vt 0.95834285020828247 0.58862292766571045
vt 0.81373476982116699 0.44209802150726318
vt 0.83120626211166382 0.44209802150726318
vt 0.83120626211166382 0.45941162109375
vt 0.75695306062698364 0.025141704827547073
vt 0.75695306062698364 0.039429806172847748
vt 0.73948150873184204 0.039429806172847748
vt 0.61089473962783813 0.072470635175704956
vt 0.61089473962783813 0.11067519336938858
vt 0.58999955654144287 0.11067519336938858
vt 0.73665565252304077 0.14676888287067413
vt 0.75755083560943604 0.14676888287067413
vt 0.75755083560943604 0.17243464291095734
vt 0.69394868612289429 0.44753929972648621
vt 0.71310818195343018 0.44753929972648621
vt 0.71310818195343018 0.47757121920585632
vt 0.69257271289825439 0.091968923807144165
vt 0.71230238676071167 0.091968923807144165
vt 0.71230238676071167 0.11770013719797134
vt 0.045925557613372803 0.73786556720733643
vt 0.045925557613372803 0.76803463697433472
vt 0 0.76803463697433472
vt 0.17378532886505127 0.57526087760925293
vt 0.20506939291954041 0.57526087760925293
vt 0.20506939291954041 0.62118643522262573
vt 0.54438704252243042 0.072470635175704956
vt 0.57066410779953003 0.072470635175704956
vt 0.57066410779953003 0.087526917457580566
vt 0.81373476982116699 0.38722306489944458
vt 0.83467042446136475 0.38722306489944458
vt 0.83467042446136475 0.40222492814064026
vt 0.75953412055969238 0.14616289734840393
vt 0.78165149688720703 0.14616289734840393
vt 0.78165149688720703 0.17116937041282654
vt 0.27417609095573425 0.48619154095649719
vt 0.27417609095573425 0.50830888748168945
vt 0.24041147530078888 0.50830888748168945
vt 0.66943395137786865 0.28931325674057007
vt 0.66943395137786865 0.31377273797988892
vt 0.64819645881652832 0.31377273797988892
vt 0.48323330283164978 0.072470635175704956
vt 0.48323330283164978 0.091096125543117523
vt 0.46141815185546875 0.091096125543117523
vt 0.061551053076982498 0.80292975902557373
vt 0.1236979216337204 0.80292975902557373
vt 0.1236979216337204 0.82752466201782227
vt 0.48496365547180176 0.43161338567733765
vt 0.48496365547180176 0.45474344491958618
vt 0.44709107279777527 0.45474344491958618
vt 0.71858036518096924 0.67013484239578247
vt 0.76343274116516113 0.67013484239578247
vt 0.76343274116516113 0.70222163200378418
vt 0.80635303258895874 0.28329697251319885
vt 0.85120540857315063 0.28329697251319885
vt 0.85120540857315063 0.30977904796600342
vt 0.44549310207366943 0.51394611597061157
vt 0.44549310207366943 0.54067617654800415
vt 0.42952519655227661 0.54067617654800415
vt 0.20522098243236542 0.73364883661270142
vt 0.23195099830627441 0.73364883661270142
vt 0.23195099830627441 0.76005053520202637
vt 0.63832151889801025 0.24278788268566132
vt 0.63832151889801025 0.25758561491966248
vt 0.62610697746276855 0.25758561491966248
vt 0.62610697746276855 0.040944095700979233
vt 0.63991057872772217 0.040944095700979233
vt 0.63991057872772217 0.053701173514127731
vt 0.067810773849487305 0.64131230115890503
vt 0.085039019584655762 0.64131230115890503
vt 0.085039019584655762 0.66125005483627319
vt 0.52145475149154663 0.24073357880115509
vt 0.52145475149154663 0.26330661773681641
vt 0.50151699781417847 0.26330661773681641
vt 0.058404047042131424 0.60280692577362061
vt 0.058404047042131424 0.63195627927780151
vt 0.035101063549518585 0.63195627927780151
vt 0.44709107279777527 0.33032539486885071
vt 0.47039404511451721 0.33032539486885071
vt 0.47039404511451721 0.40015313029289246
vt 0.79092860221862793 0.72828686237335205
vt 0.79092860221862793 0.75428098440170288
vt 0.76752519607543945 0.75428098440170288
vt 0.93546873331069946 0.60604822635650635
vt 0.95901244878768921 0.60604822635650635
vt 0.95901244878768921 0.63091647624969482
vt 0.073341652750968933 0.48875603079795837
vt 0.10400977730751038 0.48875603079795837
vt 0.10400977730751038 0.5082927942276001
vt 0.90593874454498291 0
vt 0.92547547817230225 0
vt 0.92547547817230225 0.027911070734262466
vt 0.74472606182098389 0.41517925262451172
vt 0.74472606182098389 0.43273910880088806
vt 0.71457302570343018 0.43273910880088806
vt 0.64366680383682251 0.77867329120635986
vt 0.64366680383682251 0.81238973140716553
vt 0.62610697746276855 0.81238973140716553
vt 0.055660516023635864 0.70687884092330933
vt 0.055660516023635864 0.73176282644271851
vt 0 0.73176282644271851
vt 0.16251993179321289 0.73402446508407593
vt 0.16251993179321289 0.75890851020812988
vt 0.13317152857780457 0.75890851020812988
vt 0.64828532934188843 0.24278788268566132
vt 0.64828532934188843 0.26497238874435425
vt 0.63978636264801025 0.26497238874435425
vt 0.63866662979125977 0
vt 0.63866662979125977 0.0092920027673244476
vt 0.62610697746276855 0.0092920027673244476
vt 0.57488691806793213 0.15201018750667572
vt 0.60496926307678223 0.15201018750667572
vt 0.60496926307678223 0.21394185721874237
vt 0.021781777963042259 0.41477793455123901
vt 0.021781777963042259 0.44486024975776672
vt 0 0.44486024975776672
vt 0.82031440734863281 0.20578290522098541
vt 0.82031440734863281 0.22384291887283325
vt 0.80635303258895874 0.22384291887283325
vt 0.7562795877456665 0.049664519727230072
vt 0.7562795877456665 0.072063401341438293
vt 0.73501473665237427 0.072063401341438293
vt 0.80615752935409546 0.38722306489944458
vt 0.80615752935409546 0.41155520081520081
vt 0.78489267826080322 0.41155520081520081
vt 0.71711552143096924 0.81283408403396606
vt 0.71711552143096924 0.82565087080001831
vt 0.69413989782333374 0.82565087080001831
vt 0.11611133813858032 0.080926977097988129
vt 0.14055176079273224 0.080926977097988129
vt 0.14055176079273224 0.0966167151927948
vt 0.62610697746276855 0.019485024735331535
vt 0.63979768753051758 0.019485024735331535
vt 0.63979768753051758 0.029718408361077309
vt 0.38462921977043152 0.14137910306453705
vt 0.42034867405891418 0.14137910306453705
vt 0.42034867405891418 0.15054534375667572
vt 0.22237417101860046 0.70652848482131958
vt 0.23825249075889587 0.70652848482131958
vt 0.23825249075889587 0.7269405722618103
vt 0.72873061895370483 0.3595806360244751
vt 0.72873061895370483 0.37478223443031311
vt 0.71082550287246704 0.37478223443031311
vt 0.66873651742935181 0.24278788268566132
vt 0.66873651742935181 0.26849302649497986
vt 0.64975017309188843 0.26849302649497986
vt 0.27005782723426819 0.57526087760925293
vt 0.27005782723426819 0.62920075654983521
vt 0.24435266852378845 0.62920075654983521
vt 0.44709107279777527 0.54610913991928101
vt 0.4937613308429718 0.54610913991928101
vt 0.4937613308429718 0.56745046377182007
vt 0.1724928617477417 0.45300653576850891
vt 0.20337019860744476 0.45300653576850891
vt 0.20337019860744476 0.49967679381370544
vt 0.77954238653182983 0.048379376530647278
vt 0.77954238653182983 0.075799167156219482
vt 0.76099050045013428 0.075799167156219482
vt 0.51009589433670044 0.45620828866958618
vt 0.51009589433670044 0.50666624307632446
vt 0.4915439784526825 0.50666624307632446
vt 0.66804021596908569 0.091968923807144165
vt 0.66804021596908569 0.1177850067615509
vt 0.6496964693069458 0.1177850067615509
vt 0.39264681935310364 0.15201018750667572
vt 0.39264681935310364 0.17748315632343292
vt 0.37716293334960938 0.17748315632343292
vt 0.71711552143096924 0.64792859554290771
vt 0.71711552143096924 0.67174053192138672
vt 0.6909450888633728 0.67174053192138672
vt 0.57554203271865845 0.48461565375328064
vt 0.57554203271865845 0.50842761993408203
vt 0.53992265462875366 0.50842761993408203
vt 0.18228849768638611 0.36709791421890259
vt 0.18228849768638611 0.39263743162155151
vt 0.15759274363517761 0.39263743162155151
vt 0.52710747718811035 0.072470635175704956
vt 0.52710747718811035 0.10632380843162537
vt 0.50171315670013428 0.10632380843162537
vt 0.031893856823444366 0.16138754785060883
vt 0.031893856823444366 0.25081807374954224
vt 0 0.25081807374954224
vt 0.76752519607543945 0.78178858757019043
vt 0.81150925159454346 0.78178858757019043
vt 0.81150925159454346 0.8136824369430542
vt 0.70933371782302856 0.1914992481470108
vt 0.70933371782302856 0.21516257524490356
vt 0.68869972229003906 0.21516257524490356
vt 0.40381661057472229 0.33032539486885071
vt 0.44370564818382263 0.33032539486885071
vt 0.44370564818382263 0.35095939040184021
vt 0.94924211502075195 0
vt 0.94924211502075195 0.014648693613708019
vt 0.93108540773391724 0.014648693613708019
vt 0.73948150873184204 0
vt 0.75640112161636353 0
vt 0.75640112161636353 0.014648693613708019
vt 0.6474946141242981 0.34025463461875916
vt 0.6474946141242981 0.36429163813591003
vt 0.62610697746276855 0.36429163813591003
vt 0.44498738646507263 0.41989347338676453
vt 0.44498738646507263 0.44220584630966187
vt 0.42470812797546387 0.44220584630966187
vt 0.40823468565940857 0.51394611597061157
vt 0.42758840322494507 0.51394611597061157
vt 0.42758840322494507 0.53583842515945435
vt 0.75848674774169922 0.33587223291397095
vt 0.78037905693054199 0.33587223291397095
vt 0.78037905693054199 0.36354273557662964
vt 0.53125399351119995 0.61460417509078979
vt 0.53125399351119995 0.63211816549301147
vt 0.50625151395797729 0.63211816549301147
vt 0.73350441455841064 0.1914992481470108
vt 0.75799953937530518 0.1914992481470108
vt 0.75799953937530518 0.21343024075031281
vt 0.0982394739985466 0.45319610834121704
vt 0.0982394739985466 0.47725167870521545
vt 0.073341652750968933 0.47725167870521545
vt 0.67033040523529053 0.34025463461875916
vt 0.67033040523529053 0.36431020498275757
vt 0.6489594578742981 0.36431020498275757
vt 0.20282591879367828 0.24585463106632233
vt 0.20282591879367828 0.28195363283157349
vt 0.15737169981002808 0.28195363283157349
vt 0.27417609095573425 0.64649808406829834
vt 0.27417609095573425 0.69195234775543213
vt 0.20887210965156555 0.69195234775543213
vt 0.067590489983558655 0.39189919829368591
vt 0.1005018875002861 0.39189919829368591
vt 0.1005018875002861 0.43719980120658875
vt 0.54472678899765015 0.033167049288749695
vt 0.59002739191055298 0.033167049288749695
vt 0.59002739191055298 0.070466987788677216
vt 0.69038289785385132 0.044925522059202194
vt 0.71131861209869385 0.044925522059202194
vt 0.71131861209869385 0.068791113793849945
vt 0.094290412962436676 0.24652367830276489
vt 0.094290412962436676 0.27038925886154175
vt 0.076875872910022736 0.27038925886154175
vt 0.89767032861709595 0.33328324556350708
vt 0.89767032861709595 0.36701029539108276
vt 0.88305121660232544 0.36701029539108276
vt 0.10250956565141678 0.64131230115890503
vt 0.11593332141637802 0.64131230115890503
vt 0.11593332141637802 0.66653138399124146
vt 0.40381661057472229 0.355611652135849
vt 0.43265184760093689 0.355611652135849
vt 0.43265184760093689 0.3842414915561676
vt 0.20020486414432526 0.80243271589279175
vt 0.20020486414432526 0.82869827747344971
vt 0.17157500982284546 0.82869827747344971
vt 0.081009216606616974 0.18879257142543793
vt 0.096561022102832794 0.18879257142543793
vt 0.096561022102832794 0.20812678337097168
vt 0.15737169981002808 0.29080584645271301
vt 0.18235950171947479 0.29080584645271301
vt 0.18235950171947479 0.30635768175125122
vt 0.33854034543037415 0.14201782643795013
vt 0.33854034543037415 0.15054534375667572
vt 0.31079795956611633 0.15054534375667572
vt 0.83195865154266357 0.18974612653255463
vt 0.83195865154266357 0.19973847270011902
vt 0.80635303258895874 0.19973847270011902
vt 0.73485541343688965 0
vt 0.73485541343688965 0.025241782888770103
vt 0.71483641862869263 0.025241782888770103
vt 0.95563423633575439 0
vt 0.97565323114395142 0
vt 0.97565323114395142 0.022067604586482048
vt 0.36200061440467834 0.17894800007343292
vt 0.36200061440467834 0.20147235691547394
vt 0.34339317679405212 0.20147235691547394
vt 0.032836735248565674 0.43361538648605347
vt 0.055361106991767883 0.43361538648605347
vt 0.055361106991767883 0.44811248779296875
vt 0.24041147530078888 0.45300653576850891
vt 0.26994174718856812 0.45300653576850891
vt 0.26994174718856812 0.47848179936408997
vt 0.40235176682472229 0.36237841844558716
vt 0.40235176682472229 0.3878537118434906
vt 0.38628426194190979 0.3878537118434906
vt 0.9133918285369873 0.60604822635650635
vt 0.93400388956069946 0.60604822635650635
vt 0.93400388956069946 0.63407766819000244
vt 0.78215831518173218 0
vt 0.78215831518173218 0.021725060418248177
vt 0.76099050045013428 0.021725060418248177
vt 0.31283408403396606 0.57207989692687988
vt 0.31283408403396606 0.59800052642822266
vt 0.27564093470573425 0.59800052642822266
vt 0.36287596821784973 0.37607213854789734
vt 0.36287596821784973 0.4139038622379303
vt 0.33695533871650696 0.4139038622379303
vt 0.20090474188327789 0.76780408620834351
vt 0.20090474188327789 0.79331356287002563
vt 0.17157500982284546 0.79331356287002563
vt 0.02451549656689167 0
vt 0.053845230489969254 0
vt 0.053845230489969254 0.027027212083339691
vt 0.89585292339324951 0.28329697251319885
vt 0.89585292339324951 0.31455197930335999
vt 0.85850429534912109 0.31455197930335999
vt 0.029924856498837471 0.77543348073959351
vt 0.029924856498837471 0.79782730340957642
vt 0 0.79782730340957642
vt 0.64892822504043579 0.72751623392105103
vt 0.64892822504043579 0.75444841384887695
vt 0.62610697746276855 0.75444841384887695
vt 0.78063327074050903 0.28525632619857788
vt 0.80418449640274048 0.28525632619857788
vt 0.80418449640274048 0.30954247713088989
vt 0.73894107341766357 0.099079899489879608
vt 0.75657665729522705 0.099079899489879608
vt 0.75657665729522705 0.12769760191440582
vt 0.049890514463186264 0.18879257142543793
vt 0.066832698881626129 0.18879257142543793
vt 0.066832698881626129 0.20642818510532379
vt 0.27417609095573425 0.54696100950241089
vt 0.27417609095573425 0.56737309694290161
vt 0.25773781538009644 0.56737309694290161
vt 0.18561829626560211 0.74182164669036865
vt 0.18561829626560211 0.76064068078994751
vt 0.16910284757614136 0.76064068078994751
vt 0.20887210965156555 0.57526087760925293
vt 0.23792681097984314 0.57526087760925293
vt 0.23792681097984314 0.59889310598373413
vt 0.83173000812530518 0.33590951561927795
vt 0.85536223649978638 0.33590951561927795
vt 0.85536223649978638 0.36042904853820801
vt 0.045687269419431686 0.37508335709571838
vt 0.045687269419431686 0.40323632955551147
vt 0.024797271937131882 0.40323632955551147
vt 0.92566674947738647 0.09446600079536438
vt 0.94655674695968628 0.09446600079536438
vt 0.94655674695968628 0.11695561558008194
vt 0.64487361907958984 0
vt 0.65876287221908569 0
vt 0.65876287221908569 0.010620077140629292
vt 0.64487361907958984 0.020800812169909477
vt 0.66081422567367554 0.020800812169909477
vt 0.66081422567367554 0.03108518198132515
vt 0.66188108921051025 0.040944095700979233
vt 0.64678698778152466 0.040944095700979233
vt 0.66188108921051025 0.054747737944126129
vt 0.64678698778152466 0.054747737944126129
vn 0.40330895781517029 0.072342194616794586 0.91219979524612427
vn 0.40330895781517029 0.072342194616794586 0.91219979524612427
vn 0.40330895781517029 0.072342194616794586 0.91219979524612427
vn -0.91091430187225342 -0.012033598497509956 0.4124201238155365
vn -0.91091430187225342 -0.012033598497509956 0.4124201238155365
vn -0.91091430187225342 -0.012033598497509956 0.4124201238155365
vn 0.69431483745574951 0.013921471312642097 0.71953672170639038
vn 0.69431483745574951 0.013921471312642097 0.71953672170639038
vn 0.69431483745574951 0.013921471312642097 0.71953672170639038
vn -0.17084887623786926 0.17470960319042206 -0.96968406438827515
vn -0.17084887623786926 0.17470960319042206 -0.96968406438827515
vn -0.17084887623786926 0.17470960319042206 -0.96968406438827515
vn 0.64188069105148315 0.097231224179267883 0.76061505079269409
vn 0.64188069105148315 0.097231224179267883 0.76061505079269409
vn 0.64188069105148315 0.097231224179267883 0.76061505079269409
vn 0.059635736048221588 -0.028566554188728333 -0.99781137704849243
vn 0.059635736048221588 -0.028566554188728333 -0.99781137704849243
vn 0.059635736048221588 -0.028566554188728333 -0.99781137704849243
vn -0.042016133666038513 -0.99698495864868164 0.065235503017902374
vn -0.042016133666038513 -0.99698495864868164 0.065235503017902374
vn -0.042016133666038513 -0.99698495864868164 0.065235503017902374
vn 0.4379417896270752 0.057332366704940796 -0.89717334508895874
vn 0.4379417896270752 0.057332366704940796 -0.89717334508895874
vn 0.4379417896270752 0.057332366704940796 -0.89717334508895874
vn -0.86513465642929077 0.30182021856307983 0.40055787563323975
vn -0.86513465642929077 0.30182021856307983 0.40055787563323975
vn -0.86513465642929077 0.30182021856307983 0.40055787563323975
vn -0.7159990668296814 0.11981484293937683 0.68774247169494629
vn -0.7159990668296814 0.11981484293937683 0.68774247169494629
vn -0.7159990668296814 0.11981484293937683 0.68774247169494629
vn -0.024267470464110374 0.054514192044734955 -0.99821805953979492
vn -0.024267470464110374 0.054514192044734955 -0.99821805953979492
vn -0.024267470464110374 0.054514192044734955 -0.99821805953979492
vn 0.82912832498550415 0.36796975135803223 -0.42088529467582703
vn 0.82912832498550415 0.36796975135803223 -0.42088529467582703
vn 0.82912832498550415 0.36796975135803223 -0.42088529467582703
vn 0.95655578374862671 -0.020931869745254517 0.29079693555831909
vn 0.95655578374862671 -0.020931869745254517 0.29079693555831909
vn 0.95655578374862671 -0.020931869745254517 0.29079693555831909
vn -0.59188753366470337 -0.12489273399114609 0.79628574848175049
vn -0.59188753366470337 -0.12489273399114609 0.79628574848175049
vn -0.59188753366470337 -0.12489273399114609 0.79628574848175049
vn -0.92968994379043579 0.092029280960559845 0.35666120052337646
vn -0.92968994379043579 0.092029280960559845 0.35666120052337646
vn -0.92968994379043579 0.092029280960559845 0.35666120052337646
vn 0.38968935608863831 -0.17143537104129791 -0.90484923124313354
vn 0.38968935608863831 -0.17143537104129791 -0.90484923124313354
vn 0.38968935608863831 -0.17143537104129791 -0.90484923124313354
vn 0.22550241649150848 -0.95741939544677734 0.18026861548423767
vn 0.22550241649150848 -0.95741939544677734 0.18026861548423767
vn 0.22550241649150848 -0.95741939544677734 0.18026861548423767
vn -0.79232043027877808 0.0038527823053300381 -0.61009299755096436
vn -0.79232043027877808 0.0038527823053300381 -0.61009299755096436
vn -0.79232043027877808 0.0038527823053300381 -0.61009299755096436
vn 0.020329141989350319 0.070013903081417084 0.99733883142471313
vn 0.020329141989350319 0.070013903081417084 0.99733883142471313
vn 0.020329141989350319 0.070013903081417084 0.99733883142471313
vn 0.66048407554626465 0.50979727506637573 -0.55124175548553467
vn 0.66048407554626465 0.50979727506637573 -0.55124175548553467
vn 0.66048407554626465 0.50979727506637573 -0.55124175548553467
vn -0.83009696006774902 0.55074870586395264 -0.087263211607933044
vn -0.83009696006774902 0.55074870586395264 -0.087263211607933044
vn -0.83009696006774902 0.55074870586395264 -0.087263211607933044
vn 0.93961495161056519 0.27869731187820435 -0.19862416386604309
vn 0.93961495161056519 0.27869731187820435 -0.19862416386604309
vn 0.93961495161056519 0.27869731187820435 -0.19862416386604309
vn -0.42839601635932922 -0.28677573800086975 0.85687601566314697
vn -0.42839601635932922 -0.28677573800086975 0.85687601566314697
vn -0.42839601635932922 -0.28677573800086975 0.85687601566314697
vn 0.65336763858795166 -0.36483895778656006 -0.66332739591598511
vn 0.65336763858795166 -0.36483895778656006 -0.66332739591598511
vn 0.65336763858795166 -0.36483895778656006 -0.66332739591598511
vn 0.5651545524597168 -0.39032289385795593 0.72680693864822388
vn 0.5651545524597168 -0.39032289385795593 0.72680693864822388
vn 0.5651545524597168 -0.39032289385795593 0.72680693864822388
vn -0.087639413774013519 -0.92038756608963013 -0.38105916976928711
vn -0.087639413774013519 -0.92038756608963013 -0.38105916976928711
vn -0.087639413774013519 -0.92038756608963013 -0.38105916976928711
vn 0.52571350336074829 -0.83102297782897949 0.18173086643218994
vn 0.52571350336074829 -0.83102297782897949 0.18173086643218994
vn 0.52571350336074829 -0.83102297782897949 0.18173086643218994
vn 0.86858463287353516 0.088134348392486572 -0.48764026165008545
vn 0.86858463287353516 0.088134348392486572 -0.48764026165008545
vn 0.86858463287353516 0.088134348392486572 -0.48764026165008545
vn 0.40700837969779968 -0.015169526450335979 0.91329848766326904
vn 0.40700837969779968 -0.015169526450335979 0.91329848766326904
vn 0.40700837969779968 -0.015169526450335979 0.91329848766326904
vn -0.24942564964294434 -0.96806704998016357 -0.025159360840916634
vn -0.24942564964294434 -0.96806704998016357 -0.025159360840916634
vn -0.24942564964294434 -0.96806704998016357 -0.025159360840916634
vn -0.5024217963218689 0.51501673460006714 -0.6944999098777771
vn -0.5024217963218689 0.51501673460006714 -0.6944999098777771
vn -0.5024217963218689 0.51501673460006714 -0.6944999098777771
vn -0.90371382236480713 0.062904037535190582 -0.42349079251289368
vn -0.90371382236480713 0.062904037535190582 -0.42349079251289368
vn -0.90371382236480713 0.062904037535190582 -0.42349079251289368
vn 0.75269591808319092 0.27371802926063538 0.59877151250839233
vn 0.75269591808319092 0.27371802926063538 0.59877151250839233
vn 0.75269591808319092 0.27371802926063538 0.59877151250839233
vn 0.70843672752380371 0.64913481473922729 0.27702224254608154
vn 0.70843672752380371 0.64913481473922729 0.27702224254608154
vn 0.70843672752380371 0.64913481473922729 0.27702224254608154
vn 0.45484212040901184 0.33074203133583069 0.82687866687774658
vn 0.45484212040901184 0.33074203133583069 0.82687866687774658
vn 0.45484212040901184 0.33074203133583069 0.82687866687774658
vn -0.57184207439422607 -0.42039790749549866 0.70445883274078369
vn -0.57184207439422607 -0.42039790749549866 0.70445883274078369
vn -0.57184207439422607 -0.42039790749549866 0.70445883274078369
vn -0.89712858200073242 0.056387413293123245 0.43815606832504272
vn -0.89712858200073242 0.056387413293123245 0.43815606832504272
vn -0.89712858200073242 0.056387413293123245 0.43815606832504272
vn 0.73348009586334229 -0.025609707459807396 -0.67922830581665039
vn 0.73348009586334229 -0.025609707459807396 -0.67922830581665039
vn 0.73348009586334229 -0.025609707459807396 -0.67922830581665039
vn -0.17067521810531616 0.81735777854919434 -0.55026924610137939
vn -0.17067521810531616 0.81735777854919434 -0.55026924610137939
vn -0.17067521810531616 0.81735777854919434 -0.55026924610137939
vn -0.51410019397735596 0.5124356746673584 -0.68783038854598999
vn -0.51410019397735596 0.5124356746673584 -0.68783038854598999
vn -0.51410019397735596 0.5124356746673584 -0.68783038854598999
vn 0.78211009502410889 -0.60242146253585815 0.15934933722019196
vn 0.78211009502410889 -0.60242146253585815 0.15934933722019196
vn 0.78211009502410889 -0.60242146253585815 0.15934933722019196
vn -0.5476837158203125 -0.092312291264533997 0.83157742023468018
vn -0.5476837158203125 -0.092312291264533997 0.83157742023468018
vn -0.5476837158203125 -0.092312291264533997 0.83157742023468018
vn -0.68922615051269531 0.19931651651859283 -0.69659191370010376
vn -0.68922615051269531 0.19931651651859283 -0.69659191370010376
vn -0.68922615051269531 0.19931651651859283 -0.69659191370010376
vn 0.56307178735733032 0.06150485947728157 0.824116051197052
vn 0.56307178735733032 0.06150485947728157 0.824116051197052
vn 0.56307178735733032 0.06150485947728157 0.824116051197052
vn -0.13028405606746674 0.11452330648899078 -0.98484033346176147
vn -0.13028405606746674 0.11452330648899078 -0.98484033346176147
vn -0.13028405606746674 0.11452330648899078 -0.98484033346176147
vn 0.75896590948104858 0.21034224331378937 -0.61621981859207153
vn 0.75896590948104858 0.21034224331378937 -0.61621981859207153
vn 0.75896590948104858 0.21034224331378937 -0.61621981859207153
vn 0.99991798400878906 0.0054497756063938141 0.011590395122766495
vn 0.99991798400878906 0.0054497756063938141 0.011590395122766495
vn 0.99991798400878906 0.0054497756063938141 0.011590395122766495
vn -0.034489855170249939 -0.51371181011199951 0.857269287109375
vn -0.034489855170249939 -0.51371181011199951 0.857269287109375
vn -0.034489855170249939 -0.51371181011199951 0.857269287109375
vn 0.40100193023681641 -0.011055584996938705 -0.91601049900054932
vn 0.40100193023681641 -0.011055584996938705 -0.91601049900054932
vn 0.40100193023681641 -0.011055584996938705 -0.91601049900054932
vn -0.40203964710235596 -0.21434217691421509 0.89018064737319946
vn -0.40203964710235596 -0.21434217691421509 0.89018064737319946
vn -0.40203964710235596 -0.21434217691421509 0.89018064737319946
vn -0.50001060962677002 -0.24893799424171448 0.82946926355361938
vn -0.50001060962677002 -0.24893799424171448 0.82946926355361938
vn -0.50001060962677002 -0.24893799424171448 0.82946926355361938
vn -0.94534605741500854 -0.29505547881126404 -0.13879154622554779
vn -0.94534605741500854 -0.29505547881126404 -0.13879154622554779
vn -0.94534605741500854 -0.29505547881126404 -0.13879154622554779
vn 0.91168004274368286 -0.36718955636024475 0.18442174792289734
vn 0.91168004274368286 -0.36718955636024475 0.18442174792289734
vn 0.91168004274368286 -0.36718955636024475 0.18442174792289734
vn 0.89460641145706177 0.032585524022579193 -0.44566532969474792
vn 0.89460641145706177 0.032585524022579193 -0.44566532969474792
vn 0.89460641145706177 0.032585524022579193 -0.44566532969474792
vn 0.86876749992370605 -0.26457872986793518 0.41861817240715027
vn 0.86876749992370605 -0.26457872986793518 0.41861817240715027
vn 0.86876749992370605 -0.26457872986793518 0.41861817240715027
vn -0.22850888967514038 0.063952311873435974 -0.97143900394439697
vn -0.22850888967514038 0.063952311873435974 -0.97143900394439697
vn -0.22850888967514038 0.063952311873435974 -0.97143900394439697
vn -0.76057374477386475 0.58130156993865967 0.28916439414024353
vn -0.76057374477386475 0.58130156993865967 0.28916439414024353
vn -0.76057374477386475 0.58130156993865967 0.28916439414024353
vn 0.95247083902359009 -0.30422896146774292 -0.015623082406818867
vn 0.95247083902359009 -0.30422896146774292 -0.015623082406818867
vn 0.95247083902359009 -0.30422896146774292 -0.015623082406818867
vn 0.13297519087791443 -0.33227697014808655 0.93376100063323975
vn 0.13297519087791443 -0.33227697014808655 0.93376100063323975
vn 0.13297519087791443 -0.33227697014808655 0.93376100063323975
vn 0.70276725292205811 -0.13440605998039246 0.69860804080963135
vn 0.70276725292205811 -0.13440605998039246 0.69860804080963135
vn 0.70276725292205811 -0.13440605998039246 0.69860804080963135
vn -0.70856112241744995 0.11474461108446121 -0.69625771045684814
vn -0.70856112241744995 0.11474461108446121 -0.69625771045684814
vn -0.70856112241744995 0.11474461108446121 -0.69625771045684814
vn -0.99721246957778931 -0.0041382526978850365 -0.074499152600765228
vn -0.99721246957778931 -0.0041382526978850365 -0.074499152600765228
vn -0.99721246957778931 -0.0041382526978850365 -0.074499152600765228
vn 0.90721368789672852 0.22947245836257935 -0.35257014632225037
vn 0.90721368789672852 0.22947245836257935 -0.35257014632225037
vn 0.90721368789672852 0.22947245836257935 -0.35257014632225037
vn -0.85721439123153687 0.34619748592376709 -0.38122275471687317
vn -0.85721439123153687 0.34619748592376709 -0.38122275471687317
vn -0.85721439123153687 0.34619748592376709 -0.38122275471687317
vn 0.2341558039188385 0.86595785617828369 0.44191405177116394
vn 0.2341558039188385 0.86595785617828369 0.44191405177116394
vn 0.2341558039188385 0.86595785617828369 0.44191405177116394
vn 0.26800000667572021 -0.12617969512939453 0.9551202654838562
vn 0.26800000667572021 -0.12617969512939453 0.9551202654838562
vn 0.26800000667572021 -0.12617969512939453 0.9551202654838562
vn 0.59341847896575928 0.52279579639434814 0.61199599504470825
vn 0.59341847896575928 0.52279579639434814 0.61199599504470825
vn 0.59341847896575928 0.52279579639434814 0.61199599504470825
vn 0.27724450826644897 -0.14327545464038849 0.95005661249160767
vn 0.27724450826644897 -0.14327545464038849 0.95005661249160767
vn 0.27724450826644897 -0.14327545464038849 0.95005661249160767
vn -0.74229890108108521 0.082326747477054596 -0.66499221324920654
vn -0.74229890108108521 0.082326747477054596 -0.66499221324920654
vn -0.74229890108108521 0.082326747477054596 -0.66499221324920654
vn -0.19806553423404694 0.18480296432971954 -0.96260994672775269
vn -0.19806553423404694 0.18480296432971954 -0.96260994672775269
vn -0.19806553423404694 0.18480296432971954 -0.96260994672775269
vn 0.32639586925506592 -0.39665940403938293 -0.8579784631729126
vn 0.32639586925506592 -0.39665940403938293 -0.8579784631729126
vn 0.32639586925506592 -0.39665940403938293 -0.8579784631729126
vn 0.081771783530712128 0.54774749279022217 0.83263802528381348
vn 0.081771783530712128 0.54774749279022217 0.83263802528381348
vn 0.081771783530712128 0.54774749279022217 0.83263802528381348
vn 0.27647128701210022 -0.87271219491958618 -0.40241411328315735
vn 0.27647128701210022 -0.87271219491958618 -0.40241411328315735
vn 0.27647128701210022 -0.87271219491958618 -0.40241411328315735
vn -0.14260657131671906 0.081017382442951202 -0.98645806312561035
vn -0.14260657131671906 0.081017382442951202 -0.98645806312561035
vn -0.14260657131671906 0.081017382442951202 -0.98645806312561035
vn 0.16735552251338959 -0.35569664835929871 -0.91949552297592163
vn 0.16735552251338959 -0.35569664835929871 -0.91949552297592163
vn 0.16735552251338959 -0.35569664835929871 -0.91949552297592163
vn -0.94360929727554321 0.046989820897579193 -0.32770934700965881
vn -0.94360929727554321 0.046989820897579193 -0.32770934700965881
vn -0.94360929727554321 0.046989820897579193 -0.32770934700965881
vn -0.52718925476074219 -0.62344855070114136 0.57739365100860596
vn -0.52718925476074219 -0.62344855070114136 0.57739365100860596
vn -0.52718925476074219 -0.62344855070114136 0.57739365100860596
vn 0.5405573844909668 -0.020386405289173126 -0.8410601019859314
vn 0.5405573844909668 -0.020386405289173126 -0.8410601019859314
vn 0.5405573844909668 -0.020386405289173126 -0.8410601019859314
vn 0.19779019057750702 0.15653343498706818 0.96766537427902222
vn 0.19779019057750702 0.15653343498706818 0.96766537427902222
vn 0.19779019057750702 0.15653343498706818 0.96766537427902222
vn 0.71761208772659302 0.052259422838687897 0.69447952508926392
vn 0.71761208772659302 0.052259422838687897 0.69447952508926392
vn 0.71761208772659302 0.052259422838687897 0.69447952508926392
vn 0.85388481616973877 0.47721168398857117 -0.20772512257099152
vn 0.85388481616973877 0.47721168398857117 -0.20772512257099152
vn 0.85388481616973877 0.47721168398857117 -0.20772512257099152
vn 0.11428491771221161 -0.13716684281826019 -0.98393303155899048
vn 0.11428491771221161 -0.13716684281826019 -0.98393303155899048
vn 0.11428491771221161 -0.13716684281826019 -0.98393303155899048
vn -0.34560728073120117 0.30566239356994629 -0.88720124959945679
vn -0.34560728073120117 0.30566239356994629 -0.88720124959945679
vn -0.34560728073120117 0.30566239356994629 -0.88720124959945679
vn 0.93995440006256104 -0.24887911975383759 0.23354862630367279
vn 0.93995440006256104 -0.24887911975383759 0.23354862630367279
vn 0.93995440006256104 -0.24887911975383759 0.23354862630367279
vn -0.86586642265319824 0.041074972599744797 0.49858620762825012
vn -0.86586642265319824 0.041074972599744797 0.49858620762825012
vn -0.86586642265319824 0.041074972599744797 0.49858620762825012
vn 0.11440221220254898 0.050808444619178772 0.99213439226150513
vn 0.11440221220254898 0.050808444619178772 0.99213439226150513
vn 0.11440221220254898 0.050808444619178772 0.99213439226150513
vn 0.026445390656590462 -0.15847873687744141 0.98700815439224243
vn 0.026445390656590462 -0.15847873687744141 0.98700815439224243
vn 0.026445390656590462 -0.15847873687744141 0.98700815439224243
vn 0.8433271050453186 -0.064670026302337646 0.53349530696868896
vn 0.8433271050453186 -0.064670026302337646 0.53349530696868896
vn 0.8433271050453186 -0.064670026302337646 0.53349530696868896
vn -0.68441426753997803 -0.26178315281867981 -0.68047535419464111
vn -0.68441426753997803 -0.26178315281867981 -0.68047535419464111
vn -0.68441426753997803 -0.26178315281867981 -0.68047535419464111
vn -0.19983687996864319 -0.15480658411979675 -0.96752268075942993
vn -0.19983687996864319 -0.15480658411979675 -0.96752268075942993
vn -0.19983687996864319 -0.15480658411979675 -0.96752268075942993
vn -0.53461837768554688 -0.10310056805610657 0.83878093957901001
vn -0.53461837768554688 -0.10310056805610657 0.83878093957901001
vn -0.53461837768554688 -0.10310056805610657 0.83878093957901001
vn -0.44340741634368896 -0.87116432189941406 0.21086147427558899
vn -0.44340741634368896 -0.87116432189941406 0.21086147427558899
vn -0.44340741634368896 -0.87116432189941406 0.21086147427558899
vn 0.75814634561538696 0.40862542390823364 0.50817257165908813
vn 0.75814634561538696 0.40862542390823364 0.50817257165908813
vn 0.75814634561538696 0.40862542390823364 0.50817257165908813
vn 0.83574306964874268 0.087222307920455933 0.54214924573898315
vn 0.83574306964874268 0.087222307920455933 0.54214924573898315
vn 0.83574306964874268 0.087222307920455933 0.54214924573898315
vn 0.30852216482162476 0.092566348612308502 -0.94670248031616211
vn 0.30852216482162476 0.092566348612308502 -0.94670248031616211
vn 0.30852216482162476 0.092566348612308502 -0.94670248031616211
vn 0.84666383266448975 -0.34461721777915955 -0.40546181797981262
vn 0.84666383266448975 -0.34461721777915955 -0.40546181797981262
vn 0.84666383266448975 -0.34461721777915955 -0.40546181797981262
vn 0.77169537544250488 0.17367531359195709 -0.61181950569152832
vn 0.77169537544250488 0.17367531359195709 -0.61181950569152832
vn 0.77169537544250488 0.17367531359195709 -0.61181950569152832
vn 0.96276587247848511 -0.11916312575340271 -0.24265624582767487
vn 0.96276587247848511 -0.11916312575340271 -0.24265624582767487
vn 0.96276587247848511 -0.11916312575340271 -0.24265624582767487
vn -0.82321161031723022 0.48534655570983887 -0.29455283284187317
vn -0.82321161031723022 0.48534655570983887 -0.29455283284187317
vn -0.82321161031723022 0.48534655570983887 -0.29455283284187317
vn -0.62491202354431152 0.45709401369094849 -0.63289022445678711
vn -0.62491202354431152 0.45709401369094849 -0.63289022445678711
vn -0.62491202354431152 0.45709401369094849 -0.63289022445678711
vn -0.92895787954330444 -0.32423290610313416 0.1786346435546875
vn -0.92895787954330444 -0.32423290610313416 0.1786346435546875
vn -0.92895787954330444 -0.32423290610313416 0.1786346435546875
vn -0.9573284387588501 0.27675101161003113 -0.083253473043441772
vn -0.9573284387588501 0.27675101161003113 -0.083253473043441772
vn -0.9573284387588501 0.27675101161003113 -0.083253473043441772
vn 0.27981582283973694 -0.30645588040351868 -0.90982848405838013
vn 0.27981582283973694 -0.30645588040351868 -0.90982848405838013
vn 0.27981582283973694 -0.30645588040351868 -0.90982848405838013
vn -0.5182877779006958 0.16577140986919403 -0.83898603916168213
vn -0.5182877779006958 0.16577140986919403 -0.83898603916168213
vn -0.5182877779006958 0.16577140986919403 -0.83898603916168213
vn -0.84143078327178955 -0.26831293106079102 -0.46904414892196655
vn -0.84143078327178955 -0.26831293106079102 -0.46904414892196655
vn -0.84143078327178955 -0.26831293106079102 -0.46904414892196655
vn -0.12635207176208496 0.89321112632751465 -0.43151944875717163
vn -0.12635207176208496 0.89321112632751465 -0.43151944875717163
vn -0.12635207176208496 0.89321112632751465 -0.43151944875717163
vn -0.68780219554901123 0.28255710005760193 0.66864758729934692
vn -0.68780219554901123 0.28255710005760193 0.66864758729934692
vn -0.68780219554901123 0.28255710005760193 0.66864758729934692
vn 0.8868439793586731 0.39662206172943115 -0.23706264793872833
vn 0.8868439793586731 0.39662206172943115 -0.23706264793872833
vn 0.8868439793586731 0.39662206172943115 -0.23706264793872833
vn 0.020102424547076225 -0.95094150304794312 -0.30871695280075073
vn 0.020102424547076225 -0.95094150304794312 -0.30871695280075073
vn 0.020102424547076225 -0.95094150304794312 -0.30871695280075073
vn -0.21104452013969421 -0.55491173267364502 0.80469447374343872
vn -0.21104452013969421 -0.55491173267364502 0.80469447374343872
vn -0.21104452013969421 -0.55491173267364502 0.80469447374343872
vn -0.98455262184143066 0.13047313690185547 0.11676014959812164
vn -0.98455262184143066 0.13047313690185547 0.11676014959812164
vn -0.98455262184143066 0.13047313690185547 0.11676014959812164
vn -0.7520720362663269 0.10386981070041656 0.65084463357925415
vn -0.7520720362663269 0.10386981070041656 0.65084463357925415
vn -0.7520720362663269 0.10386981070041656 0.65084463357925415
vn 0.78238081932067871 -0.085569046437740326 0.61689400672912598
vn 0.78238081932067871 -0.085569046437740326 0.61689400672912598
vn 0.78238081932067871 -0.085569046437740326 0.61689400672912598
vn 0.91155487298965454 -0.23660878837108612 0.33627957105636597
vn 0.91155487298965454 -0.23660878837108612 0.33627957105636597
vn 0.91155487298965454 -0.23660878837108612 0.33627957105636597
vn 0.24565032124519348 0.28763201832771301 -0.92570173740386963
vn 0.24565032124519348 0.28763201832771301 -0.92570173740386963
vn 0.24565032124519348 0.28763201832771301 -0.92570173740386963
vn 0.49073019623756409 0.64385402202606201 -0.58705693483352661
vn 0.49073019623756409 0.64385402202606201 -0.58705693483352661
vn 0.49073019623756409 0.64385402202606201 -0.58705693483352661
vn -0.2451452910900116 0.35485619306564331 -0.90220886468887329
vn -0.2451452910900116 0.35485619306564331 -0.90220886468887329
vn -0.2451452910900116 0.35485619306564331 -0.90220886468887329
vn -0.13609927892684937 0.82502686977386475 -0.54845935106277466
vn -0.13609927892684937 0.82502686977386475 -0.54845935106277466
vn -0.13609927892684937 0.82502686977386475 -0.54845935106277466
vn -0.073592759668827057 0.081555463373661041 0.99394810199737549
vn -0.073592759668827057 0.081555463373661041 0.99394810199737549
vn -0.073592759668827057 0.081555463373661041 0.99394810199737549
vn 0.02269306592643261 -0.26467850804328918 0.964069664478302
vn 0.02269306592643261 -0.26467850804328918 0.964069664478302
vn 0.02269306592643261 -0.26467850804328918 0.964069664478302
vn -0.46501350402832031 0.56945657730102539 0.67785078287124634
vn -0.46501350402832031 0.56945657730102539 0.67785078287124634
vn -0.46501350402832031 0.56945657730102539 0.67785078287124634
vn -0.48886692523956299 0.78983700275421143 0.37036013603210449
vn -0.48886692523956299 0.78983700275421143 0.37036013603210449
vn -0.48886692523956299 0.78983700275421143 0.37036013603210449
vn 0.70872557163238525 0.66153305768966675 0.24511642754077911
vn 0.70872557163238525 0.66153305768966675 0.24511642754077911
vn 0.70872557163238525 0.66153305768966675 0.24511642754077911
vn 0.99078148603439331 -0.023883836343884468 -0.13334758579730988
vn 0.99078148603439331 -0.023883836343884468 -0.13334758579730988
vn 0.99078148603439331 -0.023883836343884468 -0.13334758579730988
vn 0.13295772671699524 0.98938935995101929 -0.05857376754283905
vn 0.13295772671699524 0.98938935995101929 -0.05857376754283905
vn 0.13295772671699524 0.98938935995101929 -0.05857376754283905
vn -0.86998212337493896 0.11423975229263306 -0.47966697812080383
vn -0.86998212337493896 0.11423975229263306 -0.47966697812080383
vn -0.86998212337493896 0.11423975229263306 -0.47966697812080383
vn 0.16429382562637329 -0.78062403202056885 0.60302042961120605
vn 0.16429382562637329 -0.78062403202056885 0.60302042961120605
vn 0.16429382562637329 -0.78062403202056885 0.60302042961120605
vn -0.64986908435821533 -0.74771380424499512 0.13636067509651184
vn -0.64986908435821533 -0.74771380424499512 0.13636067509651184
vn -0.64986908435821533 -0.74771380424499512 0.13636067509651184
vn 0.41650077700614929 0.8306586742401123 -0.36950406432151794
vn 0.41650077700614929 0.8306586742401123 -0.36950406432151794
vn 0.41650077700614929 0.8306586742401123 -0.36950406432151794
vn 0.65261560678482056 -0.69014924764633179 -0.31270900368690491
vn 0.65261560678482056 -0.69014924764633179 -0.31270900368690491
vn 0.65261560678482056 -0.69014924764633179 -0.31270900368690491
vn -0.50791347026824951 0.10773542523384094 -0.85464435815811157
vn -0.50791347026824951 0.10773542523384094 -0.85464435815811157
vn -0.50791347026824951 0.10773542523384094 -0.85464435815811157
vn -0.71367919445037842 0.15592630207538605 -0.68289750814437866
vn -0.71367919445037842 0.15592630207538605 -0.68289750814437866
vn -0.71367919445037842 0.15592630207538605 -0.68289750814437866
vn -0.99660980701446533 0.080435305833816528 0.017294593155384064
vn -0.99660980701446533 0.080435305833816528 0.017294593155384064
vn -0.99660980701446533 0.080435305833816528 0.017294593155384064
vn -0.16721859574317932 0.070511117577552795 -0.98339521884918213
vn -0.16721859574317932 0.070511117577552795 -0.98339521884918213
vn -0.16721859574317932 0.070511117577552795 -0.98339521884918213
vn -0.8160557746887207 -0.33004432916641235 -0.4744720458984375
vn -0.8160557746887207 -0.33004432916641235 -0.4744720458984375
vn -0.8160557746887207 -0.33004432916641235 -0.4744720458984375
vn 0.39963087439537048 -0.78366196155548096 -0.47557243704795837
vn 0.39963087439537048 -0.78366196155548096 -0.47557243704795837
vn 0.39963087439537048 -0.78366196155548096 -0.47557243704795837
vn -0.52343583106994629 0.16686750948429108 -0.83556580543518066
vn -0.52343583106994629 0.16686750948429108 -0.83556580543518066
vn -0.52343583106994629 0.16686750948429108 -0.83556580543518066
vn -0.31870493292808533 -0.043949451297521591 0.9468345046043396
vn -0.31870493292808533 -0.043949451297521591 0.9468345046043396
vn -0.31870493292808533 -0.043949451297521591 0.9468345046043396
vn -0.11372487246990204 0.071383826434612274 0.990944504737854
vn -0.11372487246990204 0.071383826434612274 0.990944504737854
vn -0.11372487246990204 0.071383826434612274 0.990944504737854
vn -0.87344449758529663 0.107725590467453 -0.47485771775245667
vn -0.87344449758529663 0.107725590467453 -0.47485771775245667
vn -0.87344449758529663 0.107725590467453 -0.47485771775245667
vn -0.72500485181808472 -0.68677252531051636 -0.052071712911128998
vn -0.72500485181808472 -0.68677252531051636 -0.052071712911128998
vn -0.72500485181808472 -0.68677252531051636 -0.052071712911128998
vn 0.76660555601119995 0.0085190702229738235 0.64206182956695557
vn 0.76660555601119995 0.0085190702229738235 0.64206182956695557
vn 0.76660555601119995 0.0085190702229738235 0.64206182956695557
vn 0.20982404053211212 -0.3824581503868103 0.89983314275741577
vn 0.20982404053211212 -0.3824581503868103 0.89983314275741577
vn 0.20982404053211212 -0.3824581503868103 0.89983314275741577
vn 0.5702369213104248 0.55670201778411865 -0.60408008098602295
vn 0.5702369213104248 0.55670201778411865 -0.60408008098602295
vn 0.5702369213104248 0.55670201778411865 -0.60408008098602295
vn 0.44097724556922913 0.54416358470916748 0.71374022960662842
vn 0.44097724556922913 0.54416358470916748 0.71374022960662842
vn 0.44097724556922913 0.54416358470916748 0.71374022960662842
vn 0.72866255044937134 -0.011465964838862419 0.6847769021987915
vn 0.72866255044937134 -0.011465964838862419 0.6847769021987915
vn 0.72866255044937134 -0.011465964838862419 0.6847769021987915
vn 0.57693403959274292 0.22976364195346832 0.78380852937698364
vn 0.57693403959274292 0.22976364195346832 0.78380852937698364
vn 0.57693403959274292 0.22976364195346832 0.78380852937698364
vn 0.79580885171890259 0.33532354235649109 0.50422853231430054
vn 0.79580885171890259 0.33532354235649109 0.50422853231430054
vn 0.79580885171890259 0.33532354235649109 0.50422853231430054
vn 0.13079835474491119 -0.10828579962253571 0.9854775071144104
vn 0.13079835474491119 -0.10828579962253571 0.9854775071144104
vn 0.13079835474491119 -0.10828579962253571 0.9854775071144104
vn 0.24812214076519012 -0.35248297452926636 -0.90232539176940918
vn 0.24812214076519012 -0.35248297452926636 -0.90232539176940918
vn 0.24812214076519012 -0.35248297452926636 -0.90232539176940918
vn 0.97777575254440308 0.10689182579517365 0.18035727739334106
vn 0.97777575254440308 0.10689182579517365 0.18035727739334106
vn 0.97777575254440308 0.10689182579517365 0.18035727739334106
vn 0.48889309167861938 0.31972751021385193 -0.81163901090621948
vn 0.48889309167861938 0.31972751021385193 -0.81163901090621948
vn 0.48889309167861938 0.31972751021385193 -0.81163901090621948
vn -0.9941750168800354 -0.094527125358581543 -0.051774937659502029
vn -0.9941750168800354 -0.094527125358581543 -0.051774937659502029
vn -0.9941750168800354 -0.094527125358581543 -0.051774937659502029
vn -0.57638776302337646 0.49351575970649719 0.65132123231887817
vn -0.57638776302337646 0.49351575970649719 0.65132123231887817
vn -0.57638776302337646 0.49351575970649719 0.65132123231887817
vn -0.14390526711940765 -0.91213870048522949 0.38378933072090149
vn -0.14390526711940765 -0.91213870048522949 0.38378933072090149
vn -0.14390526711940765 -0.91213870048522949 0.38378933072090149
vn 0.32250380516052246 0.41429758071899414 -0.85108685493469238
vn 0.32250380516052246 0.41429758071899414 -0.85108685493469238
vn 0.32250380516052246 0.41429758071899414 -0.85108685493469238
vn 0.54144227504730225 0.18373899161815643 -0.82041466236114502
vn 0.54144227504730225 0.18373899161815643 -0.82041466236114502
vn 0.54144227504730225 0.18373899161815643 -0.82041466236114502
vn 0.23321773111820221 0.47381791472434998 -0.84917962551116943
vn 0.23321773111820221 0.47381791472434998 -0.84917962551116943
vn 0.23321773111820221 0.47381791472434998 -0.84917962551116943
vn 0.70031791925430298 -0.14589899778366089 -0.69876199960708618
vn 0.70031791925430298 -0.14589899778366089 -0.69876199960708618
vn 0.70031791925430298 -0.14589899778366089 -0.69876199960708618
vn 0.49308153986930847 0.17172950506210327 0.85286551713943481
vn 0.49308153986930847 0.17172950506210327 0.85286551713943481
vn 0.49308153986930847 0.17172950506210327 0.85286551713943481
vn -0.0012741462560370564 0.87610793113708496 0.4821133017539978
vn -0.0012741462560370564 0.87610793113708496 0.4821133017539978
vn -0.0012741462560370564 0.87610793113708496 0.4821133017539978
vn -0.22702804207801819 -0.96040803194046021 -0.16147668659687042
vn -0.22702804207801819 -0.96040803194046021 -0.16147668659687042
vn -0.22702804207801819 -0.96040803194046021 -0.16147668659687042
vn -0.87582969665527344 0.037112738937139511 -0.48119118809700012
vn -0.87582969665527344 0.037112738937139511 -0.48119118809700012
vn -0.87582969665527344 0.037112738937139511 -0.48119118809700012
vn -0.56405854225158691 0.35444933176040649 -0.74579060077667236
vn -0.56405854225158691 0.35444933176040649 -0.74579060077667236
vn -0.56405854225158691 0.35444933176040649 -0.74579060077667236
vn 0.92184937000274658 0.022636132314801216 -0.38688674569129944
vn 0.92184937000274658 0.022636132314801216 -0.38688674569129944
vn 0.92184937000274658 0.022636132314801216 -0.38688674569129944
vn 0.70104223489761353 0.022448673844337463 -0.71276634931564331
vn 0.70104223489761353 0.022448673844337463 -0.71276634931564331
vn 0.70104223489761353 0.022448673844337463 -0.71276634931564331
vn -0.45215436816215515 0.17448617517948151 0.8747062087059021
vn -0.45215436816215515 0.17448617517948151 0.8747062087059021
vn -0.45215436816215515 0.17448617517948151 0.8747062087059021
vn -0.94260531663894653 0.090103700757026672 0.32152214646339417
vn -0.94260531663894653 0.090103700757026672 0.32152214646339417
vn -0.94260531663894653 0.090103700757026672 0.32152214646339417
vn -0.57260435819625854 0.057341832667589188 -0.81782400608062744
vn -0.57260435819625854 0.057341832667589188 -0.81782400608062744
vn -0.57260435819625854 0.057341832667589188 -0.81782400608062744
vn -0.56860494613647461 0.11548273265361786 -0.81446433067321777
vn -0.56860494613647461 0.11548273265361786 -0.81446433067321777
vn -0.56860494613647461 0.11548273265361786 -0.81446433067321777
vn 0.94832742214202881 0.28406572341918945 0.14135688543319702
vn 0.94832742214202881 0.28406572341918945 0.14135688543319702
vn 0.94832742214202881 0.28406572341918945 0.14135688543319702
vn 0.13739065825939178 0.018954651430249214 -0.99033558368682861
vn 0.13739065825939178 0.018954651430249214 -0.99033558368682861
vn 0.13739065825939178 0.018954651430249214 -0.99033558368682861
vn -0.80751001834869385 0.34500256180763245 0.47843578457832336
vn -0.80751001834869385 0.34500256180763245 0.47843578457832336
vn -0.80751001834869385 0.34500256180763245 0.47843578457832336
vn -0.35470139980316162 0.077549219131469727 0.93175804615020752
vn -0.35470139980316162 0.077549219131469727 0.93175804615020752
vn -0.35470139980316162 0.077549219131469727 0.93175804615020752
vn -0.89041686058044434 -0.034706305712461472 0.45382076501846313
vn -0.89041686058044434 -0.034706305712461472 0.45382076501846313
vn -0.89041686058044434 -0.034706305712461472 0.45382076501846313
vn -0.7228512167930603 -0.14098294079303741 0.67646872997283936
vn -0.7228512167930603 -0.14098294079303741 0.67646872997283936
vn -0.7228512167930603 -0.14098294079303741 0.67646872997283936
vn -0.9160119891166687 -0.32970491051673889 -0.22850979864597321
vn -0.9160119891166687 -0.32970491051673889 -0.22850979864597321
vn -0.9160119891166687 -0.32970491051673889 -0.22850979864597321
vn -0.71499389410018921 0.52960968017578125 -0.4563959538936615
vn -0.71499389410018921 0.52960968017578125 -0.4563959538936615
vn -0.71499389410018921 0.52960968017578125 -0.4563959538936615
vn 0.16587558388710022 0.10627192258834839 -0.98040378093719482
vn 0.16587558388710022 0.10627192258834839 -0.98040378093719482
vn 0.16587558388710022 0.10627192258834839 -0.98040378093719482
vn 0.59189850091934204 -0.24696135520935059 0.76724588871002197
vn 0.59189850091934204 -0.24696135520935059 0.76724588871002197
vn 0.59189850091934204 -0.24696135520935059 0.76724588871002197
vn -0.82027208805084229 0.32614195346832275 -0.46987777948379517
vn -0.82027208805084229 0.32614195346832275 -0.46987777948379517
vn -0.82027208805084229 0.32614195346832275 -0.46987777948379517
vn 0.79919886589050293 -0.24997462332248688 -0.54662042856216431
vn 0.79919886589050293 -0.24997462332248688 -0.54662042856216431
vn 0.79919886589050293 -0.24997462332248688 -0.54662042856216431
vn 0.95236623287200928 -0.2989240288734436 0.060356896370649338
vn 0.95236623287200928 -0.2989240288734436 0.060356896370649338
vn 0.95236623287200928 -0.2989240288734436 0.060356896370649338
vn -0.55049854516983032 -0.14316557347774506 0.82246881723403931
vn -0.55049854516983032 -0.14316557347774506 0.82246881723403931
vn -0.55049854516983032 -0.14316557347774506 0.82246881723403931
vn 0.9892735481262207 0.14558547735214233 0.011947746388614178
vn 0.9892735481262207 0.14558547735214233 0.011947746388614178
vn 0.9892735481262207 0.14558547735214233 0.011947746388614178
vn 0.56730782985687256 0.36349186301231384 -0.73894214630126953
vn 0.56730782985687256 0.36349186301231384 -0.73894214630126953
vn 0.56730782985687256 0.36349186301231384 -0.73894214630126953
vn 0.41230881214141846 0.36452430486679077 -0.83493918180465698
vn 0.41230881214141846 0.36452430486679077 -0.83493918180465698
vn 0.41230881214141846 0.36452430486679077 -0.83493918180465698
vn -0.39002299308776855 -0.0092723891139030457 0.92075842618942261
vn -0.39002299308776855 -0.0092723891139030457 0.92075842618942261
vn -0.39002299308776855 -0.0092723891139030457 0.92075842618942261
vn 0.85281747579574585 0.12797699868679047 0.50628471374511719
vn 0.85281747579574585 0.12797699868679047 0.50628471374511719
vn 0.85281747579574585 0.12797699868679047 0.50628471374511719
vn -0.84617161750793457 -0.26532655954360962 -0.46216383576393127
vn -0.84617161750793457 -0.26532655954360962 -0.46216383576393127
vn -0.84617161750793457 -0.26532655954360962 -0.46216383576393127
vn -0.41778114438056946 -0.90682613849639893 0.055903863161802292
vn -0.41778114438056946 -0.90682613849639893 0.055903863161802292
vn -0.41778114438056946 -0.90682613849639893 0.055903863161802292
vn -0.81483471393585205 -0.34275659918785095 0.46750646829605103
vn -0.81483471393585205 -0.34275659918785095 0.46750646829605103
vn -0.81483471393585205 -0.34275659918785095 0.46750646829605103
vn 0.3344513475894928 -0.14194774627685547 0.93166148662567139
vn 0.3344513475894928 -0.14194774627685547 0.93166148662567139
vn 0.3344513475894928 -0.14194774627685547 0.93166148662567139
vn -0.95100909471511841 -0.18800924718379974 0.24542662501335144
vn -0.95100909471511841 -0.18800924718379974 0.24542662501335144
vn -0.95100909471511841 -0.18800924718379974 0.24542662501335144
vn 0.69133913516998291 -0.45605021715164185 -0.56041806936264038
vn 0.69133913516998291 -0.45605021715164185 -0.56041806936264038
vn 0.69133913516998291 -0.45605021715164185 -0.56041806936264038
vn 0.3262430727481842 -0.80194079875946045 -0.50045621395111084
vn 0.3262430727481842 -0.80194079875946045 -0.50045621395111084
vn 0.3262430727481842 -0.80194079875946045 -0.50045621395111084
vn 0.58822596073150635 -0.53792691230773926 -0.60384172201156616
vn 0.58822596073150635 -0.53792691230773926 -0.60384172201156616
vn 0.58822596073150635 -0.53792691230773926 -0.60384172201156616
vn 0.8041762113571167 -0.50670504570007324 0.31072595715522766
vn 0.8041762113571167 -0.50670504570007324 0.31072595715522766
vn 0.8041762113571167 -0.50670504570007324 0.31072595715522766
vn 0.82563823461532593 0.45508462190628052 0.3334958553314209
vn 0.82563823461532593 0.45508462190628052 0.3334958553314209
vn 0.82563823461532593 0.45508462190628052 0.3334958553314209
vn 0.83329039812088013 0.04716341570019722 -0.550819993019104
vn 0.83329039812088013 0.04716341570019722 -0.550819993019104
vn 0.83329039812088013 0.04716341570019722 -0.550819993019104
vn 0.3327750563621521 -0.58725196123123169 0.73783189058303833
vn 0.3327750563621521 -0.58725196123123169 0.73783189058303833
vn 0.3327750563621521 -0.58725196123123169 0.73783189058303833
vn 0.13773410022258759 0.25117620825767517 0.95809179544448853
vn 0.13773410022258759 0.25117620825767517 0.95809179544448853
vn 0.13773410022258759 0.25117620825767517 0.95809179544448853
vn 0.42018938064575195 0.1616767942905426 0.89291739463806152
vn 0.42018938064575195 0.1616767942905426 0.89291739463806152
vn 0.42018938064575195 0.1616767942905426 0.89291739463806152
vn 0.82561087608337402 0.21940246224403381 0.51983582973480225
vn 0.82561087608337402 0.21940246224403381 0.51983582973480225
vn 0.82561087608337402 0.21940246224403381 0.51983582973480225
vn 0.88497662544250488 -0.22877207398414612 -0.40556097030639648
vn 0.88497662544250488 -0.22877207398414612 -0.40556097030639648
vn 0.88497662544250488 -0.22877207398414612 -0.40556097030639648
vn -0.41763538122177124 0.024195535108447075 0.90829247236251831
vn -0.41763538122177124 0.024195535108447075 0.90829247236251831
vn -0.41763538122177124 0.024195535108447075 0.90829247236251831
vn -0.83107692003250122 0.35287627577781677 -0.42987149953842163
vn -0.83107692003250122 0.35287627577781677 -0.42987149953842163
vn -0.83107692003250122 0.35287627577781677 -0.42987149953842163
vn -0.99252700805664062 0.12160768359899521 0.010085255838930607
vn -0.99252700805664062 0.12160768359899521 0.010085255838930607
vn -0.99252700805664062 0.12160768359899521 0.010085255838930607
vn -0.69785118103027344 -0.67935168743133545 0.22690299153327942
vn -0.69785118103027344 -0.67935168743133545 0.22690299153327942
vn -0.69785118103027344 -0.67935168743133545 0.22690299153327942
vn -0.94080168008804321 -0.30656686425209045 0.14459937810897827
vn -0.94080168008804321 -0.30656686425209045 0.14459937810897827
vn -0.94080168008804321 -0.30656686425209045 0.14459937810897827
vn -0.97147172689437866 -0.0084765078499913216 0.23700396716594696
vn -0.97147172689437866 -0.0084765078499913216 0.23700396716594696
vn -0.97147172689437866 -0.0084765078499913216 0.23700396716594696
vn 0.38261416554450989 0.65125161409378052 -0.65534549951553345
vn 0.38261416554450989 0.65125161409378052 -0.65534549951553345
vn 0.38261416554450989 0.65125161409378052 -0.65534549951553345
vn -0.43805128335952759 0.89818024635314941 -0.037192903459072113
vn -0.43805128335952759 0.89818024635314941 -0.037192903459072113
vn -0.43805128335952759 0.89818024635314941 -0.037192903459072113
vn 0.54167664051055908 -0.1377226859331131 0.82922786474227905
vn 0.54167664051055908 -0.1377226859331131 0.82922786474227905
vn 0.54167664051055908 -0.1377226859331131 0.82922786474227905
vn -0.72273457050323486 0.43371498584747314 0.53809481859207153
vn -0.72273457050323486 0.43371498584747314 0.53809481859207153
vn -0.72273457050323486 0.43371498584747314 0.53809481859207153
vn 0.48939827084541321 0.10577109456062317 0.86562222242355347
vn 0.48939827084541321 0.10577109456062317 0.86562222242355347
vn 0.48939827084541321 0.10577109456062317 0.86562222242355347
vn 0.98902440071105957 0.12527233362197876 -0.078342996537685394
vn 0.98902440071105957 0.12527233362197876 -0.078342996537685394
vn 0.98902440071105957 0.12527233362197876 -0.078342996537685394
vn 0.96096134185791016 -0.27512446045875549 0.029323022812604904
vn 0.96096134185791016 -0.27512446045875549 0.029323022812604904
vn 0.96096134185791016 -0.27512446045875549 0.029323022812604904
vn 0.27006077766418457 0.94411802291870117 -0.1889665424823761
vn 0.27006077766418457 0.94411802291870117 -0.1889665424823761
vn 0.27006077766418457 0.94411802291870117 -0.1889665424823761
vn -0.68165087699890137 -0.20768529176712036 -0.7015831470489502
vn -0.68165087699890137 -0.20768529176712036 -0.7015831470489502
vn -0.68165087699890137 -0.20768529176712036 -0.7015831470489502
vn -0.35884597897529602 0.10250388085842133 -0.92775130271911621
vn -0.35884597897529602 0.10250388085842133 -0.92775130271911621
vn -0.35884597897529602 0.10250388085842133 -0.92775130271911621
vn 0.46088859438896179 0.27734941244125366 0.8430059552192688
vn 0.46088859438896179 0.27734941244125366 0.8430059552192688
vn 0.46088859438896179 0.27734941244125366 0.8430059552192688
vn 0.62348353862762451 -0.18171954154968262 0.76042509078979492
vn 0.62348353862762451 -0.18171954154968262 0.76042509078979492
vn 0.62348353862762451 -0.18171954154968262 0.76042509078979492
vn 0.53876352310180664 0.27070334553718567 0.79778039455413818
vn 0.53876352310180664 0.27070334553718567 0.79778039455413818
vn 0.53876352310180664 0.27070334553718567 0.79778039455413818
vn 0.30321449041366577 -0.029636552557349205 0.9524613618850708
vn 0.30321449041366577 -0.029636552557349205 0.9524613618850708
vn 0.30321449041366577 -0.029636552557349205 0.9524613618850708
vn -0.73961335420608521 -0.021561255678534508 -0.67268657684326172
vn -0.73961335420608521 -0.021561255678534508 -0.67268657684326172
vn -0.73961335420608521 -0.021561255678534508 -0.67268657684326172
vn -0.46073657274246216 -0.30150029063224792 -0.83475708961486816
vn -0.46073657274246216 -0.30150029063224792 -0.83475708961486816
vn -0.46073657274246216 -0.30150029063224792 -0.83475708961486816
vn -0.52604210376739502 -0.093974903225898743 -0.84525048732757568
vn -0.52604210376739502 -0.093974903225898743 -0.84525048732757568
vn -0.52604210376739502 -0.093974903225898743 -0.84525048732757568
vn -0.17063923180103302 -0.074616275727748871 -0.98250430822372437
vn -0.17063923180103302 -0.074616275727748871 -0.98250430822372437
vn -0.17063923180103302 -0.074616275727748871 -0.98250430822372437
vn -0.22898727655410767 -0.05554937943816185 -0.97184312343597412
vn -0.22898727655410767 -0.05554937943816185 -0.97184312343597412
vn -0.22898727655410767 -0.05554937943816185 -0.97184312343597412
vn 0.14686888456344604 -0.029548285529017448 -0.98871451616287231
vn 0.14686888456344604 -0.029548285529017448 -0.98871451616287231
vn 0.14686888456344604 -0.029548285529017448 -0.98871451616287231
vn 0.42261949181556702 0.04294046014547348 0.9052894115447998
vn 0.42261949181556702 0.04294046014547348 0.9052894115447998
vn 0.42261949181556702 0.04294046014547348 0.9052894115447998
vn -0.64101707935333252 0.020434079691767693 0.76725459098815918
vn -0.64101707935333252 0.020434079691767693 0.76725459098815918
vn -0.64101707935333252 0.020434079691767693 0.76725459098815918
vn 0.23961634933948517 -0.31902685761451721 0.91695469617843628
vn 0.23961634933948517 -0.31902685761451721 0.91695469617843628
vn 0.23961634933948517 -0.31902685761451721 0.91695469617843628
vn -0.35439139604568481 -0.89855241775512695 0.25886350870132446
vn -0.35439139604568481 -0.89855241775512695 0.25886350870132446
vn -0.35439139604568481 -0.89855241775512695 0.25886350870132446
vn -0.9414713978767395 -0.085112959146499634 0.32617080211639404
vn -0.9414713978767395 -0.085112959146499634 0.32617080211639404
vn -0.9414713978767395 -0.085112959146499634 0.32617080211639404
vn -0.78517812490463257 -0.25663304328918457 0.56359100341796875
vn -0.78517812490463257 -0.25663304328918457 0.56359100341796875
vn -0.78517812490463257 -0.25663304328918457 0.56359100341796875
vn -0.71834343671798706 -0.62386947870254517 0.3078467845916748
vn -0.71834343671798706 -0.62386947870254517 0.3078467845916748
vn -0.71834343671798706 -0.62386947870254517 0.3078467845916748
vn 0.7707790732383728 -0.61707717180252075 0.15847839415073395
vn 0.7707790732383728 -0.61707717180252075 0.15847839415073395
vn 0.7707790732383728 -0.61707717180252075 0.15847839415073395
vn -0.047045912593603134 0.21584621071815491 -0.97529333829879761
vn -0.047045912593603134 0.21584621071815491 -0.97529333829879761
vn -0.047045912593603134 0.21584621071815491 -0.97529333829879761
vn 0.77953171730041504 -0.16516554355621338 -0.60419422388076782
vn 0.77953171730041504 -0.16516554355621338 -0.60419422388076782
vn 0.77953171730041504 -0.16516554355621338 -0.60419422388076782
vn 0.26540249586105347 0.052216444164514542 -0.96272265911102295
vn 0.26540249586105347 0.052216444164514542 -0.96272265911102295
vn 0.26540249586105347 0.052216444164514542 -0.96272265911102295
vn 0.96487361192703247 0.18791770935058594 -0.18359147012233734
vn 0.96487361192703247 0.18791770935058594 -0.18359147012233734
vn 0.96487361192703247 0.18791770935058594 -0.18359147012233734
vn 0.98343479633331299 0.065013952553272247 -0.16920171678066254
vn 0.98343479633331299 0.065013952553272247 -0.16920171678066254
vn 0.98343479633331299 0.065013952553272247 -0.16920171678066254
vn -0.29217475652694702 -0.94393831491470337 -0.15366949141025543
vn -0.29217475652694702 -0.94393831491470337 -0.15366949141025543
vn -0.29217475652694702 -0.94393831491470337 -0.15366949141025543
vn -0.13934655487537384 -0.98730355501174927 0.076250940561294556
vn -0.13934655487537384 -0.98730355501174927 0.076250940561294556
vn -0.13934655487537384 -0.98730355501174927 0.076250940561294556
vn 0.80103951692581177 0.18160957098007202 0.57039779424667358
vn 0.80103951692581177 0.18160957098007202 0.57039779424667358
vn 0.80103951692581177 0.18160957098007202 0.57039779424667358
vn 0.78750550746917725 -0.051170505583286285 0.61417967081069946
vn 0.78750550746917725 -0.051170505583286285 0.61417967081069946
vn 0.78750550746917725 -0.051170505583286285 0.61417967081069946
vn -0.21227513253688812 -0.52630352973937988 0.82337343692779541
vn -0.21227513253688812 -0.52630352973937988 0.82337343692779541
vn -0.21227513253688812 -0.52630352973937988 0.82337343692779541
vn 0.28813132643699646 -0.87910085916519165 -0.37968668341636658
vn 0.28813132643699646 -0.87910085916519165 -0.37968668341636658
vn 0.28813132643699646 -0.87910085916519165 -0.37968668341636658
vn -0.27202266454696655 -0.35811671614646912 -0.89317190647125244
vn -0.27202266454696655 -0.35811671614646912 -0.89317190647125244
vn -0.27202266454696655 -0.35811671614646912 -0.89317190647125244
vn -0.27649742364883423 0.20697322487831116 -0.93846219778060913
vn -0.27649742364883423 0.20697322487831116 -0.93846219778060913
vn -0.27649742364883423 0.20697322487831116 -0.93846219778060913
vn -0.86405187845230103 0.069228194653987885 -0.49861988425254822
vn -0.86405187845230103 0.069228194653987885 -0.49861988425254822
vn -0.86405187845230103 0.069228194653987885 -0.49861988425254822
vn -0.99456143379211426 -0.092179439961910248 0.048481769859790802
vn -0.99456143379211426 -0.092179439961910248 0.048481769859790802
vn -0.99456143379211426 -0.092179439961910248 0.048481769859790802
vn 0.99816387891769409 0.047550603747367859 0.037521570920944214
vn 0.99816387891769409 0.047550603747367859 0.037521570920944214
vn 0.99816387891769409 0.047550603747367859 0.037521570920944214
vn 0.75210249423980713 0.10236811637878418 0.65104728937149048
vn 0.75210249423980713 0.10236811637878418 0.65104728937149048
vn 0.75210249423980713 0.10236811637878418 0.65104728937149048
vn -0.17302072048187256 0.066374145448207855 -0.98267912864685059
vn -0.17302072048187256 0.066374145448207855 -0.98267912864685059
vn -0.17302072048187256 0.066374145448207855 -0.98267912864685059
vn 0.26656034588813782 -0.87592965364456177 -0.40211039781570435
vn 0.26656034588813782 -0.87592965364456177 -0.40211039781570435
vn 0.26656034588813782 -0.87592965364456177 -0.40211039781570435
vn -0.74286484718322754 0.070430658757686615 -0.6657261848449707
vn -0.74286484718322754 0.070430658757686615 -0.6657261848449707
vn -0.74286484718322754 0.070430658757686615 -0.6657261848449707
vn -0.88043040037155151 -0.0048456620424985886 -0.47415059804916382
vn -0.88043040037155151 -0.0048456620424985886 -0.47415059804916382
vn -0.88043040037155151 -0.0048456620424985886 -0.47415059804916382
vn 0.64886075258255005 0.23908907175064087 0.72236841917037964
vn 0.64886075258255005 0.23908907175064087 0.72236841917037964
vn 0.64886075258255005 0.23908907175064087 0.72236841917037964
vn 0.89903092384338379 0.43246302008628845 -0.068695999681949615
vn 0.89903092384338379 0.43246302008628845 -0.068695999681949615
vn 0.89903092384338379 0.43246302008628845 -0.068695999681949615
vn -0.39434224367141724 0.24231737852096558 0.88644033670425415
vn -0.39434224367141724 0.24231737852096558 0.88644033670425415
vn -0.39434224367141724 0.24231737852096558 0.88644033670425415
vn 0.22362633049488068 0.81769979000091553 0.53043216466903687
vn 0.22362633049488068 0.81769979000091553 0.53043216466903687
vn 0.22362633049488068 0.81769979000091553 0.53043216466903687
vn 0.19980566203594208 0.018814478069543839 0.97965490818023682
vn 0.19980566203594208 0.018814478069543839 0.97965490818023682
vn 0.19980566203594208 0.018814478069543839 0.97965490818023682
vn -0.67912924289703369 -0.030193790793418884 0.73339748382568359
vn -0.67912924289703369 -0.030193790793418884 0.73339748382568359
vn -0.67912924289703369 -0.030193790793418884 0.73339748382568359
vn -0.85074597597122192 0.51606392860412598 0.099545516073703766
vn -0.85074597597122192 0.51606392860412598 0.099545516073703766
vn -0.85074597597122192 0.51606392860412598 0.099545516073703766
vn -0.6266319751739502 -0.31292128562927246 0.71373146772384644
vn -0.6266319751739502 -0.31292128562927246 0.71373146772384644
vn -0.6266319751739502 -0.31292128562927246 0.71373146772384644
vn -0.1687295138835907 -0.96232414245605469 -0.21321965754032135
vn -0.1687295138835907 -0.96232414245605469 -0.21321965754032135
vn -0.1687295138835907 -0.96232414245605469 -0.21321965754032135
vn -0.1791616827249527 -0.98334085941314697 -0.030688691884279251
vn -0.1791616827249527 -0.98334085941314697 -0.030688691884279251
vn -0.1791616827249527 -0.98334085941314697 -0.030688691884279251
vn 0.98259651660919189 -0.029557909816503525 -0.18338610231876373
vn 0.98259651660919189 -0.029557909816503525 -0.18338610231876373
vn 0.98259651660919189 -0.029557909816503525 -0.18338610231876373
vn -0.14858478307723999 -0.91452109813690186 0.37626287341117859
vn -0.14858478307723999 -0.91452109813690186 0.37626287341117859
vn -0.14858478307723999 -0.91452109813690186 0.37626287341117859
vn -0.12347890436649323 -0.96139466762542725 -0.24591314792633057
vn -0.12347890436649323 -0.96139466762542725 -0.24591314792633057
vn -0.12347890436649323 -0.96139466762542725 -0.24591314792633057
vn 0.47233164310455322 -0.88099783658981323 0.027305558323860168
vn 0.47233164310455322 -0.88099783658981323 0.027305558323860168
vn 0.47233164310455322 -0.88099783658981323 0.027305558323860168
vn 0.35050240159034729 -0.0023121114354580641 -0.93655896186828613
vn 0.35050240159034729 -0.0023121114354580641 -0.93655896186828613
vn 0.35050240159034729 -0.0023121114354580641 -0.93655896186828613
vn 0.30685827136039734 0.14081570506095886 -0.94128048419952393
vn 0.30685827136039734 0.14081570506095886 -0.94128048419952393
vn 0.30685827136039734 0.14081570506095886 -0.94128048419952393
vn -0.39487022161483765 0.046064954251050949 -0.91758131980895996
vn -0.39487022161483765 0.046064954251050949 -0.91758131980895996
vn -0.39487022161483765 0.046064954251050949 -0.91758131980895996
vn 0.049820970743894577 0.5286821722984314 -0.84735649824142456
vn 0.049820970743894577 0.5286821722984314 -0.84735649824142456
vn 0.049820970743894577 0.5286821722984314 -0.84735649824142456
vn -0.14178402721881866 0.2407759428024292 -0.96016883850097656
vn -0.14178402721881866 0.2407759428024292 -0.96016883850097656
vn -0.14178402721881866 0.2407759428024292 -0.96016883850097656
vn -0.50160300731658936 0.21145647764205933 -0.83885669708251953
vn -0.50160300731658936 0.21145647764205933 -0.83885669708251953
vn -0.50160300731658936 0.21145647764205933 -0.83885669708251953
vn 0.374747633934021 -0.44950908422470093 -0.8108673095703125
vn 0.374747633934021 -0.44950908422470093 -0.8108673095703125
vn 0.374747633934021 -0.44950908422470093 -0.8108673095703125
vn -0.64001715183258057 -0.51786822080612183 0.56761831045150757
vn -0.64001715183258057 -0.51786822080612183 0.56761831045150757
vn -0.64001715183258057 -0.51786822080612183 0.56761831045150757
vn -0.073947735130786896 -0.2984575629234314 -0.95155388116836548
vn -0.073947735130786896 -0.2984575629234314 -0.95155388116836548
vn -0.073947735130786896 -0.2984575629234314 -0.95155388116836548
vn -0.45650151371955872 0.32628551125526428 0.82773435115814209
vn -0.45650151371955872 0.32628551125526428 0.82773435115814209
vn -0.45650151371955872 0.32628551125526428 0.82773435115814209
vn 0.80591297149658203 0.28605324029922485 -0.51834136247634888
vn 0.80591297149658203 0.28605324029922485 -0.51834136247634888
vn 0.80591297149658203 0.28605324029922485 -0.51834136247634888
vn 0.75793933868408203 -0.06368543952703476 -0.64920884370803833
vn 0.75793933868408203 -0.06368543952703476 -0.64920884370803833
vn 0.75793933868408203 -0.06368543952703476 -0.64920884370803833
vn 0.96756446361541748 0.18278889358043671 -0.17437659204006195
vn 0.96756446361541748 0.18278889358043671 -0.17437659204006195
vn 0.96756446361541748 0.18278889358043671 -0.17437659204006195
vn -0.51180934906005859 -0.22762063145637512 0.82839608192443848
vn -0.51180934906005859 -0.22762063145637512 0.82839608192443848
vn -0.51180934906005859 -0.22762063145637512 0.82839608192443848
vn -0.86671531200408936 -0.031288016587495804 0.49782085418701172
vn -0.86671531200408936 -0.031288016587495804 0.49782085418701172
vn -0.86671531200408936 -0.031288016587495804 0.49782085418701172
vn -0.99701547622680664 0.046355411410331726 0.061735812574625015
vn -0.99701547622680664 0.046355411410331726 0.061735812574625015
vn -0.99701547622680664 0.046355411410331726 0.061735812574625015
vn 0.051939882338047028 -0.03640458732843399 -0.99798643589019775
vn 0.051939882338047028 -0.03640458732843399 -0.99798643589019775
vn 0.051939882338047028 -0.03640458732843399 -0.99798643589019775
vn 0.43412384390830994 -0.019671354442834854 -0.9006384015083313
vn 0.43412384390830994 -0.019671354442834854 -0.9006384015083313
vn 0.43412384390830994 -0.019671354442834854 -0.9006384015083313
vn -0.92123818397521973 0.079165175557136536 0.38085839152336121
vn -0.92123818397521973 0.079165175557136536 0.38085839152336121
vn -0.92123818397521973 0.079165175557136536 0.38085839152336121
vn -0.93878048658370972 -0.26532912254333496 -0.21975353360176086
vn -0.93878048658370972 -0.26532912254333496 -0.21975353360176086
vn -0.93878048658370972 -0.26532912254333496 -0.21975353360176086
vn 0.91605484485626221 0.20553769171237946 0.34438034892082214
vn 0.91605484485626221 0.20553769171237946 0.34438034892082214
vn 0.91605484485626221 0.20553769171237946 0.34438034892082214
vn 0.6868361234664917 0.041985023766756058 0.72559869289398193
vn 0.6868361234664917 0.041985023766756058 0.72559869289398193
vn 0.6868361234664917 0.041985023766756058 0.72559869289398193
vn 0.93515574932098389 0.14487947523593903 -0.32325482368469238
vn 0.93515574932098389 0.14487947523593903 -0.32325482368469238
vn 0.93515574932098389 0.14487947523593903 -0.32325482368469238
vn 0.8230786919593811 -0.51988863945007324 -0.22859859466552734
vn 0.8230786919593811 -0.51988863945007324 -0.22859859466552734
vn 0.8230786919593811 -0.51988863945007324 -0.22859859466552734
vn -0.55852359533309937 -0.65739679336547852 0.50584661960601807
vn -0.55852359533309937 -0.65739679336547852 0.50584661960601807
vn -0.55852359533309937 -0.65739679336547852 0.50584661960601807
vn -0.55018943548202515 0.077572554349899292 0.83142894506454468
vn -0.55018943548202515 0.077572554349899292 0.83142894506454468
vn -0.55018943548202515 0.077572554349899292 0.83142894506454468
vn -0.48048567771911621 0.41275724768638611 -0.77379906177520752
vn -0.48048567771911621 0.41275724768638611 -0.77379906177520752
vn -0.48048567771911621 0.41275724768638611 -0.77379906177520752
vn -0.47265604138374329 -0.28281384706497192 0.8346332311630249
vn -0.47265604138374329 -0.28281384706497192 0.8346332311630249
vn -0.47265604138374329 -0.28281384706497192 0.8346332311630249
vn -0.58608895540237427 -0.033594958484172821 -0.80954998731613159
vn -0.58608895540237427 -0.033594958484172821 -0.80954998731613159
vn -0.58608895540237427 -0.033594958484172821 -0.80954998731613159
vn -0.50365418195724487 0.1142294853925705 -0.8563200831413269
vn -0.50365418195724487 0.1142294853925705 -0.8563200831413269
vn -0.50365418195724487 0.1142294853925705 -0.8563200831413269
vn -0.87778109312057495 0.47709459066390991 0.043371967971324921
vn -0.87778109312057495 0.47709459066390991 0.043371967971324921
vn -0.87778109312057495 0.47709459066390991 0.043371967971324921
vn -0.84241372346878052 0.50095367431640625 -0.19845552742481232
vn -0.84241372346878052 0.50095367431640625 -0.19845552742481232
vn -0.84241372346878052 0.50095367431640625 -0.19845552742481232
vn 0.8922465443611145 -0.14330795407295227 -0.42820426821708679
vn 0.8922465443611145 -0.14330795407295227 -0.42820426821708679
vn 0.8922465443611145 -0.14330795407295227 -0.42820426821708679
vn -0.30112826824188232 -0.16672146320343018 0.93889600038528442
vn -0.30112826824188232 -0.16672146320343018 0.93889600038528442
vn -0.30112826824188232 -0.16672146320343018 0.93889600038528442
vn 0.96927952766418457 -0.069963358342647552 0.23580136895179749
vn 0.96927952766418457 -0.069963358342647552 0.23580136895179749
vn 0.96927952766418457 -0.069963358342647552 0.23580136895179749
vn 0.71552902460098267 -0.18412010371685028 -0.67388278245925903
vn 0.71552902460098267 -0.18412010371685028 -0.67388278245925903
vn 0.71552902460098267 -0.18412010371685028 -0.67388278245925903
vn -0.67386186122894287 0.70441633462905884 -0.22295249998569489
vn -0.67386186122894287 0.70441633462905884 -0.22295249998569489
vn -0.67386186122894287 0.70441633462905884 -0.22295249998569489
vn 0.42581471800804138 -0.82828390598297119 0.36418074369430542
vn 0.42581471800804138 -0.82828390598297119 0.36418074369430542
vn 0.42581471800804138 -0.82828390598297119 0.36418074369430542
vn 0.64657759666442871 -0.45511424541473389 0.61221605539321899
vn 0.64657759666442871 -0.45511424541473389 0.61221605539321899
vn 0.64657759666442871 -0.45511424541473389 0.61221605539321899
vn -0.1735772043466568 0.41047483682632446 -0.89519906044006348
vn -0.1735772043466568 0.41047483682632446 -0.89519906044006348
vn -0.1735772043466568 0.41047483682632446 -0.89519906044006348
vn 0.55627244710922241 -0.15931083261966705 0.81558632850646973
vn 0.55627244710922241 -0.15931083261966705 0.81558632850646973
vn 0.55627244710922241 -0.15931083261966705 0.81558632850646973
vn 0.50281280279159546 0.014411143958568573 0.86427515745162964
vn 0.50281280279159546 0.014411143958568573 0.86427515745162964
vn 0.50281280279159546 0.014411143958568573 0.86427515745162964
vn 0.75555086135864258 0.53768134117126465 0.37422144412994385
vn 0.75555086135864258 0.53768134117126465 0.37422144412994385
vn 0.75555086135864258 0.53768134117126465 0.37422144412994385
vn -0.0083973677828907967 0.081825427711009979 0.99661129713058472
vn -0.0083973677828907967 0.081825427711009979 0.99661129713058472
vn -0.0083973677828907967 0.081825427711009979 0.99661129713058472
vn 0.01580500416457653 -0.089557945728302002 0.99585622549057007
vn 0.01580500416457653 -0.089557945728302002 0.99585622549057007
vn 0.01580500416457653 -0.089557945728302002 0.99585622549057007
vn -0.23377367854118347 -0.21121801435947418 0.94907152652740479
vn -0.23377367854118347 -0.21121801435947418 0.94907152652740479
vn -0.23377367854118347 -0.21121801435947418 0.94907152652740479
vn -0.13175934553146362 0.86935847997665405 -0.47629332542419434
vn -0.13175934553146362 0.86935847997665405 -0.47629332542419434
vn -0.13175934553146362 0.86935847997665405 -0.47629332542419434
vn -0.0048078028485178947 -0.34832212328910828 -0.93736255168914795
vn -0.0048078028485178947 -0.34832212328910828 -0.93736255168914795
vn -0.0048078028485178947 -0.34832212328910828 -0.93736255168914795
vn -0.52935737371444702 -0.24460573494434357 -0.81237232685089111
vn -0.52935737371444702 -0.24460573494434357 -0.81237232685089111
vn -0.52935737371444702 -0.24460573494434357 -0.81237232685089111
vn -0.51254606246948242 -0.27391466498374939 -0.81379806995391846
vn -0.51254606246948242 -0.27391466498374939 -0.81379806995391846
vn -0.51254606246948242 -0.27391466498374939 -0.81379806995391846
vn 0.94600218534469604 0.32052958011627197 -0.048379853367805481
vn 0.94600218534469604 0.32052958011627197 -0.048379853367805481
vn 0.94600218534469604 0.32052958011627197 -0.048379853367805481
vn 0.070201627910137177 0.55949652194976807 -0.82585436105728149
vn 0.070201627910137177 0.55949652194976807 -0.82585436105728149
vn 0.070201627910137177 0.55949652194976807 -0.82585436105728149
vn 0.09720921516418457 0.21440714597702026 -0.97189503908157349
vn 0.09720921516418457 0.21440714597702026 -0.97189503908157349
vn 0.09720921516418457 0.21440714597702026 -0.97189503908157349
vn -0.27324220538139343 -0.12845078110694885 -0.95333051681518555
vn -0.27324220538139343 -0.12845078110694885 -0.95333051681518555
vn -0.27324220538139343 -0.12845078110694885 -0.95333051681518555
vn 0.33193656802177429 -0.44317737221717834 0.83271360397338867
vn 0.33193656802177429 -0.44317737221717834 0.83271360397338867
vn 0.33193656802177429 -0.44317737221717834 0.83271360397338867
vn -0.48725354671478271 -0.32919463515281677 0.80883550643920898
vn -0.48725354671478271 -0.32919463515281677 0.80883550643920898
vn -0.48725354671478271 -0.32919463515281677 0.80883550643920898
vn -0.61654263734817505 -0.043526560068130493 0.78611743450164795
vn -0.61654263734817505 -0.043526560068130493 0.78611743450164795
vn -0.61654263734817505 -0.043526560068130493 0.78611743450164795
vn 0.85054463148117065 -0.25620001554489136 0.45927703380584717
vn 0.85054463148117065 -0.25620001554489136 0.45927703380584717
vn 0.85054463148117065 -0.25620001554489136 0.45927703380584717
vn 0.12358751893043518 -0.56213551759719849 0.81775903701782227
vn 0.12358751893043518 -0.56213551759719849 0.81775903701782227
vn 0.12358751893043518 -0.56213551759719849 0.81775903701782227
vn 0.86646002531051636 -0.46330937743186951 -0.18598775565624237
vn 0.86646002531051636 -0.46330937743186951 -0.18598775565624237
vn 0.86646002531051636 -0.46330937743186951 -0.18598775565624237
vn 0.15113967657089233 -0.98837375640869141 0.016557658091187477
vn 0.15113967657089233 -0.98837375640869141 0.016557658091187477
vn 0.15113967657089233 -0.98837375640869141 0.016557658091187477
vn 0.36114418506622314 -0.79891908168792725 0.48093992471694946
vn 0.36114418506622314 -0.79891908168792725 0.48093992471694946
vn 0.36114418506622314 -0.79891908168792725 0.48093992471694946
vn 0.48868182301521301 0.066441364586353302 0.86992853879928589
vn 0.48868182301521301 0.066441364586353302 0.86992853879928589
vn 0.48868182301521301 0.066441364586353302 0.86992853879928589
vn 0.72698140144348145 0.057111881673336029 0.68427795171737671
vn 0.72698140144348145 0.057111881673336029 0.68427795171737671
vn 0.72698140144348145 0.057111881673336029 0.68427795171737671
vn 0.31209245324134827 0.50532037019729614 -0.80451828241348267
vn 0.31209245324134827 0.50532037019729614 -0.80451828241348267
vn 0.31209245324134827 0.50532037019729614 -0.80451828241348267
vn -0.17808419466018677 0.16946972906589508 -0.96931213140487671
vn -0.17808419466018677 0.16946972906589508 -0.96931213140487671
vn -0.17808419466018677 0.16946972906589508 -0.96931213140487671
vn 0.38131433725357056 -0.35500258207321167 -0.85356462001800537
vn 0.38131433725357056 -0.35500258207321167 -0.85356462001800537
vn 0.38131433725357056 -0.35500258207321167 -0.85356462001800537
vn 0.7320331335067749 -0.40211904048919678 -0.54993438720703125
vn 0.7320331335067749 -0.40211904048919678 -0.54993438720703125
vn 0.7320331335067749 -0.40211904048919678 -0.54993438720703125
vn -0.74816995859146118 0.48284634947776794 -0.45508366823196411
vn -0.74816995859146118 0.48284634947776794 -0.45508366823196411
vn -0.74816995859146118 0.48284634947776794 -0.45508366823196411
vn -0.71734744310379028 0.19019076228141785 -0.67025375366210938
vn -0.71734744310379028 0.19019076228141785 -0.67025375366210938
vn -0.71734744310379028 0.19019076228141785 -0.67025375366210938
vn 0.1207360252737999 -0.31475922465324402 -0.94146132469177246
vn 0.1207360252737999 -0.31475922465324402 -0.94146132469177246
vn 0.1207360252737999 -0.31475922465324402 -0.94146132469177246
vn -0.925956130027771 -0.15752482414245605 -0.34320712089538574
vn -0.925956130027771 -0.15752482414245605 -0.34320712089538574
vn -0.925956130027771 -0.15752482414245605 -0.34320712089538574
vn 0.18704836070537567 0.12797524034976959 -0.97397905588150024
vn 0.18704836070537567 0.12797524034976959 -0.97397905588150024
vn 0.18704836070537567 0.12797524034976959 -0.97397905588150024
vn -0.87044697999954224 0.042323581874370575 0.49043938517570496
vn -0.87044697999954224 0.042323581874370575 0.49043938517570496
vn -0.87044697999954224 0.042323581874370575 0.49043938517570496
vn -0.7150607705116272 -0.088925331830978394 0.69338327646255493
vn -0.7150607705116272 -0.088925331830978394 0.69338327646255493
vn -0.7150607705116272 -0.088925331830978394 0.69338327646255493
vn -0.98427021503448486 -0.086778566241264343 0.15388844907283783
vn -0.98427021503448486 -0.086778566241264343 0.15388844907283783
vn -0.98427021503448486 -0.086778566241264343 0.15388844907283783
vn -0.77820026874542236 0.59539550542831421 -0.19977131485939026
vn -0.77820026874542236 0.59539550542831421 -0.19977131485939026
vn -0.77820026874542236 0.59539550542831421 -0.19977131485939026
vn -0.46696531772613525 0.80088871717453003 0.37486085295677185
vn -0.46696531772613525 0.80088871717453003 0.37486085295677185
vn -0.46696531772613525 0.80088871717453003 0.37486085295677185
vn 0.14128875732421875 -0.98755109310150146 0.069140151143074036
vn 0.14128875732421875 -0.98755109310150146 0.069140151143074036
vn 0.14128875732421875 -0.98755109310150146 0.069140151143074036
vn 0.65530139207839966 -0.43367263674736023 -0.61847245693206787
vn 0.65530139207839966 -0.43367263674736023 -0.61847245693206787
vn 0.65530139207839966 -0.43367263674736023 -0.61847245693206787
vn -0.75407111644744873 0.056434787809848785 0.65436369180679321
vn -0.75407111644744873 0.056434787809848785 0.65436369180679321
vn -0.75407111644744873 0.056434787809848785 0.65436369180679321
vn -0.21416276693344116 -0.025653306394815445 0.97646105289459229
vn -0.21416276693344116 -0.025653306394815445 0.97646105289459229
vn -0.21416276693344116 -0.025653306394815445 0.97646105289459229
vn -0.44532626867294312 0.18695715069770813 -0.87563210725784302
vn -0.44532626867294312 0.18695715069770813 -0.87563210725784302
vn -0.44532626867294312 0.18695715069770813 -0.87563210725784302
vn -0.021903371438384056 0.12984505295753479 -0.99129235744476318
vn -0.021903371438384056 0.12984505295753479 -0.99129235744476318
vn -0.021903371438384056 0.12984505295753479 -0.99129235744476318
vn 0.45623898506164551 0.35098588466644287 -0.81771320104598999
vn 0.45623898506164551 0.35098588466644287 -0.81771320104598999
vn 0.45623898506164551 0.35098588466644287 -0.81771320104598999
vn -0.9256364107131958 0.10477462410926819 -0.36362007260322571
vn -0.9256364107131958 0.10477462410926819 -0.36362007260322571
vn -0.9256364107131958 0.10477462410926819 -0.36362007260322571
vn -0.78837376832962036 0.14792439341545105 -0.59714752435684204
vn -0.78837376832962036 0.14792439341545105 -0.59714752435684204
vn -0.78837376832962036 0.14792439341545105 -0.59714752435684204
vn -0.79089438915252686 0.019730828702449799 -0.61163449287414551
vn -0.79089438915252686 0.019730828702449799 -0.61163449287414551
vn -0.79089438915252686 0.019730828702449799 -0.61163449287414551
vn 0.63132017850875854 -0.63513773679733276 0.44501107931137085
vn 0.63132017850875854 -0.63513773679733276 0.44501107931137085
vn 0.63132017850875854 -0.63513773679733276 0.44501107931137085
vn -0.01063415315002203 0.26490268111228943 0.96421653032302856
vn -0.01063415315002203 0.26490268111228943 0.96421653032302856
vn -0.01063415315002203 0.26490268111228943 0.96421653032302856
vn 0.71029072999954224 -0.30650365352630615 0.63367384672164917
vn 0.71029072999954224 -0.30650365352630615 0.63367384672164917
vn 0.71029072999954224 -0.30650365352630615 0.63367384672164917
vn 0.31058114767074585 -0.29840889573097229 0.90249180793762207
vn 0.31058114767074585 -0.29840889573097229 0.90249180793762207
vn 0.31058114767074585 -0.29840889573097229 0.90249180793762207
vn 0.91465508937835693 -0.0060874340124428272 -0.40418925881385803
vn 0.91465508937835693 -0.0060874340124428272 -0.40418925881385803
vn 0.91465508937835693 -0.0060874340124428272 -0.40418925881385803
vn 0.80934339761734009 0.48234736919403076 -0.33511826395988464
vn 0.80934339761734009 0.48234736919403076 -0.33511826395988464
vn 0.80934339761734009 0.48234736919403076 -0.33511826395988464
vn 0.72040468454360962 0.28627917170524597 0.63171297311782837
vn 0.72040468454360962 0.28627917170524597 0.63171297311782837
vn 0.72040468454360962 0.28627917170524597 0.63171297311782837
vn -0.59415119886398315 0.27551883459091187 -0.75569421052932739
vn -0.59415119886398315 0.27551883459091187 -0.75569421052932739
vn -0.59415119886398315 0.27551883459091187 -0.75569421052932739
vn -0.30094462633132935 0.17566263675689697 -0.93732333183288574
vn -0.30094462633132935 0.17566263675689697 -0.93732333183288574
vn -0.30094462633132935 0.17566263675689697 -0.93732333183288574
vn -0.59799313545227051 0.2690047025680542 -0.75501036643981934
vn -0.59799313545227051 0.2690047025680542 -0.75501036643981934
vn -0.59799313545227051 0.2690047025680542 -0.75501036643981934
vn -0.60857105255126953 -0.7726207971572876 -0.18082709610462189
vn -0.60857105255126953 -0.7726207971572876 -0.18082709610462189
vn -0.60857105255126953 -0.7726207971572876 -0.18082709610462189
vn 0.72075086832046509 0.61482876539230347 0.32016205787658691
vn 0.72075086832046509 0.61482876539230347 0.32016205787658691
vn 0.72075086832046509 0.61482876539230347 0.32016205787658691
vn 0.11773089319467545 -0.068377971649169922 0.99068862199783325
vn 0.11773089319467545 -0.068377971649169922 0.99068862199783325
vn 0.11773089319467545 -0.068377971649169922 0.99068862199783325
vn 0.086418002843856812 -0.60989582538604736 0.78775566816329956
vn 0.086418002843856812 -0.60989582538604736 0.78775566816329956
vn 0.086418002843856812 -0.60989582538604736 0.78775566816329956
vn -0.0086433254182338715 0.12554782629013062 0.9920499324798584
vn -0.0086433254182338715 0.12554782629013062 0.9920499324798584
vn -0.0086433254182338715 0.12554782629013062 0.9920499324798584
vn 0.85595810413360596 -0.47466784715652466 -0.2050027996301651
vn 0.85595810413360596 -0.47466784715652466 -0.2050027996301651
vn 0.85595810413360596 -0.47466784715652466 -0.2050027996301651
vn 0.69519257545471191 -0.31850129365921021 -0.64440995454788208
vn 0.69519257545471191 -0.31850129365921021 -0.64440995454788208
vn 0.69519257545471191 -0.31850129365921021 -0.64440995454788208
vn -0.68519312143325806 0.23926402628421783 -0.68794119358062744
vn -0.68519312143325806 0.23926402628421783 -0.68794119358062744
vn -0.68519312143325806 0.23926402628421783 -0.68794119358062744
vn 0.97195142507553101 0.11809296160936356 -0.2033827155828476
vn 0.97195142507553101 0.11809296160936356 -0.2033827155828476
vn 0.97195142507553101 0.11809296160936356 -0.2033827155828476
vn -0.77285951375961304 -0.23254875838756561 0.59043139219284058
vn -0.77285951375961304 -0.23254875838756561 0.59043139219284058
vn -0.77285951375961304 -0.23254875838756561 0.59043139219284058
vn -0.82038909196853638 -0.32842108607292175 -0.46808266639709473
vn -0.82038909196853638 -0.32842108607292175 -0.46808266639709473
vn -0.82038909196853638 -0.32842108607292175 -0.46808266639709473
vn -0.80324435234069824 0.34938922524452209 0.48241651058197021
vn -0.80324435234069824 0.34938922524452209 0.48241651058197021
vn -0.80324435234069824 0.34938922524452209 0.48241651058197021
vn -0.78275191783905029 0.44078302383422852 -0.43932875990867615
vn -0.78275191783905029 0.44078302383422852 -0.43932875990867615
vn -0.78275191783905029 0.44078302383422852 -0.43932875990867615
vn 0.40208610892295837 0.02359042689204216 -0.91529792547225952
vn 0.40208610892295837 0.02359042689204216 -0.91529792547225952
vn 0.40208610892295837 0.02359042689204216 -0.91529792547225952
vn 0.94231688976287842 0.068871885538101196 -0.32755997776985168
vn 0.94231688976287842 0.068871885538101196 -0.32755997776985168
vn 0.94231688976287842 0.068871885538101196 -0.32755997776985168
vn 0.21083799004554749 0.21768654882907867 -0.95297425985336304
vn 0.21083799004554749 0.21768654882907867 -0.95297425985336304
vn 0.21083799004554749 0.21768654882907867 -0.95297425985336304
vn 0.57981151342391968 -0.30310288071632385 -0.75627195835113525
vn 0.57981151342391968 -0.30310288071632385 -0.75627195835113525
vn 0.57981151342391968 -0.30310288071632385 -0.75627195835113525
vn 0.57030516862869263 0.00084625737508758903 0.82143247127532959
vn 0.57030516862869263 0.00084625737508758903 0.82143247127532959
vn 0.57030516862869263 0.00084625737508758903 0.82143247127532959
vn 0.81248551607131958 -0.0071803568862378597 0.58293718099594116
vn 0.81248551607131958 -0.0071803568862378597 0.58293718099594116
vn 0.81248551607131958 -0.0071803568862378597 0.58293718099594116
vn 0.65224307775497437 0.73263561725616455 0.19448408484458923
vn 0.65224307775497437 0.73263561725616455 0.19448408484458923
vn 0.65224307775497437 0.73263561725616455 0.19448408484458923
vn 0.3515796959400177 0.73332762718200684 0.58191263675689697
vn 0.3515796959400177 0.73332762718200684 0.58191263675689697
vn 0.3515796959400177 0.73332762718200684 0.58191263675689697
vn -0.65980058908462524 -0.11860530823469162 -0.74202150106430054
vn -0.65980058908462524 -0.11860530823469162 -0.74202150106430054
vn -0.65980058908462524 -0.11860530823469162 -0.74202150106430054
vn -0.82543265819549561 -0.095074817538261414 -0.55643659830093384
vn -0.82543265819549561 -0.095074817538261414 -0.55643659830093384
vn -0.82543265819549561 -0.095074817538261414 -0.55643659830093384
vn -0.48446294665336609 0.18969719111919403 -0.8539968729019165
vn -0.48446294665336609 0.18969719111919403 -0.8539968729019165
vn -0.48446294665336609 0.18969719111919403 -0.8539968729019165
vn -0.73862695693969727 0.17569805681705475 -0.65081518888473511
vn -0.73862695693969727 0.17569805681705475 -0.65081518888473511
vn -0.73862695693969727 0.17569805681705475 -0.65081518888473511
vn 0.55207943916320801 -0.16042397916316986 0.81821292638778687
vn 0.55207943916320801 -0.16042397916316986 0.81821292638778687
vn 0.55207943916320801 -0.16042397916316986 0.81821292638778687
vn -0.84125584363937378 -0.0015408862382173538 0.54063498973846436
vn -0.84125584363937378 -0.0015408862382173538 0.54063498973846436
vn -0.84125584363937378 -0.0015408862382173538 0.54063498973846436
vn -0.35710328817367554 0.21363838016986847 -0.9093051552772522
vn -0.35710328817367554 0.21363838016986847 -0.9093051552772522
vn -0.35710328817367554 0.21363838016986847 -0.9093051552772522
vn 0.80370694398880005 0.230216383934021 -0.54868531227111816
vn 0.80370694398880005 0.230216383934021 -0.54868531227111816
vn 0.80370694398880005 0.230216383934021 -0.54868531227111816
vn -0.70321041345596313 0.70569950342178345 0.086506620049476624
vn -0.70321041345596313 0.70569950342178345 0.086506620049476624
vn -0.70321041345596313 0.70569950342178345 0.086506620049476624
vn 0.37204113602638245 0.507770836353302 -0.77701616287231445
vn 0.37204113602638245 0.507770836353302 -0.77701616287231445
vn 0.37204113602638245 0.507770836353302 -0.77701616287231445
vn -0.012475618161261082 -0.060868255794048309 0.99806785583496094
vn -0.012475618161261082 -0.060868255794048309 0.99806785583496094
vn -0.012475618161261082 -0.060868255794048309 0.99806785583496094
vn -0.32422801852226257 -0.47218823432922363 0.81970387697219849
vn -0.32422801852226257 -0.47218823432922363 0.81970387697219849
vn -0.32422801852226257 -0.47218823432922363 0.81970387697219849
vn -0.56179696321487427 0.70279878377914429 0.43641495704650879
vn -0.56179696321487427 0.70279878377914429 0.43641495704650879
vn -0.56179696321487427 0.70279878377914429 0.43641495704650879
vn 0.54886549711227417 0.59436124563217163 0.58777666091918945
vn 0.54886549711227417 0.59436124563217163 0.58777666091918945
vn 0.54886549711227417 0.59436124563217163 0.58777666091918945
vn -0.016570029780268669 0.053953271359205246 0.99840599298477173
vn -0.016570029780268669 0.053953271359205246 0.99840599298477173
vn -0.016570029780268669 0.053953271359205246 0.99840599298477173
vn 0.52345508337020874 -0.10108263045549393 0.84603607654571533
vn 0.52345508337020874 -0.10108263045549393 0.84603607654571533
vn 0.52345508337020874 -0.10108263045549393 0.84603607654571533
vn -0.78351610898971558 0.43360722064971924 -0.44506999850273132
vn -0.78351610898971558 0.43360722064971924 -0.44506999850273132
vn -0.78351610898971558 0.43360722064971924 -0.44506999850273132
vn 0.23738345503807068 0.2401130348443985 -0.94127297401428223
vn 0.23738345503807068 0.2401130348443985 -0.94127297401428223
vn 0.23738345503807068 0.2401130348443985 -0.94127297401428223
vn 0.73776477575302124 -0.16445966064929962 0.65471833944320679
vn 0.73776477575302124 -0.16445966064929962 0.65471833944320679
vn 0.73776477575302124 -0.16445966064929962 0.65471833944320679
vn 0.53945654630661011 0.11632225662469864 0.83393990993499756
vn 0.53945654630661011 0.11632225662469864 0.83393990993499756
vn 0.53945654630661011 0.11632225662469864 0.83393990993499756
vn 0.038694124668836594 -0.93035042285919189 0.3646242618560791
vn 0.038694124668836594 -0.93035042285919189 0.3646242618560791
vn 0.038694124668836594 -0.93035042285919189 0.3646242618560791
vn -0.030417414382100105 -0.37389636039733887 -0.92697155475616455
vn -0.030417414382100105 -0.37389636039733887 -0.92697155475616455
vn -0.030417414382100105 -0.37389636039733887 -0.92697155475616455
vn -0.61211788654327393 -0.16081058979034424 -0.77424263954162598
vn -0.61211788654327393 -0.16081058979034424 -0.77424263954162598
vn -0.61211788654327393 -0.16081058979034424 -0.77424263954162598
vn -0.72402083873748779 -0.087861292064189911 -0.68415945768356323
vn -0.72402083873748779 -0.087861292064189911 -0.68415945768356323
vn -0.72402083873748779 -0.087861292064189911 -0.68415945768356323
vn -0.74155396223068237 -0.13670159876346588 0.65681838989257812
vn -0.74155396223068237 -0.13670159876346588 0.65681838989257812
vn -0.74155396223068237 -0.13670159876346588 0.65681838989257812
vn -0.99136829376220703 0.090008310973644257 0.095327802002429962
vn -0.99136829376220703 0.090008310973644257 0.095327802002429962
vn -0.99136829376220703 0.090008310973644257 0.095327802002429962
vn -0.88916367292404175 0.45753535628318787 0.0070231384597718716
vn -0.88916367292404175 0.45753535628318787 0.0070231384597718716
vn -0.88916367292404175 0.45753535628318787 0.0070231384597718716
vn 0.97941625118255615 0.18448930978775024 -0.081899583339691162
vn 0.97941625118255615 0.18448930978775024 -0.081899583339691162
vn 0.97941625118255615 0.18448930978775024 -0.081899583339691162
vn 0.45915251970291138 0.48523262143135071 -0.74412918090820312
vn 0.45915251970291138 0.48523262143135071 -0.74412918090820312
vn 0.45915251970291138 0.48523262143135071 -0.74412918090820312
vn -0.79440295696258545 -0.60715460777282715 0.01694759726524353
vn -0.79440295696258545 -0.60715460777282715 0.01694759726524353
vn -0.79440295696258545 -0.60715460777282715 0.01694759726524353
vn -0.47300460934638977 0.88054758310317993 -0.030043689534068108
vn -0.47300460934638977 0.88054758310317993 -0.030043689534068108
vn -0.47300460934638977 0.88054758310317993 -0.030043689534068108
vn -0.10992868989706039 -0.37847691774368286 0.91905981302261353
vn -0.10992868989706039 -0.37847691774368286 0.91905981302261353
vn -0.10992868989706039 -0.37847691774368286 0.91905981302261353
vn -0.20530667901039124 -0.50884729623794556 0.83601653575897217
vn -0.20530667901039124 -0.50884729623794556 0.83601653575897217
vn -0.20530667901039124 -0.50884729623794556 0.83601653575897217
vn 0.66109651327133179 -0.75020486116409302 -0.012003205716609955
vn 0.66109651327133179 -0.75020486116409302 -0.012003205716609955
vn 0.66109651327133179 -0.75020486116409302 -0.012003205716609955
vn -0.17226129770278931 -0.53591138124465942 0.82651376724243164
vn -0.17226129770278931 -0.53591138124465942 0.82651376724243164
vn -0.17226129770278931 -0.53591138124465942 0.82651376724243164
vn -0.020657338201999664 0.1118679866194725 -0.99350833892822266
vn -0.020657338201999664 0.1118679866194725 -0.99350833892822266
vn -0.020657338201999664 0.1118679866194725 -0.99350833892822266
vn -0.58269065618515015 0.067203611135482788 -0.80991065502166748
vn -0.58269065618515015 0.067203611135482788 -0.80991065502166748
vn -0.58269065618515015 0.067203611135482788 -0.80991065502166748
vn 0.024818139150738716 0.1436220109462738 -0.98932135105133057
vn 0.024818139150738716 0.1436220109462738 -0.98932135105133057
vn 0.024818139150738716 0.1436220109462738 -0.98932135105133057
vn -0.45374217629432678 0.55963122844696045 -0.69349181652069092
vn -0.45374217629432678 0.55963122844696045 -0.69349181652069092
vn -0.45374217629432678 0.55963122844696045 -0.69349181652069092
vn 0.44209200143814087 -0.89395087957382202 0.073529116809368134
vn 0.44209200143814087 -0.89395087957382202 0.073529116809368134
vn 0.44209200143814087 -0.89395087957382202 0.073529116809368134
vn 0.66700518131256104 -0.55598843097686768 -0.49596461653709412
vn 0.66700518131256104 -0.55598843097686768 -0.49596461653709412
vn 0.66700518131256104 -0.55598843097686768 -0.49596461653709412
vn 0.63217329978942871 -0.20463418960571289 0.74731636047363281
vn 0.63217329978942871 -0.20463418960571289 0.74731636047363281
vn 0.63217329978942871 -0.20463418960571289 0.74731636047363281
vn 0.27875617146492004 -0.3493049144744873 0.8945842981338501
vn 0.27875617146492004 -0.3493049144744873 0.8945842981338501
vn 0.27875617146492004 -0.3493049144744873 0.8945842981338501
vn 0.3961658775806427 0.24025872349739075 -0.88618755340576172
vn 0.3961658775806427 0.24025872349739075 -0.88618755340576172
vn 0.3961658775806427 0.24025872349739075 -0.88618755340576172
vn -0.35328346490859985 0.022992817685008049 -0.9352337121963501
vn -0.35328346490859985 0.022992817685008049 -0.9352337121963501
vn -0.35328346490859985 0.022992817685008049 -0.9352337121963501
vn -0.75318759679794312 0.12968605756759644 -0.64489531517028809
vn -0.75318759679794312 0.12968605756759644 -0.64489531517028809
vn -0.75318759679794312 0.12968605756759644 -0.64489531517028809
vn -0.84799528121948242 -0.039971910417079926 -0.52849429845809937
vn -0.84799528121948242 -0.039971910417079926 -0.52849429845809937
vn -0.84799528121948242 -0.039971910417079926 -0.52849429845809937
vn 0.048917252570390701 0.23746106028556824 0.97016459703445435
vn 0.048917252570390701 0.23746106028556824 0.97016459703445435
vn 0.048917252570390701 0.23746106028556824 0.97016459703445435
vn 0.1059248298406601 -0.035821322351694107 0.99372869729995728
vn 0.1059248298406601 -0.035821322351694107 0.99372869729995728
vn 0.1059248298406601 -0.035821322351694107 0.99372869729995728
vn 0.41837182641029358 -0.53560441732406616 -0.73354816436767578
vn 0.41837182641029358 -0.53560441732406616 -0.73354816436767578
vn 0.41837182641029358 -0.53560441732406616 -0.73354816436767578
vn 0.6801910400390625 -0.46933495998382568 0.56308507919311523
vn 0.6801910400390625 -0.46933495998382568 0.56308507919311523
vn 0.6801910400390625 -0.46933495998382568 0.56308507919311523
vn 0.55622410774230957 -0.067506290972232819 -0.82828593254089355
vn 0.55622410774230957 -0.067506290972232819 -0.82828593254089355
vn 0.55622410774230957 -0.067506290972232819 -0.82828593254089355
vn 0.7507055401802063 -0.39563867449760437 -0.52906638383865356
vn 0.7507055401802063 -0.39563867449760437 -0.52906638383865356
vn 0.7507055401802063 -0.39563867449760437 -0.52906638383865356
vn 0.67086046934127808 0.65282315015792847 0.35180702805519104
vn 0.67086046934127808 0.65282315015792847 0.35180702805519104
vn 0.67086046934127808 0.65282315015792847 0.35180702805519104
vn 0.68401366472244263 0.34862852096557617 -0.64076787233352661
vn 0.68401366472244263 0.34862852096557617 -0.64076787233352661
vn 0.68401366472244263 0.34862852096557617 -0.64076787233352661
vn -0.71509814262390137 0.31601804494857788 0.62351202964782715
vn -0.71509814262390137 0.31601804494857788 0.62351202964782715
vn -0.71509814262390137 0.31601804494857788 0.62351202964782715
vn -0.045244954526424408 0.10148338973522186 0.99380785226821899
vn -0.045244954526424408 0.10148338973522186 0.99380785226821899
vn -0.045244954526424408 0.10148338973522186 0.99380785226821899
vn -0.28756871819496155 -0.0398995541036129 -0.956928551197052
vn -0.28756871819496155 -0.0398995541036129 -0.956928551197052
vn -0.28756871819496155 -0.0398995541036129 -0.956928551197052
vn -0.44220215082168579 -0.10584207624197006 -0.8906484842300415
vn -0.44220215082168579 -0.10584207624197006 -0.8906484842300415
vn -0.44220215082168579 -0.10584207624197006 -0.8906484842300415
vn 0.39394518733024597 0.007979096844792366 0.91909927129745483
vn 0.39394518733024597 0.007979096844792366 0.91909927129745483
vn 0.39394518733024597 0.007979096844792366 0.91909927129745483
vn 0.70197653770446777 -0.042333554476499557 0.71094077825546265
vn 0.70197653770446777 -0.042333554476499557 0.71094077825546265
vn 0.70197653770446777 -0.042333554476499557 0.71094077825546265
vn -0.25036299228668213 0.026459613814949989 0.96779042482376099
vn -0.25036299228668213 0.026459613814949989 0.96779042482376099
vn -0.25036299228668213 0.026459613814949989 0.96779042482376099
vn 0.32864737510681152 -0.061806973069906235 0.94242817163467407
vn 0.32864737510681152 -0.061806973069906235 0.94242817163467407
vn 0.32864737510681152 -0.061806973069906235 0.94242817163467407
vn 0.12432605773210526 0.026749679818749428 -0.99188077449798584
vn 0.12432605773210526 0.026749679818749428 -0.99188077449798584
vn 0.12432605773210526 0.026749679818749428 -0.99188077449798584
vn -0.0039041906129568815 0.016330443322658539 -0.9998590350151062
vn -0.0039041906129568815 0.016330443322658539 -0.9998590350151062
vn -0.0039041906129568815 0.016330443322658539 -0.9998590350151062
vn 0.31071090698242188 -0.82766079902648926 -0.46737176179885864
vn 0.31071090698242188 -0.82766079902648926 -0.46737176179885864
vn 0.31071090698242188 -0.82766079902648926 -0.46737176179885864
vn -0.5370107889175415 -0.21329905092716217 0.81616353988647461
vn -0.5370107889175415 -0.21329905092716217 0.81616353988647461
vn -0.5370107889175415 -0.21329905092716217 0.81616353988647461
vn 0.57291132211685181 -0.10951926559209824 0.81226730346679688
vn 0.57291132211685181 -0.10951926559209824 0.81226730346679688
vn 0.57291132211685181 -0.10951926559209824 0.81226730346679688
vn -0.92588526010513306 0.10707433521747589 0.36231422424316406
vn -0.92588526010513306 0.10707433521747589 0.36231422424316406
vn -0.92588526010513306 0.10707433521747589 0.36231422424316406
vn -0.18765133619308472 0.011622144840657711 0.98216694593429565
vn -0.18765133619308472 0.011622144840657711 0.98216694593429565
vn -0.18765133619308472 0.011622144840657711 0.98216694593429565
vn -0.22877193987369537 -0.96579158306121826 0.12210678309202194
vn -0.22877193987369537 -0.96579158306121826 0.12210678309202194
vn -0.22877193987369537 -0.96579158306121826 0.12210678309202194
vn -0.3564552366733551 -0.81846988201141357 0.45060700178146362
vn -0.3564552366733551 -0.81846988201141357 0.45060700178146362
vn -0.3564552366733551 -0.81846988201141357 0.45060700178146362
vn 0.30535480380058289 -0.63552528619766235 0.70913046598434448
vn 0.30535480380058289 -0.63552528619766235 0.70913046598434448
vn 0.30535480380058289 -0.63552528619766235 0.70913046598434448
vn -0.42479279637336731 0.073555417358875275 -0.90229743719100952
vn -0.42479279637336731 0.073555417358875275 -0.90229743719100952
vn -0.42479279637336731 0.073555417358875275 -0.90229743719100952
vn -0.42371508479118347 -0.032735887914896011 -0.90520375967025757
vn -0.42371508479118347 -0.032735887914896011 -0.90520375967025757
vn -0.42371508479118347 -0.032735887914896011 -0.90520375967025757
vn -0.60665047168731689 0.312176913022995 -0.73110926151275635
vn -0.60665047168731689 0.312176913022995 -0.73110926151275635
vn -0.60665047168731689 0.312176913022995 -0.73110926151275635
vn 0.75827217102050781 0.17609092593193054 -0.62770640850067139
vn 0.75827217102050781 0.17609092593193054 -0.62770640850067139
vn 0.75827217102050781 0.17609092593193054 -0.62770640850067139
vn -0.391731858253479 0.15196143090724945 -0.9074435830116272
vn -0.391731858253479 0.15196143090724945 -0.9074435830116272
vn -0.391731858253479 0.15196143090724945 -0.9074435830116272
vn 0.089659906923770905 0.17613761126995087 -0.9802737832069397
vn 0.089659906923770905 0.17613761126995087 -0.9802737832069397
vn 0.089659906923770905 0.17613761126995087 -0.9802737832069397
vn -0.54576331377029419 0.67026984691619873 -0.5028725266456604
vn -0.54576331377029419 0.67026984691619873 -0.5028725266456604
vn -0.54576331377029419 0.67026984691619873 -0.5028725266456604
vn -0.7277112603187561 0.052230425179004669 -0.68389207124710083
vn -0.7277112603187561 0.052230425179004669 -0.68389207124710083
vn -0.7277112603187561 0.052230425179004669 -0.68389207124710083
vn 0.42449682950973511 0.12883049249649048 0.89621710777282715
vn 0.42449682950973511 0.12883049249649048 0.89621710777282715
vn 0.42449682950973511 0.12883049249649048 0.89621710777282715
vn -0.15837568044662476 0.13578076660633087 0.97799831628799438
vn -0.15837568044662476 0.13578076660633087 0.97799831628799438
vn -0.15837568044662476 0.13578076660633087 0.97799831628799438
vn 0.069298341870307922 -0.99436146020889282 -0.080268241465091705
vn 0.069298341870307922 -0.99436146020889282 -0.080268241465091705
vn 0.069298341870307922 -0.99436146020889282 -0.080268241465091705
vn -0.13171005249023438 -0.98121196031570435 -0.14098075032234192
vn -0.13171005249023438 -0.98121196031570435 -0.14098075032234192
vn -0.13171005249023438 -0.98121196031570435 -0.14098075032234192
vn -0.23260699212551117 0.087525807321071625 -0.96862441301345825
vn -0.23260699212551117 0.087525807321071625 -0.96862441301345825
vn -0.23260699212551117 0.087525807321071625 -0.96862441301345825
vn -0.32856601476669312 0.064039431512355804 -0.94230747222900391
vn -0.32856601476669312 0.064039431512355804 -0.94230747222900391
vn -0.32856601476669312 0.064039431512355804 -0.94230747222900391
vn 0.064889907836914062 0.1064593493938446 -0.99219739437103271
vn 0.064889907836914062 0.1064593493938446 -0.99219739437103271
vn 0.064889907836914062 0.1064593493938446 -0.99219739437103271
vn 0.54148715734481812 0.18884116411209106 -0.81922566890716553
vn 0.54148715734481812 0.18884116411209106 -0.81922566890716553
vn 0.54148715734481812 0.18884116411209106 -0.81922566890716553
vn 0.20603813230991364 -0.58976548910140991 0.78084886074066162
vn 0.20603813230991364 -0.58976548910140991 0.78084886074066162
vn 0.20603813230991364 -0.58976548910140991 0.78084886074066162
vn 0.35278165340423584 -0.18588550388813019 0.91705596446990967
vn 0.35278165340423584 -0.18588550388813019 0.91705596446990967
vn 0.35278165340423584 -0.18588550388813019 0.91705596446990967
vn -0.17407342791557312 -0.19547507166862488 0.96513622999191284
vn -0.17407342791557312 -0.19547507166862488 0.96513622999191284
vn -0.17407342791557312 -0.19547507166862488 0.96513622999191284
vn 0.82058829069137573 0.017421549186110497 -0.57125413417816162
vn 0.82058829069137573 0.017421549186110497 -0.57125413417816162
vn 0.82058829069137573 0.017421549186110497 -0.57125413417816162
vn 0.029853338375687599 -0.9306986927986145 -0.36456653475761414
vn 0.029853338375687599 -0.9306986927986145 -0.36456653475761414
vn 0.029853338375687599 -0.9306986927986145 -0.36456653475761414
vn 0.001531636924482882 -0.99985337257385254 0.017053708434104919
vn 0.001531636924482882 -0.99985337257385254 0.017053708434104919
vn 0.001531636924482882 -0.99985337257385254 0.017053708434104919
vn -0.99518537521362305 0.069761045277118683 0.068843990564346313
vn -0.99518537521362305 0.069761045277118683 0.068843990564346313
vn -0.99518537521362305 0.069761045277118683 0.068843990564346313
vn -0.93683129549026489 0.10445362329483032 0.33382123708724976
vn -0.93683129549026489 0.10445362329483032 0.33382123708724976
vn -0.93683129549026489 0.10445362329483032 0.33382123708724976
vn -0.55738770961761475 -0.7361152172088623 0.38399657607078552
vn -0.55738770961761475 -0.7361152172088623 0.38399657607078552
vn -0.55738770961761475 -0.7361152172088623 0.38399657607078552
vn 0.17478424310684204 -0.98309677839279175 -0.05450914055109024
vn 0.17478424310684204 -0.98309677839279175 -0.05450914055109024
vn 0.17478424310684204 -0.98309677839279175 -0.05450914055109024
vn -0.32785537838935852 -0.92700248956680298 -0.1821461021900177
vn -0.29335424304008484 -0.95156526565551758 -0.092015229165554047
vn -0.3895263671875 -0.91257476806640625 -0.12440461665391922
vn -0.36004802584648132 -0.93244832754135132 -0.030092600733041763
f 1609/3331/3331 1607/3329/3329 1608/3330/3330
f 1612/3334/3334 1610/3332/3332 1611/3333/3333
f 1615/3337/3337 1613/3335/3335 1614/3336/3336
f 1618/3340/3340 1616/3338/3338 1617/3339/3339
f 1619/3343/3343 1608/3341/3341 1607/3342/3342
f 1622/3346/3346 1620/3344/3344 1621/3345/3345
f 1625/3349/3349 1623/3347/3347 1624/3348/3348
f 1628/3352/3352 1626/3350/3350 1627/3351/3351
f 1631/3355/3355 1629/3353/3353 1630/3354/3354
f 1634/3358/3358 1632/3356/3356 1633/3357/3357
f 1616/3361/3361 1618/3359/3359 1635/3360/3360
f 1638/3364/3364 1636/3362/3362 1637/3363/3363
f 1641/3367/3367 1639/3365/3365 1640/3366/3366
f 1642/3370/3370 1639/3368/3368 1624/3369/3369
f 1645/3373/3373 1643/3371/3371 1644/3372/3372
f 1646/3376/3376 1645/3374/3374 1644/3375/3375
f 1649/3379/3379 1647/3377/3377 1648/3378/3378
f 1652/3382/3382 1650/3380/3380 1651/3381/3381
f 1609/3385/3385 1653/3383/3383 1654/3384/3384
f 1636/3388/3388 1638/3386/3386 1655/3387/3387
f 1658/3391/3391 1656/3389/3389 1657/3390/3390
f 1661/3394/3394 1659/3392/3392 1660/3393/3393
f 1664/3397/3397 1662/3395/3395 1663/3396/3396
f 1667/3400/3400 1665/3398/3398 1666/3399/3399
f 1670/3403/3403 1668/3401/3401 1669/3402/3402
f 1671/3406/3406 1649/3404/3404 1648/3405/3405
f 1674/3409/3409 1672/3407/3407 1673/3408/3408
f 1627/3412/3412 1675/3410/3410 1628/3411/3411
f 1678/3415/3415 1676/3413/3413 1677/3414/3414
f 1639/3418/3418 1625/3416/3416 1624/3417/3417
f 1665/3421/3421 1679/3419/3419 1680/3420/3420
f 1683/3424/3424 1681/3422/3422 1682/3423/3423
f 1686/3427/3427 1684/3425/3425 1685/3426/3426
f 1685/3430/3430 1687/3428/3428 1688/3429/3429
f 1691/3433/3433 1689/3431/3431 1690/3432/3432
f 1694/3436/3436 1692/3434/3434 1693/3435/3435
f 1696/3439/3439 1662/3437/3437 1695/3438/3438
f 1666/3442/3442 1697/3440/3440 1698/3441/3441
f 1688/3445/3445 1699/3443/3443 1665/3444/3444
f 1665/3448/3448 1700/3446/3446 1679/3447/3447
f 1702/3451/3451 1668/3449/3449 1701/3450/3450
f 1705/3454/3454 1703/3452/3452 1704/3453/3453
f 1671/3457/3457 1706/3455/3455 1707/3456/3456
f 1709/3460/3460 1708/3458/3458 1703/3459/3459
f 1712/3463/3463 1710/3461/3461 1711/3462/3462
f 1659/3466/3466 1661/3464/3464 1713/3465/3465
f 1615/3469/3469 1714/3467/3467 1675/3468/3468
f 1716/3472/3472 1672/3470/3470 1715/3471/3471
f 1718/3475/3475 1641/3473/3473 1717/3474/3474
f 1639/3478/3478 1642/3476/3476 1640/3477/3477
f 1692/3481/3481 1694/3479/3479 1719/3480/3480
f 1682/3484/3484 1720/3482/3482 1683/3483/3483
f 1714/3487/3487 1701/3485/3485 1721/3486/3486
f 1714/3490/3490 1628/3488/3488 1675/3489/3489
f 1724/3493/3493 1722/3491/3491 1723/3492/3492
f 1713/3496/3496 1725/3494/3494 1726/3495/3495
f 1729/3499/3499 1727/3497/3497 1728/3498/3498
f 1708/3502/3502 1709/3500/3500 1730/3501/3501
f 1692/3505/3505 1731/3503/3503 1693/3504/3504
f 1607/3508/3508 1684/3506/3506 1619/3507/3507
f 1734/3511/3511 1732/3509/3509 1733/3510/3510
f 1610/3514/3514 1735/3512/3512 1611/3513/3513
f 1737/3517/3517 1668/3515/3515 1736/3516/3516
f 1705/3520/3520 1737/3518/3518 1738/3519/3519
f 1741/3523/3523 1739/3521/3521 1740/3522/3522
f 1744/3526/3526 1742/3524/3524 1743/3525/3525
f 1686/3529/3529 1690/3527/3527 1689/3528/3528
f 1742/3532/3532 1744/3530/3530 1745/3531/3531
f 1733/3535/3535 1746/3533/3533 1734/3534/3534
f 1747/3538/3538 1635/3536/3536 1626/3537/3537
f 1749/3541/3541 1718/3539/3539 1748/3540/3540
f 1752/3544/3544 1750/3542/3542 1751/3543/3543
f 1755/3547/3547 1753/3545/3545 1754/3546/3546
f 1710/3550/3550 1712/3548/3548 1754/3549/3549
f 1665/3553/3553 1756/3551/3551 1666/3552/3552
f 1656/3556/3556 1658/3554/3554 1663/3555/3555
f 1707/3559/3559 1757/3557/3557 1671/3558/3558
f 1759/3562/3562 1641/3560/3560 1758/3561/3561
f 1613/3565/3565 1760/3563/3563 1761/3564/3564
f 1614/3568/3568 1613/3566/3566 1761/3567/3567
f 1739/3571/3571 1762/3569/3569 1740/3570/3570
f 1764/3574/3574 1666/3572/3572 1763/3573/3573
f 1767/3577/3577 1765/3575/3575 1766/3576/3576
f 1765/3580/3580 1768/3578/3578 1769/3579/3579
f 1770/3583/3583 1610/3581/3581 1612/3582/3582
f 1771/3586/3586 1761/3584/3584 1760/3585/3585
f 1691/3589/3589 1646/3587/3587 1772/3588/3588
f 1773/3592/3592 1643/3590/3590 1768/3591/3591
f 1775/3595/3595 1720/3593/3593 1774/3594/3594
f 1774/3598/3598 1622/3596/3596 1776/3597/3597
f 1703/3601/3601 1705/3599/3599 1709/3600/3600
f 1778/3604/3604 1727/3602/3602 1777/3603/3603
f 1653/3607/3607 1638/3605/3605 1654/3606/3606
f 1685/3610/3610 1684/3608/3608 1779/3609/3609
f 1636/3613/3613 1712/3611/3611 1711/3612/3612
f 1780/3616/3616 1674/3614/3614 1673/3615/3615
f 1782/3619/3619 1781/3617/3617 1724/3618/3618
f 1785/3622/3622 1783/3620/3620 1784/3621/3621
f 1782/3625/3625 1786/3623/3623 1787/3624/3624
f 1785/3628/3628 1788/3626/3626 1786/3627/3627
f 1682/3631/3631 1694/3629/3629 1789/3630/3630
f 1657/3634/3634 1630/3632/3632 1629/3633/3633
f 1790/3637/3637 1721/3635/3635 1647/3636/3636
f 1746/3640/3640 1791/3638/3638 1734/3639/3639
f 1642/3643/3643 1759/3641/3641 1758/3642/3642
f 1718/3646/3646 1792/3644/3644 1750/3645/3645
f 1794/3649/3649 1793/3647/3647 1783/3648/3648
f 1784/3652/3652 1783/3650/3650 1795/3651/3651
f 1639/3655/3655 1757/3653/3653 1668/3654/3654
f 1757/3658/3658 1736/3656/3656 1668/3657/3657
f 1681/3661/3661 1796/3659/3659 1634/3660/3660
f 1632/3664/3664 1634/3662/3662 1796/3663/3663
f 1609/3667/3667 1608/3665/3665 1797/3666/3666
f 1798/3670/3670 1797/3668/3668 1753/3669/3669
f 1799/3673/3673 1723/3671/3671 1722/3672/3672
f 1722/3676/3676 1800/3674/3674 1637/3675/3675
f 1726/3679/3679 1659/3677/3677 1713/3678/3678
f 1687/3682/3682 1699/3680/3680 1688/3681/3681
f 1632/3685/3685 1801/3683/3683 1633/3684/3684
f 1731/3688/3688 1692/3686/3686 1802/3687/3687
f 1658/3691/3691 1803/3689/3689 1663/3690/3690
f 1658/3694/3694 1691/3692/3692 1690/3693/3693
f 1688/3697/3697 1686/3695/3695 1685/3696/3696
f 1698/3700/3700 1742/3698/3698 1745/3699/3699
f 1741/3703/3703 1804/3701/3701 1805/3702/3702
f 1763/3706/3706 1695/3704/3704 1764/3705/3705
f 1625/3709/3709 1806/3707/3707 1807/3708/3708
f 1810/3712/3712 1808/3710/3710 1809/3711/3711
f 1811/3715/3715 1728/3713/3713 1730/3714/3714
f 1730/3718/3718 1778/3716/3716 1777/3717/3717
f 1814/3721/3721 1812/3719/3719 1813/3720/3720
f 1651/3724/3724 1733/3722/3722 1652/3723/3723
f 1796/3727/3727 1681/3725/3725 1815/3726/3726
f 1754/3730/3730 1618/3728/3728 1710/3729/3729
f 1818/3733/3733 1816/3731/3731 1817/3732/3732
f 1701/3736/3736 1707/3734/3734 1706/3735/3735
f 1737/3739/3739 1705/3737/3737 1704/3738/3738
f 1760/3742/3742 1770/3740/3740 1612/3741/3741
f 1632/3745/3745 1678/3743/3743 1677/3744/3744
f 1695/3748/3748 1763/3746/3746 1696/3747/3747
f 1656/3751/3751 1819/3749/3749 1756/3750/3750
f 1806/3754/3754 1639/3752/3752 1668/3753/3753
f 1639/3757/3757 1806/3755/3755 1820/3756/3756
f 1800/3760/3760 1722/3758/3758 1660/3759/3759
f 1660/3763/3763 1654/3761/3761 1800/3762/3762
f 1615/3766/3766 1614/3764/3764 1702/3765/3765
f 1669/3769/3769 1614/3767/3767 1670/3768/3768
f 1638/3772/3772 1653/3770/3770 1655/3771/3771
f 1821/3775/3775 1716/3773/3773 1715/3774/3774
f 1641/3778/3778 1759/3776/3776 1757/3777/3777
f 1639/3781/3781 1641/3779/3779 1757/3780/3780
f 1781/3784/3784 1782/3782/3782 1818/3783/3783
f 1816/3787/3787 1818/3785/3785 1782/3786/3786
f 1750/3790/3790 1822/3788/3788 1751/3789/3789
f 1751/3793/3793 1749/3791/3791 1748/3792/3792
f 1824/3796/3796 1823/3794/3794 1791/3795/3795
f 1825/3799/3799 1790/3797/3797 1823/3798/3798
f 1738/3802/3802 1708/3800/3800 1730/3801/3801
f 1708/3805/3805 1738/3803/3803 1737/3804/3804
f 1607/3808/3808 1609/3806/3806 1826/3807/3807
f 1660/3811/3811 1779/3809/3809 1827/3810/3810
f 1829/3814/3814 1828/3812/3812 1649/3813/3813
f 1732/3817/3817 1830/3815/3815 1735/3816/3816
f 1788/3820/3820 1785/3818/3818 1784/3819/3819
f 1714/3823/3823 1721/3821/3821 1825/3822/3822
f 1721/3826/3826 1790/3824/3824 1825/3825/3825
f 1612/3829/3829 1771/3827/3827 1760/3828/3828
f 1611/3832/3832 1809/3830/3830 1612/3831/3831
f 1650/3835/3835 1616/3833/3833 1651/3834/3834
f 1791/3838/3838 1746/3836/3836 1824/3837/3837
f 1667/3841/3841 1686/3839/3839 1688/3840/3840
f 1665/3844/3844 1667/3842/3842 1688/3843/3843
f 1805/3847/3847 1662/3845/3845 1741/3846/3846
f 1743/3850/3850 1662/3848/3848 1744/3849/3849
f 1643/3853/3853 1645/3851/3851 1768/3852/3852
f 1768/3856/3856 1767/3854/3854 1769/3855/3855
f 1789/3859/3859 1720/3857/3857 1682/3858/3858
f 1680/3862/3862 1657/3860/3860 1665/3861/3861
f 1773/3865/3865 1645/3863/3863 1646/3864/3864
f 1643/3868/3868 1773/3866/3866 1646/3867/3867
f 1750/3871/3871 1758/3869/3869 1718/3870/3870
f 1641/3874/3874 1718/3872/3872 1758/3873/3873
f 1765/3877/3877 1769/3875/3875 1812/3876/3876
f 1769/3880/3880 1767/3878/3878 1766/3879/3879
f 1769/3883/3883 1813/3881/3881 1812/3882/3882
f 1636/3886/3886 1711/3884/3884 1637/3885/3885
f 1799/3889/3889 1722/3887/3887 1637/3888/3888
f 1640/3892/3892 1750/3890/3890 1752/3891/3891
f 1752/3895/3895 1641/3893/3893 1640/3894/3894
f 1759/3898/3898 1642/3896/3896 1624/3897/3897
f 1624/3901/3901 1649/3899/3899 1759/3900/3900
f 1757/3904/3904 1707/3902/3902 1831/3903/3903
f 1736/3907/3907 1757/3905/3905 1831/3906/3906
f 1727/3910/3910 1729/3908/3908 1832/3909/3909
f 1730/3913/3913 1777/3911/3911 1811/3912/3912
f 1754/3916/3916 1833/3914/3914 1755/3915/3915
f 1833/3919/3919 1834/3917/3917 1755/3918/3918
f 1668/3922/3922 1702/3920/3920 1669/3921/3921
f 1702/3925/3925 1614/3923/3923 1669/3924/3924
f 1836/3928/3928 1782/3926/3926 1835/3927/3927
f 1786/3931/3931 1724/3929/3929 1787/3930/3930
f 1801/3934/3934 1619/3932/3932 1837/3933/3933
f 1619/3937/3937 1801/3935/3935 1838/3936/3936
f 1821/3940/3940 1674/3938/3938 1839/3939/3939
f 1674/3943/3943 1780/3941/3941 1839/3942/3942
f 1750/3946/3946 1640/3944/3944 1642/3945/3945
f 1758/3949/3949 1750/3947/3947 1642/3948/3948
f 1830/3952/3952 1611/3950/3950 1735/3951/3951
f 1830/3955/3955 1808/3953/3953 1810/3954/3954
f 1694/3958/3958 1682/3956/3956 1719/3957/3957
f 1681/3961/3961 1634/3959/3959 1682/3960/3960
f 1762/3964/3964 1804/3962/3962 1740/3963/3963
f 1804/3967/3967 1741/3965/3965 1740/3966/3966
f 1646/3970/3970 1691/3968/3968 1631/3969/3969
f 1629/3973/3973 1631/3971/3971 1691/3972/3972
f 1664/3976/3976 1686/3974/3974 1840/3975/3975
f 1686/3979/3979 1667/3977/3977 1840/3978/3978
f 1742/3982/3982 1698/3980/3980 1697/3981/3981
f 1762/3985/3985 1739/3983/3983 1697/3984/3984
f 1828/3988/3988 1732/3986/3986 1734/3987/3987
f 1841/3991/3991 1828/3989/3989 1734/3990/3990
f 1689/3994/3994 1691/3992/3992 1772/3993/3993
f 1802/3997/3997 1684/3995/3995 1731/3996/3996
f 1614/4000/4000 1842/3998/3998 1670/3999/3999
f 1806/4003/4003 1842/4001/4001 1807/4002/4002
f 1650/4006/4006 1652/4004/4004 1683/4005/4005
f 1775/4009/4009 1774/4007/4007 1776/4008/4008
f 1843/4012/4012 1817/4010/4010 1725/4011/4011
f 1617/4015/4015 1622/4013/4013 1844/4014/4014
f 1816/4018/4018 1710/4016/4016 1618/4017/4017
f 1816/4021/4021 1799/4019/4019 1710/4020/4020
f 1686/4024/4024 1664/4022/4022 1803/4023/4023
f 1664/4027/4027 1663/4025/4025 1803/4026/4026
f 1783/4030/4030 1793/4028/4028 1795/4029/4029
f 1693/4033/4033 1644/4031/4031 1694/4032/4032
f 1789/4036/4036 1694/4034/4034 1845/4035/4035
f 1662/4039/4039 1696/4037/4037 1663/4038/4038
f 1819/4042/4042 1656/4040/4040 1663/4041/4041
f 1668/4045/4045 1737/4043/4043 1701/4044/4044
f 1707/4048/4048 1701/4046/4046 1737/4047/4047
f 1697/4051/4051 1666/4049/4049 1762/4050/4050
f 1666/4054/4054 1764/4052/4052 1762/4053/4053
f 1722/4057/4057 1661/4055/4055 1660/4056/4056
f 1722/4060/4060 1724/4058/4058 1781/4059/4059
f 1721/4063/4063 1701/4061/4061 1706/4062/4062
f 1706/4066/4066 1647/4064/4064 1721/4065/4065
f 1608/4069/4069 1619/4067/4067 1838/4068/4068
f 1676/4072/4072 1797/4070/4070 1608/4071/4071
f 1716/4075/4075 1753/4073/4073 1846/4074/4074
f 1753/4078/4078 1755/4076/4076 1846/4077/4077
f 1622/4081/4081 1774/4079/4079 1620/4080/4080
f 1679/4084/4084 1700/4082/4082 1620/4083/4083
f 1732/4087/4087 1735/4085/4085 1733/4086/4086
f 1610/4090/4090 1815/4088/4088 1735/4089/4089
f 1615/4093/4093 1675/4091/4091 1797/4092/4092
f 1676/4096/4096 1615/4094/4094 1797/4095/4095
f 1618/4099/4099 1754/4097/4097 1635/4098/4098
f 1754/4102/4102 1753/4100/4100 1627/4101/4101
f 1720/4105/4105 1680/4103/4103 1774/4104/4104
f 1720/4108/4108 1789/4106/4106 1847/4107/4107
f 1660/4111/4111 1685/4109/4109 1779/4110/4110
f 1659/4114/4114 1685/4112/4112 1660/4113/4113
f 1662/4117/4117 1743/4115/4115 1741/4116/4116
f 1739/4120/4120 1741/4118/4118 1743/4119/4119
f 1692/4123/4123 1837/4121/4121 1802/4122/4122
f 1719/4126/4126 1633/4124/4124 1692/4125/4125
f 1705/4129/4129 1728/4127/4127 1727/4128/4128
f 1727/4132/4132 1778/4130/4130 1705/4131/4131
f 1649/4135/4135 1830/4133/4133 1829/4134/4134
f 1808/4138/4138 1830/4136/4136 1623/4137/4137
f 1641/4141/4141 1752/4139/4139 1717/4140/4140
f 1748/4144/4144 1752/4142/4142 1751/4143/4143
f 1649/4147/4147 1671/4145/4145 1759/4146/4146
f 1757/4150/4150 1759/4148/4148 1671/4149/4149
f 1790/4153/4153 1828/4151/4151 1841/4152/4152
f 1790/4156/4156 1791/4154/4154 1823/4155/4155
f 1726/4159/4159 1622/4157/4157 1621/4158/4158
f 1699/4162/4162 1659/4160/4160 1848/4161/4161
f 1747/4165/4165 1626/4163/4163 1824/4164/4164
f 1746/4168/4168 1747/4166/4166 1824/4167/4167
f 1792/4171/4171 1718/4169/4169 1749/4170/4170
f 1749/4174/4174 1751/4172/4172 1822/4173/4173
f 1737/4177/4177 1704/4175/4175 1707/4176/4176
f 1703/4180/4180 1707/4178/4178 1704/4179/4179
f 1655/4183/4183 1780/4181/4181 1636/4182/4182
f 1636/4186/4186 1834/4184/4184 1849/4185/4185
f 1730/4189/4189 1709/4187/4187 1850/4188/4188
f 1778/4192/4192 1709/4190/4190 1705/4191/4191
f 1770/4195/4195 1796/4193/4193 1610/4194/4194
f 1796/4198/4198 1815/4196/4196 1610/4197/4197
f 1824/4201/4201 1626/4199/4199 1851/4200/4200
f 1628/4204/4204 1851/4202/4202 1626/4203/4203
f 1644/4207/4207 1631/4205/4205 1630/4206/4206
f 1644/4210/4210 1845/4208/4208 1694/4209/4209
f 1684/4213/4213 1686/4211/4211 1689/4212/4212
f 1772/4216/4216 1684/4214/4214 1689/4215/4215
f 1714/4219/4219 1615/4217/4217 1702/4218/4218
f 1701/4222/4222 1714/4220/4220 1702/4221/4221
f 1809/4225/4225 1852/4223/4223 1853/4224/4224
f 1809/4228/4228 1771/4226/4226 1612/4227/4227
f 1784/4231/4231 1794/4229/4229 1788/4230/4230
f 1783/4234/4234 1788/4232/4232 1794/4233/4233
f 1776/4237/4237 1650/4235/4235 1775/4236/4236
f 1616/4240/4240 1650/4238/4238 1617/4239/4239
f 1657/4243/4243 1789/4241/4241 1845/4242/4242
f 1789/4246/4246 1657/4244/4244 1847/4245/4245
f 1783/4249/4249 1785/4247/4247 1836/4248/4248
f 1788/4252/4252 1783/4250/4250 1836/4251/4251
f 1753/4255/4255 1797/4253/4253 1675/4254/4254
f 1627/4258/4258 1753/4256/4256 1675/4257/4257
f 1816/4261/4261 1782/4259/4259 1787/4260/4260
f 1724/4264/4264 1816/4262/4262 1787/4263/4263
f 1773/4267/4267 1768/4265/4265 1765/4266/4266
f 1767/4270/4270 1773/4268/4268 1765/4269/4269
f 1684/4273/4273 1802/4271/4271 1619/4272/4272
f 1619/4276/4276 1802/4274/4274 1837/4275/4275
f 1654/4279/4279 1660/4277/4277 1827/4278/4278
f 1609/4282/4282 1654/4280/4280 1826/4281/4281
f 1653/4285/4285 1609/4283/4283 1798/4284/4284
f 1797/4288/4288 1798/4286/4286 1609/4287/4287
f 1728/4291/4291 1811/4289/4289 1729/4290/4290
f 1777/4294/4294 1729/4292/4292 1811/4293/4293
f 1622/4297/4297 1817/4295/4295 1844/4296/4296
f 1816/4300/4300 1844/4298/4298 1817/4299/4299
f 1685/4303/4303 1659/4301/4301 1687/4302/4302
f 1659/4306/4306 1699/4304/4304 1687/4305/4305
f 1627/4309/4309 1626/4307/4307 1635/4308/4308
f 1627/4312/4312 1635/4310/4310 1754/4311/4311
f 1840/4315/4315 1744/4313/4313 1664/4314/4314
f 1662/4318/4318 1664/4316/4316 1744/4317/4317
f 1766/4321/4321 1854/4319/4319 1769/4320/4320
f 1813/4324/4324 1769/4322/4322 1854/4323/4323
f 1744/4327/4327 1840/4325/4325 1745/4326/4326
f 1840/4330/4330 1698/4328/4328 1745/4329/4329
f 1623/4333/4333 1625/4331/4331 1808/4332/4332
f 1807/4336/4336 1852/4334/4334 1625/4335/4335
f 1677/4339/4339 1676/4337/4337 1838/4338/4338
f 1676/4342/4342 1608/4340/4340 1838/4341/4341
f 1799/4345/4345 1637/4343/4343 1711/4344/4344
f 1710/4348/4348 1799/4346/4346 1711/4347/4347
f 1748/4351/4351 1718/4349/4349 1717/4350/4350
f 1717/4354/4354 1752/4352/4352 1748/4353/4353
f 1766/4357/4357 1765/4355/4355 1812/4356/4356
f 1812/4360/4360 1814/4358/4358 1766/4359/4359
f 1666/4363/4363 1756/4361/4361 1763/4362/4362
f 1819/4366/4366 1763/4364/4364 1756/4365/4365
f 1645/4369/4369 1773/4367/4367 1767/4368/4368
f 1768/4372/4372 1645/4370/4370 1767/4371/4371
f 1633/4375/4375 1719/4373/4373 1634/4374/4374
f 1682/4378/4378 1634/4376/4376 1719/4377/4377
f 1658/4381/4381 1657/4379/4379 1629/4380/4380
f 1691/4384/4384 1658/4382/4382 1629/4383/4383
f 1647/4387/4387 1649/4385/4385 1828/4386/4386
f 1828/4390/4390 1790/4388/4388 1647/4389/4389
f 1796/4393/4393 1770/4391/4391 1632/4392/4392
f 1678/4396/4396 1632/4394/4394 1770/4395/4395
f 1621/4399/4399 1699/4397/4397 1848/4398/4398
f 1621/4402/4402 1620/4400/4400 1700/4401/4401
f 1843/4405/4405 1781/4403/4403 1818/4404/4404
f 1817/4408/4408 1843/4406/4406 1818/4407/4407
f 1815/4411/4411 1652/4409/4409 1733/4410/4410
f 1733/4414/4414 1735/4412/4412 1815/4413/4413
f 1813/4417/4417 1854/4415/4415 1814/4416/4416
f 1761/4420/4420 1771/4418/4418 1842/4419/4419
f 1842/4423/4423 1614/4421/4421 1761/4422/4422
f 1831/4426/4426 1708/4424/4424 1736/4425/4425
f 1708/4429/4429 1737/4427/4427 1736/4428/4428
f 1637/4432/4432 1800/4430/4430 1638/4431/4431
f 1800/4435/4435 1654/4433/4433 1638/4434/4434
f 1774/4438/4438 1680/4436/4436 1679/4437/4437
f 1620/4441/4441 1774/4439/4439 1679/4440/4440
f 1665/4444/4444 1657/4442/4442 1656/4443/4443
f 1756/4447/4447 1665/4445/4445 1656/4446/4446
f 1821/4450/4450 1655/4448/4448 1653/4449/4449
f 1716/4453/4453 1821/4451/4451 1653/4452/4452
f 1852/4456/4456 1807/4454/4454 1853/4455/4455
f 1771/4459/4459 1807/4457/4457 1842/4458/4458
f 1698/4462/4462 1840/4460/4460 1667/4461/4461
f 1667/4465/4465 1666/4463/4463 1698/4464/4464
f 1786/4468/4468 1782/4466/4466 1785/4467/4467
f 1782/4471/4471 1836/4469/4469 1785/4470/4470
f 1819/4474/4474 1663/4472/4472 1696/4473/4473
f 1763/4477/4477 1819/4475/4475 1696/4476/4476
f 1662/4480/4480 1805/4478/4478 1695/4479/4479
f 1804/4483/4483 1695/4481/4481 1805/4482/4482
f 1825/4486/4486 1851/4484/4484 1628/4485/4485
f 1628/4489/4489 1714/4487/4487 1825/4488/4488
f 1712/4492/4492 1636/4490/4490 1849/4491/4491
f 1834/4495/4495 1833/4493/4493 1849/4494/4494
f 1826/4498/4498 1779/4496/4496 1607/4497/4497
f 1684/4501/4501 1607/4499/4499 1779/4500/4500
f 1739/4504/4504 1742/4502/4502 1697/4503/4503
f 1742/4507/4507 1739/4505/4505 1743/4506/4506
f 1732/4510/4510 1828/4508/4508 1829/4509/4509
f 1830/4513/4513 1732/4511/4511 1829/4512/4512
f 1747/4516/4516 1746/4514/4514 1651/4515/4515
f 1733/4519/4519 1651/4517/4517 1746/4518/4518
f 1708/4522/4522 1831/4520/4520 1703/4521/4521
f 1707/4525/4525 1703/4523/4523 1831/4524/4524
f 1855/4528/4528 1794/4526/4526 1784/4527/4527
f 1784/4531/4531 1795/4529/4529 1855/4530/4530
f 1728/4534/4534 1705/4532/4532 1738/4533/4533
f 1738/4537/4537 1730/4535/4535 1728/4536/4536
f 1716/4540/4540 1653/4538/4538 1798/4539/4539
f 1753/4543/4543 1716/4541/4541 1798/4542/4542
f 1803/4546/4546 1658/4544/4544 1690/4545/4545
f 1690/4549/4549 1686/4547/4547 1803/4548/4548
f 1826/4552/4552 1654/4550/4550 1827/4551/4551
f 1779/4555/4555 1826/4553/4553 1827/4554/4554
f 1695/4558/4558 1804/4556/4556 1764/4557/4557
f 1804/4561/4561 1762/4559/4559 1764/4560/4560
f 1668/4564/4564 1670/4562/4562 1806/4563/4563
f 1842/4567/4567 1806/4565/4565 1670/4566/4566
f 1777/4570/4570 1727/4568/4568 1832/4569/4569
f 1729/4573/4573 1777/4571/4571 1832/4572/4572
f 1720/4576/4576 1775/4574/4574 1683/4575/4575
f 1650/4579/4579 1683/4577/4577 1775/4578/4578
f 1766/4582/4582 1814/4580/4580 1854/4581/4581
f 1845/4585/4585 1644/4583/4583 1630/4584/4584
f 1630/4588/4588 1657/4586/4586 1845/4587/4587
f 1661/4591/4591 1722/4589/4589 1781/4590/4590
f 1843/4594/4594 1661/4592/4592 1781/4593/4593
f 1792/4597/4597 1749/4595/4595 1822/4596/4596
f 1822/4600/4600 1750/4598/4598 1792/4599/4599
f 1786/4603/4603 1836/4601/4601 1835/4602/4602
f 1836/4606/4606 1786/4604/4604 1788/4605/4605
f 1755/4609/4609 1672/4607/4607 1846/4608/4608
f 1672/4612/4612 1716/4610/4610 1846/4611/4611
f 1635/4615/4615 1747/4613/4613 1616/4614/4614
f 1747/4618/4618 1651/4616/4616 1616/4617/4617
f 1699/4621/4621 1621/4619/4619 1700/4620/4620
f 1700/4624/4624 1665/4622/4622 1699/4623/4623
f 1672/4627/4627 1755/4625/4625 1673/4626/4626
f 1834/4630/4630 1673/4628/4628 1755/4629/4629
f 1684/4633/4633 1772/4631/4631 1731/4632/4632
f 1646/4636/4636 1731/4634/4634 1772/4635/4635
f 1791/4639/4639 1790/4637/4637 1841/4638/4638
f 1841/4642/4642 1734/4640/4640 1791/4641/4641
f 1652/4645/4645 1815/4643/4643 1681/4644/4644
f 1681/4648/4648 1683/4646/4646 1652/4647/4647
f 1633/4651/4651 1801/4649/4649 1837/4650/4650
f 1837/4654/4654 1692/4652/4652 1633/4653/4653
f 1799/4657/4657 1816/4655/4655 1723/4656/4656
f 1816/4660/4660 1724/4658/4658 1723/4659/4659
f 1834/4663/4663 1636/4661/4661 1780/4662/4662
f 1673/4666/4666 1834/4664/4664 1780/4665/4665
f 1655/4669/4669 1821/4667/4667 1839/4668/4668
f 1780/4672/4672 1655/4670/4670 1839/4671/4671
f 1771/4675/4675 1809/4673/4673 1853/4674/4674
f 1807/4678/4678 1771/4676/4676 1853/4677/4677
f 1622/4681/4681 1617/4679/4679 1776/4680/4680
f 1650/4684/4684 1776/4682/4682 1617/4683/4683
f 1676/4687/4687 1678/4685/4685 1613/4686/4686
f 1615/4690/4690 1676/4688/4688 1613/4689/4689
f 1678/4693/4693 1770/4691/4691 1760/4692/4692
f 1613/4696/4696 1678/4694/4694 1760/4695/4695
f 1712/4699/4699 1849/4697/4697 1833/4698/4698
f 1754/4702/4702 1712/4700/4700 1833/4701/4701
f 1778/4705/4705 1730/4703/4703 1850/4704/4704
f 1709/4708/4708 1778/4706/4706 1850/4707/4707
f 1643/4711/4711 1646/4709/4709 1631/4710/4710
f 1631/4714/4714 1644/4712/4712 1643/4713/4713
f 1806/4717/4717 1625/4715/4715 1820/4716/4716
f 1625/4720/4720 1639/4718/4718 1820/4719/4719
f 1644/4723/4723 1693/4721/4721 1646/4722/4722
f 1731/4726/4726 1646/4724/4724 1693/4725/4725
f 1622/4729/4729 1726/4727/4727 1725/4728/4728
f 1817/4732/4732 1622/4730/4730 1725/4731/4731
f 1725/4735/4735 1713/4733/4733 1843/4734/4734
f 1661/4738/4738 1843/4736/4736 1713/4737/4737
f 1726/4741/4741 1621/4739/4739 1848/4740/4740
f 1659/4744/4744 1726/4742/4742 1848/4743/4743
f 1657/4747/4747 1680/4745/4745 1847/4746/4746
f 1680/4750/4750 1720/4748/4748 1847/4749/4749
f 1838/4753/4753 1801/4751/4751 1677/4752/4752
f 1801/4756/4756 1632/4754/4754 1677/4755/4755
f 1649/4759/4759 1624/4757/4757 1623/4758/4758
f 1830/4762/4762 1649/4760/4760 1623/4761/4761
f 1617/4765/4765 1844/4763/4763 1618/4764/4764
f 1844/4768/4768 1816/4766/4766 1618/4767/4767
f 1823/4771/4771 1824/4769/4769 1851/4770/4770
f 1851/4774/4774 1825/4772/4772 1823/4773/4773
f 1672/4777/4777 1674/4775/4775 1715/4776/4776
f 1674/4780/4780 1821/4778/4778 1715/4779/4779
f 1724/4783/4783 1786/4781/4781 1835/4782/4782
f 1835/4786/4786 1782/4784/4784 1724/4785/4785
f 1706/4789/4789 1671/4787/4787 1648/4788/4788
f 1647/4792/4792 1706/4790/4790 1648/4791/4791
f 1611/4795/4795 1830/4793/4793 1810/4794/4794
f 1809/4798/4798 1611/4796/4796 1810/4797/4797
f 1852/4801/4801 1809/4799/4799 1808/4800/4800
f 1852/4804/4804 1808/4802/4802 1625/4803/4803
f 1794/4806/4806 1855/4805/4805 1795/4807/4807 1793/4808/4808
