# Rhino

v 1.3900691270828247 0.31555852293968201 -1.6492109298706055
v 1.3747302293777466 0.25856706500053406 -1.650172233581543
v 1.3498619794845581 0.32638886570930481 -1.6491878032684326
v 1.2890622615814209 0.51003831624984741 -1.5848624706268311
v 1.2840403318405151 0.49171671271324158 -1.6066371202468872
v 1.2825659513473511 0.47368752956390381 -1.5892975330352783
v 1.4087388515472412 0.38169431686401367 -1.5612781047821045
v 1.407875657081604 0.28415822982788086 -1.5806809663772583
v 1.422071099281311 0.36503374576568604 -1.5793185234069824
v 1.3321297168731689 0.21673426032066345 -1.6213904619216919
v 1.3225106000900269 0.28242981433868408 -1.6306649446487427
v 1.3470389842987061 0.25763034820556641 -1.6333893537521362
v 1.3309357166290283 0.59720402956008911 -1.6216455698013306
v 1.3176369667053223 0.6056596040725708 -1.6087409257888794
v 1.3363301753997803 0.62036347389221191 -1.607717752456665
v 1.4060943126678467 0.40402862429618835 -1.560381293296814
v 1.4160990715026855 0.46562653779983521 -1.5636070966720581
v 1.3949995040893555 0.44808679819107056 -1.5501482486724854
v 1.3492431640625 0.21697588264942169 -1.6169782876968384
v 1.3617264032363892 0.25363898277282715 -1.6143964529037476
v 1.3125433921813965 0.26264017820358276 -1.6135900020599365
v 1.3617944717407227 0.3385334312915802 -1.5431332588195801
v 1.3767820596694946 0.44874003529548645 -1.5441794395446777
v 1.3388502597808838 0.4249226450920105 -1.5407741069793701
v 1.3376939296722412 0.30083847045898438 -1.5502839088439941
v 1.3189750909805298 0.32384917140007019 -1.5509692430496216
v 1.3264775276184082 0.26175945997238159 -1.5675462484359741
v 1.4226981401443481 0.18103648722171783 -1.6448774337768555
v 1.4230701923370361 0.27887675166130066 -1.6345438957214355
v 1.4265466928482056 0.27575594186782837 -1.6155674457550049
v 1.3862593173980713 0.22298449277877808 -1.6092405319213867
v 1.3812838792800903 0.2569592297077179 -1.5911253690719604
v 1.362767219543457 0.25531703233718872 -1.6348769664764404
v 1.399431586265564 0.49138820171356201 -1.6318446397781372
v 1.4169363975524902 0.51399475336074829 -1.6145129203796387
v 1.4206675291061401 0.46127939224243164 -1.6472136974334717
v 1.4106409549713135 0.20273469388484955 -1.657755970954895
v 1.4124207496643066 0.28067144751548767 -1.6485340595245361
v 1.3342399597167969 0.45969340205192566 -1.6522115468978882
v 1.4005270004272461 0.47608622908592224 -1.6426563262939453
v 1.3848196268081665 0.43629109859466553 -1.6513255834579468
v 1.3110541105270386 0.52282202243804932 -1.5968542098999023
v 1.3616713285446167 0.2364213764667511 -1.6098067760467529
v 1.371938943862915 0.14374953508377075 -1.5990957021713257
v 1.3075155019760132 0.30317902565002441 -1.5715727806091309
v 1.3297289609909058 0.19935564696788788 -1.5780539512634277
v 1.3988780975341797 0.027983419597148895 -1.6335432529449463
v 1.3873170614242554 0.088213950395584106 -1.6262921094894409
v 1.3987712860107422 0.046341173350811005 -1.6483408212661743
v 1.3925775289535522 0.20242071151733398 -1.65671706199646
v 1.4218161106109619 0.19279024004936218 -1.6111347675323486
v 1.4233436584472656 0.27039101719856262 -1.5970549583435059
v 1.4050800800323486 0.20801474153995514 -1.6029084920883179
v 1.3950450420379639 0.092498868703842163 -1.610838770866394
v 1.3904750347137451 0.16860684752464294 -1.6135032176971436
v 1.3805607557296753 0.14672133326530457 -1.6281744241714478
v 1.4188888072967529 0.52915388345718384 -1.5910862684249878
v 1.429449200630188 0.50738745927810669 -1.5864254236221313
v 1.4347035884857178 0.48716616630554199 -1.5956850051879883
v 1.3824330568313599 0.55909687280654907 -1.5799227952957153
v 1.39252769947052 0.54116529226303101 -1.5932859182357788
v 1.3823429346084595 0.57995492219924927 -1.5946441888809204
v 1.3669571876525879 0.55007737874984741 -1.563983678817749
v 1.3647638559341431 0.5711820125579834 -1.5646489858627319
v 1.3475531339645386 0.5667262077331543 -1.5601406097412109
v 1.3226608037948608 0.59563165903091431 -1.5531662702560425
v 1.3274384737014771 0.57709968090057373 -1.5544159412384033
v 1.3450566530227661 0.58173090219497681 -1.5520219802856445
v 1.3491501808166504 0.5771905779838562 -1.6333811283111572
v 1.3254495859146118 0.54798495769500732 -1.6151496171951294
v 1.3205193281173706 0.5801616907119751 -1.6096223592758179
v 1.3139041662216187 0.56954288482666016 -1.5918930768966675
v 1.3159619569778442 0.53564828634262085 -1.5991212129592896
v 1.3207807540893555 0.55105209350585938 -1.5805143117904663
v 1.3753830194473267 0.16542647778987885 -1.5720914602279663
v 1.3782044649124146 0.10376361757516861 -1.572009801864624
v 1.3807855844497681 0.12423449754714966 -1.5859071016311646
v 1.3509461879730225 0.039877068251371384 -1.5733065605163574
v 1.3520687818527222 0.016603400930762291 -1.5783759355545044
v 1.3646427392959595 0.014854667708277702 -1.5694459676742554
v 1.299921989440918 0.38192427158355713 -1.5871642827987671
v 1.302128791809082 0.44281753897666931 -1.5787801742553711
v 1.3020666837692261 0.43476778268814087 -1.6050732135772705
v 1.3429237604141235 0.26321402192115784 -1.563007116317749
v 1.360673189163208 0.31651943922042847 -1.5465492010116577
v 1.3743807077407837 0.2824694812297821 -1.5669423341751099
v 1.3910330533981323 0.42064791917800903 -1.6426491737365723
v 1.3616907596588135 0.42446920275688171 -1.6452162265777588
v 1.4286116361618042 0.42820841073989868 -1.6159098148345947
v 1.4185100793838501 0.42203465104103088 -1.5980299711227417
v 1.4031624794006348 0.41827219724655151 -1.6340047121047974
v 1.3310600519180298 0.4314039945602417 -1.647028923034668
v 1.2827608585357666 0.46130049228668213 -1.6168590784072876
v 1.28861403465271 0.44516915082931519 -1.6082848310470581
v 1.4161113500595093 0.40399917960166931 -1.5748798847198486
v 1.4342043399810791 0.44452589750289917 -1.6047413349151611
v 1.4327775239944458 0.46263086795806885 -1.5855621099472046
v 1.4209860563278198 0.44439283013343811 -1.5790083408355713
v 1.340488076210022 0.030433870851993561 -1.5926518440246582
v 1.3471397161483765 0.043305091559886932 -1.601654052734375
v 1.3269834518432617 0.02247140184044838 -1.611412525177002
v 1.3595963716506958 0.043944895267486572 -1.6099228858947754
v 1.371437668800354 0.03559160977602005 -1.6038813591003418
v 1.3571834564208984 0.019134247675538063 -1.6185053586959839
v 1.4087294340133667 0.029770508408546448 -1.6524126529693604
v 1.4333587884902954 0.010126899927854538 -1.6594541072845459
v 1.4044885635375977 0.012230336666107178 -1.6187950372695923
v 1.4334207773208618 0.041613195091485977 -1.6198703050613403
v 1.4164249897003174 0.017144592478871346 -1.6116907596588135
v 1.4382525682449341 0.01746099442243576 -1.637488842010498
v 1.3172476291656494 0.46967381238937378 -1.5454866886138916
v 1.328071117401123 0.5145304799079895 -1.5466147661209106
v 1.3101389408111572 0.51866096258163452 -1.5569707155227661
v 1.3861287832260132 0.5050499439239502 -1.5510166883468628
v 1.4090279340744019 0.51628762483596802 -1.5640822649002075
v 1.3574212789535522 0.53070747852325439 -1.5515745878219604
v 1.435120701789856 0.041857853531837463 -1.6418831348419189
v 1.4272996187210083 0.17803749442100525 -1.6280617713928223
v 1.3711520433425903 0.4019736647605896 -1.6432523727416992
v 1.3485561609268188 0.34549650549888611 -1.6492440700531006
v 1.2987812757492065 0.33966287970542908 -1.6093120574951172
v 1.3345487117767334 0.41788023710250854 -1.6392905712127686
v 1.3314018249511719 0.32379859685897827 -1.6424810886383057
v 1.3892650604248047 0.042362932115793228 -1.5766847133636475
v 1.3797860145568848 0.013456149958074093 -1.5852141380310059
v 1.3688552379608154 0.57455593347549438 -1.6234011650085449
v 1.3842312097549438 0.5531764030456543 -1.6070588827133179
v 1.376727819442749 0.54516363143920898 -1.61842942237854
v 1.3368196487426758 0.53331851959228516 -1.618000864982605
v 1.3599272966384888 0.55844342708587646 -1.6312172412872314
v 1.3313528299331665 0.17656195163726807 -1.6043020486831665
v 1.3278592824935913 0.17765378952026367 -1.589590311050415
v 1.3683145046234131 0.062052216380834579 -1.6074792146682739
v 1.3549222946166992 0.062052909284830093 -1.6028207540512085
v 1.353351354598999 0.10063395649194717 -1.6068110466003418
v 1.3392899036407471 0.11948785185813904 -1.5692158937454224
v 1.3609848022460938 0.060994084924459457 -1.5609985589981079
v 1.3471671342849731 0.16188372671604156 -1.5626785755157471
v 1.3758077621459961 0.063097633421421051 -1.5644669532775879
v 1.3707349300384521 0.10404504835605621 -1.5598920583724976
v 1.4039944410324097 0.068700514733791351 -1.6549745798110962
v 1.3958338499069214 0.1431795209646225 -1.6538076400756836
v 1.4133673906326294 0.14242282509803772 -1.6555188894271851
v 1.4278138875961304 0.04626024141907692 -1.6601715087890625
v 1.435235857963562 0.027906602248549461 -1.6795090436935425
v 1.3676788806915283 0.6042560338973999 -1.6049522161483765
v 1.3412308692932129 0.60095381736755371 -1.5503096580505371
v 1.3356895446777344 0.61699676513671875 -1.5614769458770752
v 1.3200063705444336 0.60994726419448853 -1.5617021322250366
v 1.3589966297149658 0.2685718834400177 -1.6430932283401489
v 1.3391333818435669 0.28202179074287415 -1.6399145126342773
v 1.3864372968673706 0.10458323359489441 -1.6433079242706299
v 1.4052426815032959 0.24376627802848816 -1.5920647382736206
v 1.3018736839294434 0.52687430381774902 -1.574189305305481
v 1.3178306818008423 0.53759294748306274 -1.5779246091842651
v 1.3461205959320068 0.55017381906509399 -1.5601509809494019
v 1.3250571489334106 0.53504490852355957 -1.5617424249649048
v 1.3426418304443359 0.078837335109710693 -1.5824954509735107
v 1.3479559421539307 0.049816366285085678 -1.5933072566986084
v 1.321442723274231 0.36125484108924866 -1.5520033836364746
v 1.3098170757293701 0.42103388905525208 -1.5632475614547729
v 1.3405427932739258 0.3206421434879303 -1.5455777645111084
v 1.3941960334777832 0.33854731917381287 -1.5559984445571899
v 1.3548897504806519 0.20436954498291016 -1.5640009641647339
v 1.3704413175582886 0.18496406078338623 -1.5733364820480347
v 1.3661843538284302 0.24128660559654236 -1.5677688121795654
v 1.3289910554885864 0.49001753330230713 -1.6236966848373413
v 1.3816497325897217 0.50234293937683105 -1.6241515874862671
v 1.3397598266601562 0.46845746040344238 -1.6343333721160889
v 1.4000054597854614 0.40345904231071472 -1.6295210123062134
v 1.4139090776443481 0.40718528628349304 -1.6131575107574463
v 1.4223572015762329 0.35321834683418274 -1.6205570697784424
v 1.4171828031539917 0.52330493927001953 -1.5743988752365112
v 1.3903223276138306 0.54424589872360229 -1.5802606344223022
v 1.3827900886535645 0.53821498155593872 -1.5666251182556152
v 1.3169893026351929 0.41614753007888794 -1.6209143400192261
v 1.2914383411407471 0.44706034660339355 -1.6401082277297974
v 1.3094857931137085 0.43107494711875916 -1.6445997953414917
v 1.3220070600509644 0.62348681688308716 -1.5910212993621826
v 1.3178302049636841 0.61849671602249146 -1.5767654180526733
v 1.3418842554092407 0.62828457355499268 -1.5819340944290161
v 1.3139135837554932 0.59020876884460449 -1.5619250535964966
v 1.30637526512146 0.5816497802734375 -1.5827552080154419
v 1.4095286130905151 0.1340259313583374 -1.6075057983398438
v 1.3067278861999512 0.2828642725944519 -1.5945765972137451
v 1.3010517358779907 0.32026904821395874 -1.5893207788467407
v 1.4214085340499878 0.44221550226211548 -1.6494026184082031
v 1.42073655128479 0.42665195465087891 -1.6413142681121826
v 1.4067376852035522 0.42570614814758301 -1.6466060876846313
v 1.432054877281189 0.49263313412666321 -1.6119967699050903
v 1.3479071855545044 0.51128649711608887 -1.5432412624359131
v 1.4174618721008301 0.050683628767728806 -1.6580145359039307
v 1.4275286197662354 0.067080467939376831 -1.6501288414001465
v 1.4345879554748535 0.084723502397537231 -1.6333189010620117
v 1.3735458850860596 0.22049938142299652 -1.6285430192947388
v 1.373455286026001 0.21996717154979706 -1.648301362991333
v 1.3076835870742798 0.44387924671173096 -1.5596071481704712
v 1.2962461709976196 0.49146950244903564 -1.5634511709213257
v 1.3069694042205811 0.46207106113433838 -1.6497657299041748
v 1.2908754348754883 0.47958490252494812 -1.6315693855285645
v 1.311877965927124 0.49742880463600159 -1.6182340383529663
v 1.3689634799957275 0.34876322746276855 -1.6501514911651611
v 1.4075162410736084 0.31804752349853516 -1.6421619653701782
v 1.3507412672042847 0.6205291748046875 -1.568947434425354
v 1.3690131902694702 0.60888069868087769 -1.5692934989929199
v 1.3296940326690674 0.56421011686325073 -1.5628169775009155
v 1.3312138319015503 0.55043947696685791 -1.5647643804550171
v 1.355258584022522 0.62345647811889648 -1.5964846611022949
v 1.3799949884414673 0.52345371246337891 -1.6182624101638794
v 1.4293980598449707 0.48584163188934326 -1.5773403644561768
v 1.4495865106582642 0.030664801597595215 -1.6611833572387695
v 1.3612972497940063 0.14176800847053528 -1.6089999675750732
v 1.3737472295761108 0.1836545467376709 -1.5885404348373413
v 1.4170351028442383 0.05816061794757843 -1.6078243255615234
v 1.4257044792175293 0.10012944787740707 -1.6156320571899414
v 1.336970329284668 0.01372207049280405 -1.6341385841369629
v 1.3278495073318481 0.025596164166927338 -1.6357994079589844
v 1.3504821062088013 0.010270971804857254 -1.6065860986709595
v 1.3615902662277222 0.26417213678359985 -1.5641635656356812
v 1.369382381439209 0.24037639796733856 -1.5868523120880127
v 1.3732016086578369 0.26545983552932739 -1.5776674747467041
v 1.4341261386871338 0.44412893056869507 -1.639472484588623
v 1.3464964628219604 0.13721725344657898 -1.6100389957427979
v 1.4286935329437256 0.35115960240364075 -1.6026449203491211
v 1.4248772859573364 0.31296226382255554 -1.6088919639587402
v 1.4202003479003906 0.3167833685874939 -1.6267908811569214
v 1.3128049373626709 0.4299217164516449 -1.6260577440261841
v 1.3740876913070679 0.60136884450912476 -1.5905442237854004
v 1.320512056350708 0.017777718603610992 -1.6295642852783203
v 1.3076685667037964 0.60604429244995117 -1.5934963226318359
v 1.41847825050354 0.40534111857414246 -1.5955054759979248
v 1.3808128833770752 0.062668196856975555 -1.6039019823074341
v 1.3889098167419434 0.022442076355218887 -1.5766874551773071
v 1.3875390291213989 0.40286901593208313 -1.6388077735900879
v 1.3498338460922241 0.080947048962116241 -1.5708032846450806
v 1.3199275732040405 0.51680684089660645 -1.6139240264892578
v 1.3168095350265503 0.32246854901313782 -1.6294165849685669
v 1.3814356327056885 0.48271921277046204 -1.6293226480484009
v 1.4199889898300171 0.28965336084365845 -1.5930991172790527
v 1.4094314575195312 0.53040540218353271 -1.6033469438552856
v 1.3943578004837036 0.53228145837783813 -1.6089708805084229
v 1.4550591707229614 0.026406161487102509 -1.6756221055984497
v 1.4565631151199341 0.01295192539691925 -1.6760481595993042
v 1.4502795934677124 0.014573253691196442 -1.6914836168289185
v 1.4478257894515991 0.025349261239171028 -1.6914563179016113
v 1.4331965446472168 0.016090201213955879 -1.6828546524047852
v 1.3511390686035156 0.60672843456268311 -1.6169486045837402
v 1.305991530418396 0.32506978511810303 -1.5681326389312744
v 1.3075140714645386 0.38153427839279175 -1.5673599243164062
v 1.3747360706329346 0.23934638500213623 -1.6487710475921631
v 1.3784211874008179 0.011178885586559772 -1.5660219192504883
v 1.3086671829223633 0.59017062187194824 -1.5981813669204712
v 1.3784456253051758 0.041900854557752609 -1.5629959106445312
v 1.2946192026138306 0.34019029140472412 -1.5891139507293701
vt 1.4674534797668457 0.12288486212491989
vt 1.4614802598953247 0.10069123655557632
vt 1.4517960548400879 0.12710241973400116
vt 2.7071664333343506 0.19861923158168793
vt 2.7156457901000977 0.19148442149162292
vt 2.7088935375213623 0.1844635009765625
vt -1.6979821920394897 0.1486394852399826
vt -1.7055380344390869 0.11065695434808731
vt -1.7050074338912964 0.14215151965618134
vt 1.4448907375335693 0.08440069854259491
vt 1.4411448240280151 0.10998387634754181
vt 1.4506967067718506 0.10032646358013153
vt 1.4444258213043213 0.232563316822052
vt 1.4392470121383667 0.23585608601570129
vt 1.4465265274047852 0.24158206582069397
vt -0.47369405627250671 0.15733690559864044
vt -0.47759011387825012 0.18132437765598297
vt -0.46937352418899536 0.17449405789375305
vt -1.7196729183197021 0.084494791924953461
vt -1.7260637283325195 0.10032646358013153
vt -1.7186675071716309 0.098772145807743073
vt 2.7250027656555176 0.10998387634754181
vt 2.7213912010192871 0.08440069854259491
vt 2.7183535099029541 0.10227739065885544
vt -0.45644280314445496 0.13183176517486572
vt -0.46227926015853882 0.17474843561649323
vt -0.44750785827636719 0.16547346115112305
vt -0.4470575749874115 0.11715257912874222
vt -0.43976807594299316 0.1261134147644043
vt -0.44268965721130371 0.10193442553281784
vt -1.7305374145507812 0.07049926370382309
vt -1.7265133857727051 0.10860024392604828
vt -1.7191234827041626 0.10738493502140045
vt 2.7166597843170166 0.08683466911315918
vt 2.7096052169799805 0.10006511956453323
vt 2.7266430854797363 0.099425613880157471
vt 1.4710994958877563 0.19135649502277374
vt 1.4779162406921387 0.20015993714332581
vt 1.4793691635131836 0.17963151633739471
vt -1.7355525493621826 0.078948989510536194
vt -1.7319613695144653 0.10929913073778152
vt -1.7265133857727051 0.10860024392604828
vt 1.4457125663757324 0.17901389300823212
vt 1.471526026725769 0.18539759516716003
vt 1.4654092788696289 0.1699005663394928
vt 1.4261637926101685 -1.7156459093093872
vt 1.428119421005249 -1.7071664333343506
vt 1.4366835355758667 -1.7118362188339233
vt 1.4563947916030884 0.092067264020442963
vt 1.4603933095932007 0.055978972464799881
vt 1.4515550136566162 0.084494791924953461
vt -0.44268965721130371 0.10193442553281784
vt -0.43530547618865967 0.1180640384554863
vt -0.44395583868026733 0.077633120119571686
vt 2.726123571395874 0.010897308588027954
vt 2.7232999801635742 0.034352295100688934
vt 2.7318861484527588 0.018046189099550247
vt 1.4684303998947144 0.078826718032360077
vt 1.4761576652526855 0.10929913073778152
vt 1.4754645824432373 0.078948989510536194
vt -0.47981643676757812 0.07507641613483429
vt -0.48041129112243652 0.10529572516679764
vt -0.47329908609390259 0.081005141139030457
vt 2.7172820568084717 0.036020927131175995
vt 2.7183196544647217 0.065658912062644958
vt 2.7240328788757324 0.057136252522468567
vt -1.7095900774002075 0.20606321096420288
vt -1.7077749967575073 0.19758692383766174
vt -1.7113809585571289 0.18971234560012817
vt -1.7052427530288696 0.21772362291812897
vt -1.7104467153549194 0.21074070036411285
vt -1.7109756469726562 0.22584617137908936
vt -0.45845326781272888 0.21421124041080475
vt -0.45759913325309753 0.22242981195449829
vt -0.45089694857597351 0.22069463133811951
vt -0.44120335578918457 0.23195099830627441
vt -0.443063884973526 0.22473427653312683
vt -0.4499247670173645 0.22653776407241821
vt 1.4515188932418823 0.22476968169212341
vt 1.4422893524169922 0.21339641511440277
vt 1.4403693675994873 0.22592668235301971
vt 2.7099041938781738 0.22179150581359863
vt 2.7127189636230469 0.20859226584434509
vt 2.7054731845855713 0.21459081768989563
vt -1.7021931409835815 0.064420409500598907
vt -1.7021613121032715 0.040407650172710419
vt -1.7075731754302979 0.048379424959421158
vt -0.45221826434135437 0.015528935939073563
vt -0.45265543460845947 0.00646569998934865
vt -0.4575519859790802 0.0057847076095640659
vt 2.7080628871917725 0.14872902631759644
vt 2.7047977447509766 0.17244209349155426
vt 2.7150368690490723 0.16930736601352692
vt 2.700423002243042 0.10193442553281784
vt 2.6939675807952881 0.1261134147644043
vt 2.701991081237793 0.1180640384554863
vt -0.44268965721130371 0.10193442553281784
vt -0.44909417629241943 0.10250085592269897
vt -0.4470575749874115 0.11715257912874222
vt -0.47438773512840271 0.11065695434808731
vt -0.45600613951683044 0.12325906753540039
vt -0.46134412288665771 0.10999932140111923
vt 1.4654092788696289 0.1699005663394928
vt 1.4678288698196411 0.16380879282951355
vt 1.4564024209976196 0.16529688239097595
vt -0.48246276378631592 -1.7192568778991699
vt -0.47852900624275208 -1.7122941017150879
vt -0.47255232930183411 -1.7263033390045166
vt 1.4654092788696289 0.1699005663394928
vt 1.4444742202758789 0.16799743473529816
vt 1.4457125663757324 0.17901389300823212
vt 2.7088935375213623 0.1844635009765625
vt 2.7196264266967773 0.17963972687721252
vt 2.7162876129150391 0.17335785925388336
vt -1.6988891363143921 0.18132437765598297
vt -1.697632908821106 0.15733690559864044
vt -1.7032790184020996 0.15732544660568237
vt -1.7149076461791992 0.17310737073421478
vt -1.7074388265609741 0.18015781044960022
vt -1.7048866748809814 0.17305554449558258
vt 2.7101998329162598 0.011851564049720764
vt 2.71370530128479 0.016863876953721046
vt 2.7175054550170898 0.0087508177384734154
vt 1.4555867910385132 0.017113029956817627
vt 1.4601980447769165 0.013860092498362064
vt 1.4546471834182739 0.007451262790709734
vt -0.47472020983695984 -1.7334717512130737
vt -0.48431140184402466 -1.7362139225006104
vt -0.47306874394416809 -1.720380425453186
vt -1.7207992076873779 0.016205018386244774
vt -1.7176139354705811 0.0066764508374035358
vt -1.7276601791381836 0.006799663882702589
vt -0.43909534811973572 0.18290047347545624
vt -0.44331026077270508 0.20036856830120087
vt -0.43632709980010986 0.20197705924510956
vt -0.46591907739639282 0.19667665660381317
vt -0.47483646869659424 0.20105282962322235
vt -0.4547397792339325 0.20666821300983429
vt -1.7276601791381836 0.006799663882702589
vt -1.7293714284896851 0.016300294548273087
vt -1.7207992076873779 0.016205018386244774
vt -1.7191234827041626 0.10738493502140045
vt -1.7239891290664673 0.069331400096416473
vt -1.7305374145507812 0.07049926370382309
vt 1.4600868225097656 0.15653666853904724
vt 1.4512875080108643 0.13454331457614899
vt 1.4564024209976196 0.16529688239097595
vt 1.4319041967391968 0.13227158784866333
vt 1.4458327293395996 0.16273100674152374
vt 1.4446072578430176 0.12609371542930603
vt -1.7075731754302979 0.048379424959421158
vt -1.7021613121032715 0.040407650172710419
vt -1.7039817571640015 0.016496982425451279
vt -1.720267653465271 0.007451262790709734
vt -1.7145727872848511 0.013860092498362064
vt -1.7073034048080444 0.0052400967106223106
vt -1.7221741676330566 0.22374369204044342
vt -1.7109756469726562 0.22584617137908936
vt -1.7158101797103882 0.21541807055473328
vt 1.4622581005096436 0.21229773759841919
vt 1.4467171430587769 0.20768500864505768
vt 1.4557156562805176 0.21746915578842163
vt 2.7183535099029541 0.10227739065885544
vt 2.7147364616394043 0.068756788969039917
vt 2.7090075016021729 0.069181978702545166
vt 1.4589818716049194 0.024164386093616486
vt 1.4537665843963623 0.024164656177163124
vt 1.4531549215316772 0.039188895374536514
vt -0.4476790726184845 0.046530984342098236
vt -0.45612749457359314 0.023752329871058464
vt -0.45074662566184998 0.063040792942047119
vt -0.45612749457359314 0.023752329871058464
vt -0.46189984679222107 0.024571493268013
vt -0.45992439985275269 0.04051724448800087
vt 1.4728763103485107 0.026753367856144905
vt 1.469698429107666 0.055756997317075729
vt 1.4765263795852661 0.055462326854467392
vt 1.4747202396392822 0.011593237519264221
vt 1.4821521043777466 0.018014673143625259
vt 1.4850423336029053 0.010867394506931305
vt -1.7149897813796997 0.23530951142311096
vt -1.7109756469726562 0.22584617137908936
vt -1.7221741676330566 0.22374369204044342
vt -0.44843491911888123 0.2340235561132431
vt -0.44627702236175537 0.24027100205421448
vt -0.44016966223716736 0.23752579092979431
vt -0.46148025989532471 -1.7325993776321411
vt -0.4553532600402832 -1.7298426628112793
vt -0.44761812686920166 -1.728604793548584
vt 1.469698429107666 0.055756997317075729
vt 1.4728763103485107 0.026753367856144905
vt 1.4660391807556152 0.040726825594902039
vt -0.47336241602897644 0.094927512109279633
vt -0.47329908609390259 0.081005141139030457
vt -0.48041129112243652 0.10529572516679764
vt -0.47336241602897644 0.094927512109279633
vt -0.47438773512840271 0.11065695434808731
vt -0.46134412288665771 0.10999932140111923
vt 1.4366835355758667 -1.7118362188339233
vt 1.4331084489822388 -1.703010082244873
vt 1.4393224716186523 -1.7044646739959717
vt -0.44331026077270508 0.20036856830120087
vt -0.45033907890319824 0.21424880623817444
vt -0.44213655591011047 0.2083573043346405
vt 2.7062447071075439 0.030700851231813431
vt 2.7104549407958984 0.019399499520659447
vt 2.7026662826538086 0.015528935939073563
vt 2.7147364616394043 0.068756788969039917
vt 2.7141597270965576 0.024164656177163124
vt 2.7062447071075439 0.030700851231813431
vt 2.6943705081939697 0.14067994058132172
vt 2.6918327808380127 0.18290047347545624
vt 2.6987490653991699 0.16395910084247589
vt -0.43909534811973572 0.18290047347545624
vt -0.44072902202606201 0.14067994058132172
vt -0.44816696643829346 0.12486453354358673
vt -0.45644280314445496 0.13183176517486572
vt -0.47472390532493591 0.1486394852399826
vt -0.46937352418899536 0.17449405789375305
vt -0.47438773512840271 0.11065695434808731
vt -0.46906062960624695 0.13183717429637909
vt -0.45600613951683044 0.12325906753540039
vt -0.45641630887985229 -1.7186675071716309
vt -0.45682162046432495 -1.7266430854797363
vt -0.464032381772995 -1.70960533618927
vt -0.45375397801399231 0.079585634171962738
vt -0.4598100483417511 0.072028741240501404
vt -0.45815232396125793 0.09396187961101532
vt 1.4436684846878052 0.19082273542881012
vt 1.4641748666763306 0.19562248885631561
vt 1.4478620290756226 0.18242679536342621
vt 1.4467171430587769 0.20768500864505768
vt 1.4622581005096436 0.21229773759841919
vt 1.4641748666763306 0.19562248885631561
vt -1.6979821920394897 0.1486394852399826
vt -1.7050074338912964 0.14215151965618134
vt -1.7032790184020996 0.15732544660568237
vt -1.7245572805404663 0.15711510181427002
vt -1.7181850671768188 0.1585661768913269
vt -1.7210665941238403 0.13755036890506744
vt 1.4780120849609375 -1.7030916213989258
vt 1.478676438331604 -1.7095900774002075
vt 1.4675520658493042 -1.7053743600845337
vt -0.46461892127990723 0.20959179103374481
vt -0.4547397792339325 0.20666821300983429
vt -0.47483646869659424 0.20105282962322235
vt 1.4319041967391968 0.13227158784866333
vt 1.4331835508346558 0.16930736601352692
vt 1.4389947652816772 0.16205625236034393
vt -0.4290446937084198 -1.7286802530288696
vt -0.43607273697853088 -1.7304292917251587
vt -0.42794486880302429 -1.7162874937057495
vt 1.4409487247467041 -1.7095648050308228
vt 1.4393222332000732 -1.7040132284164429
vt 1.448689341545105 -1.7060260772705078
vt 2.7054731845855713 0.21459081768989563
vt 2.6982340812683105 0.22983922064304352
vt 2.706345796585083 0.22650617361068726
vt -0.46761158108711243 0.065658912062644958
vt -0.46939125657081604 0.036020927131175995
vt -0.47503143548965454 0.052192404866218567
vt -0.47306874394416809 -1.720380425453186
vt -0.48621714115142822 -1.7276601791381836
vt -0.47771704196929932 -1.7176139354705811
vt 2.7150368690490723 0.16930736601352692
vt 2.7166876792907715 0.13227158784866333
vt 2.7080628871917725 0.14872902631759644
vt 2.710949182510376 0.11015306413173676
vt 2.7089025974273682 0.12471923977136612
vt 2.7183535099029541 0.10227739065885544
vt 1.479657769203186 0.17220765352249146
vt 1.4793959856033325 0.1661468893289566
vt 1.4739445447921753 0.16577857732772827
vt -1.7177330255508423 0.19184130430221558
vt -1.7314472198486328 0.17963151633739471
vt -1.7187129259109497 0.20015993714332581
vt -0.46937352418899536 0.17449405789375305
vt -0.47483646869659424 0.20105282962322235
vt -0.46591907739639282 0.19667665660381317
vt -0.45103481411933899 0.19910529255867004
vt -0.44750785827636719 0.16547346115112305
vt -0.46227926015853882 0.17474843561649323
vt 1.4765263795852661 0.055462326854467392
vt 1.4781208038330078 0.019737228751182556
vt 1.4728763103485107 0.026753367856144905
vt -1.7325824499130249 0.02612248994410038
vt -1.7305374145507812 0.07049926370382309
vt -1.7260363101959229 0.032993044704198837
vt 2.7241764068603516 0.085866913199424744
vt 2.7240328788757324 0.057136252522468567
vt 2.7183196544647217 0.065658912062644958
vt 2.7240328788757324 0.057136252522468567
vt 2.7241764068603516 0.085866913199424744
vt 2.7318708896636963 0.085659660398960114
vt -0.43537092208862305 0.17285554111003876
vt -0.43620175123214722 0.16395910084247589
vt -0.43909534811973572 0.18290047347545624
vt 2.6918327808380127 0.18290047347545624
vt 2.6988284587860107 0.19138815999031067
vt 2.697331428527832 0.17285554111003876
vt 1.4350928068161011 0.17993980646133423
vt 1.4288254976272583 0.18676005303859711
vt 1.4370043277740479 0.19370882213115692
vt 1.4290447235107422 0.17409433424472809
vt 1.4350928068161011 0.17993980646133423
vt 1.4360727071762085 0.16786929965019226
vt 1.4512875080108643 0.13454331457614899
vt 1.4600868225097656 0.15653666853904724
vt 1.4592345952987671 0.13581544160842896
vt 1.4800271987915039 0.13755036890506744
vt 1.4742478132247925 0.1238541305065155
vt 1.4713228940963745 0.15711510181427002
vt -0.4598100483417511 0.072028741240501404
vt -0.45375397801399231 0.079585634171962738
vt -0.45992439985275269 0.04051724448800087
vt -0.45074662566184998 0.063040792942047119
vt -0.45612749457359314 0.023752329871058464
vt -0.45992439985275269 0.04051724448800087
vt -1.7119144201278687 0.10529572516679764
vt -1.7173973321914673 0.07507641613483429
vt -1.7239891290664673 0.069331400096416473
vt -1.7207992076873779 0.016205018386244774
vt -1.7293714284896851 0.016300294548273087
vt -1.7260363101959229 0.032993044704198837
vt -0.4499247670173645 0.22653776407241821
vt -0.45089694857597351 0.22069463133811951
vt -0.45759913325309753 0.22242981195449829
vt -0.45213845372200012 0.24164660274982452
vt -0.44843491911888123 0.2340235561132431
vt -0.45925390720367432 0.2371104508638382
vt 2.6982340812683105 0.22983922064304352
vt 2.7054731845855713 0.21459081768989563
vt 2.6985814571380615 0.21971482038497925
vt 2.7044646739959717 0.20934955775737762
vt 2.6981630325317383 0.2083573043346405
vt 2.6993398666381836 0.21435225009918213
vt 1.4465265274047852 -1.7160667181015015
vt 1.4409487247467041 -1.7095648050308228
vt 1.448689341545105 -1.7060260772705078
vt 1.4592539072036743 -1.7011035680770874
vt 1.4538975954055786 -1.7116923332214355
vt 1.4521384239196777 -1.7009687423706055
vt 1.4684109687805176 -1.7104467153549194
vt 1.4675520658493042 -1.7053743600845337
vt 1.478676438331604 -1.7095900774002075
vt 1.4779162406921387 0.20015993714332581
vt 1.4710994958877563 0.19135649502277374
vt 1.463530421257019 0.20384345948696136
vt -0.45074662566184998 0.063040792942047119
vt -0.44395583868026733 0.077633120119571686
vt -0.4476790726184845 0.046530984342098236
vt 2.7062447071075439 0.030700851231813431
vt 2.7090075016021729 0.069181978702545166
vt 2.7147364616394043 0.068756788969039917
vt -1.7042371034622192 0.18919654190540314
vt -1.7113809585571289 0.18971234560012817
vt -1.7077749967575073 0.19758692383766174
vt -0.47759011387825012 0.18132437765598297
vt -0.47483646869659424 0.20105282962322235
vt -0.46937352418899536 0.17449405789375305
vt -0.48621714115142822 -1.7276601791381836
vt -0.47306874394416809 -1.720380425453186
vt -0.48431140184402466 -1.7362139225006104
vt 1.4906307458877563 -1.7368873357772827
vt 1.4850423336029053 -1.7440236806869507
vt 1.4821521043777466 -1.7364932298660278
vt 1.4531549215316772 0.039188895374536514
vt 1.4562491178512573 0.055207327008247375
vt 1.4589818716049194 0.024164386093616486
vt -1.7085987329483032 0.071518793702125549
vt -1.7075731754302979 0.048379424959421158
vt -1.7127090692520142 0.055978972464799881
vt -0.47795462608337402 0.022648919373750687
vt -0.47503143548965454 0.052192404866218567
vt -0.46939125657081604 0.036020927131175995
vt -0.47503143548965454 0.052192404866218567
vt -0.47795462608337402 0.022648919373750687
vt -0.48133066296577454 0.03899243101477623
vt 1.4467757940292358 0.0053436513990163803
vt 1.4432239532470703 0.0099676633253693581
vt 1.4555867910385132 0.017113029956817627
vt -0.46344906091690063 -1.7073034048080444
vt -0.45203754305839539 -1.7156260013580322
vt -0.45464718341827393 -1.720267653465271
vt -0.45636329054832458 0.10287396609783173
vt -0.46134412288665771 0.10999932140111923
vt -0.45600613951683044 0.12325906753540039
vt -1.700509786605835 0.09396187961101532
vt -1.7079412937164307 0.093607425689697266
vt -1.704364538192749 0.10337542742490768
vt -0.4575519859790802 -1.7011629343032837
vt -0.45265543460845947 -1.7046403884887695
vt -0.46344906091690063 -1.7073034048080444
vt -1.6992239952087402 0.024571493268013
vt -1.7039817571640015 0.016496982425451279
vt -1.7021613121032715 0.040407650172710419
vt 1.4793959856033325 0.1661468893289566
vt 1.479657769203186 0.17220765352249146
vt 1.4846101999282837 0.17295278608798981
vt -1.7113809585571289 0.18971234560012817
vt -1.7074388265609741 0.18015781044960022
vt -1.7149076461791992 0.17310737073421478
vt 2.7147364616394043 0.068756788969039917
vt 2.7183535099029541 0.10227739065885544
vt 2.7213912010192871 0.08440069854259491
vt 1.4562491178512573 0.055207327008247375
vt 1.4504854679107666 0.053435172885656357
vt 1.4448907375335693 0.08440069854259491
vt 1.4555867910385132 -1.7169253826141357
vt 1.4428867101669312 -1.7175055742263794
vt 1.4507359266281128 -1.7137054204940796
vt 2.7062447071075439 0.030700851231813431
vt 2.7141597270965576 0.024164656177163124
vt 2.7104549407958984 0.019399499520659447
vt -1.7186675071716309 0.098772145807743073
vt -1.704364538192749 0.10337542742490768
vt -1.7079412937164307 0.093607425689697266
vt -1.7085987329483032 0.071518793702125549
vt -1.7127090692520142 0.055978972464799881
vt -1.716880202293396 0.092067264020442963
vt 1.4781208038330078 0.019737228751182556
vt 1.4765263795852661 0.055462326854467392
vt 1.4820410013198853 0.02612248994410038
vt 1.4821521043777466 -1.7364932298660278
vt 1.4849975109100342 -1.7293714284896851
vt 1.4906307458877563 -1.7368873357772827
vt -0.47329908609390259 0.081005141139030457
vt -0.47336241602897644 0.094927512109279633
vt -0.46596992015838623 0.08683466911315918
vt -0.464032381772995 0.10006511956453323
vt -0.46596992015838623 0.08683466911315918
vt -0.47336241602897644 0.094927512109279633
vt -1.7140913009643555 0.13674864172935486
vt -1.7165240049362183 0.12187382578849792
vt -1.7234941720962524 0.12336184829473495
vt -1.7140913009643555 0.13674864172935486
vt -1.7210665941238403 0.13755036890506744
vt -1.7181850671768188 0.1585661768913269
vt 2.7318708896636963 0.085659660398960114
vt 2.7299263477325439 0.040726825594902039
vt 2.7240328788757324 0.057136252522468567
vt 2.7299263477325439 0.040726825594902039
vt 2.7318861484527588 0.018046189099550247
vt 2.7232999801635742 0.034352295100688934
vt 1.4654092788696289 0.1699005663394928
vt 1.4564024209976196 0.16529688239097595
vt 1.4444742202758789 0.16799743473529816
vt 2.7232086658477783 0.16742020845413208
vt 2.7313752174377441 0.16799743473529816
vt 2.7283618450164795 0.16273100674152374
vt 1.4641748666763306 0.19562248885631561
vt 1.4436684846878052 0.19082273542881012
vt 1.4467171430587769 0.20768500864505768
vt 1.4366835355758667 0.20359745621681213
vt 1.4370043277740479 0.19370882213115692
vt 1.4261637926101685 0.19148442149162292
vt -1.7093789577484131 0.23418517410755157
vt -1.7116923332214355 0.24278655648231506
vt -1.7011035680770874 0.2371104508638382
vt -1.7011035680770874 0.2371104508638382
vt -1.7052427530288696 0.21772362291812897
vt -1.7109756469726562 0.22584617137908936
vt 2.7047977447509766 0.17244209349155426
vt 2.7080628871917725 0.14872902631759644
vt 2.6987490653991699 0.16395910084247589
vt 2.7089025974273682 0.12471923977136612
vt 2.710949182510376 0.11015306413173676
vt 2.701991081237793 0.1180640384554863
vt -0.45203754305839539 -1.7156260013580322
vt -0.44814565777778625 -1.7101997137069702
vt -0.44288668036460876 -1.7175055742263794
vt -0.44036659598350525 -1.7245742082595825
vt -0.44677579402923584 -1.7263555526733398
vt -0.45203754305839539 -1.7156260013580322
vt 2.7047977447509766 0.17244209349155426
vt 2.7088935375213623 0.1844635009765625
vt 2.7162876129150391 0.17335785925388336
vt 2.697331428527832 0.17285554111003876
vt 2.6988284587860107 0.19138815999031067
vt 2.7088935375213623 0.1844635009765625
vt -0.46939125657081604 0.036020927131175995
vt -0.47306874394416809 0.0047627403400838375
vt -0.47771704196929932 0.0066764508374035358
vt 2.7232999801635742 0.034352295100688934
vt 2.726123571395874 0.010897308588027954
vt 2.7172820568084717 0.036020927131175995
vt -0.44750785827636719 0.16547346115112305
vt -0.44816696643829346 0.12486453354358673
vt -0.45644280314445496 0.13183176517486572
vt -0.45600613951683044 0.12325906753540039
vt -0.4470575749874115 0.11715257912874222
vt -0.45636329054832458 0.10287396609783173
vt -0.44268965721130371 0.10193442553281784
vt -0.45375397801399231 0.079585634171962738
vt -0.44909417629241943 0.10250085592269897
vt 2.7045149803161621 0.077633120119571686
vt 2.6985275745391846 0.063040792942047119
vt 2.700423002243042 0.10193442553281784
vt 1.4614802598953247 0.10069123655557632
vt 1.4674534797668457 0.12288486212491989
vt 1.4684303998947144 0.078826718032360077
vt 1.4660391807556152 0.040726825594902039
vt 1.4609837532043457 0.085659660398960114
vt 1.4684303998947144 0.078826718032360077
vt 2.7196264266967773 0.17963972687721252
vt 2.7088935375213623 0.1844635009765625
vt 2.7156457901000977 0.19148442149162292
vt 1.4288254976272583 0.18676005303859711
vt 1.4350928068161011 0.17993980646133423
vt 1.4290447235107422 0.17409433424472809
vt 1.4476181268692017 0.10982498526573181
vt 1.4517960548400879 0.12710241973400116
vt 1.4614802598953247 0.10069123655557632
vt 1.4512875080108643 0.13454331457614899
vt 1.4446072578430176 0.12609371542930603
vt 1.4458327293395996 0.16273100674152374
vt 2.706345796585083 0.22650617361068726
vt 2.6982340812683105 0.22983922064304352
vt 2.7105286121368408 0.23600588738918304
vt 2.7164652347564697 0.23585608601570129
vt 2.7214903831481934 0.232563316822052
vt 2.7168083190917969 0.22592668235301971
vt 1.4370043277740479 0.19370882213115692
vt 1.4478620290756226 0.18242679536342621
vt 1.4350928068161011 0.17993980646133423
vt 1.471526026725769 -1.7296725511550903
vt 1.4457125663757324 -1.7333935499191284
vt 1.4478620290756226 -1.7264313697814941
vt -1.7048866748809814 0.17305554449558258
vt -1.7122941017150879 0.16434882581233978
vt -1.7192568778991699 0.16675300896167755
vt -1.7032790184020996 0.15732544660568237
vt -1.7050074338912964 0.14215151965618134
vt -1.7113109827041626 0.15784801542758942
vt -1.714580774307251 0.024404261261224747
vt -1.7075731754302979 0.048379424959421158
vt -1.7039828300476074 0.0087393978610634804
vt -1.714580774307251 0.024404261261224747
vt -1.7127090692520142 0.055978972464799881
vt -1.7075731754302979 0.048379424959421158
vt -1.7263033390045166 0.16288363933563232
vt -1.7181850671768188 0.1585661768913269
vt -1.7245572805404663 0.15711510181427002
vt 1.4564024209976196 0.16529688239097595
vt 1.4678288698196411 0.16380879282951355
vt 1.4664682149887085 0.15688534080982208
vt -0.48133066296577454 0.03899243101477623
vt -0.47981643676757812 0.07507641613483429
vt -0.47503143548965454 0.052192404866218567
vt -1.7173973321914673 0.07507641613483429
vt -1.7191487550735474 0.03899243101477623
vt -1.7260363101959229 0.032993044704198837
vt 2.6978733539581299 0.023752329871058464
vt 2.7016913890838623 0.031522415578365326
vt 2.7026662826538086 0.015528935939073563
vt -0.4575519859790802 0.0057847076095640659
vt -0.45612749457359314 0.023752329871058464
vt -0.45221826434135437 0.015528935939073563
vt -0.44016966223716736 0.23752579092979431
vt -0.44120335578918457 0.23195099830627441
vt -0.44843491911888123 0.2340235561132431
vt 2.7040133476257324 0.24085511267185211
vt 2.7105286121368408 0.23600588738918304
vt 2.6982340812683105 0.22983922064304352
vt 2.7184834480285645 0.20125502347946167
vt 2.7201619148254395 0.19370882213115692
vt 2.7118363380432129 0.20359745621681213
vt 2.7168083190917969 0.22592668235301971
vt 2.7189607620239258 0.21339641511440277
vt 2.7127189636230469 0.20859226584434509
vt 2.7166876792907715 0.13227158784866333
vt 2.7183535099029541 0.10227739065885544
vt 2.7089025974273682 0.12471923977136612
vt 2.7183535099029541 0.10227739065885544
vt 2.7166876792907715 0.13227158784866333
vt 2.7245166301727295 0.12557576596736908
vt 1.4641748666763306 0.19562248885631561
vt 1.463530421257019 0.20384345948696136
vt 1.4710994958877563 0.19135649502277374
vt 1.4478620290756226 -1.7264313697814941
vt 1.464091420173645 -1.7244800329208374
vt 1.471526026725769 -1.7296725511550903
vt -1.7050074338912964 0.14215151965618134
vt -1.7103738784790039 0.11279687285423279
vt -1.7165240049362183 0.12187382578849792
vt -1.7239891290664673 0.069331400096416473
vt -1.7191234827041626 0.10738493502140045
vt -1.7119144201278687 0.10529572516679764
vt 1.4684109687805176 -1.7104467153549194
vt 1.4749935865402222 -1.7143646478652954
vt 1.4691236019134521 -1.7165547609329224
vt -1.7158101797103882 0.21541807055473328
vt -1.7202380895614624 0.21229773759841919
vt -1.7221741676330566 0.22374369204044342
vt 1.4801598787307739 0.07049926370382309
vt 1.4820410013198853 0.02612248994410038
vt 1.4765263795852661 0.055462326854467392
vt -1.7265133857727051 0.10860024392604828
vt -1.7305374145507812 0.07049926370382309
vt -1.7355525493621826 0.078948989510536194
vt -0.45089694857597351 0.22069463133811951
vt -0.45033907890319824 0.21424880623817444
vt -0.45845326781272888 0.21421124041080475
vt 2.6985814571380615 0.21971482038497925
vt 2.6953098773956299 0.22473427653312683
vt 2.6982340812683105 0.22983922064304352
vt -1.7079412937164307 0.093607425689697266
vt -1.700509786605835 0.09396187961101532
vt -1.7026779651641846 0.072028741240501404
vt -1.7021931409835815 0.064420409500598907
vt -1.7075731754302979 0.048379424959421158
vt -1.7085987329483032 0.071518793702125549
vt -1.7314472198486328 0.17963151633739471
vt -1.7177330255508423 0.19184130430221558
vt -1.7284326553344727 0.17295278608798981
vt -1.7149076461791992 0.17310737073421478
vt -1.7284326553344727 0.17295278608798981
vt -1.7113809585571289 0.18971234560012817
vt -1.7425100803375244 0.010283092968165874
vt -1.7426759004592896 0.0050437413156032562
vt -1.7486867904663086 0.0056751193478703499
vt -1.7368873357772827 0.011941493488848209
vt -1.7293714284896851 0.016300294548273087
vt -1.7276601791381836 0.006799663882702589
vt 1.4793691635131836 0.17963151633739471
vt 1.4654092788696289 0.1699005663394928
vt 1.471526026725769 0.18539759516716003
vt 1.4846101999282837 0.17295278608798981
vt 1.479657769203186 0.17220765352249146
vt 1.4793691635131836 0.17963151633739471
vt 2.7088935375213623 0.1844635009765625
vt 2.6988284587860107 0.19138815999031067
vt 2.7071664333343506 0.19861923158168793
vt 1.4421365261077881 -1.6981630325317383
vt 1.4393224716186523 -1.7044646739959717
vt 1.4331084489822388 -1.703010082244873
vt -1.7486867904663086 0.0056751193478703499
vt -1.7486761808395386 0.0098715145140886307
vt -1.7425100803375244 0.010283092968165874
vt 1.4850423336029053 0.010867394506931305
vt 1.484248161315918 0.0062658493407070637
vt 1.4747202396392822 0.011593237519264221
vt 1.4591923952102661 0.22374369204044342
vt 1.4522933959960938 0.23627230525016785
vt 1.4587342739105225 0.23530951142311096
vt 1.448689341545105 -1.7060260772705078
vt 1.4538975954055786 -1.7116923332214355
vt 1.4465265274047852 -1.7160667181015015
vt 1.4761576652526855 0.10929913073778152
vt 1.4684303998947144 0.078826718032360077
vt 1.4674534797668457 0.12288486212491989
vt 1.4742478132247925 0.1238541305065155
vt 1.4674534797668457 0.12288486212491989
vt 1.4664682149887085 0.15688534080982208
vt -0.47255232930183411 -1.7263033390045166
vt -0.47939604520797729 -1.7291498184204102
vt -0.48246276378631592 -1.7192568778991699
vt -1.7284326553344727 0.17295278608798981
vt -1.7192568778991699 0.16675300896167755
vt -1.7291498184204102 0.1661468893289566
vt -0.45759913325309753 0.22242981195449829
vt -0.45845326781272888 0.21421124041080475
vt -0.46447989344596863 0.21772362291812897
vt 1.4675520658493042 -1.7053743600845337
vt 1.4646189212799072 -1.7000644207000732
vt 1.4780120849609375 -1.7030916213989258
vt 2.7006514072418213 0.12658874690532684
vt 2.7003505229949951 0.14857715368270874
vt 2.7080628871917725 0.14872902631759644
vt 2.7003505229949951 0.14857715368270874
vt 2.7006514072418213 0.12658874690532684
vt 2.6939675807952881 0.1261134147644043
vt 2.7010734081268311 0.046530984342098236
vt 2.7016913890838623 0.031522415578365326
vt 2.6978733539581299 0.023752329871058464
vt 2.7010734081268311 0.046530984342098236
vt 2.7090075016021729 0.069181978702545166
vt 2.7062447071075439 0.030700851231813431
vt 1.4531549215316772 0.039188895374536514
vt 1.4537665843963623 0.024164656177163124
vt 1.4445881843566895 0.068756788969039917
vt 2.7213912010192871 0.08440069854259491
vt 2.716970682144165 0.053435172885656357
vt 2.7147364616394043 0.068756788969039917
vt 1.4622581005096436 0.21229773759841919
vt 1.4651801586151123 0.21541807055473328
vt 1.4691236019134521 0.20728115737438202
vt -1.7201730012893677 0.20384345948696136
vt -1.7224663496017456 0.19562248885631561
vt -1.7202380895614624 0.21229773759841919
vt 2.7320537567138672 0.093206316232681274
vt 2.7241764068603516 0.085866913199424744
vt 2.7266430854797363 0.099425613880157471
vt 2.7266430854797363 0.099425613880157471
vt 2.7241764068603516 0.085866913199424744
vt 2.7166597843170166 0.08683466911315918
vt 1.4506967067718506 0.10032646358013153
vt 1.4515550136566162 0.084494791924953461
vt 1.4448907375335693 0.08440069854259491
vt 1.4448907375335693 0.08440069854259491
vt 1.4515550136566162 0.084494791924953461
vt 1.4562491178512573 0.055207327008247375
vt -1.7187129259109497 0.20015993714332581
vt -1.7095900774002075 0.20606321096420288
vt -1.7177330255508423 0.19184130430221558
vt 1.478676438331604 -1.7095900774002075
vt 1.4749935865402222 -1.7143646478652954
vt 1.4684109687805176 -1.7104467153549194
vt -1.7073034048080444 0.0052400967106223106
vt -1.7039828300476074 0.0087393978610634804
vt -1.6998294591903687 0.0043532839044928551
vt -1.7145727872848511 0.013860092498362064
vt -1.7039828300476074 0.0087393978610634804
vt -1.7073034048080444 0.0052400967106223106
vt -0.47438773512840271 0.11065695434808731
vt -0.47472390532493591 0.1486394852399826
vt -0.46906062960624695 0.13183717429637909
vt -0.45644280314445496 0.13183176517486572
vt -0.46906062960624695 0.13183717429637909
vt -0.47472390532493591 0.1486394852399826
vt 2.7010734081268311 0.046530984342098236
vt 2.7045149803161621 0.077633120119571686
vt 2.7090075016021729 0.069181978702545166
vt 2.710949182510376 0.11015306413173676
vt 2.7045149803161621 0.077633120119571686
vt 2.701991081237793 0.1180640384554863
vt 1.4458327293395996 0.16273100674152374
vt 1.4564024209976196 0.16529688239097595
vt 1.4512875080108643 0.13454331457614899
vt 1.4564024209976196 0.16529688239097595
vt 1.4458327293395996 0.16273100674152374
vt 1.4444742202758789 0.16799743473529816
vt -1.7293714284896851 0.016300294548273087
vt -1.7364932298660278 0.018014673143625259
vt -1.7325824499130249 0.02612248994410038
vt -1.7325824499130249 0.02612248994410038
vt -1.7260363101959229 0.032993044704198837
vt -1.7293714284896851 0.016300294548273087
vt 2.7189607620239258 0.21339641511440277
vt 2.7184834480285645 0.20125502347946167
vt 2.7127189636230469 0.20859226584434509
vt 1.4467171430587769 0.20768500864505768
vt 1.4422893524169922 0.21339641511440277
vt 1.4557156562805176 0.21746915578842163
vt 1.4517960548400879 0.12710241973400116
vt 1.4476181268692017 0.10982498526573181
vt 1.4446072578430176 0.12609371542930603
vt 2.7245166301727295 0.12557576596736908
vt 2.7250027656555176 0.10998387634754181
vt 2.7183535099029541 0.10227739065885544
vt 1.4601980447769165 0.013860092498362064
vt 1.4555867910385132 0.017113029956817627
vt 1.4589818716049194 0.024164386093616486
vt 1.4638489484786987 0.024404261261224747
vt 1.4589818716049194 0.024164386093616486
vt 1.4562491178512573 0.055207327008247375
vt 2.7318861484527588 0.018046189099550247
vt 2.7334718704223633 0.011593237519264221
vt 2.726123571395874 0.010897308588027954
vt 1.4781208038330078 0.019737228751182556
vt 1.4747202396392822 0.011593237519264221
vt 1.4708423614501953 0.018046189099550247
vt 1.4422893524169922 0.21339641511440277
vt 1.4515188932418823 0.22476968169212341
vt 1.4557156562805176 0.21746915578842163
vt 1.4522933959960938 0.23627230525016785
vt 1.4591923952102661 0.22374369204044342
vt 1.4515188932418823 0.22476968169212341
vt -0.44453409314155579 0.21435225009918213
vt -0.44213655591011047 0.2083573043346405
vt -0.45033907890319824 0.21424880623817444
vt -0.45033907890319824 0.21424880623817444
vt -0.45089694857597351 0.22069463133811951
vt -0.44394224882125854 0.21971482038497925
vt -0.45203754305839539 -1.7156260013580322
vt -0.46344906091690063 -1.7073034048080444
vt -0.45265543460845947 -1.7046403884887695
vt 2.7046403884887695 0.00646569998934865
vt 2.7101998329162598 0.011851564049720764
vt 2.7156260013580322 0.0039997240528464317
vt -0.45375397801399231 0.079585634171962738
vt -0.44268965721130371 0.10193442553281784
vt -0.45074662566184998 0.063040792942047119
vt -0.45074662566184998 0.063040792942047119
vt -0.45992439985275269 0.04051724448800087
vt -0.45375397801399231 0.079585634171962738
vt -1.7165240049362183 0.12187382578849792
vt -1.7140913009643555 0.13674864172935486
vt -1.7050074338912964 0.14215151965618134
vt -1.7140913009643555 0.13674864172935486
vt -1.7113109827041626 0.15784801542758942
vt -1.7050074338912964 0.14215151965618134
vt -0.46134412288665771 -1.7001879215240479
vt -0.464032381772995 -1.70960533618927
vt -0.47336241602897644 -1.7099710702896118
vt -0.464032381772995 -1.70960533618927
vt -0.46088495850563049 -1.704364538192749
vt -0.45641630887985229 -1.7186675071716309
vt -1.7234941720962524 0.12336184829473495
vt -1.7265133857727051 0.10860024392604828
vt -1.7319613695144653 0.10929913073778152
vt -1.7265133857727051 0.10860024392604828
vt -1.7234941720962524 0.12336184829473495
vt -1.7165240049362183 0.12187382578849792
vt -0.48431140184402466 -1.7362139225006104
vt -0.47472020983695984 -1.7334717512130737
vt -0.48424822092056274 -1.7453265190124512
vt -0.49090069532394409 -1.7486867904663086
vt -0.49334761500358582 -1.7426759004592896
vt -0.48431140184402466 -1.7362139225006104
vt 1.4409487247467041 -1.7095648050308228
vt 1.4465265274047852 -1.7160667181015015
vt 1.4392470121383667 -1.7164651155471802
vt 2.7040133476257324 0.24085511267185211
vt 2.7095646858215332 0.24279835820198059
vt 2.7105286121368408 0.23600588738918304
vt -0.43318358063697815 -1.7150368690490723
vt -0.42794486880302429 -1.7162874937057495
vt -0.43607273697853088 -1.7304292917251587
vt -0.42794486880302429 -1.7162874937057495
vt -0.43318358063697815 -1.7150368690490723
vt -0.43320778012275696 -1.7047978639602661
vt -0.45925390720367432 0.2371104508638382
vt -0.44843491911888123 0.2340235561132431
vt -0.45759913325309753 0.22242981195449829
vt -0.45759913325309753 0.22242981195449829
vt -0.46447989344596863 0.21772362291812897
vt -0.45925390720367432 0.2371104508638382
vt -0.46937352418899536 0.17449405789375305
vt -0.46227926015853882 0.17474843561649323
vt -0.45644280314445496 0.13183176517486572
vt -0.46591907739639282 0.19667665660381317
vt -0.46227926015853882 0.17474843561649323
vt -0.46937352418899536 0.17449405789375305
vt 1.448689341545105 -1.7060260772705078
vt 1.4521384239196777 -1.7009687423706055
vt 1.4538975954055786 -1.7116923332214355
vt 1.4401696920394897 -1.6981472969055176
vt 1.4462770223617554 -1.6980595588684082
vt 1.448689341545105 -1.7060260772705078
vt -1.7048866748809814 0.17305554449558258
vt -1.7074388265609741 0.18015781044960022
vt -1.6988891363143921 0.18132437765598297
vt -0.47759011387825012 0.18132437765598297
vt -0.48276901245117188 0.18919654190540314
vt -0.47483646869659424 0.20105282962322235
vt 1.4432239532470703 0.0099676633253693581
vt 1.4467757940292358 0.0053436513990163803
vt 1.4403666257858276 0.0069230026565492153
vt 1.4428867101669312 -1.7175055742263794
vt 1.4555867910385132 -1.7169253826141357
vt 1.4432239532470703 -1.7270022630691528
vt -1.6974424123764038 0.04051724448800087
vt -1.7021613121032715 0.040407650172710419
vt -1.7021931409835815 0.064420409500598907
vt -1.7021613121032715 0.040407650172710419
vt -1.6974424123764038 0.04051724448800087
vt -1.6992239952087402 0.024571493268013
vt -0.48431140184402466 -1.7362139225006104
vt -0.49334761500358582 -1.7426759004592896
vt -0.48621714115142822 -1.7276601791381836
vt -1.7368873357772827 0.011941493488848209
vt -1.7276601791381836 0.006799663882702589
vt -1.7426759004592896 0.0050437413156032562
vt 2.7105286121368408 0.23600588738918304
vt 2.712352991104126 0.22982436418533325
vt 2.706345796585083 0.22650617361068726
vt 2.7127189636230469 0.20859226584434509
vt 2.7099041938781738 0.22179150581359863
vt 2.7168083190917969 0.22592668235301971
vt -0.45815232396125793 0.09396187961101532
vt -0.44909417629241943 0.10250085592269897
vt -0.45375397801399231 0.079585634171962738
vt -1.704364538192749 0.10337542742490768
vt -1.6991058588027954 0.10287396609783173
vt -1.700509786605835 0.09396187961101532
vt -0.44750785827636719 0.16547346115112305
vt -0.45103481411933899 0.19910529255867004
vt -0.43909534811973572 0.18290047347545624
vt -0.44816696643829346 0.12486453354358673
vt -0.44750785827636719 0.16547346115112305
vt -0.43909534811973572 0.18290047347545624
vt -1.7103738784790039 0.11279687285423279
vt -1.7050074338912964 0.14215151965618134
vt -1.7055380344390869 0.11065695434808731
vt -0.47438773512840271 0.11065695434808731
vt -0.47336241602897644 0.094927512109279633
vt -0.48041129112243652 0.10529572516679764
vt 2.7320537567138672 0.093206316232681274
vt 2.7318708896636963 0.085659660398960114
vt 2.7241764068603516 0.085866913199424744
vt 1.4684303998947144 0.078826718032360077
vt 1.4609837532043457 0.085659660398960114
vt 1.4614825248718262 0.093206316232681274
vt 1.4728763103485107 0.026753367856144905
vt 1.4781208038330078 0.019737228751182556
vt 1.4708423614501953 0.018046189099550247
vt 1.4708423614501953 0.018046189099550247
vt 1.4660391807556152 0.040726825594902039
vt 1.4728763103485107 0.026753367856144905
vt 1.4457125663757324 0.17901389300823212
vt 1.4444742202758789 0.16799743473529816
vt 1.4360727071762085 0.16786929965019226
vt -0.43607273697853088 -1.7304292917251587
vt -0.44447419047355652 -1.7313752174377441
vt -0.43736529350280762 -1.7232086658477783
vt -0.47329908609390259 0.081005141139030457
vt -0.47503143548965454 0.052192404866218567
vt -0.47981643676757812 0.07507641613483429
vt -0.47503143548965454 0.052192404866218567
vt -0.47329908609390259 0.081005141139030457
vt -0.46761158108711243 0.065658912062644958
vt 2.7325992584228516 0.10069123655557632
vt 2.7266430854797363 0.099425613880157471
vt 2.7298426628112793 0.10458731651306152
vt -0.45682162046432495 -1.7266430854797363
vt -0.45641630887985229 -1.7186675071716309
vt -0.45069670677185059 -1.7260637283325195
vt -0.46292710304260254 0.016317039728164673
vt -0.45612749457359314 0.023752329871058464
vt -0.4575519859790802 0.0057847076095640659
vt -1.6986510753631592 0.016317039728164673
vt -1.6998294591903687 0.0043532839044928551
vt -1.7039828300476074 0.0087393978610634804
vt -0.44816696643829346 0.12486453354358673
vt -0.45600613951683044 0.12325906753540039
vt -0.45644280314445496 0.13183176517486572
vt -0.45644280314445496 0.13183176517486572
vt -0.45600613951683044 0.12325906753540039
vt -0.46906062960624695 0.13183717429637909
vt 1.4457125663757324 -1.7333935499191284
vt 1.4350928068161011 -1.7324410676956177
vt 1.4478620290756226 -1.7264313697814941
vt 1.4360727071762085 0.16786929965019226
vt 1.4350928068161011 0.17993980646133423
vt 1.4457125663757324 0.17901389300823212
vt 1.4537665843963623 0.024164656177163124
vt 1.4589818716049194 0.024164386093616486
vt 1.4555867910385132 0.017113029956817627
vt 1.4555867910385132 0.017113029956817627
vt 1.4507359266281128 0.016863876953721046
vt 1.4537665843963623 0.024164656177163124
vt 2.7090075016021729 0.069181978702545166
vt 2.710949182510376 0.11015306413173676
vt 2.7183535099029541 0.10227739065885544
vt 2.7045149803161621 0.077633120119571686
vt 2.710949182510376 0.11015306413173676
vt 2.7090075016021729 0.069181978702545166
vt -0.47483646869659424 0.20105282962322235
vt -0.47801214456558228 0.20378552377223969
vt -0.46461892127990723 0.20959179103374481
vt -1.7030916213989258 0.20378552377223969
vt -1.6990741491317749 0.20105282962322235
vt -1.7042371034622192 0.18919654190540314
vt -1.7032790184020996 0.15732544660568237
vt -1.7048866748809814 0.17305554449558258
vt -1.6988891363143921 0.18132437765598297
vt -1.7032790184020996 0.15732544660568237
vt -1.7122941017150879 0.16434882581233978
vt -1.7048866748809814 0.17305554449558258
vt 2.7071664333343506 0.19861923158168793
vt 2.6988284587860107 0.19138815999031067
vt 2.6963047981262207 0.20197705924510956
vt -0.43632709980010986 0.20197705924510956
vt -0.43091696500778198 0.19138815999031067
vt -0.43909534811973572 0.18290047347545624
vt -1.7181850671768188 0.1585661768913269
vt -1.7113109827041626 0.15784801542758942
vt -1.7140913009643555 0.13674864172935486
vt -1.7181850671768188 0.1585661768913269
vt -1.7263033390045166 0.16288363933563232
vt -1.7122941017150879 0.16434882581233978
vt 1.4603933095932007 0.055978972464799881
vt 1.4562491178512573 0.055207327008247375
vt 1.4515550136566162 0.084494791924953461
vt 1.4562491178512573 0.055207327008247375
vt 1.4603933095932007 0.055978972464799881
vt 1.4638489484786987 0.024404261261224747
vt -1.7239891290664673 0.069331400096416473
vt -1.7260363101959229 0.032993044704198837
vt -1.7305374145507812 0.07049926370382309
vt -1.7260363101959229 0.032993044704198837
vt -1.7239891290664673 0.069331400096416473
vt -1.7173973321914673 0.07507641613483429
vt 2.7203805446624756 0.0047627403400838375
vt 2.7172820568084717 0.036020927131175995
vt 2.726123571395874 0.010897308588027954
vt 2.7203805446624756 0.0047627403400838375
vt 2.726123571395874 0.010897308588027954
vt 2.7334718704223633 0.011593237519264221
vt 1.4591923952102661 0.22374369204044342
vt 1.4557156562805176 0.21746915578842163
vt 1.4515188932418823 0.22476968169212341
vt 1.4557156562805176 0.21746915578842163
vt 1.4591923952102661 0.22374369204044342
vt 1.4622581005096436 0.21229773759841919
vt 1.4654092788696289 0.1699005663394928
vt 1.479657769203186 0.17220765352249146
vt 1.4739445447921753 0.16577857732772827
vt 1.4654092788696289 0.1699005663394928
vt 1.4793691635131836 0.17963151633739471
vt 1.479657769203186 0.17220765352249146
vt 2.7118363380432129 0.20359745621681213
vt 2.7127189636230469 0.20859226584434509
vt 2.7184834480285645 0.20125502347946167
vt 2.7044646739959717 0.20934955775737762
vt 2.7127189636230469 0.20859226584434509
vt 2.7118363380432129 0.20359745621681213
vt 2.7183196544647217 0.065658912062644958
vt 2.7166597843170166 0.08683466911315918
vt 2.7241764068603516 0.085866913199424744
vt -0.46596992015838623 0.08683466911315918
vt -0.46761158108711243 0.065658912062644958
vt -0.47329908609390259 0.081005141139030457
vt -0.43976807594299316 0.1261134147644043
vt -0.44072902202606201 0.14067994058132172
vt -0.4353049099445343 0.14857715368270874
vt -0.44816696643829346 0.12486453354358673
vt -0.44072902202606201 0.14067994058132172
vt -0.43976807594299316 0.1261134147644043
vt 1.4820410013198853 0.02612248994410038
vt 1.4821521043777466 0.018014673143625259
vt 1.4781208038330078 0.019737228751182556
vt 1.4747202396392822 0.011593237519264221
vt 1.4781208038330078 0.019737228751182556
vt 1.4821521043777466 0.018014673143625259
vt 1.4754645824432373 0.078948989510536194
vt 1.4765263795852661 0.055462326854467392
vt 1.469698429107666 0.055756997317075729
vt -1.7346814870834351 0.055462326854467392
vt -1.7355525493621826 0.078948989510536194
vt -1.7305374145507812 0.07049926370382309
vt 2.7232086658477783 0.16742020845413208
vt 2.7212057113647461 0.16205625236034393
vt 2.7150368690490723 0.16930736601352692
vt -0.43607273697853088 -1.7304292917251587
vt -0.43736529350280762 -1.7232086658477783
vt -0.43318358063697815 -1.7150368690490723
vt 2.7156457901000977 0.19148442149162292
vt 2.7253549098968506 0.18676005303859711
vt 2.7196264266967773 0.17963972687721252
vt 1.4288254976272583 -1.7253550291061401
vt 1.4261637926101685 -1.7156459093093872
vt 1.4370043277740479 -1.7201619148254395
vt 2.6987490653991699 0.16395910084247589
vt 2.697331428527832 0.17285554111003876
vt 2.7047977447509766 0.17244209349155426
vt 2.7088935375213623 0.1844635009765625
vt 2.7047977447509766 0.17244209349155426
vt 2.697331428527832 0.17285554111003876
vt 1.4664682149887085 0.15688534080982208
vt 1.4713228940963745 0.15711510181427002
vt 1.4742478132247925 0.1238541305065155
vt 1.4678288698196411 0.16380879282951355
vt 1.4713228940963745 0.15711510181427002
vt 1.4664682149887085 0.15688534080982208
vt -0.45600613951683044 0.12325906753540039
vt -0.44816696643829346 0.12486453354358673
vt -0.4470575749874115 0.11715257912874222
vt -0.4470575749874115 0.11715257912874222
vt -0.44816696643829346 0.12486453354358673
vt -0.43976807594299316 0.1261134147644043
vt -0.47939604520797729 -1.7291498184204102
vt -0.47255232930183411 -1.7263033390045166
vt -0.47394460439682007 -1.7312105894088745
vt 1.4713228940963745 0.15711510181427002
vt 1.4678288698196411 0.16380879282951355
vt 1.4725522994995117 0.16288363933563232
vt -0.443063884973526 0.22473427653312683
vt -0.44120335578918457 0.23195099830627441
vt -0.43779700994491577 0.22983922064304352
vt 2.6982340812683105 0.22983922064304352
vt 2.6948232650756836 0.23195099830627441
vt 2.6981472969055176 0.23752579092979431
vt -0.45203754305839539 -1.7156260013580322
vt -0.44288668036460876 -1.7175055742263794
vt -0.44036659598350525 -1.7245742082595825
vt 1.4432239532470703 -1.7270022630691528
vt 1.4403666257858276 -1.7245742082595825
vt 1.4428867101669312 -1.7175055742263794
vt -1.7319613695144653 0.10929913073778152
vt -1.7294800281524658 0.1238541305065155
vt -1.7234941720962524 0.12336184829473495
vt 1.4674534797668457 0.12288486212491989
vt 1.4742478132247925 0.1238541305065155
vt 1.4761576652526855 0.10929913073778152
vt 1.4411448240280151 0.10998387634754181
vt 1.4389247894287109 0.12557576596736908
vt 1.4476181268692017 0.10982498526573181
vt 1.4476181268692017 0.10982498526573181
vt 1.4506967067718506 0.10032646358013153
vt 1.4411448240280151 0.10998387634754181
vt 2.7101998329162598 0.011851564049720764
vt 2.7046403884887695 0.00646569998934865
vt 2.7026662826538086 0.015528935939073563
vt 2.7026662826538086 0.015528935939073563
vt 2.7104549407958984 0.019399499520659447
vt 2.7101998329162598 0.011851564049720764
vt -1.7026779651641846 0.072028741240501404
vt -1.7085987329483032 0.071518793702125549
vt -1.7079412937164307 0.093607425689697266
vt -1.716880202293396 0.092067264020442963
vt -1.7079412937164307 0.093607425689697266
vt -1.7085987329483032 0.071518793702125549
vt -0.45033907890319824 0.21424880623817444
vt -0.44331026077270508 0.20036856830120087
vt -0.45103481411933899 0.19910529255867004
vt -0.44331026077270508 0.20036856830120087
vt -0.43909534811973572 0.18290047347545624
vt -0.45103481411933899 0.19910529255867004
vt 1.463530421257019 0.20384345948696136
vt 1.4691236019134521 0.20728115737438202
vt 1.4749935865402222 0.20655058324337006
vt 1.4691236019134521 0.20728115737438202
vt 1.463530421257019 0.20384345948696136
vt 1.4622581005096436 0.21229773759841919
vt -0.45103481411933899 0.19910529255867004
vt -0.4547397792339325 0.20666821300983429
vt -0.45033907890319824 0.21424880623817444
vt -0.4547397792339325 0.20666821300983429
vt -0.45845326781272888 0.21421124041080475
vt -0.45033907890319824 0.21424880623817444
vt -1.7000644207000732 0.20959179103374481
vt -1.7053743600845337 0.21194034814834595
vt -1.7052427530288696 0.21772362291812897
vt -1.7104467153549194 0.21074070036411285
vt -1.7052427530288696 0.21772362291812897
vt -1.7053743600845337 0.21194034814834595
vt -1.7113809585571289 0.18971234560012817
vt -1.7177330255508423 0.19184130430221558
vt -1.7095900774002075 0.20606321096420288
vt -1.7177330255508423 0.19184130430221558
vt -1.7113809585571289 0.18971234560012817
vt -1.7284326553344727 0.17295278608798981
vt 2.7080628871917725 0.14872902631759644
vt 2.7088220119476318 0.13247697055339813
vt 2.7006514072418213 0.12658874690532684
vt 2.7088220119476318 0.13247697055339813
vt 2.7080628871917725 0.14872902631759644
vt 2.7166876792907715 0.13227158784866333
vt 2.7127189636230469 0.20859226584434509
vt 2.7044646739959717 0.20934955775737762
vt 2.7054731845855713 0.21459081768989563
vt 2.6993398666381836 0.21435225009918213
vt 2.7054731845855713 0.21459081768989563
vt 2.7044646739959717 0.20934955775737762
vt 1.4899451732635498 0.0098715145140886307
vt 1.4909007549285889 0.0056751193478703499
vt 1.484248161315918 0.0062658493407070637
vt -0.48431140184402466 -1.7362139225006104
vt -0.48424822092056274 -1.7453265190124512
vt -0.49090069532394409 -1.7486867904663086
vt 1.469698429107666 0.055756997317075729
vt 1.4684303998947144 0.078826718032360077
vt 1.4754645824432373 0.078948989510536194
vt 1.4684303998947144 0.078826718032360077
vt 1.469698429107666 0.055756997317075729
vt 1.4660391807556152 0.040726825594902039
vt 1.4710994958877563 0.19135649502277374
vt 1.464091420173645 0.18798062205314636
vt 1.4641748666763306 0.19562248885631561
vt 1.464091420173645 0.18798062205314636
vt 1.4478620290756226 0.18242679536342621
vt 1.4641748666763306 0.19562248885631561
vt -0.44909417629241943 0.10250085592269897
vt -0.45815232396125793 0.09396187961101532
vt -0.45636329054832458 0.10287396609783173
vt -0.45636329054832458 0.10287396609783173
vt -0.4470575749874115 0.11715257912874222
vt -0.44909417629241943 0.10250085592269897
vt -1.6991058588027954 0.10287396609783173
vt -1.704364538192749 0.10337542742490768
vt -1.7001879215240479 0.10999932140111923
vt -0.46088495850563049 0.10337542742490768
vt -0.464032381772995 0.10006511956453323
vt -0.46134412288665771 0.10999932140111923
vt 1.4589818716049194 0.024164386093616486
vt 1.4638489484786987 0.024404261261224747
vt 1.4601980447769165 0.013860092498362064
vt -1.7039828300476074 0.0087393978610634804
vt -1.7145727872848511 0.013860092498362064
vt -1.714580774307251 0.024404261261224747
vt 1.4674534797668457 0.12288486212491989
vt 1.4517960548400879 0.12710241973400116
vt 1.4592345952987671 0.13581544160842896
vt 1.4592345952987671 0.13581544160842896
vt 1.4664682149887085 0.15688534080982208
vt 1.4674534797668457 0.12288486212491989
vt -0.47771704196929932 0.0066764508374035358
vt -0.47795462608337402 0.022648919373750687
vt -0.46939125657081604 0.036020927131175995
vt -0.47795462608337402 0.022648919373750687
vt -0.47771704196929932 0.0066764508374035358
vt -0.48433554172515869 0.016205018386244774
vt -1.697632908821106 0.15733690559864044
vt -1.6936479806900024 0.17449405789375305
vt -1.6979821920394897 0.1486394852399826
vt -1.7032790184020996 0.15732544660568237
vt -1.697632908821106 0.15733690559864044
vt -1.6979821920394897 0.1486394852399826
vt 1.4465265274047852 0.24158206582069397
vt 1.4522933959960938 0.23627230525016785
vt 1.4444258213043213 0.232563316822052
vt 1.4522933959960938 -1.7196613550186157
vt 1.4465265274047852 -1.7160667181015015
vt 1.4538975954055786 -1.7116923332214355
vt -1.7119144201278687 0.10529572516679764
vt -1.7103738784790039 0.11279687285423279
vt -1.7055380344390869 0.11065695434808731
vt -1.7103738784790039 0.11279687285423279
vt -1.7119144201278687 0.10529572516679764
vt -1.7191234827041626 0.10738493502140045
vt 2.7240328788757324 0.057136252522468567
vt 2.7232999801635742 0.034352295100688934
vt 2.7172820568084717 0.036020927131175995
vt 2.7232999801635742 0.034352295100688934
vt 2.7240328788757324 0.057136252522468567
vt 2.7299263477325439 0.040726825594902039
vt 1.4467171430587769 0.20768500864505768
vt 1.4436684846878052 0.19082273542881012
vt 1.4401389360427856 0.20125502347946167
vt 1.4467171430587769 0.20768500864505768
vt 1.4401389360427856 0.20125502347946167
vt 1.4422893524169922 0.21339641511440277
vt -0.4499247670173645 0.22653776407241821
vt -0.44843491911888123 0.2340235561132431
vt -0.44120335578918457 0.23195099830627441
vt -0.44843491911888123 0.2340235561132431
vt -0.4499247670173645 0.22653776407241821
vt -0.45759913325309753 0.22242981195449829
vt -0.48433554172515869 0.016205018386244774
vt -0.48133066296577454 0.03899243101477623
vt -0.47795462608337402 0.022648919373750687
vt -1.7260363101959229 0.032993044704198837
vt -1.7191487550735474 0.03899243101477623
vt -1.7207992076873779 0.016205018386244774
vt -1.7039828300476074 0.0087393978610634804
vt -1.7039817571640015 0.016496982425451279
vt -1.6986510753631592 0.016317039728164673
vt 1.4671404361724854 0.016496982425451279
vt 1.4670020341873169 0.0087393978610634804
vt 1.4638383388519287 0.048379424959421158
vt 1.4515188932418823 0.22476968169212341
vt 1.4444258213043213 0.232563316822052
vt 1.4522933959960938 0.23627230525016785
vt 1.4403693675994873 0.22592668235301971
vt 1.4444258213043213 0.232563316822052
vt 1.4515188932418823 0.22476968169212341
vt 2.71370530128479 0.016863876953721046
vt 2.7101998329162598 0.011851564049720764
vt 2.7104549407958984 0.019399499520659447
vt 2.7141597270965576 0.024164656177163124
vt 2.71370530128479 0.016863876953721046
vt 2.7104549407958984 0.019399499520659447
vt -1.7116923332214355 0.24278655648231506
vt -1.7093789577484131 0.23418517410755157
vt -1.7149897813796997 0.23530951142311096
vt 1.4538975954055786 -1.7116923332214355
vt 1.4587342739105225 -1.7149897813796997
vt 1.4522933959960938 -1.7196613550186157
vt 1.4389247894287109 0.12557576596736908
vt 1.4319041967391968 0.13227158784866333
vt 1.4446072578430176 0.12609371542930603
vt 1.4446072578430176 0.12609371542930603
vt 1.4476181268692017 0.10982498526573181
vt 1.4389247894287109 0.12557576596736908
vt 2.7162876129150391 0.17335785925388336
vt 2.7196264266967773 0.17963972687721252
vt 2.7286801338195801 0.17409433424472809
vt 2.7286801338195801 0.17409433424472809
vt 2.7196264266967773 0.17963972687721252
vt 2.7253549098968506 0.18676005303859711
vt -1.7234941720962524 0.12336184829473495
vt -1.7210665941238403 0.13755036890506744
vt -1.7140913009643555 0.13674864172935486
vt -1.7294800281524658 0.1238541305065155
vt -1.7210665941238403 0.13755036890506744
vt -1.7234941720962524 0.12336184829473495
vt -0.45089694857597351 0.22069463133811951
vt -0.4499247670173645 0.22653776407241821
vt -0.443063884973526 0.22473427653312683
vt -0.443063884973526 0.22473427653312683
vt -0.44394224882125854 0.21971482038497925
vt -0.45089694857597351 0.22069463133811951
vt -1.7095900774002075 0.20606321096420288
vt -1.7030916213989258 0.20378552377223969
vt -1.7077749967575073 0.19758692383766174
vt -1.7042371034622192 0.18919654190540314
vt -1.7077749967575073 0.19758692383766174
vt -1.7030916213989258 0.20378552377223969
vt 1.4927619695663452 -1.7425100803375244
vt 1.4899451732635498 -1.7486761808395386
vt 1.4850423336029053 -1.7440236806869507
vt 1.484248161315918 0.0062658493407070637
vt 1.4850423336029053 0.010867394506931305
vt 1.4899451732635498 0.0098715145140886307
vt 1.428119421005249 -1.7071664333343506
vt 1.4331084489822388 -1.703010082244873
vt 1.4366835355758667 -1.7118362188339233
vt 2.6963047981262207 0.20197705924510956
vt 2.703010082244873 0.20517550408840179
vt 2.7071664333343506 0.19861923158168793
vt -0.44843491911888123 0.2340235561132431
vt -0.45213845372200012 0.24164660274982452
vt -0.44627702236175537 0.24027100205421448
vt 1.448689341545105 -1.7060260772705078
vt 1.4462770223617554 -1.6980595588684082
vt 1.4521384239196777 -1.7009687423706055
vt 1.4592345952987671 0.13581544160842896
vt 1.4517960548400879 0.12710241973400116
vt 1.4512875080108643 0.13454331457614899
vt 1.4446072578430176 0.12609371542930603
vt 1.4512875080108643 0.13454331457614899
vt 1.4517960548400879 0.12710241973400116
vt 1.4436684846878052 0.19082273542881012
vt 1.4478620290756226 0.18242679536342621
vt 1.4370043277740479 0.19370882213115692
vt 1.4370043277740479 0.19370882213115692
vt 1.4401389360427856 0.20125502347946167
vt 1.4436684846878052 0.19082273542881012
vt 1.4664682149887085 0.15688534080982208
vt 1.4600868225097656 0.15653666853904724
vt 1.4564024209976196 0.16529688239097595
vt 1.4664682149887085 0.15688534080982208
vt 1.4592345952987671 0.13581544160842896
vt 1.4600868225097656 0.15653666853904724
vt -1.7122941017150879 0.16434882581233978
vt -1.7113109827041626 0.15784801542758942
vt -1.7181850671768188 0.1585661768913269
vt -1.7113109827041626 0.15784801542758942
vt -1.7122941017150879 0.16434882581233978
vt -1.7032790184020996 0.15732544660568237
vt -1.7095900774002075 0.20606321096420288
vt -1.7187129259109497 0.20015993714332581
vt -1.7143646478652954 0.20655058324337006
vt 1.4749935865402222 0.20655058324337006
vt 1.4779162406921387 0.20015993714332581
vt 1.463530421257019 0.20384345948696136
vt -1.7104467153549194 0.21074070036411285
vt -1.7165547609329224 0.20728115737438202
vt -1.7158101797103882 0.21541807055473328
vt -1.7104467153549194 0.21074070036411285
vt -1.7158101797103882 0.21541807055473328
vt -1.7109756469726562 0.22584617137908936
vt -0.4547397792339325 0.20666821300983429
vt -0.46461892127990723 0.20959179103374481
vt -0.45845326781272888 0.21421124041080475
vt -0.46447989344596863 0.21772362291812897
vt -0.45845326781272888 0.21421124041080475
vt -0.46461892127990723 0.20959179103374481
vt -0.45992439985275269 0.04051724448800087
vt -0.46173444390296936 0.064420409500598907
vt -0.4598100483417511 0.072028741240501404
vt -1.7085987329483032 0.071518793702125549
vt -1.7026779651641846 0.072028741240501404
vt -1.7021931409835815 0.064420409500598907
vt -1.7191234827041626 0.10738493502140045
vt -1.7165240049362183 0.12187382578849792
vt -1.7103738784790039 0.11279687285423279
vt -1.7165240049362183 0.12187382578849792
vt -1.7191234827041626 0.10738493502140045
vt -1.7265133857727051 0.10860024392604828
vt -1.7113809585571289 0.18971234560012817
vt -1.7042371034622192 0.18919654190540314
vt -1.7074388265609741 0.18015781044960022
vt -1.6988891363143921 0.18132437765598297
vt -1.7074388265609741 0.18015781044960022
vt -1.7042371034622192 0.18919654190540314
vt 2.7147364616394043 0.068756788969039917
vt 2.716970682144165 0.053435172885656357
vt 2.7157135009765625 0.039188895374536514
vt 1.4562491178512573 0.055207327008247375
vt 1.4531549215316772 0.039188895374536514
vt 1.4504854679107666 0.053435172885656357
vt 1.4684303998947144 0.078826718032360077
vt 1.4614825248718262 0.093206316232681274
vt 1.4614802598953247 0.10069123655557632
vt 2.7266430854797363 0.099425613880157471
vt 2.7325992584228516 0.10069123655557632
vt 2.7320537567138672 0.093206316232681274
vt 2.7062447071075439 0.030700851231813431
vt 2.7016913890838623 0.031522415578365326
vt 2.7010734081268311 0.046530984342098236
vt 2.7026662826538086 0.015528935939073563
vt 2.7016913890838623 0.031522415578365326
vt 2.7062447071075439 0.030700851231813431
vt 2.701991081237793 0.1180640384554863
vt 2.7006514072418213 0.12658874690532684
vt 2.7089025974273682 0.12471923977136612
vt 2.7006514072418213 0.12658874690532684
vt 2.701991081237793 0.1180640384554863
vt 2.6939675807952881 0.1261134147644043
vt 1.4331084489822388 -1.703010082244873
vt 1.4363270998001099 -1.6963047981262207
vt 1.4421365261077881 -1.6981630325317383
vt -0.44213655591011047 0.2083573043346405
vt -0.43632709980010986 0.20197705924510956
vt -0.44331026077270508 0.20036856830120087
vt 1.4564162492752075 0.098772145807743073
vt 1.4563947916030884 0.092067264020442963
vt 1.4515550136566162 0.084494791924953461
vt -1.7079412937164307 0.093607425689697266
vt -1.716880202293396 0.092067264020442963
vt -1.7186675071716309 0.098772145807743073
vt 2.7089025974273682 0.12471923977136612
vt 2.7088220119476318 0.13247697055339813
vt 2.7166876792907715 0.13227158784866333
vt 2.7088220119476318 0.13247697055339813
vt 2.7089025974273682 0.12471923977136612
vt 2.7006514072418213 0.12658874690532684
vt -0.46591907739639282 0.19667665660381317
vt -0.45103481411933899 0.19910529255867004
vt -0.46227926015853882 0.17474843561649323
vt -0.4547397792339325 0.20666821300983429
vt -0.45103481411933899 0.19910529255867004
vt -0.46591907739639282 0.19667665660381317
vt 2.7164652347564697 0.23585608601570129
vt 2.7105286121368408 0.23600588738918304
vt 2.7095646858215332 0.24279835820198059
vt 2.7105286121368408 0.23600588738918304
vt 2.7164652347564697 0.23585608601570129
vt 2.712352991104126 0.22982436418533325
vt 1.448689341545105 -1.7060260772705078
vt 1.4393222332000732 -1.7040132284164429
vt 1.4401696920394897 -1.6981472969055176
vt 2.6982340812683105 0.22983922064304352
vt 2.6981472969055176 0.23752579092979431
vt 2.7040133476257324 0.24085511267185211
vt -0.46291756629943848 -1.6998294591903687
vt -0.4575519859790802 -1.7011629343032837
vt -0.46344906091690063 -1.7073034048080444
vt -0.4575519859790802 0.0057847076095640659
vt -0.46291756629943848 0.0043532839044928551
vt -0.46292710304260254 0.016317039728164673
vt -1.7284326553344727 0.17295278608798981
vt -1.7149076461791992 0.17310737073421478
vt -1.7192568778991699 0.16675300896167755
vt -1.7192568778991699 0.16675300896167755
vt -1.7149076461791992 0.17310737073421478
vt -1.7048866748809814 0.17305554449558258
vt -0.44394224882125854 0.21971482038497925
vt -0.44453409314155579 0.21435225009918213
vt -0.45033907890319824 0.21424880623817444
vt 2.6993398666381836 0.21435225009918213
vt 2.6985814571380615 0.21971482038497925
vt 2.7054731845855713 0.21459081768989563
vt 2.712352991104126 0.22982436418533325
vt 2.7168083190917969 0.22592668235301971
vt 2.7099041938781738 0.22179150581359863
vt 2.7168083190917969 0.22592668235301971
vt 2.712352991104126 0.22982436418533325
vt 2.7164652347564697 0.23585608601570129
vt 1.4553532600402832 0.10458731651306152
vt 1.4506967067718506 0.10032646358013153
vt 1.4476181268692017 0.10982498526573181
vt 1.4506967067718506 0.10032646358013153
vt 1.4553532600402832 0.10458731651306152
vt 1.4568215608596802 0.099425613880157471
vt 1.4555867910385132 0.017113029956817627
vt 1.4546471834182739 0.007451262790709734
vt 1.4467757940292358 0.0053436513990163803
vt -0.45203754305839539 -1.7156260013580322
vt -0.44677579402923584 -1.7263555526733398
vt -0.45464718341827393 -1.720267653465271
vt -1.7109756469726562 0.22584617137908936
vt -1.7093789577484131 0.23418517410755157
vt -1.7011035680770874 0.2371104508638382
vt -1.7109756469726562 0.22584617137908936
vt -1.7149897813796997 0.23530951142311096
vt -1.7093789577484131 0.23418517410755157
vt 2.706345796585083 0.22650617361068726
vt 2.7099041938781738 0.22179150581359863
vt 2.7054731845855713 0.21459081768989563
vt 2.7099041938781738 0.22179150581359863
vt 2.706345796585083 0.22650617361068726
vt 2.712352991104126 0.22982436418533325
vt 1.4793691635131836 0.17963151633739471
vt 1.471526026725769 0.18539759516716003
vt 1.4710994958877563 0.19135649502277374
vt 1.464091420173645 0.18798062205314636
vt 1.4710994958877563 0.19135649502277374
vt 1.471526026725769 0.18539759516716003
vt 2.7003505229949951 0.14857715368270874
vt 2.6987490653991699 0.16395910084247589
vt 2.7080628871917725 0.14872902631759644
vt 2.6987490653991699 0.16395910084247589
vt 2.7003505229949951 0.14857715368270874
vt 2.6943705081939697 0.14067994058132172
vt -1.7039817571640015 0.016496982425451279
vt -1.6992239952087402 0.024571493268013
vt -1.6986510753631592 0.016317039728164673
vt -0.46292710304260254 0.016317039728164673
vt -0.46189984679222107 0.024571493268013
vt -0.45612749457359314 0.023752329871058464
vt 1.4850423336029053 -1.7440236806869507
vt 1.4906307458877563 -1.7368873357772827
vt 1.4927619695663452 -1.7425100803375244
vt -1.7426759004592896 0.0050437413156032562
vt -1.7425100803375244 0.010283092968165874
vt -1.7368873357772827 0.011941493488848209
vt 1.4739445447921753 0.16577857732772827
vt 1.4678288698196411 0.16380879282951355
vt 1.4654092788696289 0.1699005663394928
vt -0.4678288996219635 -1.7296696901321411
vt -0.47394460439682007 -1.7312105894088745
vt -0.47255232930183411 -1.7263033390045166
vt 1.4458327293395996 0.16273100674152374
vt 1.4389947652816772 0.16205625236034393
vt 1.4373652935028076 0.16742020845413208
vt 2.7283618450164795 0.16273100674152374
vt 2.7166876792907715 0.13227158784866333
vt 2.7212057113647461 0.16205625236034393
vn 0.0036979091819375753 0.015869874507188797 -0.99986720085144043
vn 0.0036979091819375753 0.015869874507188797 -0.99986720085144043
vn 0.0036979091819375753 0.015869874507188797 -0.99986720085144043
vn -0.98239731788635254 0.16484583914279938 0.087871313095092773
vn -0.98239731788635254 0.16484583914279938 0.087871313095092773
vn -0.98239731788635254 0.16484583914279938 0.087871313095092773
vn 0.73042559623718262 -0.1394672691822052 0.66860097646713257
vn 0.73042559623718262 -0.1394672691822052 0.66860097646713257
vn 0.73042559623718262 -0.1394672691822052 0.66860097646713257
vn -0.28113165497779846 -0.17438621819019318 -0.9436919093132019
vn -0.28113165497779846 -0.17438621819019318 -0.9436919093132019
vn -0.28113165497779846 -0.17438621819019318 -0.9436919093132019
vn -0.38368657231330872 0.53992003202438354 -0.74918019771575928
vn -0.38368657231330872 0.53992003202438354 -0.74918019771575928
vn -0.38368657231330872 0.53992003202438354 -0.74918019771575928
vn 0.56564199924468994 -0.048759974539279938 0.82320809364318848
vn 0.56564199924468994 -0.048759974539279938 0.82320809364318848
vn 0.56564199924468994 -0.048759974539279938 0.82320809364318848
vn 0.75110465288162231 -0.21170009672641754 -0.62531977891921997
vn 0.75110465288162231 -0.21170009672641754 -0.62531977891921997
vn 0.75110465288162231 -0.21170009672641754 -0.62531977891921997
vn -0.72810113430023193 -0.19920049607753754 -0.65588706731796265
vn -0.72810113430023193 -0.19920049607753754 -0.65588706731796265
vn -0.72810113430023193 -0.19920049607753754 -0.65588706731796265
vn 0.091255888342857361 -0.0029580916743725538 0.99582308530807495
vn 0.091255888342857361 -0.0029580916743725538 0.99582308530807495
vn 0.091255888342857361 -0.0029580916743725538 0.99582308530807495
vn -0.37793546915054321 -0.28117519617080688 0.88210278749465942
vn -0.37793546915054321 -0.28117519617080688 0.88210278749465942
vn -0.37793546915054321 -0.28117519617080688 0.88210278749465942
vn 0.98395538330078125 0.015034500509500504 -0.17778010666370392
vn 0.98395538330078125 0.015034500509500504 -0.17778010666370392
vn 0.98395538330078125 0.015034500509500504 -0.17778010666370392
vn -0.86530333757400513 -0.3285602331161499 0.37854763865470886
vn -0.86530333757400513 -0.3285602331161499 0.37854763865470886
vn -0.86530333757400513 -0.3285602331161499 0.37854763865470886
vn 0.1448042243719101 0.52896499633789062 -0.83619838953018188
vn 0.1448042243719101 0.52896499633789062 -0.83619838953018188
vn 0.1448042243719101 0.52896499633789062 -0.83619838953018188
vn 0.79783964157104492 0.052838869392871857 -0.60054975748062134
vn 0.79783964157104492 0.052838869392871857 -0.60054975748062134
vn 0.79783964157104492 0.052838869392871857 -0.60054975748062134
vn 0.098012782633304596 0.17474471032619476 -0.97972333431243896
vn 0.098012782633304596 0.17474471032619476 -0.97972333431243896
vn 0.098012782633304596 0.17474471032619476 -0.97972333431243896
vn -0.61615955829620361 0.66690200567245483 -0.41903352737426758
vn -0.61615955829620361 0.66690200567245483 -0.41903352737426758
vn -0.61615955829620361 0.66690200567245483 -0.41903352737426758
vn 0.54220801591873169 -0.036945976316928864 -0.83943164348602295
vn 0.54220801591873169 -0.036945976316928864 -0.83943164348602295
vn 0.54220801591873169 -0.036945976316928864 -0.83943164348602295
vn -0.54003381729125977 -0.16703779995441437 0.82490110397338867
vn -0.54003381729125977 -0.16703779995441437 0.82490110397338867
vn -0.54003381729125977 -0.16703779995441437 0.82490110397338867
vn -0.96741139888763428 -0.16229218244552612 -0.19436170160770416
vn -0.96741139888763428 -0.16229218244552612 -0.19436170160770416
vn -0.96741139888763428 -0.16229218244552612 -0.19436170160770416
vn -0.059068229049444199 0.11862944811582565 -0.99118012189865112
vn -0.059068229049444199 0.11862944811582565 -0.99118012189865112
vn -0.059068229049444199 0.11862944811582565 -0.99118012189865112
vn 0.30063974857330322 -0.17599201202392578 0.93735933303833008
vn 0.30063974857330322 -0.17599201202392578 0.93735933303833008
vn 0.30063974857330322 -0.17599201202392578 0.93735933303833008
vn -0.8083917498588562 -0.027955183759331703 0.58798068761825562
vn -0.8083917498588562 -0.027955183759331703 0.58798068761825562
vn -0.8083917498588562 -0.027955183759331703 0.58798068761825562
vn 0.88274914026260376 0.36490640044212341 -0.29596832394599915
vn 0.88274914026260376 0.36490640044212341 -0.29596832394599915
vn 0.88274914026260376 0.36490640044212341 -0.29596832394599915
vn 0.90372312068939209 0.24946737289428711 0.34792324900627136
vn 0.90372312068939209 0.24946737289428711 0.34792324900627136
vn 0.90372312068939209 0.24946737289428711 0.34792324900627136
vn 0.23955601453781128 0.055451836436986923 0.96929770708084106
vn 0.23955601453781128 0.055451836436986923 0.96929770708084106
vn 0.23955601453781128 0.055451836436986923 0.96929770708084106
vn -0.10949225723743439 -0.094947151839733124 0.98944252729415894
vn -0.10949225723743439 -0.094947151839733124 0.98944252729415894
vn -0.10949225723743439 -0.094947151839733124 0.98944252729415894
vn -0.63605332374572754 0.034954547882080078 -0.77085298299789429
vn -0.63605332374572754 0.034954547882080078 -0.77085298299789429
vn -0.63605332374572754 0.034954547882080078 -0.77085298299789429
vn -0.92813205718994141 -0.13068152964115143 0.34855872392654419
vn -0.92813205718994141 -0.13068152964115143 0.34855872392654419
vn -0.92813205718994141 -0.13068152964115143 0.34855872392654419
vn 0.96834474802017212 0.044634822756052017 0.24559357762336731
vn 0.96834474802017212 0.044634822756052017 0.24559357762336731
vn 0.96834474802017212 0.044634822756052017 0.24559357762336731
vn -0.58568406105041504 -0.19937321543693542 0.78563636541366577
vn -0.58568406105041504 -0.19937321543693542 0.78563636541366577
vn -0.58568406105041504 -0.19937321543693542 0.78563636541366577
vn -0.99925631284713745 0.037466283887624741 -0.009116416797041893
vn -0.99925631284713745 0.037466283887624741 -0.009116416797041893
vn -0.99925631284713745 0.037466283887624741 -0.009116416797041893
vn -0.70863425731658936 -0.26067671179771423 0.65565627813339233
vn -0.70863425731658936 -0.26067671179771423 0.65565627813339233
vn -0.70863425731658936 -0.26067671179771423 0.65565627813339233
vn -0.22216124832630157 -0.33990570902824402 0.91384273767471313
vn -0.22216124832630157 -0.33990570902824402 0.91384273767471313
vn -0.22216124832630157 -0.33990570902824402 0.91384273767471313
vn 0.36914429068565369 -0.36363312602043152 0.85527974367141724
vn 0.36914429068565369 -0.36363312602043152 0.85527974367141724
vn 0.36914429068565369 -0.36363312602043152 0.85527974367141724
vn 0.0141056003049016 -0.48069491982460022 -0.87677443027496338
vn 0.0141056003049016 -0.48069491982460022 -0.87677443027496338
vn 0.0141056003049016 -0.48069491982460022 -0.87677443027496338
vn 0.41181206703186035 -0.90768337249755859 -0.080757200717926025
vn 0.41181206703186035 -0.90768337249755859 -0.080757200717926025
vn 0.41181206703186035 -0.90768337249755859 -0.080757200717926025
vn -0.062831051647663116 -0.17300961911678314 -0.98291397094726562
vn -0.062831051647663116 -0.17300961911678314 -0.98291397094726562
vn -0.062831051647663116 -0.17300961911678314 -0.98291397094726562
vn -0.95198404788970947 -0.28170150518417358 0.11987733095884323
vn -0.95198404788970947 -0.28170150518417358 0.11987733095884323
vn -0.95198404788970947 -0.28170150518417358 0.11987733095884323
vn 0.81823962926864624 -0.1032818928360939 0.56552338600158691
vn 0.81823962926864624 -0.1032818928360939 0.56552338600158691
vn 0.81823962926864624 -0.1032818928360939 0.56552338600158691
vn 0.82322221994400024 -0.38099193572998047 0.42089226841926575
vn 0.82322221994400024 -0.38099193572998047 0.42089226841926575
vn 0.82322221994400024 -0.38099193572998047 0.42089226841926575
vn -0.7520979642868042 0.59168893098831177 0.29026344418525696
vn -0.7520979642868042 0.59168893098831177 0.29026344418525696
vn -0.7520979642868042 0.59168893098831177 0.29026344418525696
vn 0.56239461898803711 0.22093616425991058 -0.79680579900741577
vn 0.56239461898803711 0.22093616425991058 -0.79680579900741577
vn 0.56239461898803711 0.22093616425991058 -0.79680579900741577
vn -0.63643890619277954 -0.64799678325653076 -0.41838464140892029
vn -0.63643890619277954 -0.64799678325653076 -0.41838464140892029
vn -0.63643890619277954 -0.64799678325653076 -0.41838464140892029
vn 0.72966486215591431 -0.30168077349662781 0.61365944147109985
vn 0.72966486215591431 -0.30168077349662781 0.61365944147109985
vn 0.72966486215591431 -0.30168077349662781 0.61365944147109985
vn -0.47183811664581299 0.13575939834117889 0.87117058038711548
vn -0.47183811664581299 0.13575939834117889 0.87117058038711548
vn -0.47183811664581299 0.13575939834117889 0.87117058038711548
vn 0.31551876664161682 0.37200579047203064 0.87296026945114136
vn 0.31551876664161682 0.37200579047203064 0.87296026945114136
vn 0.31551876664161682 0.37200579047203064 0.87296026945114136
vn 0.98699074983596802 0.14070874452590942 0.077783815562725067
vn 0.98699074983596802 0.14070874452590942 0.077783815562725067
vn 0.98699074983596802 0.14070874452590942 0.077783815562725067
vn 0.96556270122528076 0.040304683148860931 -0.25702953338623047
vn 0.96556270122528076 0.040304683148860931 -0.25702953338623047
vn 0.96556270122528076 0.040304683148860931 -0.25702953338623047
vn 0.22935482859611511 0.011493965052068233 -0.97327500581741333
vn 0.22935482859611511 0.011493965052068233 -0.97327500581741333
vn 0.22935482859611511 0.011493965052068233 -0.97327500581741333
vn -0.7006988525390625 0.04757845401763916 -0.71186894178390503
vn -0.7006988525390625 0.04757845401763916 -0.71186894178390503
vn -0.7006988525390625 0.04757845401763916 -0.71186894178390503
vn 0.91794472932815552 0.13700753450393677 0.37229880690574646
vn 0.91794472932815552 0.13700753450393677 0.37229880690574646
vn 0.91794472932815552 0.13700753450393677 0.37229880690574646
vn 0.79874402284622192 -0.18230372667312622 -0.57338762283325195
vn 0.79874402284622192 -0.18230372667312622 -0.57338762283325195
vn 0.79874402284622192 -0.18230372667312622 -0.57338762283325195
vn 0.85171175003051758 0.26863914728164673 -0.44991123676300049
vn 0.85171175003051758 0.26863914728164673 -0.44991123676300049
vn 0.85171175003051758 0.26863914728164673 -0.44991123676300049
vn 0.160943403840065 -0.57135260105133057 -0.80476915836334229
vn 0.160943403840065 -0.57135260105133057 -0.80476915836334229
vn 0.160943403840065 -0.57135260105133057 -0.80476915836334229
vn -0.95051479339599609 -0.23021242022514343 -0.20862382650375366
vn -0.95051479339599609 -0.23021242022514343 -0.20862382650375366
vn -0.95051479339599609 -0.23021242022514343 -0.20862382650375366
vn -0.32653123140335083 -0.11038243025541306 -0.93871885538101196
vn -0.32653123140335083 -0.11038243025541306 -0.93871885538101196
vn -0.32653123140335083 -0.11038243025541306 -0.93871885538101196
vn -0.46727323532104492 -0.049298208206892014 0.88273745775222778
vn -0.46727323532104492 -0.049298208206892014 0.88273745775222778
vn -0.46727323532104492 -0.049298208206892014 0.88273745775222778
vn 0.23770985007286072 -0.078716546297073364 0.96814137697219849
vn 0.23770985007286072 -0.078716546297073364 0.96814137697219849
vn 0.23770985007286072 -0.078716546297073364 0.96814137697219849
vn -0.096920222043991089 0.0049731223843991756 -0.99527972936630249
vn -0.096920222043991089 0.0049731223843991756 -0.99527972936630249
vn -0.096920222043991089 0.0049731223843991756 -0.99527972936630249
vn -0.63171511888504028 0.42654258012771606 -0.647300124168396
vn -0.63171511888504028 0.42654258012771606 -0.647300124168396
vn -0.63171511888504028 0.42654258012771606 -0.647300124168396
vn 0.83587044477462769 0.31315356492996216 -0.45083856582641602
vn 0.83587044477462769 0.31315356492996216 -0.45083856582641602
vn 0.83587044477462769 0.31315356492996216 -0.45083856582641602
vn -0.23620648682117462 0.4988560676574707 0.83387595415115356
vn -0.23620648682117462 0.4988560676574707 0.83387595415115356
vn -0.23620648682117462 0.4988560676574707 0.83387595415115356
vn -0.56954556703567505 -0.81377005577087402 -0.11574152857065201
vn -0.56954556703567505 -0.81377005577087402 -0.11574152857065201
vn -0.56954556703567505 -0.81377005577087402 -0.11574152857065201
vn -0.63072365522384644 -0.056982923299074173 -0.77391254901885986
vn -0.63072365522384644 -0.056982923299074173 -0.77391254901885986
vn -0.63072365522384644 -0.056982923299074173 -0.77391254901885986
vn 0.57056730985641479 -0.24074417352676392 0.78517210483551025
vn 0.57056730985641479 -0.24074417352676392 0.78517210483551025
vn 0.57056730985641479 -0.24074417352676392 0.78517210483551025
vn 0.37676155567169189 -0.27394750714302063 0.88487482070922852
vn 0.37676155567169189 -0.27394750714302063 0.88487482070922852
vn 0.37676155567169189 -0.27394750714302063 0.88487482070922852
vn -0.57654494047164917 0.73136001825332642 -0.3642917275428772
vn -0.57654494047164917 0.73136001825332642 -0.3642917275428772
vn -0.57654494047164917 0.73136001825332642 -0.3642917275428772
vn -0.41604599356651306 0.49930635094642639 0.75999927520751953
vn -0.41604599356651306 0.49930635094642639 0.75999927520751953
vn -0.41604599356651306 0.49930635094642639 0.75999927520751953
vn -0.97914916276931763 -0.19730821251869202 0.048336111009120941
vn -0.97914916276931763 -0.19730821251869202 0.048336111009120941
vn -0.97914916276931763 -0.19730821251869202 0.048336111009120941
vn -0.90193665027618408 -0.19065937399864197 -0.38750392198562622
vn -0.90193665027618408 -0.19065937399864197 -0.38750392198562622
vn -0.90193665027618408 -0.19065937399864197 -0.38750392198562622
vn -0.8452191948890686 -0.064591094851493835 0.53050214052200317
vn -0.8452191948890686 -0.064591094851493835 0.53050214052200317
vn -0.8452191948890686 -0.064591094851493835 0.53050214052200317
vn -0.45024242997169495 -0.070921808481216431 0.89008527994155884
vn -0.45024242997169495 -0.070921808481216431 0.89008527994155884
vn -0.45024242997169495 -0.070921808481216431 0.89008527994155884
vn 0.4126359224319458 -0.06689935177564621 0.90843605995178223
vn 0.4126359224319458 -0.06689935177564621 0.90843605995178223
vn 0.4126359224319458 -0.06689935177564621 0.90843605995178223
vn 0.42752352356910706 -0.28221753239631653 0.85882300138473511
vn 0.42752352356910706 -0.28221753239631653 0.85882300138473511
vn 0.42752352356910706 -0.28221753239631653 0.85882300138473511
vn 0.24382822215557098 -0.96750974655151367 -0.066878288984298706
vn 0.24382822215557098 -0.96750974655151367 -0.066878288984298706
vn 0.24382822215557098 -0.96750974655151367 -0.066878288984298706
vn 0.46531069278717041 -0.052180513739585876 0.88360804319381714
vn 0.46531069278717041 -0.052180513739585876 0.88360804319381714
vn 0.46531069278717041 -0.052180513739585876 0.88360804319381714
vn -0.10126981884241104 0.39902332425117493 -0.91133135557174683
vn -0.10126981884241104 0.39902332425117493 -0.91133135557174683
vn -0.10126981884241104 0.39902332425117493 -0.91133135557174683
vn -0.048284668475389481 0.12684684991836548 -0.99074643850326538
vn -0.048284668475389481 0.12684684991836548 -0.99074643850326538
vn -0.048284668475389481 0.12684684991836548 -0.99074643850326538
vn 0.82982617616653442 0.063771076500415802 0.55436611175537109
vn 0.82982617616653442 0.063771076500415802 0.55436611175537109
vn 0.82982617616653442 0.063771076500415802 0.55436611175537109
vn 0.72271084785461426 0.20369088649749756 -0.6604536771774292
vn 0.72271084785461426 0.20369088649749756 -0.6604536771774292
vn 0.72271084785461426 0.20369088649749756 -0.6604536771774292
vn 0.53541761636734009 0.77846860885620117 0.32758906483650208
vn 0.53541761636734009 0.77846860885620117 0.32758906483650208
vn 0.53541761636734009 0.77846860885620117 0.32758906483650208
vn 0.33237224817276001 0.49108955264091492 0.80520790815353394
vn 0.33237224817276001 0.49108955264091492 0.80520790815353394
vn 0.33237224817276001 0.49108955264091492 0.80520790815353394
vn -0.69307875633239746 0.055974435061216354 -0.71868538856506348
vn -0.69307875633239746 0.055974435061216354 -0.71868538856506348
vn -0.69307875633239746 0.055974435061216354 -0.71868538856506348
vn -0.67378318309783936 -0.73167538642883301 -0.10328283905982971
vn -0.67378318309783936 -0.73167538642883301 -0.10328283905982971
vn -0.67378318309783936 -0.73167538642883301 -0.10328283905982971
vn -0.32504349946975708 0.91825246810913086 0.22618372738361359
vn -0.32504349946975708 0.91825246810913086 0.22618372738361359
vn -0.32504349946975708 0.91825246810913086 0.22618372738361359
vn -0.82291269302368164 -0.35494261980056763 0.44365578889846802
vn -0.82291269302368164 -0.35494261980056763 0.44365578889846802
vn -0.82291269302368164 -0.35494261980056763 0.44365578889846802
vn -0.27133101224899292 0.017399387434124947 0.96232879161834717
vn -0.27133101224899292 0.017399387434124947 0.96232879161834717
vn -0.27133101224899292 0.017399387434124947 0.96232879161834717
vn 0.26242685317993164 -0.9417153000831604 0.21048606932163239
vn 0.26242685317993164 -0.9417153000831604 0.21048606932163239
vn 0.26242685317993164 -0.9417153000831604 0.21048606932163239
vn -0.99925559759140015 0.035221371799707413 -0.015740351751446724
vn -0.99925559759140015 0.035221371799707413 -0.015740351751446724
vn -0.99925559759140015 0.035221371799707413 -0.015740351751446724
vn -0.97813898324966431 -0.12509168684482574 -0.16612094640731812
vn -0.97813898324966431 -0.12509168684482574 -0.16612094640731812
vn -0.97813898324966431 -0.12509168684482574 -0.16612094640731812
vn 0.34282788634300232 -0.44480627775192261 -0.82741552591323853
vn 0.34282788634300232 -0.44480627775192261 -0.82741552591323853
vn 0.34282788634300232 -0.44480627775192261 -0.82741552591323853
vn 0.68809258937835693 0.41705036163330078 -0.59379923343658447
vn 0.68809258937835693 0.41705036163330078 -0.59379923343658447
vn 0.68809258937835693 0.41705036163330078 -0.59379923343658447
vn 0.4618237316608429 0.08538094162940979 0.88285273313522339
vn 0.4618237316608429 0.08538094162940979 0.88285273313522339
vn 0.4618237316608429 0.08538094162940979 0.88285273313522339
vn 0.076658189296722412 0.020436961203813553 0.99684798717498779
vn 0.076658189296722412 0.020436961203813553 0.99684798717498779
vn 0.076658189296722412 0.020436961203813553 0.99684798717498779
vn -0.1973675936460495 0.017855467274785042 -0.98016691207885742
vn -0.1973675936460495 0.017855467274785042 -0.98016691207885742
vn -0.1973675936460495 0.017855467274785042 -0.98016691207885742
vn 0.89716154336929321 0.058207150548696518 -0.43785050511360168
vn 0.89716154336929321 0.058207150548696518 -0.43785050511360168
vn 0.89716154336929321 0.058207150548696518 -0.43785050511360168
vn -0.77454280853271484 -0.070504866540431976 0.62857973575592041
vn -0.77454280853271484 -0.070504866540431976 0.62857973575592041
vn -0.77454280853271484 -0.070504866540431976 0.62857973575592041
vn -0.99548834562301636 -0.094616368412971497 0.0071164206601679325
vn -0.99548834562301636 -0.094616368412971497 0.0071164206601679325
vn -0.99548834562301636 -0.094616368412971497 0.0071164206601679325
vn -0.63102263212203979 -0.17920921742916107 0.75478106737136841
vn -0.63102263212203979 -0.17920921742916107 0.75478106737136841
vn -0.63102263212203979 -0.17920921742916107 0.75478106737136841
vn -0.71201556921005249 -0.11516920477151871 0.69265425205230713
vn -0.71201556921005249 -0.11516920477151871 0.69265425205230713
vn -0.71201556921005249 -0.11516920477151871 0.69265425205230713
vn -0.10231776535511017 0.66995495557785034 -0.73531723022460938
vn -0.10231776535511017 0.66995495557785034 -0.73531723022460938
vn -0.10231776535511017 0.66995495557785034 -0.73531723022460938
vn -0.38631010055541992 -0.18206538259983063 -0.90422159433364868
vn -0.38631010055541992 -0.18206538259983063 -0.90422159433364868
vn -0.38631010055541992 -0.18206538259983063 -0.90422159433364868
vn -0.06494797021150589 0.13093756139278412 -0.98926091194152832
vn -0.06494797021150589 0.13093756139278412 -0.98926091194152832
vn -0.06494797021150589 0.13093756139278412 -0.98926091194152832
vn 0.66545158624649048 0.16621881723403931 -0.72769874334335327
vn 0.66545158624649048 0.16621881723403931 -0.72769874334335327
vn 0.66545158624649048 0.16621881723403931 -0.72769874334335327
vn 0.62466078996658325 0.13019320368766785 0.76996666193008423
vn 0.62466078996658325 0.13019320368766785 0.76996666193008423
vn 0.62466078996658325 0.13019320368766785 0.76996666193008423
vn -0.1157456636428833 0.00068752624792978168 0.9932786226272583
vn -0.1157456636428833 0.00068752624792978168 0.9932786226272583
vn -0.1157456636428833 0.00068752624792978168 0.9932786226272583
vn 0.92337512969970703 -0.086058095097541809 0.37412881851196289
vn 0.92337512969970703 -0.086058095097541809 0.37412881851196289
vn 0.92337512969970703 -0.086058095097541809 0.37412881851196289
vn 0.99702954292297363 -0.002983469283208251 0.076962001621723175
vn 0.99702954292297363 -0.002983469283208251 0.076962001621723175
vn 0.99702954292297363 -0.002983469283208251 0.076962001621723175
vn 0.32857528328895569 -0.40659162402153015 0.85247963666915894
vn 0.32857528328895569 -0.40659162402153015 0.85247963666915894
vn 0.32857528328895569 -0.40659162402153015 0.85247963666915894
vn 0.36159658432006836 0.54472911357879639 0.75664925575256348
vn 0.36159658432006836 0.54472911357879639 0.75664925575256348
vn 0.36159658432006836 0.54472911357879639 0.75664925575256348
vn -0.64948290586471558 -0.41605517268180847 0.6364511251449585
vn -0.64948290586471558 -0.41605517268180847 0.6364511251449585
vn -0.64948290586471558 -0.41605517268180847 0.6364511251449585
vn -0.80855447053909302 0.40682110190391541 0.42513087391853333
vn -0.80855447053909302 0.40682110190391541 0.42513087391853333
vn -0.80855447053909302 0.40682110190391541 0.42513087391853333
vn -0.10709661245346069 0.95665150880813599 -0.2708287239074707
vn -0.10709661245346069 0.95665150880813599 -0.2708287239074707
vn -0.10709661245346069 0.95665150880813599 -0.2708287239074707
vn 0.53159600496292114 0.82866013050079346 0.17529413104057312
vn 0.53159600496292114 0.82866013050079346 0.17529413104057312
vn 0.53159600496292114 0.82866013050079346 0.17529413104057312
vn 0.42021003365516663 0.89642620086669922 -0.14086733758449554
vn 0.42021003365516663 0.89642620086669922 -0.14086733758449554
vn 0.42021003365516663 0.89642620086669922 -0.14086733758449554
vn 0.21068568527698517 0.48679167032241821 -0.84772956371307373
vn 0.21068568527698517 0.48679167032241821 -0.84772956371307373
vn 0.21068568527698517 0.48679167032241821 -0.84772956371307373
vn -0.65503966808319092 0.0051972032524645329 0.75557661056518555
vn -0.65503966808319092 0.0051972032524645329 0.75557661056518555
vn -0.65503966808319092 0.0051972032524645329 0.75557661056518555
vn -0.96306544542312622 -0.15963895618915558 -0.21684174239635468
vn -0.96306544542312622 -0.15963895618915558 -0.21684174239635468
vn -0.96306544542312622 -0.15963895618915558 -0.21684174239635468
vn 0.95169681310653687 0.11737179756164551 0.2837199866771698
vn 0.95169681310653687 0.11737179756164551 0.2837199866771698
vn 0.95169681310653687 0.11737179756164551 0.2837199866771698
vn 0.490192711353302 0.076561175286769867 0.86824506521224976
vn 0.490192711353302 0.076561175286769867 0.86824506521224976
vn 0.490192711353302 0.076561175286769867 0.86824506521224976
vn 0.28053471446037292 -0.92747163772583008 0.2471773624420166
vn 0.28053471446037292 -0.92747163772583008 0.2471773624420166
vn 0.28053471446037292 -0.92747163772583008 0.2471773624420166
vn 0.49141255021095276 0.71803361177444458 -0.49289092421531677
vn 0.49141255021095276 0.71803361177444458 -0.49289092421531677
vn 0.49141255021095276 0.71803361177444458 -0.49289092421531677
vn -0.12046293169260025 -0.029534939676523209 -0.99227839708328247
vn -0.12046293169260025 -0.029534939676523209 -0.99227839708328247
vn -0.12046293169260025 -0.029534939676523209 -0.99227839708328247
vn 0.88037937879562378 0.083594582974910736 -0.46684479713439941
vn 0.88037937879562378 0.083594582974910736 -0.46684479713439941
vn 0.88037937879562378 0.083594582974910736 -0.46684479713439941
vn -0.1674470454454422 -0.020705852657556534 0.98566359281539917
vn -0.1674470454454422 -0.020705852657556534 0.98566359281539917
vn -0.1674470454454422 -0.020705852657556534 0.98566359281539917
vn 0.52795809507369995 0.048679273575544357 0.84787416458129883
vn 0.52795809507369995 0.048679273575544357 0.84787416458129883
vn 0.52795809507369995 0.048679273575544357 0.84787416458129883
vn 0.5068860650062561 0.27508985996246338 -0.81694066524505615
vn 0.5068860650062561 0.27508985996246338 -0.81694066524505615
vn 0.5068860650062561 0.27508985996246338 -0.81694066524505615
vn 0.38376399874687195 -0.83118432760238647 -0.40231558680534363
vn 0.38376399874687195 -0.83118432760238647 -0.40231558680534363
vn 0.38376399874687195 -0.83118432760238647 -0.40231558680534363
vn 0.54395592212677002 -0.25903189182281494 0.79813182353973389
vn 0.54395592212677002 -0.25903189182281494 0.79813182353973389
vn 0.54395592212677002 -0.25903189182281494 0.79813182353973389
vn 0.96272522211074829 -0.20931334793567657 0.17131292819976807
vn 0.96272522211074829 -0.20931334793567657 0.17131292819976807
vn 0.96272522211074829 -0.20931334793567657 0.17131292819976807
vn -0.11923067271709442 -0.99251347780227661 -0.02647741511464119
vn -0.11923067271709442 -0.99251347780227661 -0.02647741511464119
vn -0.11923067271709442 -0.99251347780227661 -0.02647741511464119
vn 0.73575097322463989 0.0813426673412323 0.67234951257705688
vn 0.73575097322463989 0.0813426673412323 0.67234951257705688
vn 0.73575097322463989 0.0813426673412323 0.67234951257705688
vn 0.60273069143295288 -0.38829991221427917 -0.69709318876266479
vn 0.60273069143295288 -0.38829991221427917 -0.69709318876266479
vn 0.60273069143295288 -0.38829991221427917 -0.69709318876266479
vn 0.99375593662261963 -0.034194737672805786 0.10620693117380142
vn 0.99375593662261963 -0.034194737672805786 0.10620693117380142
vn 0.99375593662261963 -0.034194737672805786 0.10620693117380142
vn -0.77828520536422729 -0.23298276960849762 -0.58308762311935425
vn -0.77828520536422729 -0.23298276960849762 -0.58308762311935425
vn -0.77828520536422729 -0.23298276960849762 -0.58308762311935425
vn 0.10666925460100174 -0.1216026097536087 -0.98683053255081177
vn 0.10666925460100174 -0.1216026097536087 -0.98683053255081177
vn 0.10666925460100174 -0.1216026097536087 -0.98683053255081177
vn -0.42580088973045349 0.68749839067459106 -0.58825129270553589
vn -0.42580088973045349 0.68749839067459106 -0.58825129270553589
vn -0.42580088973045349 0.68749839067459106 -0.58825129270553589
vn -0.83573395013809204 0.050670348107814789 -0.54679179191589355
vn -0.83573395013809204 0.050670348107814789 -0.54679179191589355
vn -0.83573395013809204 0.050670348107814789 -0.54679179191589355
vn 0.95738071203231812 -0.041084468364715576 -0.28589192032814026
vn 0.95738071203231812 -0.041084468364715576 -0.28589192032814026
vn 0.95738071203231812 -0.041084468364715576 -0.28589192032814026
vn 0.92343777418136597 0.058477725833654404 -0.37926647067070007
vn 0.92343777418136597 0.058477725833654404 -0.37926647067070007
vn 0.92343777418136597 0.058477725833654404 -0.37926647067070007
vn 0.56669306755065918 0.047669302672147751 -0.82254880666732788
vn 0.56669306755065918 0.047669302672147751 -0.82254880666732788
vn 0.56669306755065918 0.047669302672147751 -0.82254880666732788
vn 0.58081716299057007 0.81322449445724487 -0.036295652389526367
vn 0.58081716299057007 0.81322449445724487 -0.036295652389526367
vn 0.58081716299057007 0.81322449445724487 -0.036295652389526367
vn -0.48274284601211548 -0.25218269228935242 0.83866751194000244
vn -0.48274284601211548 -0.25218269228935242 0.83866751194000244
vn -0.48274284601211548 -0.25218269228935242 0.83866751194000244
vn -0.23339146375656128 -0.48389172554016113 0.84343183040618896
vn -0.23339146375656128 -0.48389172554016113 0.84343183040618896
vn -0.23339146375656128 -0.48389172554016113 0.84343183040618896
vn 0.96330678462982178 -0.053216446191072464 -0.26307412981987
vn 0.96330678462982178 -0.053216446191072464 -0.26307412981987
vn 0.96330678462982178 -0.053216446191072464 -0.26307412981987
vn 0.93250012397766113 0.188238725066185 -0.30823647975921631
vn 0.93250012397766113 0.188238725066185 -0.30823647975921631
vn 0.93250012397766113 0.188238725066185 -0.30823647975921631
vn -0.99121534824371338 -0.11439617723226547 -0.066374748945236206
vn -0.99121534824371338 -0.11439617723226547 -0.066374748945236206
vn -0.99121534824371338 -0.11439617723226547 -0.066374748945236206
vn -0.97148847579956055 -0.19395020604133606 -0.13635788857936859
vn -0.97148847579956055 -0.19395020604133606 -0.13635788857936859
vn -0.97148847579956055 -0.19395020604133606 -0.13635788857936859
vn -0.036676511168479919 -0.40122359991073608 -0.91524559259414673
vn -0.036676511168479919 -0.40122359991073608 -0.91524559259414673
vn -0.036676511168479919 -0.40122359991073608 -0.91524559259414673
vn -0.63517302274703979 -0.50047212839126587 -0.58828812837600708
vn -0.63517302274703979 -0.50047212839126587 -0.58828812837600708
vn -0.63517302274703979 -0.50047212839126587 -0.58828812837600708
vn -0.040744032710790634 0.1375439316034317 -0.98965728282928467
vn -0.040744032710790634 0.1375439316034317 -0.98965728282928467
vn -0.040744032710790634 0.1375439316034317 -0.98965728282928467
vn -0.4119250476360321 0.5790284276008606 -0.70359355211257935
vn -0.4119250476360321 0.5790284276008606 -0.70359355211257935
vn -0.4119250476360321 0.5790284276008606 -0.70359355211257935
vn 0.766060471534729 0.64127761125564575 -0.043753534555435181
vn 0.766060471534729 0.64127761125564575 -0.043753534555435181
vn 0.766060471534729 0.64127761125564575 -0.043753534555435181
vn 0.94218337535858154 0.19593717157840729 0.27184382081031799
vn 0.94218337535858154 0.19593717157840729 0.27184382081031799
vn 0.94218337535858154 0.19593717157840729 0.27184382081031799
vn -0.90909284353256226 -0.024316860362887383 0.41588327288627625
vn -0.90909284353256226 -0.024316860362887383 0.41588327288627625
vn -0.90909284353256226 -0.024316860362887383 0.41588327288627625
vn -0.96725857257843018 -0.17288883030414581 0.18579632043838501
vn -0.96725857257843018 -0.17288883030414581 0.18579632043838501
vn -0.96725857257843018 -0.17288883030414581 0.18579632043838501
vn -0.46089062094688416 -0.64771205186843872 0.60667037963867188
vn -0.46089062094688416 -0.64771205186843872 0.60667037963867188
vn -0.46089062094688416 -0.64771205186843872 0.60667037963867188
vn -0.24024918675422668 -0.97070395946502686 -0.0037675409112125635
vn -0.24024918675422668 -0.97070395946502686 -0.0037675409112125635
vn -0.24024918675422668 -0.97070395946502686 -0.0037675409112125635
vn -0.840198814868927 -0.41252604126930237 0.35197752714157104
vn -0.840198814868927 -0.41252604126930237 0.35197752714157104
vn -0.840198814868927 -0.41252604126930237 0.35197752714157104
vn -0.82532519102096558 -0.15448063611984253 0.54311513900756836
vn -0.82532519102096558 -0.15448063611984253 0.54311513900756836
vn -0.82532519102096558 -0.15448063611984253 0.54311513900756836
vn -0.46276536583900452 -0.141193687915802 0.87516433000564575
vn -0.46276536583900452 -0.141193687915802 0.87516433000564575
vn -0.46276536583900452 -0.141193687915802 0.87516433000564575
vn -0.84645229578018188 -0.22080658376216888 0.48452344536781311
vn -0.84645229578018188 -0.22080658376216888 0.48452344536781311
vn -0.84645229578018188 -0.22080658376216888 0.48452344536781311
vn -0.074919067323207855 -0.047099754214286804 0.99607670307159424
vn -0.074919067323207855 -0.047099754214286804 0.99607670307159424
vn -0.074919067323207855 -0.047099754214286804 0.99607670307159424
vn 0.06273554265499115 -0.31730273365974426 0.9462469220161438
vn 0.06273554265499115 -0.31730273365974426 0.9462469220161438
vn 0.06273554265499115 -0.31730273365974426 0.9462469220161438
vn -0.25973740220069885 -0.069086156785488129 0.96320486068725586
vn -0.25973740220069885 -0.069086156785488129 0.96320486068725586
vn -0.25973740220069885 -0.069086156785488129 0.96320486068725586
vn -0.8059123158454895 -0.13889817893505096 0.57551074028015137
vn -0.8059123158454895 -0.13889817893505096 0.57551074028015137
vn -0.8059123158454895 -0.13889817893505096 0.57551074028015137
vn -0.16712351143360138 0.061578258872032166 -0.98401111364364624
vn -0.16712351143360138 0.061578258872032166 -0.98401111364364624
vn -0.16712351143360138 0.061578258872032166 -0.98401111364364624
vn -0.46980896592140198 -0.090860679745674133 -0.87807965278625488
vn -0.46980896592140198 -0.090860679745674133 -0.87807965278625488
vn -0.46980896592140198 -0.090860679745674133 -0.87807965278625488
vn -0.99816679954528809 0.05225338414311409 -0.030539335682988167
vn -0.99816679954528809 0.05225338414311409 -0.030539335682988167
vn -0.99816679954528809 0.05225338414311409 -0.030539335682988167
vn -0.64135456085205078 0.18442182242870331 -0.7447502613067627
vn -0.64135456085205078 0.18442182242870331 -0.7447502613067627
vn -0.64135456085205078 0.18442182242870331 -0.7447502613067627
vn -0.34265044331550598 -0.11209975183010101 -0.93275094032287598
vn -0.34265044331550598 -0.11209975183010101 -0.93275094032287598
vn -0.34265044331550598 -0.11209975183010101 -0.93275094032287598
vn -0.41482660174369812 0.044695515185594559 -0.9088020920753479
vn -0.41482660174369812 0.044695515185594559 -0.9088020920753479
vn -0.41482660174369812 0.044695515185594559 -0.9088020920753479
vn -0.94690465927124023 0.17028635740280151 0.27271610498428345
vn -0.94690465927124023 0.17028635740280151 0.27271610498428345
vn -0.94690465927124023 0.17028635740280151 0.27271610498428345
vn -0.71355479955673218 -0.056523408740758896 -0.69831556081771851
vn -0.71355479955673218 -0.056523408740758896 -0.69831556081771851
vn -0.71355479955673218 -0.056523408740758896 -0.69831556081771851
vn 0.2265639454126358 0.6305585503578186 -0.74233734607696533
vn 0.2265639454126358 0.6305585503578186 -0.74233734607696533
vn 0.2265639454126358 0.6305585503578186 -0.74233734607696533
vn -0.16724762320518494 0.90469890832901001 -0.39185222983360291
vn -0.16724762320518494 0.90469890832901001 -0.39185222983360291
vn -0.16724762320518494 0.90469890832901001 -0.39185222983360291
vn 0.85289502143859863 -0.38986805081367493 0.34723621606826782
vn 0.85289502143859863 -0.38986805081367493 0.34723621606826782
vn 0.85289502143859863 -0.38986805081367493 0.34723621606826782
vn 0.98313486576080322 0.13650447130203247 0.12170585989952087
vn 0.98313486576080322 0.13650447130203247 0.12170585989952087
vn 0.98313486576080322 0.13650447130203247 0.12170585989952087
vn 0.97743719816207886 0.05965781956911087 -0.2026265561580658
vn 0.97743719816207886 0.05965781956911087 -0.2026265561580658
vn 0.97743719816207886 0.05965781956911087 -0.2026265561580658
vn 0.89887654781341553 0.12330334633588791 -0.42049643397331238
vn 0.89887654781341553 0.12330334633588791 -0.42049643397331238
vn 0.89887654781341553 0.12330334633588791 -0.42049643397331238
vn 0.7547837495803833 -0.33209502696990967 -0.56569814682006836
vn 0.7547837495803833 -0.33209502696990967 -0.56569814682006836
vn 0.7547837495803833 -0.33209502696990967 -0.56569814682006836
vn 0.056337177753448486 -0.22142569720745087 -0.9735485315322876
vn 0.056337177753448486 -0.22142569720745087 -0.9735485315322876
vn 0.056337177753448486 -0.22142569720745087 -0.9735485315322876
vn 0.40204527974128723 -0.027549438178539276 0.91520524024963379
vn 0.40204527974128723 -0.027549438178539276 0.91520524024963379
vn 0.40204527974128723 -0.027549438178539276 0.91520524024963379
vn 0.89918744564056396 0.016509408131241798 0.43725207448005676
vn 0.89918744564056396 0.016509408131241798 0.43725207448005676
vn 0.89918744564056396 0.016509408131241798 0.43725207448005676
vn -0.7190173864364624 -0.061672970652580261 0.69225025177001953
vn -0.7190173864364624 -0.061672970652580261 0.69225025177001953
vn -0.7190173864364624 -0.061672970652580261 0.69225025177001953
vn -0.57390391826629639 -0.19128462672233582 0.79626911878585815
vn -0.57390391826629639 -0.19128462672233582 0.79626911878585815
vn -0.57390391826629639 -0.19128462672233582 0.79626911878585815
vn -0.26193037629127502 0.45795431733131409 0.84951180219650269
vn -0.26193037629127502 0.45795431733131409 0.84951180219650269
vn -0.26193037629127502 0.45795431733131409 0.84951180219650269
vn -0.89816993474960327 0.29525178670883179 0.32575634121894836
vn -0.89816993474960327 0.29525178670883179 0.32575634121894836
vn -0.89816993474960327 0.29525178670883179 0.32575634121894836
vn -0.73431527614593506 0.42310160398483276 -0.53081643581390381
vn -0.73431527614593506 0.42310160398483276 -0.53081643581390381
vn -0.73431527614593506 0.42310160398483276 -0.53081643581390381
vn -0.84661513566970825 -0.038543079048395157 -0.53080809116363525
vn -0.84661513566970825 -0.038543079048395157 -0.53080809116363525
vn -0.84661513566970825 -0.038543079048395157 -0.53080809116363525
vn -0.9834093451499939 -0.1726142019033432 -0.055770527571439743
vn -0.9834093451499939 -0.1726142019033432 -0.055770527571439743
vn -0.9834093451499939 -0.1726142019033432 -0.055770527571439743
vn -0.78367328643798828 -0.10602947324514389 -0.61205708980560303
vn -0.78367328643798828 -0.10602947324514389 -0.61205708980560303
vn -0.78367328643798828 -0.10602947324514389 -0.61205708980560303
vn -0.25647234916687012 0.24102026224136353 -0.93601876497268677
vn -0.25647234916687012 0.24102026224136353 -0.93601876497268677
vn -0.25647234916687012 0.24102026224136353 -0.93601876497268677
vn -0.18120643496513367 0.75213748216629028 -0.63360351324081421
vn -0.18120643496513367 0.75213748216629028 -0.63360351324081421
vn -0.18120643496513367 0.75213748216629028 -0.63360351324081421
vn 0.97627353668212891 -0.064741551876068115 0.20663623511791229
vn 0.97627353668212891 -0.064741551876068115 0.20663623511791229
vn 0.97627353668212891 -0.064741551876068115 0.20663623511791229
vn 0.98592853546142578 -0.013704403303563595 0.16660480201244354
vn 0.98592853546142578 -0.013704403303563595 0.16660480201244354
vn 0.98592853546142578 -0.013704403303563595 0.16660480201244354
vn 0.27358910441398621 0.8502662181854248 -0.4496624767780304
vn 0.27358910441398621 0.8502662181854248 -0.4496624767780304
vn 0.27358910441398621 0.8502662181854248 -0.4496624767780304
vn 0.79194492101669312 0.11054487526416779 -0.60050231218338013
vn 0.79194492101669312 0.11054487526416779 -0.60050231218338013
vn 0.79194492101669312 0.11054487526416779 -0.60050231218338013
vn 0.62726902961730957 0.062363658100366592 -0.77630168199539185
vn 0.62726902961730957 0.062363658100366592 -0.77630168199539185
vn 0.62726902961730957 0.062363658100366592 -0.77630168199539185
vn 0.77923119068145752 0.062895052134990692 -0.62357276678085327
vn 0.77923119068145752 0.062895052134990692 -0.62357276678085327
vn 0.77923119068145752 0.062895052134990692 -0.62357276678085327
vn 0.18081372976303101 -0.016263635829091072 0.98338288068771362
vn 0.18081372976303101 -0.016263635829091072 0.98338288068771362
vn 0.18081372976303101 -0.016263635829091072 0.98338288068771362
vn -0.72785621881484985 -0.45926070213317871 0.5092199444770813
vn -0.72785621881484985 -0.45926070213317871 0.5092199444770813
vn -0.72785621881484985 -0.45926070213317871 0.5092199444770813
vn 0.98501491546630859 0.058404926210641861 0.16227886080741882
vn 0.98501491546630859 0.058404926210641861 0.16227886080741882
vn 0.98501491546630859 0.058404926210641861 0.16227886080741882
vn 0.99233698844909668 0.11901701986789703 0.03320099413394928
vn 0.99233698844909668 0.11901701986789703 0.03320099413394928
vn 0.99233698844909668 0.11901701986789703 0.03320099413394928
vn 0.75828707218170166 0.34552872180938721 -0.55282062292098999
vn 0.75828707218170166 0.34552872180938721 -0.55282062292098999
vn 0.75828707218170166 0.34552872180938721 -0.55282062292098999
vn 0.99993437528610229 -0.011259159073233604 -0.0021222829818725586
vn 0.99993437528610229 -0.011259159073233604 -0.0021222829818725586
vn 0.99993437528610229 -0.011259159073233604 -0.0021222829818725586
vn 0.92422384023666382 0.11484082043170929 -0.36417278647422791
vn 0.92422384023666382 0.11484082043170929 -0.36417278647422791
vn 0.92422384023666382 0.11484082043170929 -0.36417278647422791
vn 0.83611166477203369 0.19937622547149658 0.51104438304901123
vn 0.83611166477203369 0.19937622547149658 0.51104438304901123
vn 0.83611166477203369 0.19937622547149658 0.51104438304901123
vn -0.049792855978012085 0.23131513595581055 -0.97160381078720093
vn -0.049792855978012085 0.23131513595581055 -0.97160381078720093
vn -0.049792855978012085 0.23131513595581055 -0.97160381078720093
vn 0.60067754983901978 0.11420819163322449 -0.79129195213317871
vn 0.60067754983901978 0.11420819163322449 -0.79129195213317871
vn 0.60067754983901978 0.11420819163322449 -0.79129195213317871
vn -0.90823698043823242 0.11316046863794327 0.40286505222320557
vn -0.90823698043823242 0.11316046863794327 0.40286505222320557
vn -0.90823698043823242 0.11316046863794327 0.40286505222320557
vn -0.46900647878646851 0.81598860025405884 0.33792823553085327
vn -0.46900647878646851 0.81598860025405884 0.33792823553085327
vn -0.46900647878646851 0.81598860025405884 0.33792823553085327
vn 0.8855167031288147 0.20270460844039917 -0.41805624961853027
vn 0.8855167031288147 0.20270460844039917 -0.41805624961853027
vn 0.8855167031288147 0.20270460844039917 -0.41805624961853027
vn -0.66967606544494629 0.30703270435333252 -0.67621368169784546
vn -0.66967606544494629 0.30703270435333252 -0.67621368169784546
vn -0.66967606544494629 0.30703270435333252 -0.67621368169784546
vn 0.56729835271835327 0.45062977075576782 -0.68927890062332153
vn 0.56729835271835327 0.45062977075576782 -0.68927890062332153
vn 0.56729835271835327 0.45062977075576782 -0.68927890062332153
vn 0.020696688443422318 0.95444202423095703 -0.29767784476280212
vn 0.020696688443422318 0.95444202423095703 -0.29767784476280212
vn 0.020696688443422318 0.95444202423095703 -0.29767784476280212
vn 0.13699589669704437 0.068598262965679169 -0.98819351196289062
vn 0.13699589669704437 0.068598262965679169 -0.98819351196289062
vn 0.13699589669704437 0.068598262965679169 -0.98819351196289062
vn 0.35700932145118713 0.12071293592453003 -0.92626816034317017
vn 0.35700932145118713 0.12071293592453003 -0.92626816034317017
vn 0.35700932145118713 0.12071293592453003 -0.92626816034317017
vn 0.4055231511592865 -0.9114108681678772 -0.069865591824054718
vn 0.4055231511592865 -0.9114108681678772 -0.069865591824054718
vn 0.4055231511592865 -0.9114108681678772 -0.069865591824054718
vn 0.78687465190887451 -0.58088564872741699 -0.20832706987857819
vn 0.78687465190887451 -0.58088564872741699 -0.20832706987857819
vn 0.78687465190887451 -0.58088564872741699 -0.20832706987857819
vn 0.68712455034255981 0.094123482704162598 0.72041696310043335
vn 0.68712455034255981 0.094123482704162598 0.72041696310043335
vn 0.68712455034255981 0.094123482704162598 0.72041696310043335
vn 0.43338993191719055 0.71093392372131348 0.55384665727615356
vn 0.43338993191719055 0.71093392372131348 0.55384665727615356
vn 0.43338993191719055 0.71093392372131348 0.55384665727615356
vn -0.93341505527496338 0.020266275852918625 0.35822567343711853
vn -0.93341505527496338 0.020266275852918625 0.35822567343711853
vn -0.93341505527496338 0.020266275852918625 0.35822567343711853
vn -0.79699516296386719 0.013227136805653572 0.60384082794189453
vn -0.79699516296386719 0.013227136805653572 0.60384082794189453
vn -0.79699516296386719 0.013227136805653572 0.60384082794189453
vn -0.8530002236366272 -0.2521795928478241 0.45694214105606079
vn -0.8530002236366272 -0.2521795928478241 0.45694214105606079
vn -0.8530002236366272 -0.2521795928478241 0.45694214105606079
vn -0.97715979814529419 -0.13435716927051544 0.16464157402515411
vn -0.97715979814529419 -0.13435716927051544 0.16464157402515411
vn -0.97715979814529419 -0.13435716927051544 0.16464157402515411
vn -0.47770681977272034 -0.10960207879543304 -0.87165564298629761
vn -0.47770681977272034 -0.10960207879543304 -0.87165564298629761
vn -0.47770681977272034 -0.10960207879543304 -0.87165564298629761
vn -0.79550707340240479 -0.22409717738628387 -0.56298220157623291
vn -0.79550707340240479 -0.22409717738628387 -0.56298220157623291
vn -0.79550707340240479 -0.22409717738628387 -0.56298220157623291
vn 0.63432610034942627 0.36955606937408447 -0.67901301383972168
vn 0.63432610034942627 0.36955606937408447 -0.67901301383972168
vn 0.63432610034942627 0.36955606937408447 -0.67901301383972168
vn 0.95987331867218018 0.14259549975395203 -0.24147404730319977
vn 0.95987331867218018 0.14259549975395203 -0.24147404730319977
vn 0.95987331867218018 0.14259549975395203 -0.24147404730319977
vn -0.86921590566635132 -0.33520445227622986 -0.36345794796943665
vn -0.86921590566635132 -0.33520445227622986 -0.36345794796943665
vn -0.86921590566635132 -0.33520445227622986 -0.36345794796943665
vn -0.81643939018249512 -0.15137489140033722 0.55723637342453003
vn -0.81643939018249512 -0.15137489140033722 0.55723637342453003
vn -0.81643939018249512 -0.15137489140033722 0.55723637342453003
vn 0.23829974234104156 -0.35240235924720764 -0.90500044822692871
vn 0.23829974234104156 -0.35240235924720764 -0.90500044822692871
vn 0.23829974234104156 -0.35240235924720764 -0.90500044822692871
vn 0.24999256432056427 -0.062434229999780655 -0.96623271703720093
vn 0.24999256432056427 -0.062434229999780655 -0.96623271703720093
vn 0.24999256432056427 -0.062434229999780655 -0.96623271703720093
vn 0.7730066180229187 0.50129240751266479 -0.38880157470703125
vn 0.7730066180229187 0.50129240751266479 -0.38880157470703125
vn 0.7730066180229187 0.50129240751266479 -0.38880157470703125
vn 0.41923034191131592 0.87725162506103516 -0.23382802307605743
vn 0.41923034191131592 0.87725162506103516 -0.23382802307605743
vn 0.41923034191131592 0.87725162506103516 -0.23382802307605743
vn 0.71626728773117065 -0.6971021294593811 -0.031778030097484589
vn 0.71626728773117065 -0.6971021294593811 -0.031778030097484589
vn 0.71626728773117065 -0.6971021294593811 -0.031778030097484589
vn 0.77128779888153076 -0.21447841823101044 -0.59926128387451172
vn 0.77128779888153076 -0.21447841823101044 -0.59926128387451172
vn 0.77128779888153076 -0.21447841823101044 -0.59926128387451172
vn 0.69197738170623779 -0.14673571288585663 0.70684927701950073
vn 0.69197738170623779 -0.14673571288585663 0.70684927701950073
vn 0.69197738170623779 -0.14673571288585663 0.70684927701950073
vn 0.36900916695594788 -0.010649778880178928 0.92936474084854126
vn 0.36900916695594788 -0.010649778880178928 0.92936474084854126
vn 0.36900916695594788 -0.010649778880178928 0.92936474084854126
vn -0.94922631978988647 -0.07996126264333725 0.30426231026649475
vn -0.94922631978988647 -0.07996126264333725 0.30426231026649475
vn -0.94922631978988647 -0.07996126264333725 0.30426231026649475
vn -0.94997280836105347 -0.21725928783416748 0.22438825666904449
vn -0.94997280836105347 -0.21725928783416748 0.22438825666904449
vn -0.94997280836105347 -0.21725928783416748 0.22438825666904449
vn -0.23284463584423065 0.088123112916946411 -0.9685131311416626
vn -0.23284463584423065 0.088123112916946411 -0.9685131311416626
vn -0.23284463584423065 0.088123112916946411 -0.9685131311416626
vn -0.064194433391094208 -0.50804919004440308 -0.85893255472183228
vn -0.064194433391094208 -0.50804919004440308 -0.85893255472183228
vn -0.064194433391094208 -0.50804919004440308 -0.85893255472183228
vn 0.92838180065155029 0.17169679701328278 -0.32958680391311646
vn 0.92838180065155029 0.17169679701328278 -0.32958680391311646
vn 0.92838180065155029 0.17169679701328278 -0.32958680391311646
vn 0.87203270196914673 0.10629279166460037 -0.4777664840221405
vn 0.87203270196914673 0.10629279166460037 -0.4777664840221405
vn 0.87203270196914673 0.10629279166460037 -0.4777664840221405
vn -0.89589458703994751 0.14213122427463531 -0.42091763019561768
vn -0.89589458703994751 0.14213122427463531 -0.42091763019561768
vn -0.89589458703994751 0.14213122427463531 -0.42091763019561768
vn -0.3881930410861969 -0.12338563799858093 -0.91328096389770508
vn -0.3881930410861969 -0.12338563799858093 -0.91328096389770508
vn -0.3881930410861969 -0.12338563799858093 -0.91328096389770508
vn -0.32446196675300598 -0.11770929396152496 -0.93854618072509766
vn -0.32446196675300598 -0.11770929396152496 -0.93854618072509766
vn -0.32446196675300598 -0.11770929396152496 -0.93854618072509766
vn -0.8067169189453125 -0.096692733466625214 -0.5829736590385437
vn -0.8067169189453125 -0.096692733466625214 -0.5829736590385437
vn -0.8067169189453125 -0.096692733466625214 -0.5829736590385437
vn 0.41065683960914612 -0.075084157288074493 -0.90869319438934326
vn 0.41065683960914612 -0.075084157288074493 -0.90869319438934326
vn 0.41065683960914612 -0.075084157288074493 -0.90869319438934326
vn 0.27489015460014343 0.0058549791574478149 -0.96145778894424438
vn 0.27489015460014343 0.0058549791574478149 -0.96145778894424438
vn 0.27489015460014343 0.0058549791574478149 -0.96145778894424438
vn -0.80752009153366089 -0.37300360202789307 -0.45692405104637146
vn -0.80752009153366089 -0.37300360202789307 -0.45692405104637146
vn -0.80752009153366089 -0.37300360202789307 -0.45692405104637146
vn -0.4496644139289856 -0.051106344908475876 -0.89173430204391479
vn -0.4496644139289856 -0.051106344908475876 -0.89173430204391479
vn -0.4496644139289856 -0.051106344908475876 -0.89173430204391479
vn -0.32942876219749451 -0.29297864437103271 -0.89757460355758667
vn -0.32942876219749451 -0.29297864437103271 -0.89757460355758667
vn -0.32942876219749451 -0.29297864437103271 -0.89757460355758667
vn 0.45521426200866699 0.40926098823547363 -0.79074990749359131
vn 0.45521426200866699 0.40926098823547363 -0.79074990749359131
vn 0.45521426200866699 0.40926098823547363 -0.79074990749359131
vn -0.27812597155570984 0.29093518853187561 0.91542482376098633
vn -0.27812597155570984 0.29093518853187561 0.91542482376098633
vn -0.27812597155570984 0.29093518853187561 0.91542482376098633
vn -0.1498970240354538 0.012352938763797283 0.9886244535446167
vn -0.1498970240354538 0.012352938763797283 0.9886244535446167
vn -0.1498970240354538 0.012352938763797283 0.9886244535446167
vn -0.055853273719549179 -0.97352069616317749 0.22167061269283295
vn -0.055853273719549179 -0.97352069616317749 0.22167061269283295
vn -0.055853273719549179 -0.97352069616317749 0.22167061269283295
vn -0.83344876766204834 -0.52731168270111084 0.16524384915828705
vn -0.83344876766204834 -0.52731168270111084 0.16524384915828705
vn -0.83344876766204834 -0.52731168270111084 0.16524384915828705
vn -0.045201834291219711 0.039286859333515167 0.99820506572723389
vn -0.045201834291219711 0.039286859333515167 0.99820506572723389
vn -0.045201834291219711 0.039286859333515167 0.99820506572723389
vn -0.028901603072881699 0.036346267908811569 0.99892121553421021
vn -0.028901603072881699 0.036346267908811569 0.99892121553421021
vn -0.028901603072881699 0.036346267908811569 0.99892121553421021
vn 0.92413496971130371 -0.14980874955654144 0.35147109627723694
vn 0.92413496971130371 -0.14980874955654144 0.35147109627723694
vn 0.92413496971130371 -0.14980874955654144 0.35147109627723694
vn 0.97054249048233032 0.15914759039878845 0.18088479340076447
vn 0.97054249048233032 0.15914759039878845 0.18088479340076447
vn 0.97054249048233032 0.15914759039878845 0.18088479340076447
vn -0.35632044076919556 -0.69180011749267578 0.62805122137069702
vn -0.35632044076919556 -0.69180011749267578 0.62805122137069702
vn -0.35632044076919556 -0.69180011749267578 0.62805122137069702
vn -0.29781582951545715 -0.87766468524932861 0.37551358342170715
vn -0.29781582951545715 -0.87766468524932861 0.37551358342170715
vn -0.29781582951545715 -0.87766468524932861 0.37551358342170715
vn 0.79377788305282593 0.17898637056350708 -0.58127498626708984
vn 0.79377788305282593 0.17898637056350708 -0.58127498626708984
vn 0.79377788305282593 0.17898637056350708 -0.58127498626708984
vn 0.9665178656578064 0.11960780620574951 -0.22701811790466309
vn 0.9665178656578064 0.11960780620574951 -0.22701811790466309
vn 0.9665178656578064 0.11960780620574951 -0.22701811790466309
vn -0.64453780651092529 -0.74195075035095215 -0.18460793793201447
vn -0.64453780651092529 -0.74195075035095215 -0.18460793793201447
vn -0.64453780651092529 -0.74195075035095215 -0.18460793793201447
vn 0.035837072879076004 -0.99226957559585571 -0.11881429702043533
vn 0.035837072879076004 -0.99226957559585571 -0.11881429702043533
vn 0.035837072879076004 -0.99226957559585571 -0.11881429702043533
vn -0.49684205651283264 0.67002564668655396 -0.55155563354492188
vn -0.49684205651283264 0.67002564668655396 -0.55155563354492188
vn -0.49684205651283264 0.67002564668655396 -0.55155563354492188
vn -0.77221828699111938 0.63534551858901978 -0.0038679298013448715
vn -0.77221828699111938 0.63534551858901978 -0.0038679298013448715
vn -0.77221828699111938 0.63534551858901978 -0.0038679298013448715
vn -0.60530263185501099 -0.79502278566360474 -0.039338335394859314
vn -0.60530263185501099 -0.79502278566360474 -0.039338335394859314
vn -0.60530263185501099 -0.79502278566360474 -0.039338335394859314
vn -0.62904483079910278 -0.74289679527282715 0.22892563045024872
vn -0.62904483079910278 -0.74289679527282715 0.22892563045024872
vn -0.62904483079910278 -0.74289679527282715 0.22892563045024872
vn 0.55600118637084961 0.039611950516700745 0.83023709058761597
vn 0.55600118637084961 0.039611950516700745 0.83023709058761597
vn 0.55600118637084961 0.039611950516700745 0.83023709058761597
vn 0.66085338592529297 0.017945315688848495 0.75030040740966797
vn 0.66085338592529297 0.017945315688848495 0.75030040740966797
vn 0.66085338592529297 0.017945315688848495 0.75030040740966797
vn 0.31011128425598145 -0.033155452460050583 0.95012193918228149
vn 0.31011128425598145 -0.033155452460050583 0.95012193918228149
vn 0.31011128425598145 -0.033155452460050583 0.95012193918228149
vn 0.31277915835380554 0.063159957528114319 0.94772356748580933
vn 0.31277915835380554 0.063159957528114319 0.94772356748580933
vn 0.31277915835380554 0.063159957528114319 0.94772356748580933
vn 0.49439677596092224 0.85211277008056641 0.17168480157852173
vn 0.49439677596092224 0.85211277008056641 0.17168480157852173
vn 0.49439677596092224 0.85211277008056641 0.17168480157852173
vn -0.38787412643432617 0.85165590047836304 0.35247114300727844
vn -0.38787412643432617 0.85165590047836304 0.35247114300727844
vn -0.38787412643432617 0.85165590047836304 0.35247114300727844
vn 0.74951612949371338 -0.26689481735229492 0.60579925775527954
vn 0.74951612949371338 -0.26689481735229492 0.60579925775527954
vn 0.74951612949371338 -0.26689481735229492 0.60579925775527954
vn 0.64025372266769409 0.096511006355285645 0.76207661628723145
vn 0.64025372266769409 0.096511006355285645 0.76207661628723145
vn 0.64025372266769409 0.096511006355285645 0.76207661628723145
vn -0.33307281136512756 -0.37674093246459961 -0.86436611413955688
vn -0.33307281136512756 -0.37674093246459961 -0.86436611413955688
vn -0.33307281136512756 -0.37674093246459961 -0.86436611413955688
vn -0.55061608552932739 0.83023113012313843 0.086823061108589172
vn -0.55061608552932739 0.83023113012313843 0.086823061108589172
vn -0.55061608552932739 0.83023113012313843 0.086823061108589172
vn 0.85100436210632324 0.03963412344455719 0.52366089820861816
vn 0.85100436210632324 0.03963412344455719 0.52366089820861816
vn 0.85100436210632324 0.03963412344455719 0.52366089820861816
vn 0.85081088542938232 0.046928688883781433 0.52337223291397095
vn 0.85081088542938232 0.046928688883781433 0.52337223291397095
vn 0.85081088542938232 0.046928688883781433 0.52337223291397095
vn 0.28790029883384705 -0.9257967472076416 0.24497710168361664
vn 0.28790029883384705 -0.9257967472076416 0.24497710168361664
vn 0.28790029883384705 -0.9257967472076416 0.24497710168361664
vn 0.90310263633728027 -0.0046409727074205875 0.42939972877502441
vn 0.90310263633728027 -0.0046409727074205875 0.42939972877502441
vn 0.90310263633728027 -0.0046409727074205875 0.42939972877502441
vn -0.98767387866973877 -0.016177944839000702 -0.15568748116493225
vn -0.98767387866973877 -0.016177944839000702 -0.15568748116493225
vn -0.98767387866973877 -0.016177944839000702 -0.15568748116493225
vn -0.93983519077301025 0.01571599580347538 -0.34126654267311096
vn -0.93983519077301025 0.01571599580347538 -0.34126654267311096
vn -0.93983519077301025 0.01571599580347538 -0.34126654267311096
vn 0.22733667492866516 0.029787972569465637 0.97336053848266602
vn 0.22733667492866516 0.029787972569465637 0.97336053848266602
vn 0.22733667492866516 0.029787972569465637 0.97336053848266602
vn 0.75505632162094116 0.048569057136774063 0.65385854244232178
vn 0.75505632162094116 0.048569057136774063 0.65385854244232178
vn 0.75505632162094116 0.048569057136774063 0.65385854244232178
vn -0.12938490509986877 0.04186934232711792 0.99071007966995239
vn -0.12938490509986877 0.04186934232711792 0.99071007966995239
vn -0.12938490509986877 0.04186934232711792 0.99071007966995239
vn -0.3082747757434845 -0.048767384141683578 0.95004653930664062
vn -0.3082747757434845 -0.048767384141683578 0.95004653930664062
vn -0.3082747757434845 -0.048767384141683578 0.95004653930664062
vn 0.73913782835006714 -0.14082911610603333 0.65866714715957642
vn 0.73913782835006714 -0.14082911610603333 0.65866714715957642
vn 0.73913782835006714 -0.14082911610603333 0.65866714715957642
vn 0.58677101135253906 -0.25486689805984497 0.76859784126281738
vn 0.58677101135253906 -0.25486689805984497 0.76859784126281738
vn 0.58677101135253906 -0.25486689805984497 0.76859784126281738
vn -0.99781465530395508 0.066015444695949554 0.0028002371545881033
vn -0.99781465530395508 0.066015444695949554 0.0028002371545881033
vn -0.99781465530395508 0.066015444695949554 0.0028002371545881033
vn -0.39958301186561584 0.004189574159681797 -0.91668742895126343
vn -0.39958301186561584 0.004189574159681797 -0.91668742895126343
vn -0.39958301186561584 0.004189574159681797 -0.91668742895126343
vn -0.42268821597099304 -0.16561280190944672 -0.89101463556289673
vn -0.42268821597099304 -0.16561280190944672 -0.89101463556289673
vn -0.42268821597099304 -0.16561280190944672 -0.89101463556289673
vn -0.65040898323059082 -0.072397813200950623 -0.75612610578536987
vn -0.65040898323059082 -0.072397813200950623 -0.75612610578536987
vn -0.65040898323059082 -0.072397813200950623 -0.75612610578536987
vn -0.10778145492076874 -0.16741874814033508 -0.9799765944480896
vn -0.10778145492076874 -0.16741874814033508 -0.9799765944480896
vn -0.10778145492076874 -0.16741874814033508 -0.9799765944480896
vn 0.008069637231528759 -0.99794834852218628 -0.063513346016407013
vn 0.008069637231528759 -0.99794834852218628 -0.063513346016407013
vn 0.008069637231528759 -0.99794834852218628 -0.063513346016407013
vn 0.41782984137535095 -0.031295768916606903 0.9079861044883728
vn 0.41782984137535095 -0.031295768916606903 0.9079861044883728
vn 0.41782984137535095 -0.031295768916606903 0.9079861044883728
vn -0.43121260404586792 -0.081757001578807831 0.89853852987289429
vn -0.43121260404586792 -0.081757001578807831 0.89853852987289429
vn -0.43121260404586792 -0.081757001578807831 0.89853852987289429
vn -0.60560303926467896 -0.53655368089675903 -0.58766919374465942
vn -0.60560303926467896 -0.53655368089675903 -0.58766919374465942
vn -0.60560303926467896 -0.53655368089675903 -0.58766919374465942
vn -0.15312547981739044 -0.98424267768859863 -0.088424623012542725
vn -0.15312547981739044 -0.98424267768859863 -0.088424623012542725
vn -0.15312547981739044 -0.98424267768859863 -0.088424623012542725
vn -0.091903798282146454 -0.18637606501579285 0.97817057371139526
vn -0.091903798282146454 -0.18637606501579285 0.97817057371139526
vn -0.091903798282146454 -0.18637606501579285 0.97817057371139526
vn 0.74536734819412231 -0.065934218466281891 0.66338539123535156
vn 0.74536734819412231 -0.065934218466281891 0.66338539123535156
vn 0.74536734819412231 -0.065934218466281891 0.66338539123535156
vn 0.016114262863993645 -0.1541159451007843 0.98792135715484619
vn 0.016114262863993645 -0.1541159451007843 0.98792135715484619
vn 0.016114262863993645 -0.1541159451007843 0.98792135715484619
vn 0.36427810788154602 -0.16088931262493134 0.91728734970092773
vn 0.36427810788154602 -0.16088931262493134 0.91728734970092773
vn 0.36427810788154602 -0.16088931262493134 0.91728734970092773
vn 0.037543971091508865 0.8926541805267334 -0.44917589426040649
vn 0.037543971091508865 0.8926541805267334 -0.44917589426040649
vn 0.037543971091508865 0.8926541805267334 -0.44917589426040649
vn -0.10283536463975906 -0.17164395749568939 -0.97977715730667114
vn -0.10283536463975906 -0.17164395749568939 -0.97977715730667114
vn -0.10283536463975906 -0.17164395749568939 -0.97977715730667114
vn -0.31588661670684814 0.27465423941612244 -0.90817439556121826
vn -0.31588661670684814 0.27465423941612244 -0.90817439556121826
vn -0.31588661670684814 0.27465423941612244 -0.90817439556121826
vn -0.55056530237197876 0.17778511345386505 -0.81564104557037354
vn -0.55056530237197876 0.17778511345386505 -0.81564104557037354
vn -0.55056530237197876 0.17778511345386505 -0.81564104557037354
vn -0.97602182626724243 -0.20009481906890869 -0.085694000124931335
vn -0.97602182626724243 -0.20009481906890869 -0.085694000124931335
vn -0.97602182626724243 -0.20009481906890869 -0.085694000124931335
vn -0.88485801219940186 -0.15693536400794983 0.43863147497177124
vn -0.88485801219940186 -0.15693536400794983 0.43863147497177124
vn -0.88485801219940186 -0.15693536400794983 0.43863147497177124
vn 0.40859717130661011 0.57145291566848755 0.711681067943573
vn 0.40859717130661011 0.57145291566848755 0.711681067943573
vn 0.40859717130661011 0.57145291566848755 0.711681067943573
vn 0.70955997705459595 0.17782139778137207 0.68183881044387817
vn 0.70955997705459595 0.17782139778137207 0.68183881044387817
vn 0.70955997705459595 0.17782139778137207 0.68183881044387817
vn 0.91835099458694458 -0.071034930646419525 0.38933983445167542
vn 0.91835099458694458 -0.071034930646419525 0.38933983445167542
vn 0.91835099458694458 -0.071034930646419525 0.38933983445167542
vn 0.99286866188049316 -0.11876270174980164 0.01035416591912508
vn 0.99286866188049316 -0.11876270174980164 0.01035416591912508
vn 0.99286866188049316 -0.11876270174980164 0.01035416591912508
vn -0.80480515956878662 0.28743183612823486 0.51929914951324463
vn -0.80480515956878662 0.28743183612823486 0.51929914951324463
vn -0.80480515956878662 0.28743183612823486 0.51929914951324463
vn -0.5814208984375 0.10477340221405029 0.80682855844497681
vn -0.5814208984375 0.10477340221405029 0.80682855844497681
vn -0.5814208984375 0.10477340221405029 0.80682855844497681
vn 0.95178204774856567 0.20903252065181732 -0.22453586757183075
vn 0.95178204774856567 0.20903252065181732 -0.22453586757183075
vn 0.95178204774856567 0.20903252065181732 -0.22453586757183075
vn 0.90752488374710083 0.12672911584377289 -0.40042263269424438
vn 0.90752488374710083 0.12672911584377289 -0.40042263269424438
vn 0.90752488374710083 0.12672911584377289 -0.40042263269424438
vn 0.67789632081985474 0.030730608850717545 -0.73451495170593262
vn 0.67789632081985474 0.030730608850717545 -0.73451495170593262
vn 0.67789632081985474 0.030730608850717545 -0.73451495170593262
vn 0.66493946313858032 0.11650574952363968 -0.73775464296340942
vn 0.66493946313858032 0.11650574952363968 -0.73775464296340942
vn 0.66493946313858032 0.11650574952363968 -0.73775464296340942
vn 0.96462571620941162 0.089315526187419891 -0.24803224205970764
vn 0.96462571620941162 0.089315526187419891 -0.24803224205970764
vn 0.96462571620941162 0.089315526187419891 -0.24803224205970764
vn 0.96387159824371338 0.060670826584100723 0.2593657374382019
vn 0.96387159824371338 0.060670826584100723 0.2593657374382019
vn 0.96387159824371338 0.060670826584100723 0.2593657374382019
vn -0.96547150611877441 -0.13563494384288788 0.22241388261318207
vn -0.96547150611877441 -0.13563494384288788 0.22241388261318207
vn -0.96547150611877441 -0.13563494384288788 0.22241388261318207
vn -0.66941207647323608 -0.62064510583877563 -0.40827330946922302
vn -0.66941207647323608 -0.62064510583877563 -0.40827330946922302
vn -0.66941207647323608 -0.62064510583877563 -0.40827330946922302
vn 0.46312576532363892 0.16573962569236755 -0.87065774202346802
vn 0.46312576532363892 0.16573962569236755 -0.87065774202346802
vn 0.46312576532363892 0.16573962569236755 -0.87065774202346802
vn 0.62240558862686157 0.034444000571966171 -0.7819366455078125
vn 0.62240558862686157 0.034444000571966171 -0.7819366455078125
vn 0.62240558862686157 0.034444000571966171 -0.7819366455078125
vn 0.090216152369976044 -0.24373665452003479 -0.96563631296157837
vn 0.090216152369976044 -0.24373665452003479 -0.96563631296157837
vn 0.090216152369976044 -0.24373665452003479 -0.96563631296157837
vn 0.033508628606796265 0.11529429256916046 -0.99276602268218994
vn 0.033508628606796265 0.11529429256916046 -0.99276602268218994
vn 0.033508628606796265 0.11529429256916046 -0.99276602268218994
vn -0.82910555601119995 0.22693438827991486 -0.51096457242965698
vn -0.82910555601119995 0.22693438827991486 -0.51096457242965698
vn -0.82910555601119995 0.22693438827991486 -0.51096457242965698
vn -0.92996895313262939 0.36441737413406372 0.048556569963693619
vn -0.92996895313262939 0.36441737413406372 0.048556569963693619
vn -0.92996895313262939 0.36441737413406372 0.048556569963693619
vn -0.82387512922286987 -0.10749364644289017 0.5564844012260437
vn -0.82387512922286987 -0.10749364644289017 0.5564844012260437
vn -0.82387512922286987 -0.10749364644289017 0.5564844012260437
vn -0.38910010457038879 -0.10193491727113724 0.91553831100463867
vn -0.38910010457038879 -0.10193491727113724 0.91553831100463867
vn -0.38910010457038879 -0.10193491727113724 0.91553831100463867
vn -0.69444954395294189 0.065624266862869263 0.71654254198074341
vn -0.69444954395294189 0.065624266862869263 0.71654254198074341
vn -0.69444954395294189 0.065624266862869263 0.71654254198074341
vn -0.236355260014534 0.04243064671754837 0.97073984146118164
vn -0.236355260014534 0.04243064671754837 0.97073984146118164
vn -0.236355260014534 0.04243064671754837 0.97073984146118164
vn -0.0020430951844900846 0.43442937731742859 -0.90070360898971558
vn -0.0020430951844900846 0.43442937731742859 -0.90070360898971558
vn -0.0020430951844900846 0.43442937731742859 -0.90070360898971558
vn -0.26136213541030884 -0.14643079042434692 -0.95406907796859741
vn -0.26136213541030884 -0.14643079042434692 -0.95406907796859741
vn -0.26136213541030884 -0.14643079042434692 -0.95406907796859741
vn -0.098818317055702209 -0.041344936937093735 -0.99424624443054199
vn -0.098818317055702209 -0.041344936937093735 -0.99424624443054199
vn -0.098818317055702209 -0.041344936937093735 -0.99424624443054199
vn 0.73686128854751587 0.0082373423501849174 -0.67599380016326904
vn 0.73686128854751587 0.0082373423501849174 -0.67599380016326904
vn 0.73686128854751587 0.0082373423501849174 -0.67599380016326904
vn -0.8534853458404541 -0.38882946968078613 -0.34695011377334595
vn -0.8534853458404541 -0.38882946968078613 -0.34695011377334595
vn -0.8534853458404541 -0.38882946968078613 -0.34695011377334595
vn -0.39062774181365967 -0.92046147584915161 0.01267470046877861
vn -0.39062774181365967 -0.92046147584915161 0.01267470046877861
vn -0.39062774181365967 -0.92046147584915161 0.01267470046877861
vn -0.93258869647979736 0.1496187299489975 -0.32847005128860474
vn -0.93258869647979736 0.1496187299489975 -0.32847005128860474
vn -0.93258869647979736 0.1496187299489975 -0.32847005128860474
vn -0.36547064781188965 0.79364484548568726 -0.48637339472770691
vn -0.36547064781188965 0.79364484548568726 -0.48637339472770691
vn -0.36547064781188965 0.79364484548568726 -0.48637339472770691
vn -0.9498673677444458 -0.13374187052249908 0.2826041579246521
vn -0.9498673677444458 -0.13374187052249908 0.2826041579246521
vn -0.9498673677444458 -0.13374187052249908 0.2826041579246521
vn -0.85207176208496094 -0.44742047786712646 0.2716405987739563
vn -0.85207176208496094 -0.44742047786712646 0.2716405987739563
vn -0.85207176208496094 -0.44742047786712646 0.2716405987739563
vn 0.5836673378944397 0.16887471079826355 -0.79423785209655762
vn 0.5836673378944397 0.16887471079826355 -0.79423785209655762
vn 0.5836673378944397 0.16887471079826355 -0.79423785209655762
vn 0.58207947015762329 -0.27938902378082275 -0.76362639665603638
vn 0.58207947015762329 -0.27938902378082275 -0.76362639665603638
vn 0.58207947015762329 -0.27938902378082275 -0.76362639665603638
vn -0.00038714736001566052 -0.23115324974060059 0.97291725873947144
vn -0.00038714736001566052 -0.23115324974060059 0.97291725873947144
vn -0.00038714736001566052 -0.23115324974060059 0.97291725873947144
vn -0.26430299878120422 -0.18682879209518433 0.94617068767547607
vn -0.26430299878120422 -0.18682879209518433 0.94617068767547607
vn -0.26430299878120422 -0.18682879209518433 0.94617068767547607
vn 0.22715720534324646 -0.86562001705169678 -0.44620802998542786
vn 0.22715720534324646 -0.86562001705169678 -0.44620802998542786
vn 0.22715720534324646 -0.86562001705169678 -0.44620802998542786
vn 0.49838420748710632 -0.34673362970352173 -0.79459989070892334
vn 0.49838420748710632 -0.34673362970352173 -0.79459989070892334
vn 0.49838420748710632 -0.34673362970352173 -0.79459989070892334
vn -0.62302154302597046 -0.21140530705451965 0.75309491157531738
vn -0.62302154302597046 -0.21140530705451965 0.75309491157531738
vn -0.62302154302597046 -0.21140530705451965 0.75309491157531738
vn -0.75569331645965576 0.22632092237472534 0.6145782470703125
vn -0.75569331645965576 0.22632092237472534 0.6145782470703125
vn -0.75569331645965576 0.22632092237472534 0.6145782470703125
vn -0.48659589886665344 -0.787986159324646 0.37722969055175781
vn -0.48659589886665344 -0.787986159324646 0.37722969055175781
vn -0.48659589886665344 -0.787986159324646 0.37722969055175781
vn -0.70073330402374268 0.71035170555114746 0.066130705177783966
vn -0.70073330402374268 0.71035170555114746 0.066130705177783966
vn -0.70073330402374268 0.71035170555114746 0.066130705177783966
vn 0.76317602396011353 0.2046394944190979 -0.61293148994445801
vn 0.76317602396011353 0.2046394944190979 -0.61293148994445801
vn 0.76317602396011353 0.2046394944190979 -0.61293148994445801
vn 0.34209606051445007 0.20136751234531403 -0.91783517599105835
vn 0.34209606051445007 0.20136751234531403 -0.91783517599105835
vn 0.34209606051445007 0.20136751234531403 -0.91783517599105835
vn -0.48658770322799683 -0.042077988386154175 -0.87261784076690674
vn -0.48658770322799683 -0.042077988386154175 -0.87261784076690674
vn -0.48658770322799683 -0.042077988386154175 -0.87261784076690674
vn -0.45942777395248413 -0.36547121405601501 -0.80954116582870483
vn -0.45942777395248413 -0.36547121405601501 -0.80954116582870483
vn -0.45942777395248413 -0.36547121405601501 -0.80954116582870483
vn -0.83536499738693237 -0.15515567362308502 0.52734434604644775
vn -0.83536499738693237 -0.15515567362308502 0.52734434604644775
vn -0.83536499738693237 -0.15515567362308502 0.52734434604644775
vn -0.88460856676101685 0.35121089220046997 0.30678749084472656
vn -0.88460856676101685 0.35121089220046997 0.30678749084472656
vn -0.88460856676101685 0.35121089220046997 0.30678749084472656
vn 0.97605806589126587 0.068967819213867188 0.20628631114959717
vn 0.97605806589126587 0.068967819213867188 0.20628631114959717
vn 0.97605806589126587 0.068967819213867188 0.20628631114959717
vn 0.94037443399429321 0.082183890044689178 -0.33006316423416138
vn 0.94037443399429321 0.082183890044689178 -0.33006316423416138
vn 0.94037443399429321 0.082183890044689178 -0.33006316423416138
vn -0.091208755970001221 0.39358201622962952 0.91475361585617065
vn -0.091208755970001221 0.39358201622962952 0.91475361585617065
vn -0.091208755970001221 0.39358201622962952 0.91475361585617065
vn -0.15735191106796265 0.062753550708293915 0.98554670810699463
vn -0.15735191106796265 0.062753550708293915 0.98554670810699463
vn -0.15735191106796265 0.062753550708293915 0.98554670810699463
vn 0.36584073305130005 0.32332846522331238 -0.8727080225944519
vn 0.36584073305130005 0.32332846522331238 -0.8727080225944519
vn 0.36584073305130005 0.32332846522331238 -0.8727080225944519
vn 0.51099836826324463 0.070310652256011963 -0.85670125484466553
vn 0.51099836826324463 0.070310652256011963 -0.85670125484466553
vn 0.51099836826324463 0.070310652256011963 -0.85670125484466553
vn -0.0098343538120388985 0.39837172627449036 0.91717129945755005
vn -0.0098343538120388985 0.39837172627449036 0.91717129945755005
vn -0.0098343538120388985 0.39837172627449036 0.91717129945755005
vn 0.16133904457092285 0.47482839226722717 0.86516338586807251
vn 0.16133904457092285 0.47482839226722717 0.86516338586807251
vn 0.16133904457092285 0.47482839226722717 0.86516338586807251
vn 0.73101323843002319 0.37537300586700439 0.56983745098114014
vn 0.73101323843002319 0.37537300586700439 0.56983745098114014
vn 0.73101323843002319 0.37537300586700439 0.56983745098114014
vn 0.88282376527786255 0.46810257434844971 0.038757476955652237
vn 0.88282376527786255 0.46810257434844971 0.038757476955652237
vn 0.88282376527786255 0.46810257434844971 0.038757476955652237
vn 0.93414169549942017 0.35541355609893799 -0.032565698027610779
vn 0.93414169549942017 0.35541355609893799 -0.032565698027610779
vn 0.93414169549942017 0.35541355609893799 -0.032565698027610779
vn 0.98614448308944702 0.11162253469228745 -0.12271689623594284
vn 0.98614448308944702 0.11162253469228745 -0.12271689623594284
vn 0.98614448308944702 0.11162253469228745 -0.12271689623594284
vn -0.84959292411804199 0.083624780178070068 0.52076750993728638
vn -0.84959292411804199 0.083624780178070068 0.52076750993728638
vn -0.84959292411804199 0.083624780178070068 0.52076750993728638
vn -0.97006028890609741 0.13276100158691406 -0.20336568355560303
vn -0.97006028890609741 0.13276100158691406 -0.20336568355560303
vn -0.97006028890609741 0.13276100158691406 -0.20336568355560303
vn -0.97205513715744019 0.22557292878627777 0.06500554084777832
vn -0.97205513715744019 0.22557292878627777 0.06500554084777832
vn -0.97205513715744019 0.22557292878627777 0.06500554084777832
vn -0.79581683874130249 0.27794921398162842 0.53797751665115356
vn -0.79581683874130249 0.27794921398162842 0.53797751665115356
vn -0.79581683874130249 0.27794921398162842 0.53797751665115356
vn -0.45571097731590271 -0.10151344537734985 -0.88432037830352783
vn -0.45571097731590271 -0.10151344537734985 -0.88432037830352783
vn -0.45571097731590271 -0.10151344537734985 -0.88432037830352783
vn -0.20563614368438721 -0.94866043329238892 -0.24032709002494812
vn -0.20563614368438721 -0.94866043329238892 -0.24032709002494812
vn -0.20563614368438721 -0.94866043329238892 -0.24032709002494812
vn -0.056438673287630081 -0.052067380398511887 -0.99704748392105103
vn -0.056438673287630081 -0.052067380398511887 -0.99704748392105103
vn -0.056438673287630081 -0.052067380398511887 -0.99704748392105103
vn -0.59692221879959106 -0.072052530944347382 -0.79905712604522705
vn -0.59692221879959106 -0.072052530944347382 -0.79905712604522705
vn -0.59692221879959106 -0.072052530944347382 -0.79905712604522705
vn -0.25113332271575928 0.24919916689395905 -0.93532443046569824
vn -0.25113332271575928 0.24919916689395905 -0.93532443046569824
vn -0.25113332271575928 0.24919916689395905 -0.93532443046569824
vn 0.02916644886136055 0.25440019369125366 -0.96665912866592407
vn 0.02916644886136055 0.25440019369125366 -0.96665912866592407
vn 0.02916644886136055 0.25440019369125366 -0.96665912866592407
vn 0.068461529910564423 -0.14182291924953461 0.98752176761627197
vn 0.068461529910564423 -0.14182291924953461 0.98752176761627197
vn 0.068461529910564423 -0.14182291924953461 0.98752176761627197
vn 0.074636511504650116 -0.31012043356895447 0.94776302576065063
vn 0.074636511504650116 -0.31012043356895447 0.94776302576065063
vn 0.074636511504650116 -0.31012043356895447 0.94776302576065063
vn 0.7105858325958252 -0.40986728668212891 0.57190608978271484
vn 0.7105858325958252 -0.40986728668212891 0.57190608978271484
vn 0.7105858325958252 -0.40986728668212891 0.57190608978271484
vn 0.60847151279449463 -0.45301693677902222 0.65156584978103638
vn 0.60847151279449463 -0.45301693677902222 0.65156584978103638
vn 0.60847151279449463 -0.45301693677902222 0.65156584978103638
vn 0.27828133106231689 -0.097083725035190582 -0.95558059215545654
vn 0.27828133106231689 -0.097083725035190582 -0.95558059215545654
vn 0.27828133106231689 -0.097083725035190582 -0.95558059215545654
vn 0.75021082162857056 -0.26022255420684814 -0.60783874988555908
vn 0.75021082162857056 -0.26022255420684814 -0.60783874988555908
vn 0.75021082162857056 -0.26022255420684814 -0.60783874988555908
vn -0.0098961563780903816 -0.034598521888256073 -0.99935227632522583
vn -0.0098961563780903816 -0.034598521888256073 -0.99935227632522583
vn -0.0098961563780903816 -0.034598521888256073 -0.99935227632522583
vn 0.23446865379810333 0.12171401828527451 -0.96447402238845825
vn 0.23446865379810333 0.12171401828527451 -0.96447402238845825
vn 0.23446865379810333 0.12171401828527451 -0.96447402238845825
vn -0.26668024063110352 -0.086516961455345154 0.95989400148391724
vn -0.26668024063110352 -0.086516961455345154 0.95989400148391724
vn -0.26668024063110352 -0.086516961455345154 0.95989400148391724
vn 0.53129613399505615 -0.08733755350112915 0.84267228841781616
vn 0.53129613399505615 -0.08733755350112915 0.84267228841781616
vn 0.53129613399505615 -0.08733755350112915 0.84267228841781616
vn 0.81907981634140015 0.074135296046733856 0.56886923313140869
vn 0.81907981634140015 0.074135296046733856 0.56886923313140869
vn 0.81907981634140015 0.074135296046733856 0.56886923313140869
vn 0.82052868604660034 0.074392199516296387 0.56674373149871826
vn 0.82052868604660034 0.074392199516296387 0.56674373149871826
vn 0.82052868604660034 0.074392199516296387 0.56674373149871826
vn -0.048772562295198441 0.52307611703872681 -0.85088932514190674
vn -0.048772562295198441 0.52307611703872681 -0.85088932514190674
vn -0.048772562295198441 0.52307611703872681 -0.85088932514190674
vn 0.26316699385643005 0.72031223773956299 -0.64178925752639771
vn 0.26316699385643005 0.72031223773956299 -0.64178925752639771
vn 0.26316699385643005 0.72031223773956299 -0.64178925752639771
vn 0.71954113245010376 -0.017251536250114441 0.69423550367355347
vn 0.71954113245010376 -0.017251536250114441 0.69423550367355347
vn 0.71954113245010376 -0.017251536250114441 0.69423550367355347
vn 0.97054797410964966 0.12699310481548309 0.20471782982349396
vn 0.97054797410964966 0.12699310481548309 0.20471782982349396
vn 0.97054797410964966 0.12699310481548309 0.20471782982349396
vn -0.88118433952331543 -0.086803272366523743 0.46473577618598938
vn -0.88118433952331543 -0.086803272366523743 0.46473577618598938
vn -0.88118433952331543 -0.086803272366523743 0.46473577618598938
vn -0.99133867025375366 -0.11643077433109283 -0.060757376253604889
vn -0.99133867025375366 -0.11643077433109283 -0.060757376253604889
vn -0.99133867025375366 -0.11643077433109283 -0.060757376253604889
vn -0.40235346555709839 0.19052676856517792 -0.89543914794921875
vn -0.40235346555709839 0.19052676856517792 -0.89543914794921875
vn -0.40235346555709839 0.19052676856517792 -0.89543914794921875
vn -0.23834347724914551 0.0040382309816777706 -0.9711725115776062
vn -0.23834347724914551 0.0040382309816777706 -0.9711725115776062
vn -0.23834347724914551 0.0040382309816777706 -0.9711725115776062
vn -0.1197408139705658 -0.1117011085152626 0.98650139570236206
vn -0.1197408139705658 -0.1117011085152626 0.98650139570236206
vn -0.1197408139705658 -0.1117011085152626 0.98650139570236206
vn 0.55267751216888428 0.03583492711186409 0.83262443542480469
vn 0.55267751216888428 0.03583492711186409 0.83262443542480469
vn 0.55267751216888428 0.03583492711186409 0.83262443542480469
vn 0.60680073499679565 0.022470338270068169 0.794536292552948
vn 0.60680073499679565 0.022470338270068169 0.794536292552948
vn 0.60680073499679565 0.022470338270068169 0.794536292552948
vn 0.9200434684753418 0.09376971423625946 0.38043031096458435
vn 0.9200434684753418 0.09376971423625946 0.38043031096458435
vn 0.9200434684753418 0.09376971423625946 0.38043031096458435
vn 0.78468888998031616 -0.014072113670408726 0.61972999572753906
vn 0.78468888998031616 -0.014072113670408726 0.61972999572753906
vn 0.78468888998031616 -0.014072113670408726 0.61972999572753906
vn 0.68057352304458618 -0.01203506626188755 -0.73258090019226074
vn 0.68057352304458618 -0.01203506626188755 -0.73258090019226074
vn 0.68057352304458618 -0.01203506626188755 -0.73258090019226074
vn -0.02684490755200386 0.48736163973808289 -0.8727874755859375
vn -0.02684490755200386 0.48736163973808289 -0.8727874755859375
vn -0.02684490755200386 0.48736163973808289 -0.8727874755859375
vn -0.64084690809249878 -0.14071474969387054 -0.7546619176864624
vn -0.64084690809249878 -0.14071474969387054 -0.7546619176864624
vn -0.64084690809249878 -0.14071474969387054 -0.7546619176864624
vn -0.91964715719223022 0.34819218516349792 -0.18169009685516357
vn -0.91964715719223022 0.34819218516349792 -0.18169009685516357
vn -0.91964715719223022 0.34819218516349792 -0.18169009685516357
vn -0.90990614891052246 0.36550760269165039 -0.1961505264043808
vn -0.90990614891052246 0.36550760269165039 -0.1961505264043808
vn -0.90990614891052246 0.36550760269165039 -0.1961505264043808
vn 0.77063477039337158 0.59692490100860596 -0.22316525876522064
vn 0.77063477039337158 0.59692490100860596 -0.22316525876522064
vn 0.77063477039337158 0.59692490100860596 -0.22316525876522064
vn 0.52510422468185425 0.60405588150024414 -0.59948486089706421
vn 0.52510422468185425 0.60405588150024414 -0.59948486089706421
vn 0.52510422468185425 0.60405588150024414 -0.59948486089706421
vn -0.66685336828231812 0.15344786643981934 -0.72921895980834961
vn -0.66685336828231812 0.15344786643981934 -0.72921895980834961
vn -0.66685336828231812 0.15344786643981934 -0.72921895980834961
vn -0.64936703443527222 -0.1657743901014328 -0.74218684434890747
vn -0.64936703443527222 -0.1657743901014328 -0.74218684434890747
vn -0.64936703443527222 -0.1657743901014328 -0.74218684434890747
vn -0.91583901643753052 -0.38775596022605896 -0.10432735085487366
vn -0.91583901643753052 -0.38775596022605896 -0.10432735085487366
vn -0.91583901643753052 -0.38775596022605896 -0.10432735085487366
vn -0.91440516710281372 0.087911762297153473 -0.39513891935348511
vn -0.91440516710281372 0.087911762297153473 -0.39513891935348511
vn -0.91440516710281372 0.087911762297153473 -0.39513891935348511
vn 0.94279450178146362 0.0012288449797779322 -0.33337211608886719
vn 0.94279450178146362 0.0012288449797779322 -0.33337211608886719
vn 0.94279450178146362 0.0012288449797779322 -0.33337211608886719
vn 0.77231311798095703 0.062442600727081299 -0.63216561079025269
vn 0.77231311798095703 0.062442600727081299 -0.63216561079025269
vn 0.77231311798095703 0.062442600727081299 -0.63216561079025269
vn 0.0053500360809266567 -0.47518724203109741 0.87986844778060913
vn 0.0053500360809266567 -0.47518724203109741 0.87986844778060913
vn 0.0053500360809266567 -0.47518724203109741 0.87986844778060913
vn -0.047182325273752213 -0.5512043833732605 0.8330351710319519
vn -0.047182325273752213 -0.5512043833732605 0.8330351710319519
vn -0.047182325273752213 -0.5512043833732605 0.8330351710319519
vn 0.84904932975769043 0.46545222401618958 0.24993893504142761
vn 0.84904932975769043 0.46545222401618958 0.24993893504142761
vn 0.84904932975769043 0.46545222401618958 0.24993893504142761
vn 0.81472897529602051 0.22364315390586853 0.5349770188331604
vn 0.81472897529602051 0.22364315390586853 0.5349770188331604
vn 0.81472897529602051 0.22364315390586853 0.5349770188331604
vn 0.096462562680244446 0.98922890424728394 -0.11009587347507477
vn 0.096462562680244446 0.98922890424728394 -0.11009587347507477
vn 0.096462562680244446 0.98922890424728394 -0.11009587347507477
vn -0.62023466825485229 0.31094127893447876 -0.72015589475631714
vn -0.62023466825485229 0.31094127893447876 -0.72015589475631714
vn -0.62023466825485229 0.31094127893447876 -0.72015589475631714
vn -0.60971707105636597 0.69985044002532959 -0.37209466099739075
vn -0.60971707105636597 0.69985044002532959 -0.37209466099739075
vn -0.60971707105636597 0.69985044002532959 -0.37209466099739075
vn -0.80533105134963989 0.28235197067260742 0.52126699686050415
vn -0.80533105134963989 0.28235197067260742 0.52126699686050415
vn -0.80533105134963989 0.28235197067260742 0.52126699686050415
vn 0.23357479274272919 0.60855305194854736 0.75835740566253662
vn 0.23357479274272919 0.60855305194854736 0.75835740566253662
vn 0.23357479274272919 0.60855305194854736 0.75835740566253662
vn 0.040095150470733643 0.86966890096664429 0.49200445413589478
vn 0.040095150470733643 0.86966890096664429 0.49200445413589478
vn 0.040095150470733643 0.86966890096664429 0.49200445413589478
vn -0.043475404381752014 -0.0059176781214773655 -0.99903696775436401
vn -0.043475404381752014 -0.0059176781214773655 -0.99903696775436401
vn -0.043475404381752014 -0.0059176781214773655 -0.99903696775436401
vn -0.33814308047294617 -0.025884365662932396 -0.94073867797851562
vn -0.33814308047294617 -0.025884365662932396 -0.94073867797851562
vn -0.33814308047294617 -0.025884365662932396 -0.94073867797851562
vn -0.12295973300933838 0.38900870084762573 -0.91299128532409668
vn -0.12295973300933838 0.38900870084762573 -0.91299128532409668
vn -0.12295973300933838 0.38900870084762573 -0.91299128532409668
vn -0.17799556255340576 0.28352820873260498 -0.94230002164840698
vn -0.17799556255340576 0.28352820873260498 -0.94230002164840698
vn -0.17799556255340576 0.28352820873260498 -0.94230002164840698
vn 0.26040351390838623 0.025260332971811295 -0.96516937017440796
vn 0.26040351390838623 0.025260332971811295 -0.96516937017440796
vn 0.26040351390838623 0.025260332971811295 -0.96516937017440796
vn 0.25425419211387634 0.11406452208757401 -0.9603874683380127
vn 0.25425419211387634 0.11406452208757401 -0.9603874683380127
vn 0.25425419211387634 0.11406452208757401 -0.9603874683380127
vn 0.96627599000930786 -0.040299519896507263 -0.25433564186096191
vn 0.96627599000930786 -0.040299519896507263 -0.25433564186096191
vn 0.96627599000930786 -0.040299519896507263 -0.25433564186096191
vn 0.99324536323547363 0.015499988570809364 0.1149931475520134
vn 0.99324536323547363 0.015499988570809364 0.1149931475520134
vn 0.99324536323547363 0.015499988570809364 0.1149931475520134
vn 0.65901148319244385 0.60522240400314331 -0.44655314087867737
vn 0.65901148319244385 0.60522240400314331 -0.44655314087867737
vn 0.65901148319244385 0.60522240400314331 -0.44655314087867737
vn 0.23438200354576111 0.61786103248596191 -0.75054168701171875
vn 0.23438200354576111 0.61786103248596191 -0.75054168701171875
vn 0.23438200354576111 0.61786103248596191 -0.75054168701171875
vn 0.88472211360931396 0.44224813580513 -0.14725270867347717
vn 0.88472211360931396 0.44224813580513 -0.14725270867347717
vn 0.88472211360931396 0.44224813580513 -0.14725270867347717
vn 0.90894705057144165 0.22639614343643188 -0.35008573532104492
vn 0.90894705057144165 0.22639614343643188 -0.35008573532104492
vn 0.90894705057144165 0.22639614343643188 -0.35008573532104492
vn 0.40082326531410217 0.34610223770141602 0.84826529026031494
vn 0.40082326531410217 0.34610223770141602 0.84826529026031494
vn 0.40082326531410217 0.34610223770141602 0.84826529026031494
vn 0.48018333315849304 0.47698909044265747 0.73614221811294556
vn 0.48018333315849304 0.47698909044265747 0.73614221811294556
vn 0.48018333315849304 0.47698909044265747 0.73614221811294556
vn 0.37552228569984436 0.15322932600975037 0.91405898332595825
vn 0.37552228569984436 0.15322932600975037 0.91405898332595825
vn 0.37552228569984436 0.15322932600975037 0.91405898332595825
vn 0.94990187883377075 0.25203928351402283 0.18483124673366547
vn 0.94990187883377075 0.25203928351402283 0.18483124673366547
vn 0.94990187883377075 0.25203928351402283 0.18483124673366547
vn 0.95856142044067383 -0.0080869616940617561 0.28477120399475098
vn 0.95856142044067383 -0.0080869616940617561 0.28477120399475098
vn 0.95856142044067383 -0.0080869616940617561 0.28477120399475098
vn 0.98301047086715698 0.074222229421138763 -0.16787326335906982
vn 0.98301047086715698 0.074222229421138763 -0.16787326335906982
vn 0.98301047086715698 0.074222229421138763 -0.16787326335906982
vn 0.95906662940979004 0.040353372693061829 0.28029057383537292
vn 0.95906662940979004 0.040353372693061829 0.28029057383537292
vn 0.95906662940979004 0.040353372693061829 0.28029057383537292
vn 0.78539633750915527 -0.10191660374403 0.61054533720016479
vn 0.78539633750915527 -0.10191660374403 0.61054533720016479
vn 0.78539633750915527 -0.10191660374403 0.61054533720016479
vn -0.74937725067138672 -0.19621928036212921 -0.63240158557891846
vn -0.74937725067138672 -0.19621928036212921 -0.63240158557891846
vn -0.74937725067138672 -0.19621928036212921 -0.63240158557891846
vn 0.091418325901031494 -0.070520132780075073 -0.99331241846084595
vn 0.091418325901031494 -0.070520132780075073 -0.99331241846084595
vn 0.091418325901031494 -0.070520132780075073 -0.99331241846084595
vn -0.51134151220321655 -0.062633372843265533 -0.85709214210510254
vn -0.51134151220321655 -0.062633372843265533 -0.85709214210510254
vn -0.51134151220321655 -0.062633372843265533 -0.85709214210510254
vn -0.78215312957763672 -0.045535121113061905 -0.62142020463943481
vn -0.78215312957763672 -0.045535121113061905 -0.62142020463943481
vn -0.78215312957763672 -0.045535121113061905 -0.62142020463943481
vn -0.8061249852180481 -0.2427619993686676 0.53965646028518677
vn -0.8061249852180481 -0.2427619993686676 0.53965646028518677
vn -0.8061249852180481 -0.2427619993686676 0.53965646028518677
vn -0.84598410129547119 -0.055242806673049927 0.53033870458602905
vn -0.84598410129547119 -0.055242806673049927 0.53033870458602905
vn -0.84598410129547119 -0.055242806673049927 0.53033870458602905
vn -0.96280407905578613 -0.10607940703630447 0.24850653111934662
vn -0.96280407905578613 -0.10607940703630447 0.24850653111934662
vn -0.96280407905578613 -0.10607940703630447 0.24850653111934662
vn -0.79377329349517822 -0.14797051250934601 0.58993959426879883
vn -0.79377329349517822 -0.14797051250934601 0.58993959426879883
vn -0.79377329349517822 -0.14797051250934601 0.58993959426879883
vn -0.52591484785079956 0.64151012897491455 0.55846071243286133
vn -0.52591484785079956 0.64151012897491455 0.55846071243286133
vn -0.52591484785079956 0.64151012897491455 0.55846071243286133
vn -0.33005592226982117 0.5283469557762146 0.78224843740463257
vn -0.33005592226982117 0.5283469557762146 0.78224843740463257
vn -0.33005592226982117 0.5283469557762146 0.78224843740463257
vn 0.69427818059921265 -0.18745411932468414 -0.69486600160598755
vn 0.69427818059921265 -0.18745411932468414 -0.69486600160598755
vn 0.69427818059921265 -0.18745411932468414 -0.69486600160598755
vn 0.94886618852615356 -0.084142811596393585 -0.30425801873207092
vn 0.94886618852615356 -0.084142811596393585 -0.30425801873207092
vn 0.94886618852615356 -0.084142811596393585 -0.30425801873207092
vn -0.93575495481491089 -0.3002350926399231 -0.18499056994915009
vn -0.93575495481491089 -0.3002350926399231 -0.18499056994915009
vn -0.93575495481491089 -0.3002350926399231 -0.18499056994915009
vn -0.91264307498931885 -0.2976023256778717 0.28020617365837097
vn -0.91264307498931885 -0.2976023256778717 0.28020617365837097
vn -0.91264307498931885 -0.2976023256778717 0.28020617365837097
vn 0.21166594326496124 0.083109930157661438 0.97380197048187256
vn 0.21166594326496124 0.083109930157661438 0.97380197048187256
vn 0.21166594326496124 0.083109930157661438 0.97380197048187256
vn 0.23538599908351898 0.28357893228530884 0.92961090803146362
vn 0.23538599908351898 0.28357893228530884 0.92961090803146362
vn 0.23538599908351898 0.28357893228530884 0.92961090803146362
vn -0.65918976068496704 0.60521012544631958 -0.44630655646324158
vn -0.65918976068496704 0.60521012544631958 -0.44630655646324158
vn -0.65918976068496704 0.60521012544631958 -0.44630655646324158
vn -0.83071810007095337 0.10887753218412399 -0.54594242572784424
vn -0.83071810007095337 0.10887753218412399 -0.54594242572784424
vn -0.83071810007095337 0.10887753218412399 -0.54594242572784424
vn -0.22987689077854156 0.83176606893539429 0.50529384613037109
vn -0.22987689077854156 0.83176606893539429 0.50529384613037109
vn -0.22987689077854156 0.83176606893539429 0.50529384613037109
vn -0.91517466306686401 0.27920764684677124 0.29068619012832642
vn -0.91517466306686401 0.27920764684677124 0.29068619012832642
vn -0.91517466306686401 0.27920764684677124 0.29068619012832642
vn -0.22513429820537567 -0.96553826332092285 -0.13057710230350494
vn -0.22513429820537567 -0.96553826332092285 -0.13057710230350494
vn -0.22513429820537567 -0.96553826332092285 -0.13057710230350494
vn -0.26373106241226196 -0.094344690442085266 0.95997136831283569
vn -0.26373106241226196 -0.094344690442085266 0.95997136831283569
vn -0.26373106241226196 -0.094344690442085266 0.95997136831283569
vn 0.94564318656921387 -0.32520207762718201 0.0015879011480137706
vn 0.94564318656921387 -0.32520207762718201 0.0015879011480137706
vn 0.94564318656921387 -0.32520207762718201 0.0015879011480137706
vn 0.75834226608276367 -0.52467638254165649 0.38682261109352112
vn 0.75834226608276367 -0.52467638254165649 0.38682261109352112
vn 0.75834226608276367 -0.52467638254165649 0.38682261109352112
vn -0.29426220059394836 -0.16559004783630371 0.94127023220062256
vn -0.29426220059394836 -0.16559004783630371 0.94127023220062256
vn -0.29426220059394836 -0.16559004783630371 0.94127023220062256
vn -0.8249019980430603 -0.16739481687545776 0.53992193937301636
vn -0.8249019980430603 -0.16739481687545776 0.53992193937301636
vn -0.8249019980430603 -0.16739481687545776 0.53992193937301636
vn -0.78687489032745361 -0.35388591885566711 -0.5055617094039917
vn -0.78687489032745361 -0.35388591885566711 -0.5055617094039917
vn -0.78687489032745361 -0.35388591885566711 -0.5055617094039917
vn -0.71795785427093506 -0.057179547846317291 -0.69373410940170288
vn -0.71795785427093506 -0.057179547846317291 -0.69373410940170288
vn -0.71795785427093506 -0.057179547846317291 -0.69373410940170288
vn -0.37501898407936096 -0.35106804966926575 -0.85796970129013062
vn -0.37501898407936096 -0.35106804966926575 -0.85796970129013062
vn -0.37501898407936096 -0.35106804966926575 -0.85796970129013062
vn -0.15864346921443939 -0.55239611864089966 -0.81834638118743896
vn -0.15864346921443939 -0.55239611864089966 -0.81834638118743896
vn -0.15864346921443939 -0.55239611864089966 -0.81834638118743896
vn 0.5586012601852417 0.22211369872093201 -0.79914337396621704
vn 0.5586012601852417 0.22211369872093201 -0.79914337396621704
vn 0.5586012601852417 0.22211369872093201 -0.79914337396621704
vn 0.47711473703384399 -0.81219470500946045 -0.33571010828018188
vn 0.47711473703384399 -0.81219470500946045 -0.33571010828018188
vn 0.47711473703384399 -0.81219470500946045 -0.33571010828018188
vn 0.93457186222076416 0.34060826897621155 0.1027689129114151
vn 0.93457186222076416 0.34060826897621155 0.1027689129114151
vn 0.93457186222076416 0.34060826897621155 0.1027689129114151
vn 0.86686182022094727 0.39293196797370911 -0.30684694647789001
vn 0.86686182022094727 0.39293196797370911 -0.30684694647789001
vn 0.86686182022094727 0.39293196797370911 -0.30684694647789001
vn -0.88815838098526001 -0.43002128601074219 -0.16203811764717102
vn -0.88815838098526001 -0.43002128601074219 -0.16203811764717102
vn -0.88815838098526001 -0.43002128601074219 -0.16203811764717102
vn -0.89441525936126709 -0.32176360487937927 -0.31062769889831543
vn -0.89441525936126709 -0.32176360487937927 -0.31062769889831543
vn -0.89441525936126709 -0.32176360487937927 -0.31062769889831543
vn 0.24261753261089325 0.57132935523986816 -0.78404051065444946
vn 0.24261753261089325 0.57132935523986816 -0.78404051065444946
vn 0.24261753261089325 0.57132935523986816 -0.78404051065444946
vn -0.3595365583896637 0.52115833759307861 -0.77403324842453003
vn -0.3595365583896637 0.52115833759307861 -0.77403324842453003
vn -0.3595365583896637 0.52115833759307861 -0.77403324842453003
vn -0.9334903359413147 0.017135413363575935 0.35819289088249207
vn -0.9334903359413147 0.017135413363575935 0.35819289088249207
vn -0.9334903359413147 0.017135413363575935 0.35819289088249207
vn -0.75606447458267212 -0.02401251532137394 0.65405654907226562
vn -0.75606447458267212 -0.02401251532137394 0.65405654907226562
vn -0.75606447458267212 -0.02401251532137394 0.65405654907226562
vn 0.7746046781539917 0.13921265304088593 0.61693388223648071
vn 0.7746046781539917 0.13921265304088593 0.61693388223648071
vn 0.7746046781539917 0.13921265304088593 0.61693388223648071
vn 0.21414461731910706 0.094123803079128265 0.97225654125213623
vn 0.21414461731910706 0.094123803079128265 0.97225654125213623
vn 0.21414461731910706 0.094123803079128265 0.97225654125213623
vn 0.1197674497961998 0.96364784240722656 -0.23882752656936646
vn 0.1197674497961998 0.96364784240722656 -0.23882752656936646
vn 0.1197674497961998 0.96364784240722656 -0.23882752656936646
vn 0.93981802463531494 0.094663344323635101 0.32829999923706055
vn 0.93981802463531494 0.094663344323635101 0.32829999923706055
vn 0.93981802463531494 0.094663344323635101 0.32829999923706055
vn -0.056128270924091339 -0.50122535228729248 -0.86349451541900635
vn -0.056128270924091339 -0.50122535228729248 -0.86349451541900635
vn -0.056128270924091339 -0.50122535228729248 -0.86349451541900635
vn 0.16239252686500549 -0.86933833360671997 -0.46677568554878235
vn 0.16239252686500549 -0.86933833360671997 -0.46677568554878235
vn 0.16239252686500549 -0.86933833360671997 -0.46677568554878235
vn -0.63126224279403687 -0.43223032355308533 -0.64396035671234131
vn -0.63126224279403687 -0.43223032355308533 -0.64396035671234131
vn -0.63126224279403687 -0.43223032355308533 -0.64396035671234131
vn -0.72451126575469971 0.068437136709690094 -0.68585699796676636
vn -0.72451126575469971 0.068437136709690094 -0.68585699796676636
vn -0.72451126575469971 0.068437136709690094 -0.68585699796676636
f 3/3/3 1/1/1 2/2/2
f 6/6/6 4/4/4 5/5/5
f 9/9/9 7/7/7 8/8/8
f 12/12/12 10/10/10 11/11/11
f 15/15/15 13/13/13 14/14/14
f 18/18/18 16/16/16 17/17/17
f 20/21/21 19/19/19 12/20/20
f 21/24/24 11/22/22 10/23/23
f 24/27/27 22/25/25 23/26/26
f 27/30/30 25/28/28 26/29/29
f 30/33/33 28/31/31 29/32/32
f 33/36/36 31/34/34 32/35/35
f 36/39/39 34/37/37 35/38/38
f 29/42/42 37/40/40 38/41/41
f 41/45/45 39/43/43 40/44/44
f 42/48/48 5/46/46 4/47/47
f 19/51/51 43/49/49 44/50/50
f 46/54/54 27/52/52 45/53/53
f 49/57/57 47/55/55 48/56/56
f 37/60/60 50/58/58 38/59/59
f 53/63/63 51/61/61 52/62/62
f 56/66/66 54/64/64 55/65/65
f 59/69/69 57/67/67 58/68/68
f 62/72/72 60/70/70 61/71/71
f 65/75/75 63/73/73 64/74/74
f 68/78/78 66/76/76 67/77/77
f 71/81/81 69/79/79 70/80/80
f 74/84/84 72/82/82 73/83/83
f 77/87/87 75/85/85 76/86/86
f 80/90/90 78/88/88 79/89/89
f 83/93/93 81/91/91 82/92/92
f 45/96/96 27/94/94 26/95/95
f 25/99/99 27/97/97 84/98/98
f 86/102/102 8/100/100 85/101/101
f 88/105/105 41/103/103 87/104/104
f 91/108/108 89/106/106 90/107/107
f 39/111/111 41/109/109 92/110/110
f 94/114/114 6/112/112 93/113/113
f 95/117/117 17/115/115 16/116/116
f 98/120/120 96/118/118 97/119/119
f 101/123/123 99/121/121 100/122/122
f 104/126/126 102/124/124 103/125/125
f 107/129/129 105/127/127 106/128/128
f 110/132/132 108/130/130 109/131/131
f 113/135/135 111/133/133 112/134/134
f 116/138/138 114/136/136 115/137/137
f 108/141/141 110/139/139 117/140/140
f 28/144/144 30/142/142 118/143/143
f 88/147/147 119/145/145 120/146/146
f 123/150/150 121/148/148 122/149/149
f 124/153/153 77/151/151 76/152/152
f 125/156/156 104/154/154 103/155/155
f 127/159/159 126/157/157 62/158/158
f 130/162/162 128/160/160 129/161/161
f 132/165/165 21/163/163 131/164/164
f 135/168/168 133/166/166 134/167/167
f 138/171/171 136/169/169 137/170/170
f 140/174/174 137/172/172 139/173/173
f 143/177/177 141/175/175 142/176/176
f 145/180/180 105/178/178 144/179/179
f 126/183/183 146/181/181 62/182/182
f 149/186/186 147/184/184 148/185/185
f 151/189/189 2/187/187 150/188/188
f 152/192/192 142/190/190 141/191/191
f 52/195/195 153/193/193 53/194/194
f 86/198/198 153/196/196 8/197/197
f 155/201/201 42/199/199 154/200/200
f 157/204/204 112/202/202 156/203/203
f 78/207/207 158/205/205 159/206/206
f 158/210/210 131/208/208 134/209/209
f 161/213/213 160/211/211 111/212/212
f 162/216/216 111/214/214 160/215/215
f 18/219/219 22/217/217 7/218/218
f 85/222/222 8/220/220 163/221/221
f 32/225/225 20/223/223 33/224/224
f 166/228/228 164/226/226 165/227/227
f 169/231/231 167/229/229 168/230/230
f 168/234/234 129/232/232 128/233/233
f 95/237/237 7/235/235 9/236/236
f 172/240/240 170/238/238 171/239/239
f 174/243/243 173/241/241 57/242/242
f 115/246/246 175/244/244 116/245/245
f 176/249/249 121/247/247 83/248/248
f 94/252/252 177/250/250 178/251/251
f 181/255/255 179/253/253 180/254/254
f 183/258/258 74/256/256 182/257/257
f 184/261/261 55/259/259 54/260/260
f 109/264/264 107/262/262 110/263/263
f 81/267/267 83/265/265 121/266/266
f 21/270/270 185/268/268 186/269/269
f 189/273/273 187/271/271 188/272/272
f 35/276/276 190/274/274 36/275/275
f 114/279/279 18/277/277 115/278/278
f 23/282/282 191/280/280 24/281/281
f 141/285/285 143/283/283 192/284/284
f 194/288/288 193/286/286 28/287/287
f 55/291/291 195/289/289 56/290/290
f 196/294/294 56/292/292 195/293/293
f 111/297/297 197/295/295 161/296/296
f 197/300/300 111/298/298 198/299/299
f 201/303/303 199/301/301 200/302/302
f 178/306/306 177/304/304 199/305/305
f 202/309/309 120/307/307 119/308/308
f 170/312/312 172/310/310 203/311/311
f 140/315/315 165/313/313 164/314/314
f 140/318/318 138/316/316 137/317/317
f 118/321/321 52/319/319 51/320/320
f 194/324/324 108/322/322 117/323/323
f 64/327/327 68/325/325 65/326/326
f 205/330/330 204/328/328 147/329/329
f 206/333/333 182/331/331 74/332/332
f 207/336/336 155/334/334 157/335/335
f 181/339/339 15/337/337 179/338/338
f 204/342/342 205/340/340 208/341/341
f 57/345/345 61/343/343 174/344/344
f 209/348/348 35/346/346 34/347/347
f 136/351/351 138/349/349 46/350/350
f 131/354/354 158/352/352 132/353/353
f 58/357/357 210/355/355 59/356/356
f 18/360/360 17/358/358 115/359/359
f 106/363/363 110/361/361 107/362/362
f 144/366/366 211/364/364 145/365/365
f 133/369/369 135/367/367 212/368/368
f 44/372/372 213/370/370 77/371/371
f 54/375/375 214/373/373 184/374/374
f 215/378/378 184/376/376 214/377/377
f 102/381/381 216/379/379 217/380/380
f 104/384/384 125/382/382 218/383/383
f 85/387/387 219/385/385 86/386/386
f 221/390/390 166/388/388 220/389/389
f 125/393/393 80/391/391 79/392/392
f 76/396/396 139/394/394 124/395/395
f 222/399/399 188/397/397 187/398/398
f 96/402/402 59/400/400 97/401/401
f 10/405/405 131/403/403 21/404/404
f 10/408/408 212/406/406 223/407/407
f 100/411/411 102/409/409 101/410/410
f 159/414/414 158/412/412 134/413/413
f 220/417/417 20/415/415 221/416/416
f 43/420/420 213/418/418 44/419/419
f 193/423/423 192/421/421 143/422/422
f 211/426/426 144/424/424 117/425/425
f 31/429/429 53/427/427 153/428/428
f 153/432/432 32/430/430 31/431/431
f 226/435/435 224/433/433 225/434/434
f 171/438/438 224/436/436 172/437/437
f 56/441/441 196/439/439 152/440/440
f 48/444/444 152/442/442 49/443/443
f 92/447/447 41/445/445 88/446/446
f 122/450/450 227/448/448 92/449/449
f 129/453/453 168/451/451 167/452/452
f 5/456/456 42/454/454 201/455/455
f 205/459/459 228/457/457 208/458/458
f 62/462/462 205/460/460 60/461/461
f 161/465/465 82/463/463 81/464/464
f 45/468/468 186/466/466 185/467/467
f 101/471/471 218/469/469 99/470/470
f 218/474/474 229/472/472 216/473/473
f 94/477/477 82/475/475 6/476/476
f 6/480/480 197/478/478 198/479/479
f 109/483/483 54/481/481 107/482/482
f 54/486/486 48/484/484 47/485/485
f 22/489/489 24/487/487 162/488/488
f 219/492/492 85/490/490 25/491/491
f 84/495/495 27/493/493 164/494/494
f 27/498/498 46/496/496 138/497/497
f 50/501/501 2/499/499 1/500/500
f 50/504/504 152/502/502 196/503/503
f 5/507/507 93/505/505 6/506/506
f 177/510/510 200/508/508 199/509/509
f 2/513/513 151/511/511 3/512/512
f 122/516/516 120/514/514 123/515/515
f 230/519/519 183/517/517 182/518/518
f 71/522/522 14/520/520 13/521/521
f 199/525/525 201/523/523 169/524/524
f 169/528/528 40/526/526 39/527/527
f 89/531/531 98/529/529 90/530/530
f 231/534/534 95/532/532 9/533/533
f 233/537/537 232/535/535 77/536/536
f 77/540/540 232/538/538 44/539/539
f 170/543/543 91/541/541 171/542/542
f 234/546/546 88/544/544 87/545/545
f 184/549/549 215/547/547 51/548/548
f 194/552/552 51/550/550 215/551/551
f 78/555/555 137/553/553 235/554/554
f 78/558/558 80/556/556 137/557/557
f 147/561/561 149/559/559 66/560/560
f 182/564/564 180/562/562 230/563/563
f 42/567/567 236/565/565 201/566/566
f 73/570/570 71/568/568 70/569/569
f 186/573/573 121/571/571 21/572/572
f 237/576/576 21/574/574 121/575/575
f 34/579/579 168/577/577 209/578/578
f 40/582/582 169/580/580 238/581/581
f 225/585/585 9/583/583 239/584/584
f 52/588/588 118/586/586 30/587/587
f 241/591/591 61/589/589 240/590/590
f 126/594/594 127/592/592 128/593/593
f 143/597/597 28/595/595 193/596/596
f 37/600/600 29/598/598 28/599/599
f 63/603/603 65/601/601 156/602/602
f 182/606/606 206/604/604 67/605/605
f 165/609/609 220/607/607 166/608/608
f 213/612/612 75/610/610 77/611/611
f 222/615/615 36/613/613 190/614/614
f 59/618/618 96/616/616 222/617/617
f 244/621/621 242/619/619 243/620/620
f 110/624/624 211/622/622 117/623/623
f 40/627/627 36/625/625 41/626/626
f 36/630/630 222/628/628 187/629/629
f 4/633/633 6/631/631 198/632/632
f 154/636/636 157/634/634 155/635/635
f 242/639/639 244/637/637 245/638/638
f 105/642/642 145/640/640 246/641/641
f 146/645/645 126/643/643 247/644/644
f 15/648/648 181/646/646 208/647/647
f 1/651/651 38/649/649 50/650/650
f 234/654/654 203/652/652 1/653/653
f 89/657/657 91/655/655 188/656/656
f 188/660/660 222/658/658 89/659/659
f 60/663/663 64/661/661 63/662/662
f 173/666/666 174/664/664 175/665/665
f 81/669/669 248/667/667 249/668/668
f 26/672/672 249/670/670 248/671/671
f 137/675/675 136/673/673 235/674/674
f 158/678/678 136/676/676 132/677/677
f 131/681/681 135/679/679 134/680/680
f 131/684/684 10/682/682 223/683/683
f 241/687/687 128/685/685 127/686/686
f 128/690/690 209/688/688 168/689/689
f 33/693/693 250/691/691 195/692/692
f 31/696/696 33/694/694 195/695/695
f 10/699/699 12/697/697 19/698/698
f 212/702/702 10/700/700 19/701/701
f 190/705/705 35/703/703 57/704/704
f 61/708/708 57/706/706 240/707/707
f 251/711/711 125/709/709 233/710/710
f 125/714/714 103/712/712 233/713/713
f 163/717/717 8/715/715 7/716/716
f 7/720/720 22/718/718 163/719/719
f 132/723/723 136/721/721 46/722/722
f 45/726/726 185/724/724 46/725/725
f 120/729/729 122/727/727 88/728/728
f 92/732/732 88/730/730 122/731/731
f 193/735/735 117/733/733 144/734/734
f 117/738/738 193/736/736 194/737/737
f 73/741/741 70/739/739 236/740/740
f 130/744/744 129/742/742 70/743/743
f 123/747/747 3/745/745 151/746/746
f 21/750/750 237/748/748 11/749/749
f 133/753/753 103/751/751 102/752/752
f 212/756/756 232/754/754 133/755/755
f 47/759/759 49/757/757 105/758/758
f 49/762/762 192/760/760 105/761/761
f 130/765/765 70/763/763 69/764/764
f 69/768/768 247/766/766 126/767/767
f 156/771/771 207/769/769 157/770/770
f 206/774/774 156/772/772 65/773/773
f 79/777/777 218/775/775 125/776/776
f 218/780/780 79/778/778 99/779/779
f 138/783/783 164/781/781 27/782/782
f 164/786/786 138/784/784 140/785/785
f 9/789/789 225/787/787 224/788/788
f 9/792/792 224/790/790 231/791/791
f 153/795/795 86/793/793 32/794/794
f 20/798/798 32/796/796 221/797/797
f 38/801/801 226/799/799 29/800/800
f 225/804/804 29/802/802 226/803/803
f 246/807/807 106/805/805 105/806/806
f 106/810/810 244/808/808 243/809/809
f 14/813/813 179/811/811 15/812/812
f 230/816/816 180/814/814 179/815/815
f 178/819/819 83/817/817 94/818/818
f 82/822/822 94/820/820 83/821/821
f 64/825/825 205/823/823 147/824/824
f 205/828/828 64/826/826 60/827/827
f 22/831/831 18/829/829 23/830/830
f 18/834/834 114/832/832 23/833/833
f 208/837/837 181/835/835 204/836/836
f 181/840/840 149/838/838 148/839/839
f 17/843/843 98/841/841 97/842/842
f 115/846/846 17/844/844 210/845/845
f 229/849/849 217/847/847 216/848/848
f 217/852/852 101/850/850 102/851/851
f 75/855/855 140/853/853 76/854/854
f 139/858/858 76/856/856 140/857/857
f 110/861/861 106/859/859 243/860/860
f 243/864/864 211/862/862 110/863/863
f 183/867/867 230/865/865 252/866/866
f 71/870/870 73/868/868 72/869/869
f 164/873/873 166/871/871 84/872/872
f 166/876/876 221/874/874 219/875/875
f 111/879/879 24/877/877 191/878/878
f 111/882/882 162/880/880 24/881/881
f 8/885/885 239/883/883 9/884/884
f 52/888/888 8/886/886 153/887/887
f 195/891/891 250/889/889 196/890/890
f 250/894/894 50/892/892 196/893/893
f 49/897/897 141/895/895 192/896/896
f 141/900/900 49/898/898 152/899/899
f 178/903/903 39/901/901 92/902/902
f 227/906/906 178/904/904 92/905/905
f 51/909/909 53/907/907 184/908/908
f 55/912/912 184/910/910 53/911/911
f 150/915/915 2/913/913 33/914/914
f 12/918/918 33/916/916 20/917/917
f 80/921/921 253/919/919 137/920/920
f 233/924/924 253/922/922 251/923/923
f 22/927/927 162/925/925 85/926/926
f 163/930/930 22/928/928 85/929/929
f 169/933/933 39/931/931 199/932/932
f 39/936/936 178/934/934 199/935/935
f 102/939/939 134/937/937 133/938/938
f 134/942/942 102/940/940 100/941/941
f 21/945/945 132/943/943 185/944/944
f 132/948/948 46/946/946 185/947/947
f 175/951/951 115/949/949 173/950/950
f 210/954/954 173/952/952 115/953/953
f 17/957/957 95/955/955 98/956/956
f 98/960/960 95/958/958 90/959/959
f 113/963/963 4/961/961 198/962/962
f 111/966/966 113/964/964 198/965/965
f 224/969/969 171/967/967 231/968/968
f 90/972/972 171/970/970 91/971/971
f 19/975/975 44/973/973 212/974/974
f 232/978/978 212/976/976 44/977/977
f 28/981/981 118/979/979 194/980/980
f 51/984/984 194/982/982 118/983/983
f 47/987/987 107/985/985 54/986/986
f 105/990/990 107/988/988 47/989/989
f 69/993/993 126/991/991 130/992/992
f 128/996/996 130/994/994 126/995/995
f 189/999/999 41/997/997 187/998/998
f 187/1002/1002 41/1000/1000 36/1001/1001
f 236/1005/1005 42/1003/1003 73/1004/1004
f 42/1008/1008 155/1006/1006 73/1007/1007
f 195/1011/1011 55/1009/1009 31/1010/1010
f 53/1014/1014 31/1012/1012 55/1013/1013
f 249/1017/1017 26/1015/1015 160/1016/1016
f 26/1020/1020 162/1018/1018 160/1019/1019
f 192/1023/1023 193/1021/1021 144/1022/1022
f 144/1026/1026 105/1024/1024 192/1025/1025
f 142/1029/1029 37/1027/1027 143/1028/1028
f 28/1032/1032 143/1030/1030 37/1031/1031
f 83/1035/1035 227/1033/1033 176/1034/1034
f 83/1038/1038 178/1036/1036 227/1037/1037
f 93/1041/1041 5/1039/1039 200/1040/1040
f 201/1044/1044 200/1042/1042 5/1043/1043
f 82/1047/1047 161/1045/1045 197/1046/1046
f 197/1050/1050 6/1048/1048 82/1049/1049
f 203/1053/1053 234/1051/1051 170/1052/1052
f 234/1056/1056 87/1054/1054 170/1055/1055
f 25/1059/1059 85/1057/1057 162/1058/1058
f 26/1062/1062 25/1060/1060 162/1061/1061
f 189/1065/1065 188/1063/1063 91/1064/1064
f 91/1068/1068 170/1066/1066 87/1067/1067
f 182/1071/1071 67/1069/1069 66/1070/1070
f 149/1074/1074 182/1072/1072 66/1073/1073
f 229/1077/1077 218/1075/1075 101/1076/1076
f 101/1080/1080 217/1078/1078 229/1079/1079
f 226/1083/1083 38/1081/1081 203/1082/1082
f 38/1086/1086 1/1084/1084 203/1085/1085
f 151/1089/1089 11/1087/1087 237/1088/1088
f 11/1092/1092 151/1090/1090 12/1091/1091
f 78/1095/1095 99/1093/1093 79/1094/1094
f 99/1098/1098 78/1096/1096 159/1097/1097
f 220/1101/1101 165/1099/1099 213/1100/1100
f 213/1104/1104 43/1102/1102 220/1103/1103
f 191/1107/1107 156/1105/1105 112/1106/1106
f 191/1110/1110 112/1108/1108 111/1109/1109
f 240/1113/1113 209/1111/1111 241/1112/1112
f 128/1116/1116 241/1114/1114 209/1115/1115
f 156/1119/1119 191/1117/1117 116/1118/1118
f 156/1122/1122 116/1120/1120 63/1121/1121
f 60/1125/1125 175/1123/1123 174/1124/1124
f 174/1128/1128 61/1126/1126 60/1127/1127
f 57/1131/1131 59/1129/1129 190/1130/1130
f 222/1134/1134 190/1132/1132 59/1133/1133
f 248/1137/1137 81/1135/1135 254/1136/1136
f 121/1140/1140 254/1138/1138 81/1139/1139
f 74/1143/1143 73/1141/1141 155/1142/1142
f 155/1146/1146 207/1144/1144 74/1145/1145
f 246/1149/1149 245/1147/1147 244/1148/1148
f 244/1152/1152 106/1150/1150 246/1151/1151
f 37/1155/1155 142/1153/1153 50/1154/1154
f 152/1158/1158 50/1156/1156 142/1157/1157
f 168/1161/1161 34/1159/1159 238/1160/1160
f 168/1164/1164 238/1162/1162 169/1163/1163
f 219/1167/1167 84/1165/1165 166/1166/1166
f 84/1170/1170 219/1168/1168 25/1169/1169
f 86/1173/1173 219/1171/1171 221/1172/1172
f 86/1176/1176 221/1174/1174 32/1175/1175
f 103/1179/1179 133/1177/1177 232/1178/1178
f 232/1182/1182 233/1180/1180 103/1181/1181
f 202/1185/1185 1/1183/1183 3/1184/1184
f 1/1188/1188 202/1186/1186 234/1187/1187
f 54/1191/1191 109/1189/1189 214/1190/1190
f 108/1194/1194 214/1192/1192 109/1193/1193
f 7/1197/1197 16/1195/1195 18/1196/1196
f 7/1200/1200 95/1198/1198 16/1199/1199
f 13/1203/1203 15/1201/1201 247/1202/1202
f 208/1206/1206 247/1204/1204 15/1205/1205
f 8/1209/1209 52/1207/1207 239/1208/1208
f 30/1212/1212 239/1210/1210 52/1211/1211
f 54/1215/1215 56/1213/1213 48/1214/1214
f 152/1218/1218 48/1216/1216 56/1217/1217
f 236/1221/1221 129/1219/1219 167/1220/1220
f 70/1224/1224 129/1222/1222 236/1223/1223
f 66/1227/1227 68/1225/1225 147/1226/1226
f 64/1230/1230 147/1228/1228 68/1229/1229
f 214/1233/1233 108/1231/1231 215/1232/1232
f 108/1236/1236 194/1234/1234 215/1235/1235
f 253/1239/1239 233/1237/1237 124/1238/1238
f 77/1242/1242 124/1240/1240 233/1241/1241
f 247/1245/1245 69/1243/1243 13/1244/1244
f 69/1248/1248 71/1246/1246 13/1247/1247
f 159/1251/1251 100/1249/1249 99/1250/1250
f 159/1254/1254 134/1252/1252 100/1253/1253
f 146/1257/1257 208/1255/1255 228/1256/1256
f 247/1260/1260 208/1258/1258 146/1259/1259
f 123/1263/1263 237/1261/1261 121/1262/1262
f 237/1266/1266 123/1264/1264 151/1265/1265
f 177/1269/1269 94/1267/1267 93/1268/1268
f 200/1272/1272 177/1270/1270 93/1271/1271
f 224/1275/1275 226/1273/1273 172/1274/1274
f 226/1278/1278 203/1276/1276 172/1277/1277
f 67/1281/1281 65/1279/1279 68/1280/1280
f 65/1284/1284 67/1282/1282 206/1283/1283
f 58/1287/1287 57/1285/1285 173/1286/1286
f 173/1290/1290 210/1288/1288 58/1289/1289
f 145/1293/1293 242/1291/1291 245/1292/1292
f 245/1296/1296 246/1294/1294 145/1295/1295
f 42/1299/1299 4/1297/1297 154/1298/1298
f 4/1302/1302 113/1300/1300 154/1301/1301
f 148/1305/1305 147/1303/1303 204/1304/1304
f 204/1308/1308 181/1306/1306 148/1307/1307
f 120/1311/1311 202/1309/1309 3/1310/1310
f 3/1314/1314 123/1312/1312 120/1313/1313
f 201/1317/1317 167/1315/1315 169/1316/1316
f 167/1320/1320 201/1318/1318 236/1319/1319
f 88/1323/1323 234/1321/1321 119/1322/1322
f 119/1326/1326 234/1324/1324 202/1325/1325
f 171/1329/1329 90/1327/1327 231/1328/1328
f 95/1332/1332 231/1330/1330 90/1331/1331
f 240/1335/1335 57/1333/1333 35/1334/1334
f 209/1338/1338 240/1336/1336 35/1337/1337
f 127/1341/1341 61/1339/1339 241/1340/1340
f 62/1344/1344 61/1342/1342 127/1343/1343
f 63/1347/1347 116/1345/1345 175/1346/1346
f 175/1350/1350 60/1348/1348 63/1349/1349
f 165/1353/1353 140/1351/1351 75/1352/1352
f 75/1356/1356 213/1354/1354 165/1355/1355
f 239/1359/1359 30/1357/1357 225/1358/1358
f 29/1362/1362 225/1360/1360 30/1361/1361
f 97/1365/1365 59/1363/1363 210/1364/1364
f 210/1368/1368 17/1366/1366 97/1367/1367
f 135/1371/1371 131/1369/1369 223/1370/1370
f 223/1374/1374 212/1372/1372 135/1373/1373
f 2/1377/1377 50/1375/1375 250/1376/1376
f 250/1380/1380 33/1378/1378 2/1379/1379
f 136/1383/1383 158/1381/1381 235/1382/1382
f 158/1386/1386 78/1384/1384 235/1385/1385
f 186/1389/1389 45/1387/1387 248/1388/1388
f 26/1392/1392 248/1390/1390 45/1391/1391
f 157/1395/1395 154/1393/1393 113/1394/1394
f 112/1398/1398 157/1396/1396 113/1397/1397
f 19/1401/1401 20/1399/1399 43/1400/1400
f 20/1404/1404 220/1402/1402 43/1403/1403
f 121/1407/1407 186/1405/1405 254/1406/1406
f 248/1410/1410 254/1408/1408 186/1409/1409
f 23/1413/1413 114/1411/1411 191/1412/1412
f 114/1416/1416 116/1414/1414 191/1415/1415
f 179/1419/1419 14/1417/1417 230/1418/1418
f 252/1422/1422 230/1420/1420 14/1421/1421
f 149/1425/1425 181/1423/1423 180/1424/1424
f 180/1428/1428 182/1426/1426 149/1427/1427
f 125/1431/1431 251/1429/1429 80/1430/1430
f 253/1434/1434 80/1432/1432 251/1433/1433
f 89/1437/1437 222/1435/1435 96/1436/1436
f 98/1440/1440 89/1438/1438 96/1439/1439
f 156/1443/1443 206/1441/1441 207/1442/1442
f 74/1446/1446 207/1444/1444 206/1445/1445
f 72/1449/1449 252/1447/1447 71/1448/1448
f 14/1452/1452 71/1450/1450 252/1451/1451
f 151/1455/1455 150/1453/1453 12/1454/1454
f 33/1458/1458 12/1456/1456 150/1457/1457
f 216/1461/1461 102/1459/1459 104/1460/1460
f 104/1464/1464 218/1462/1462 216/1463/1463
f 205/1467/1467 62/1465/1465 228/1466/1466
f 228/1470/1470 62/1468/1468 146/1469/1469
f 74/1473/1473 183/1471/1471 72/1472/1472
f 252/1476/1476 72/1474/1474 183/1475/1475
f 34/1479/1479 36/1477/1477 40/1478/1478
f 40/1482/1482 238/1480/1480 34/1481/1481
f 81/1485/1485 249/1483/1483 161/1484/1484
f 160/1488/1488 161/1486/1486 249/1487/1487
f 253/1491/1491 124/1489/1489 139/1490/1490
f 137/1494/1494 253/1492/1492 139/1493/1493
f 242/1497/1497 145/1495/1495 211/1496/1496
f 211/1500/1500 243/1498/1498 242/1499/1499
f 41/1503/1503 189/1501/1501 87/1502/1502
f 91/1506/1506 87/1504/1504 189/1505/1505
f 227/1509/1509 122/1507/1507 176/1508/1508
f 176/1512/1512 122/1510/1510 121/1511/1511
v -2.0065019130706787 0 9.3020211977545841E-08
v -2.0065019130706787 0.84484279155731201 9.3020261715537345E-08
v -1.0326565504074097 0 0.004110503476113081
v -1.0326565504074097 0.84484279155731201 0.004110503476113081
v -2.0060908794403076 0 0.10558489710092545
v -2.0060908794403076 0.84484279155731201 0.10558489710092545
v -1.0322455167770386 0 0.10969530791044235
v -1.0322455167770386 0.84484279155731201 0.10969530791044235
v -1.5193737745285034 0.84484279155731201 0.054847698658704758
v -1.5192710161209106 0.84484279155731201 0.081243902444839478
v -1.2759124040603638 0.84484279155731201 0.055875301361083984
v -1.275809645652771 0.84484279155731201 0.082271501421928406
v -1.5194765329360962 0.84484279155731201 0.028451498597860336
v -1.2760151624679565 0.84484279155731201 0.029479101300239563
v -1.7628351449966431 0.84484279155731201 0.053820095956325531
v -1.7629379034042358 0.84484279155731201 0.02742389589548111
v -1.7627323865890503 0.84484279155731201 0.080216296017169952
v -0.92664021253585815 0 0.10969530791044235
v -0.92664021253585815 0.84484279155731201 0.10969530791044235
v -0.92664021253585815 0 -0.95044809579849243
v -0.92664021253585815 0.84484279155731201 -0.95044809579849243
v -1.0322455167770386 0 -0.95044809579849243
v -1.0322455167770386 0.84484279155731201 -0.95044809579849243
v -2.0065019130706787 2.4289231300354004 0.95044833421707153
v 2.0065014362335205 1.0032508373260498 -0.95044809579849243
v -2.0065019130706787 1.0032508373260498 -0.95044809579849243
v 2.0065014362335205 2.4289231300354004 0.95044833421707153
v -2.1121072769165039 0 9.3020247504682629E-08
v -2.1121072769165039 0.84484279155731201 9.3020247504682629E-08
v -2.1121072769165039 0 1.056053638458252
v -2.1121072769165039 2.6401338577270508 1.056053638458252
v -2.1121072769165039 1.0560535192489624 -1.0560535192489624
v -2.1121072769165039 0.84484279155731201 -1.0560535192489624
v -2.1121072769165039 0.84484279155731201 -0.95044809579849243
v -1.0560537576675415 0 -1.0560535192489624
v -1.0560537576675415 0 -0.95044809579849243
v -1.0560537576675415 0.84484279155731201 -1.0560535192489624
v -1.0560537576675415 0.84484279155731201 -0.95044809579849243
v -2.0065019130706787 0.84484279155731201 -0.95044809579849243
v 2.0065014362335205 0 -0.95044809579849243
v 1.0560532808303833 0 1.056053638458252
v 1.0560532808303833 0 0.95044833421707153
v 1.0560532808303833 0.84484279155731201 1.056053638458252
v 1.0560532808303833 0.84484279155731201 0.95044833421707153
v -2.0065019130706787 0 0.95044833421707153
v 2.1121070384979248 2.6401338577270508 1.056053638458252
v 2.1121070384979248 0 -1.0560535192489624
v 2.1121070384979248 1.0560535192489624 -1.0560535192489624
v 2.1121070384979248 0.84484279155731201 1.056053638458252
v 2.1121070384979248 0.84484279155731201 9.3020375402375066E-08
v 2.1121070384979248 0 9.3020382507802424E-08
v 2.1121070384979248 0 -0.10560526698827744
v 2.0065014362335205 0.84484279155731201 0.95044833421707153
v 2.0065014362335205 0.84484279155731201 1.056053638458252
v 2.0065014362335205 2.6401338577270508 1.056053638458252
v 2.0065014362335205 0.78202188014984131 9.3020410929511854E-08
v 2.0065014362335205 0 9.3020410929511854E-08
v 2.0065014362335205 0.84484279155731201 9.3020410929511854E-08
v 2.0065014362335205 0.84484279155731201 -0.10560526698827744
v 2.0065014362335205 0.78202188014984131 -0.10560526698827744
v 2.0065014362335205 0 -0.10560526698827744
v 1.137225866317749 0 9.3020425140366569E-08
v 1.137225866317749 0.78202188014984131 9.3020474878358073E-08
v 1.137225866317749 0.78202188014984131 -0.10560526698827744
v 1.137225866317749 0 -0.10560526698827744
v 1.0560532808303833 0.84484279155731201 0.94986945390701294
v 0.95044797658920288 0.84484279155731201 0.94986945390701294
v 1.0560532808303833 0 0.94986945390701294
v 0.95044797658920288 0 0.94986945390701294
v 1.0560532808303833 0.84484279155731201 9.3020403824084497E-08
v 1.0560532808303833 0 9.3020403824084497E-08
v 0.95044797658920288 0.84484279155731201 -0.10560526698827744
v 0.95044797658920288 0 -0.10560526698827744
vt 0.1447601318359375 0
vt 0.1447601318359375 0.328998863697052
vt 0.52399516105651855 0
vt 0.52399516105651855 0.328998863697052
vt 0.85507982969284058 0
vt 0.85507982969284058 0.328998863697052
vt 0.47584474086761475 0
vt 0.47584474086761475 0.328998863697052
vt -1.088388204574585 0
vt -1.0472713708877563 0
vt -1.088388204574585 0.328998863697052
vt -1.0472713708877563 0.328998863697052
vt 0.52399516105651855 -1.088388204574585
vt 0.52415525913238525 -1.0472713708877563
vt 0.33445766568183899 -1.0686300992965698
vt 0.1447601318359375 -1.0899889469146729
vt 0.14492018520832062 -1.0488719940185547
vt 0.33449769020080566 -1.0583509206771851
vt 0.42926645278930664 -1.0682299137115479
vt 0.42930644750595093 -1.0579507350921631
vt 0.33441764116287231 -1.0789093971252441
vt 0.42922642827033997 -1.0785092115402222
vt 0.23964889347553253 -1.0690302848815918
vt 0.23960886895656586 -1.0793094635009766
vt 0.23968890309333801 -1.058751106262207
vt 2.0899889469146729 0.328998863697052
vt 2.0488719940185547 0.328998863697052
vt 2.0899889469146729 0
vt 2.0488719940185547 0
vt 0.8552398681640625 -1.0899889469146729
vt 0.85507982969284058 -1.0488719940185547
vt 0.47600480914115906 -1.088388204574585
vt 0.47584474086761475 -1.0472713708877563
vt -1.0472713708877563 0
vt -1.0472713708877563 0.328998863697052
vt -1.4601125717163086 0
vt -1.4601125717163086 0.328998863697052
vt 2.4601125717163086 0
vt 2.0472712516784668 0
vt 2.0472712516784668 0.328998863697052
vt 2.4601125717163086 0.328998863697052
vt 0.47584474086761475 0
vt 0.47584474086761475 0.328998863697052
vt 0.43471992015838623 0
vt 0.43471992015838623 0.328998863697052
vt 0.56528007984161377 -1.0472713708877563
vt 0.52415525913238525 -1.0472713708877563
vt 0.56528007984161377 -1.4601125717163086
vt 0.52415525913238525 -1.4601125717163086
vt 0.8552398681640625 -0.71986514329910278
vt -0.7075047492980957 -1.4601125717163086
vt 0.8552398681640625 -1.4601125717163086
vt -0.7075047492980957 -0.71986514329910278
vt 0.1036352664232254 0
vt 0.1447601318359375 0
vt 0.1036352664232254 0.328998863697052
vt 0.1447601318359375 0.328998863697052
vt 1.6787402629852295 0
vt 1.6787402629852295 1.0281214714050293
vt 2.5012373924255371 0.4112485945224762
vt 2.0899889469146729 0
vt 2.0899889469146729 0.328998863697052
vt 2.5012373924255371 0.328998863697052
vt 2.4601125717163086 0.328998863697052
vt 2.5012373924255371 0
vt 2.4601125717163086 0
vt 2.5012373924255371 0.328998863697052
vt 2.4601125717163086 0.328998863697052
vt 0.89636474847793579 -1.5012375116348267
vt 0.8552398681640625 -1.0899889469146729
vt 0.89636474847793579 -1.0899889469146729
vt 0.48511615395545959 -1.4601125717163086
vt 0.8552398681640625 -1.4601125717163086
vt 0.48511615395545959 -1.5012375116348267
vt 0.89636474847793579 -1.4601125717163086
vt 0.8552398681640625 0.39068615436553955
vt -0.7075047492980957 0
vt 0.48511615395545959 0.328998863697052
vt 0.48511615395545959 0
vt 0.8552398681640625 0.328998863697052
vt 0.43471992015838623 0
vt -0.7075047492980957 0.39068615436553955
vt 0.43471992015838623 0.328998863697052
vt 0.47584474086761475 0
vt 0.47584474086761475 0.328998863697052
vt -0.67874032258987427 0
vt -0.71986514329910278 0
vt -0.67874032258987427 0.328998863697052
vt -0.71986514329910278 0.328998863697052
vt -0.71986514329910278 0.94587177038192749
vt -1.0899889469146729 0
vt -1.0899889469146729 0.328998863697052
vt -1.4601125717163086 0.328998863697052
vt -0.71986514329910278 0
vt -1.4601125717163086 0.39068615436553955
vt 0.89636474847793579 -0.67874032258987427
vt 0.89636474847793579 -1.0899889469146729
vt 0.8552398681640625 -1.0899889469146729
vt -0.33738100528717041 -0.71986514329910278
vt 0.8552398681640625 -0.71986514329910278
vt -0.33738100528717041 -0.67874032258987427
vt -0.67874032258987427 1.0281214714050293
vt -1.5012375116348267 0
vt -1.5012375116348267 0.4112485945224762
vt -0.67874032258987427 0.328998863697052
vt -1.0899889469146729 0.328998863697052
vt -1.0899889469146729 0
vt -1.1311137676239014 0
vt 0.1447601318359375 0.94587177038192749
vt 0.1447601318359375 0
vt 1.3373810052871704 0.328998863697052
vt 1.3373810052871704 0
vt 1.7075047492980957 0.328998863697052
vt 1.7075047492980957 0.94587177038192749
vt 0.89636474847793579 1.0281214714050293
vt -0.74862968921661377 1.0281214714050293
vt 0.89636474847793579 0
vt -0.33738100528717041 0
vt -0.33738100528717041 0.328998863697052
vt -0.74862968921661377 0.328998863697052
vt -0.7075047492980957 0.328998863697052
vt -0.7075047492980957 1.0281214714050293
vt 1.719865083694458 0.94587177038192749
vt 2.4601125717163086 0
vt 2.4601125717163086 0.39068615436553955
vt 2.0899889469146729 0.30453512072563171
vt 2.0899889469146729 0
vt 1.719865083694458 0.328998863697052
vt 2.0899889469146729 0.328998863697052
vt 2.1311137676239014 0.328998863697052
vt 2.1311137676239014 0.30453512072563171
vt 2.1311137676239014 0
vt 1.7486296892166138 0
vt 0.1036352664232254 0.4112485945224762
vt 1.7486296892166138 0.4112485945224762
vt 0.1036352664232254 0.328998863697052
vt 0.51488381624221802 0
vt 0.51488381624221802 0.328998863697052
vt 0.43471992015838623 -1.0472713708877563
vt 0.43471992015838623 -1.4601125717163086
vt 0.47584474086761475 -1.0472713708877563
vt 0.48511615395545959 -1.5012375116348267
vt 0.48511615395545959 -1.4601125717163086
vt -0.7075047492980957 -1.4601125717163086
vt 0.47584474086761475 -1.4601125717163086
vt -0.7075047492980957 -1.0899889469146729
vt -0.74862968921661377 -1.0899889469146729
vt -0.74862968921661377 -1.5012375116348267
vt -0.74862968921661377 -1.1311137676239014
vt -0.7075047492980957 -1.1311137676239014
vt 0.1036352664232254 -1.5012375116348267
vt 0.1036352664232254 -0.67874032258987427
vt 1.7075047492980957 -0.67874032258987427
vt 1.7486296892166138 -0.67874032258987427
vt 1.7486296892166138 -1.5012375116348267
vt -0.7075047492980957 -0.71986514329910278
vt -0.33738100528717041 -0.71986514329910278
vt -0.74862968921661377 -1.0899889469146729
vt -0.7075047492980957 -1.0899889469146729
vt -0.33738100528717041 -0.67874032258987427
vt -0.7075047492980957 -0.67874032258987427
vt -0.74862968921661377 -0.67874032258987427
vt -1.0899889469146729 0
vt -1.0899889469146729 0.30453512072563171
vt -1.1311137676239014 0.30453512072563171
vt -1.1311137676239014 0
vt -0.36899125576019287 -1.0899889469146729
vt -0.36899125576019287 -1.1311137676239014
vt -0.7075047492980957 -1.0899889469146729
vt -0.7075047492980957 -1.1311137676239014
vt -0.33738100528717041 0.328998863697052
vt -0.29625615477561951 0.328998863697052
vt -0.33738100528717041 0
vt -0.29625615477561951 0
vt -0.72009056806564331 0
vt -1.0899889469146729 0.328998863697052
vt -0.72009056806564331 0.328998863697052
vt -1.0899889469146729 0
vt 2.1311137676239014 0.328998863697052
vt 1.7200906276702881 0.328998863697052
vt 2.1311137676239014 0
vt 1.7200906276702881 0
vt -0.74862968921661377 0
vt -0.74862968921661377 0.328998863697052
vt -0.33738100528717041 0
vt -0.33738100528717041 0.328998863697052
vt -0.7075047492980957 0
vt -0.7075047492980957 0.30453512072563171
vt -0.7075047492980957 0.328998863697052
vt -0.36899125576019287 0.30453512072563171
vt -0.36899125576019287 0
vt 1.2962561845779419 0
vt 1.2962561845779419 0.328998863697052
vt 1.3689912557601929 0.30453512072563171
vt 1.3689912557601929 0
vt 1.7075047492980957 0.30453512072563171
vt 1.7075047492980957 0.328998863697052
vt 1.2962561845779419 -0.72009056806564331
vt 1.3373810052871704 -0.72009056806564331
vt 1.2962561845779419 -1.1311137676239014
vt 1.3373810052871704 -1.0899889469146729
vt 1.7075047492980957 -1.0899889469146729
vt 1.7075047492980957 -1.1311137676239014
vt -0.36899125576019287 -1.1311137676239014
vt -0.36899125576019287 -1.0899889469146729
vt -0.33738100528717041 -1.0899889469146729
vt -0.33738100528717041 -0.72009056806564331
vt -0.29625615477561951 -0.72009056806564331
vt -0.29625615477561951 -1.1311137676239014
vn 0.0042207664810121059 0 -0.99999111890792847
vn 0.0042207664810121059 0 -0.99999111890792847
vn 0.0042207664810121059 0 -0.99999111890792847
vn 0.0042207664810121059 0 -0.99999111890792847
vn -0.0042207664810121059 0 0.99999111890792847
vn -0.0042207664810121059 0 0.99999111890792847
vn -0.0042207664810121059 0 0.99999111890792847
vn -0.0042207664810121059 0 0.99999111890792847
vn 0.99999243021011353 0 -0.0038929646834731102
vn 0.99999243021011353 0 -0.0038929646834731102
vn 0.99999243021011353 0 -0.0038929646834731102
vn 0.99999243021011353 0 -0.0038929646834731102
vn 0 1 0
vn 0 1 0
vn 0 1 0
vn 0 1 0
vn 0 1 0
vn 0 1 0
vn 0 1 0
vn 0 1 0
vn 0 1 0
vn 0 1 0
vn 0 1 0
vn 0 1 0
vn 0 1 0
vn -0.99999243021011353 0 0.0038929646834731102
vn -0.99999243021011353 0 0.0038929646834731102
vn -0.99999243021011353 0 0.0038929646834731102
vn -0.99999243021011353 0 0.0038929646834731102
vn 0 -1 0
vn 0 -1 0
vn 0 -1 0
vn 0 -1 0
vn 1 0 0
vn 1 0 0
vn 1 0 0
vn 1 0 0
vn -1 0 0
vn -1 0 0
vn -1 0 0
vn -1 0 0
vn 0 0 1
vn 0 0 1
vn 0 0 1
vn 0 0 1
vn 0 1 0
vn 0 1 0
vn 0 1 0
vn 0 1 0
vn 0 -0.79999995231628418 0.60000002384185791
vn 0 -0.79999995231628418 0.60000002384185791
vn 0 -0.79999995231628418 0.60000002384185791
vn 0 -0.79999995231628418 0.60000002384185791
vn 0 0 -1
vn 0 0 -1
vn 0 0 -1
vn 0 0 -1
vn -1 0 0
vn -1 0 0
vn -1 0 0
vn -1 0 0
vn -1 0 0
vn -1 0 0
vn -1 0 0
vn -1 0 0
vn -1 0 0
vn -1 0 0
vn -1 0 0
vn 0 -1 0
vn 0 -1 0
vn 0 -1 0
vn 0 -1 0
vn 0 -1 0
vn 0 -1 0
vn 0 -1 0
vn 0 0 1
vn 0 0 1
vn 0 0 1
vn 0 0 1
vn 0 0 1
vn 0 0 1
vn 0 0 1
vn 0 0 1
vn 0 0 1
vn 0 0 1
vn 1 0 0
vn 1 0 0
vn 1 0 0
vn 1 0 0
vn 1 0 0
vn 1 0 0
vn 1 0 0
vn 1 0 0
vn 1 0 0
vn 1 0 0
vn 0 -1 0
vn 0 -1 0
vn 0 -1 0
vn 0 -1 0
vn 0 -1 0
vn 0 -1 0
vn 1 0 0
vn 1 0 0
vn 1 0 0
vn 1 0 0
vn 1 0 0
vn 1 0 0
vn 1 0 0
vn 0 0 -1
vn 0 0 -1
vn 0 0 -1
vn 0 0 -1
vn 0 0 -1
vn 0 0 -1
vn 0 0 1
vn 0 0 1
vn 0 0 1
vn 0 0 1
vn 0 0 1
vn 0 0 1
vn 0 0 1
vn 0 0 1
vn -1 0 0
vn -1 0 0
vn -1 0 0
vn -1 0 0
vn -1 0 0
vn -1 0 0
vn -1 0 0
vn -1 0 0
vn -1 0 0
vn -1 0 0
vn 0 0 -1
vn 0 0 -1
vn 0 0 -1
vn 0 0 -1
vn 0 0 -1
vn 0 0 -1
vn 0 -1 0
vn 0 -1 0
vn 0 -1 0
vn 0 -1 0
vn 0 -1 0
vn 0 -1 0
vn 0 -1 0
vn 0 -1 0
vn 0 -1 0
vn 0 -1 0
vn 0 -1 0
vn 0 -1 0
vn 0 0.79999995231628418 -0.60000002384185791
vn 0 0.79999995231628418 -0.60000002384185791
vn 0 0.79999995231628418 -0.60000002384185791
vn 0 0.79999995231628418 -0.60000002384185791
vn 0 0.79999995231628418 -0.60000002384185791
vn 0 -1 0
vn 0 -1 0
vn 0 -1 0
vn 0 -1 0
vn 0 -1 0
vn 0 -1 0
vn 0 -1 0
vn 1 0 0
vn 1 0 0
vn 1 0 0
vn 1 0 0
vn 0 -1 0
vn 0 -1 0
vn 0 -1 0
vn 0 -1 0
vn 0 0 1
vn 0 0 1
vn 0 0 1
vn 0 0 1
vn 1 0 0
vn 1 0 0
vn 1 0 0
vn 1 0 0
vn -1 0 0
vn -1 0 0
vn -1 0 0
vn -1 0 0
vn 0 0 1
vn 0 0 1
vn 0 0 1
vn 0 0 1
vn 0 0 1
vn 0 0 1
vn 0 0 1
vn 0 0 1
vn 0 0 1
vn 0 0 -1
vn 0 0 -1
vn 0 0 -1
vn 0 0 -1
vn 0 0 -1
vn 0 0 -1
vn 0 1 0
vn 0 1 0
vn 0 1 0
vn 0 1 0
vn 0 1 0
vn 0 1 0
vn 0 -1 0
vn 0 -1 0
vn 0 -1 0
vn 0 -1 0
vn 0 -1 0
vn 0 -1 0
f 256/1514/1514 258/1516/1516 257/1515/1515 255/1513/1513
f 260/1518/1518 259/1517/1517 261/1519/1519 262/1520/1520
f 261/1522/1522 257/1521/1521 258/1523/1523 262/1524/1524
f 263/1527/1527 265/1531/1531 268/1534/1534 267/1533/1533
f 264/1530/1530 266/1532/1532 265/1531/1531 263/1527/1527
f 269/1535/1535 263/1527/1527 267/1533/1533 270/1536/1536
f 271/1537/1537 264/1530/1530 263/1527/1527 269/1535/1535
f 268/1534/1534 258/1525/1525 267/1533/1533
f 256/1528/1528 267/1533/1533 258/1525/1525
f 265/1531/1531 258/1525/1525 268/1534/1534
f 266/1532/1532 262/1526/1526 265/1531/1531
f 258/1525/1525 265/1531/1531 262/1526/1526
f 264/1530/1530 262/1526/1526 266/1532/1532
f 269/1535/1535 270/1536/1536 256/1528/1528
f 267/1533/1533 256/1528/1528 270/1536/1536
f 260/1529/1529 269/1535/1535 256/1528/1528
f 260/1529/1529 264/1530/1530 271/1537/1537
f 269/1535/1535 260/1529/1529 271/1537/1537
f 262/1526/1526 264/1530/1530 260/1529/1529
f 260/1539/1539 256/1538/1538 255/1540/1540 259/1541/1541
f 259/1543/1543 255/1542/1542 257/1544/1544 261/1545/1545
f 273/1547/1547 272/1546/1546 274/1548/1548 275/1549/1549
f 277/1553/1553 276/1550/1550 261/1551/1551 262/1552/1552
f 262/1555/1555 261/1554/1554 272/1556/1556 273/1557/1557
f 262/1559/1559 273/1558/1558 275/1560/1560 277/1561/1561
f 281/1565/1565 278/1562/1562 280/1564/1564 279/1563/1563
f 255/1567/1567 282/1566/1566 283/1568/1568 256/1569/1569
f 283/1574/1574 284/1570/1570 285/1571/1571
f 282/1573/1573 284/1570/1570 283/1574/1574
f 286/1572/1572 288/1576/1576 283/1574/1574
f 288/1576/1576 286/1572/1572 287/1575/1575
f 285/1571/1571 286/1572/1572 283/1574/1574
f 290/1578/1578 292/1580/1580 291/1579/1579 289/1577/1577
f 293/1585/1585 256/1582/1582 288/1587/1587
f 283/1583/1583 288/1587/1587 256/1582/1582
f 287/1581/1581 291/1586/1586 293/1585/1585
f 291/1586/1586 292/1584/1584 293/1585/1585
f 288/1587/1587 287/1581/1581 293/1585/1585
f 292/1590/1590 280/1588/1588 293/1592/1592
f 275/1595/1595 279/1594/1594 280/1588/1588
f 292/1590/1590 277/1597/1597 280/1588/1588
f 292/1590/1590 290/1591/1591 277/1597/1597
f 277/1597/1597 275/1595/1595 280/1588/1588
f 294/1589/1589 275/1595/1595 274/1593/1593
f 279/1594/1594 275/1595/1595 294/1589/1589
f 290/1591/1591 276/1596/1596 277/1597/1597
f 296/1599/1599 298/1601/1601 297/1600/1600 295/1598/1598
f 256/1604/1604 278/1602/1602 299/1606/1606
f 255/1603/1603 256/1604/1604 299/1606/1606
f 280/1607/1607 256/1604/1604 293/1605/1605
f 278/1602/1602 256/1604/1604 280/1607/1607
f 296/1611/1611 295/1613/1613 299/1612/1612
f 284/1608/1608 299/1612/1612 295/1613/1613
f 255/1610/1610 299/1612/1612 282/1609/1609
f 284/1608/1608 282/1609/1609 299/1612/1612
f 304/1618/1618 300/1614/1614 303/1617/1617
f 304/1618/1618 306/1620/1620 301/1615/1615
f 300/1614/1614 304/1618/1618 302/1616/1616
f 301/1615/1615 302/1616/1616 304/1618/1618
f 305/1619/1619 306/1620/1620 304/1618/1618
f 278/1621/1621 281/1626/1626 298/1623/1623
f 307/1625/1625 298/1623/1623 281/1626/1626
f 299/1622/1622 278/1621/1621 298/1623/1623
f 298/1623/1623 296/1624/1624 299/1622/1622
f 309/1634/1634 285/1627/1627 297/1631/1631
f 284/1629/1629 297/1631/1631 285/1627/1627
f 309/1634/1634 308/1633/1633 300/1628/1628
f 308/1633/1633 309/1634/1634 297/1631/1631
f 300/1628/1628 308/1633/1633 303/1632/1632
f 284/1629/1629 295/1630/1630 297/1631/1631
f 281/1635/1635 312/1641/1641 307/1640/1640
f 313/1642/1642 312/1641/1641 281/1635/1635
f 314/1643/1643 311/1639/1639 310/1638/1638
f 314/1643/1643 294/1636/1636 315/1644/1644
f 313/1642/1642 279/1637/1637 314/1643/1643
f 294/1636/1636 314/1643/1643 279/1637/1637
f 281/1635/1635 279/1637/1637 313/1642/1642
f 311/1639/1639 314/1643/1643 315/1644/1644
f 289/1649/1649 291/1650/1650 302/1647/1647 301/1645/1645
f 302/1647/1647 291/1650/1650 286/1646/1646
f 287/1648/1648 286/1646/1646 291/1650/1650
f 305/1659/1659 311/1658/1658 315/1662/1662
f 306/1661/1661 305/1659/1659 315/1662/1662
f 261/1653/1653 276/1657/1657 274/1652/1652 272/1651/1651
f 315/1662/1662 294/1656/1656 306/1661/1661
f 274/1652/1652 301/1660/1660 294/1656/1656
f 306/1661/1661 294/1656/1656 301/1660/1660
f 289/1654/1654 301/1660/1660 274/1652/1652
f 290/1655/1655 289/1654/1654 276/1657/1657
f 274/1652/1652 276/1657/1657 289/1654/1654
f 302/1667/1667 286/1663/1663 285/1664/1664 309/1665/1665
f 302/1667/1667 309/1665/1665 300/1666/1666
f 297/1672/1672 298/1669/1669 307/1668/1668
f 307/1668/1668 303/1674/1674 308/1673/1673
f 312/1671/1671 304/1670/1670 307/1668/1668
f 303/1674/1674 307/1668/1668 304/1670/1670
f 297/1672/1672 307/1668/1668 308/1673/1673
f 319/1678/1678 318/1677/1677 317/1676/1676 316/1675/1675
f 318/1680/1680 314/1682/1682 310/1681/1681 317/1679/1679
f 321/1684/1684 323/1686/1686 322/1685/1685 320/1683/1683
f 322/1687/1687 325/1690/1690 324/1688/1688 320/1689/1689
f 321/1692/1692 326/1691/1691 327/1693/1693 323/1694/1694
f 310/1700/1700 311/1699/1699 305/1695/1695
f 312/1701/1701 310/1700/1700 304/1696/1696
f 305/1695/1695 304/1696/1696 310/1700/1700
f 317/1702/1702 325/1697/1697 316/1703/1703
f 324/1698/1698 317/1702/1702 310/1700/1700 312/1701/1701
f 325/1697/1697 317/1702/1702 324/1698/1698
f 318/1706/1706 313/1709/1709 314/1708/1708
f 326/1705/1705 318/1706/1706 327/1704/1704
f 319/1707/1707 327/1704/1704 318/1706/1706
f 313/1709/1709 318/1706/1706 326/1705/1705
f 324/1713/1713 326/1712/1712 321/1710/1710
f 320/1711/1711 324/1713/1713 321/1710/1710
f 313/1715/1715 324/1713/1713 312/1714/1714
f 326/1712/1712 324/1713/1713 313/1715/1715
f 319/1716/1716 316/1717/1717 325/1718/1718
f 327/1721/1721 319/1716/1716 325/1718/1718
f 325/1718/1718 323/1720/1720 327/1721/1721
f 322/1719/1719 323/1720/1720 325/1718/1718
v -2.5032093524932861 0.35453912615776062 0.43420746922492981
v -2.4920175075531006 0.26187834143638611 0.4366077184677124
v -2.4756650924682617 0.32384258508682251 0.42446383833885193
v -2.5860936641693115 0.19413751363754272 0.44052800536155701
v -2.5857255458831787 0.12636187672615051 0.43936380743980408
v -2.57564377784729 0.14991907775402069 0.4623187780380249
v -2.517470121383667 0.18949300050735474 0.46264639496803284
v -2.4877843856811523 0.15319055318832397 0.43470361828804016
v -2.4696118831634521 0.2031078040599823 0.41620248556137085
v -2.5315313339233398 0.27255725860595703 0.37042245268821716
v -2.5373539924621582 0.32383856177330017 0.38068777322769165
v -2.5070033073425293 0.30222681164741516 0.37144646048545837
v -2.5205404758453369 0.3457682728767395 0.44995447993278503
v -2.543053150177002 0.37789613008499146 0.37456768751144409
v -2.522801399230957 0.38828280568122864 0.37548071146011353
v -2.5269989967346191 0.36218652129173279 0.37597697973251343
v -2.5642704963684082 0.093362018465995789 0.42514234781265259
v -2.5434482097625732 0.093527019023895264 0.44107508659362793
v -2.5540544986724854 0.095610000193119049 0.46607771515846252
v -2.5028438568115234 0.19858077168464661 0.35447129607200623
v -2.4845402240753174 0.24391379952430725 0.36630284786224365
v -2.4802987575531006 0.19697238504886627 0.36537346243858337
v -2.5837125778198242 0.42509758472442627 0.46364107728004456
v -2.5914123058319092 0.39930647611618042 0.46644467115402222
v -2.5817592144012451 0.39472407102584839 0.49074620008468628
v -2.5658786296844482 0.24127823114395142 0.46821507811546326
v -2.5594038963317871 0.30921646952629089 0.46312001347541809
v -2.5744962692260742 0.30872634053230286 0.44749298691749573
v -2.5096449851989746 0.27122923731803894 0.36981785297393799
v -2.4341492652893066 0.29924148321151733 0.37110033631324768
v -2.4477941989898682 0.34214392304420471 0.38172870874404907
v -2.4321470260620117 0.32981753349304199 0.40177658200263977
v -2.5152826309204102 0.085757628083229065 0.46079227328300476
v -2.5132546424865723 0.04081420972943306 0.45088648796081543
v -2.5085380077362061 0.064124032855033875 0.4370492696762085
v -2.5283496379852295 0.040353365242481232 0.44395804405212402
v -2.5856063365936279 0.36557549238204956 0.48952946066856384
v -2.59352707862854 0.37638434767723083 0.46609368920326233
v -2.5944018363952637 0.34862631559371948 0.47097611427307129
v -2.5680050849914551 0.37179878354072571 0.47795400023460388
v -2.5031249523162842 0.10091262310743332 0.35559245944023132
v -2.5180063247680664 0.10123668611049652 0.37592899799346924
v -2.555419921875 0.096292994916439056 0.39647439122200012
v -2.5565626621246338 0.31685775518417358 0.39105430245399475
v -2.5490405559539795 0.24629034101963043 0.38083982467651367
v -2.5663471221923828 0.26605978608131409 0.40344023704528809
v -2.4432408809661865 0.32292884588241577 0.42386707663536072
v -2.4611809253692627 0.35889947414398193 0.42170757055282593
v -2.421541690826416 0.31129679083824158 0.39735531806945801
v -2.5593876838684082 0.4501757025718689 0.42526620626449585
v -2.5842230319976807 0.4138067364692688 0.43197879195213318
v -2.5684101581573486 0.44047257304191589 0.44985467195510864
v -2.4907774925231934 0.41545441746711731 0.37484091520309448
v -2.4774184226989746 0.39263570308685303 0.40601891279220581
v -2.4819507598876953 0.3863677978515625 0.37578371167182922
v -2.5691466331481934 0.50573623180389404 0.44923701882362366
v -2.5629861354827881 0.46013674139976501 0.43705600500106812
v -2.5472652912139893 0.47473546862602234 0.44980156421661377
v -2.5511951446533203 0.44562113285064697 0.41715472936630249
v -2.5417633056640625 0.49203497171401978 0.40091672539710999
v -2.5315437316894531 0.47484010457992554 0.42044022679328918
v -2.4882388114929199 0.096859738230705261 0.42835542559623718
v -2.4708347320556641 0.12567062675952911 0.4302946925163269
v -2.5102071762084961 0.12370145320892334 0.45985269546508789
v -2.5228066444396973 0.090352967381477356 0.40332084894180298
v -2.4365723133087158 0.2575061023235321 0.40395507216453552
v -2.4238414764404297 0.26274219155311584 0.39107123017311096
v -2.4084813594818115 0.27685075998306274 0.41115373373031616
v -2.4693877696990967 0.21990114450454712 0.38895267248153687
v -2.5118179321289062 0.23578283190727234 0.45982187986373901
v -2.5341594219207764 0.26367878913879395 0.47024169564247131
v -2.5417604446411133 0.21562579274177551 0.47283089160919189
v -2.5590686798095703 0.39067506790161133 0.38210460543632507
v -2.5770053863525391 0.39366325736045837 0.39729651808738708
v -2.5800831317901611 0.28773292899131775 0.42384150624275208
v -2.5793235301971436 0.32972139120101929 0.42845714092254639
v -2.5702259540557861 0.31101241707801819 0.40626427531242371
v -2.5209674835205078 0.39278513193130493 0.45942965149879456
v -2.4910848140716553 0.42147958278656006 0.40874782204627991
v -2.5263876914978027 0.44721704721450806 0.44136056303977966
v -2.4972972869873047 0.43679600954055786 0.38874509930610657
v -2.5252411365509033 0.45356708765029907 0.42090743780136108
v -2.5302047729492188 0.42215114831924438 0.4664742648601532
v -2.5512063503265381 0.44154906272888184 0.470267653465271
v -2.5675458908081055 0.42391365766525269 0.4863094687461853
v -2.5596070289611816 0.35018756985664368 0.46461859345436096
v -2.5635807514190674 0.36592477560043335 0.47078448534011841
v -2.5889279842376709 0.37083905935287476 0.45314157009124756
v -2.581801176071167 0.51386290788650513 0.42228096723556519
v -2.5840744972229004 0.48901182413101196 0.42082464694976807
v -2.5147318840026855 0.51616048812866211 0.4291975200176239
v -2.5214588642120361 0.49198746681213379 0.42284470796585083
v -2.5176384449005127 0.42859953641891479 0.38146308064460754
v -2.5308468341827393 0.41504055261611938 0.37916335463523865
v -2.4833378791809082 0.094932958483695984 0.39701652526855469
v -2.4612081050872803 0.12603171169757843 0.4059695303440094
v -2.5056807994842529 0.047679726034402847 0.41392722725868225
v -2.5213901996612549 0.051010061055421829 0.40395066142082214
v -2.5238568782806396 0.015271990559995174 0.3983587920665741
v -2.4937841892242432 0.10130466520786285 0.37773892283439636
v -2.517869234085083 0.078517444431781769 0.39504927396774292
v -2.492119312286377 0.047253631055355072 0.40469327569007874
v -2.501267671585083 0.01817917637526989 0.41311383247375488
v -2.4885632991790771 0.29284229874610901 0.36763796210289001
v -2.4548549652099609 0.32245361804962158 0.36662209033966064
v -2.4565162658691406 0.28132572770118713 0.36205926537513733
v -2.4916524887084961 0.3901398777961731 0.36512202024459839
v -2.4687976837158203 0.1240590438246727 0.38312909007072449
v -2.4248132705688477 0.28042173385620117 0.41816014051437378
v -2.4453961849212646 0.28769657015800476 0.42169144749641418
v -2.5100851058959961 0.013068337924778461 0.43698814511299133
v -2.5309319496154785 0.012605726718902588 0.42786774039268494
v -2.5761830806732178 0.32949885725975037 0.44841739535331726
v -2.5895323753356934 0.3716098964214325 0.40894186496734619
v -2.4757301807403564 0.097778379917144775 0.36507338285446167
v -2.4765768051147461 0.35705915093421936 0.37402710318565369
v -2.4805023670196533 0.32846331596374512 0.36410021781921387
v -2.4778358936309814 0.31698444485664368 0.35131144523620605
v -2.5083732604980469 0.36261415481567383 0.36724308133125305
v -2.5066516399383545 0.38846862316131592 0.36854016780853271
v -2.5343258380889893 0.00099418917670845985 0.3829076886177063
v -2.5264689922332764 0.015638606622815132 0.37413316965103149
v -2.5415301322937012 0.0042240796610713005 0.35746511816978455
v -2.5053837299346924 0.0070647574029862881 0.37862610816955566
v -2.5403792858123779 0.37829917669296265 0.47188383340835571
v -2.5684800148010254 0.1267094761133194 0.37849652767181396
v -2.5710930824279785 0.19870030879974365 0.39302018284797668
v -2.5422427654266357 0.12933312356472015 0.3522280752658844
v -2.5834207534790039 0.1478307843208313 0.40731972455978394
v -2.4886293411254883 0.073573052883148193 0.41219469904899597
v -2.4967448711395264 0.07735355943441391 0.39377269148826599
v -2.514326810836792 0.026180904358625412 0.38683623075485229
v -2.5273728370666504 0.5230596661567688 0.44560158252716064
v -2.5421142578125 0.53912955522537231 0.42192259430885315
v -2.5598735809326172 0.53147858381271362 0.44632530212402344
v -2.5168211460113525 0.51148664951324463 0.45381084084510803
v -2.5377216339111328 0.51634407043457031 0.46031707525253296
v -2.544766902923584 0.49470898509025574 0.45943576097488403
v -2.5178394317626953 0.48764905333518982 0.45051315426826477
v -2.5528550148010254 0.201030433177948 0.37295010685920715
v -2.5295124053955078 0.22493644058704376 0.36501839756965637
v -2.5172293186187744 -0.0069701471365988255 0.44213077425956726
v -2.553053617477417 -0.0070391115732491016 0.42853429913520813
v -2.5362045764923096 0.018173834308981895 0.44093716144561768
v -2.5379786491394043 0.00070871645584702492 0.45260074734687805
v -2.5076503753662109 -0.0041336356662213802 0.45280781388282776
v -2.4671432971954346 0.24027115106582642 0.38577032089233398
v -2.4710943698883057 0.25016123056411743 0.36160722374916077
v -2.4434521198272705 0.25187662243843079 0.37687820196151733
v -2.5701723098754883 0.46294599771499634 0.40699875354766846
v -2.5097389221191406 0.097984112799167633 0.42349204421043396
v -2.5206971168518066 0.041119128465652466 0.42979210615158081
v -2.530919075012207 0.086586251854896545 0.42212033271789551
v -2.5488009452819824 0.16960343718528748 0.47226783633232117
v -2.5218155384063721 0.14785702526569366 0.4702698290348053
v -2.5338103771209717 0.51666355133056641 0.40444499254226685
v -2.5713744163513184 0.49019801616668701 0.39773344993591309
v -2.5669548511505127 0.51278811693191528 0.39509755373001099
v -2.5914428234100342 0.28823655843734741 0.45497557520866394
v -2.6076393127441406 0.25987815856933594 0.45151475071907043
v -2.6005566120147705 0.30387702584266663 0.46391430497169495
v -2.5859432220458984 0.33889761567115784 0.48682817816734314
v -2.5976076126098633 0.26959428191184998 0.45992055535316467
v -2.5716159343719482 0.19370137155056 0.46570685505867004
v -2.5588035583496094 0.12695083022117615 0.47560551762580872
v -2.5451428890228271 0.40012136101722717 0.4818890392780304
v -2.5771541595458984 0.33148640394210815 0.47203633189201355
v -2.5641617774963379 0.37730377912521362 0.38123396039009094
v -2.5621407032012939 0.33830982446670532 0.39420241117477417
v -2.5463869571685791 0.34678718447685242 0.38244542479515076
v -2.5285282135009766 -0.0071114413440227509 0.36161068081855774
v -2.5097453594207764 -0.0071584503166377544 0.40091413259506226
v -2.5027756690979004 0.37726551294326782 0.43388298153877258
v -2.4210574626922607 0.28098446130752563 0.38137984275817871
v -2.4788873195648193 0.36466008424758911 0.36351871490478516
v -2.4880270957946777 0.30993923544883728 0.33645734190940857
v -2.4898474216461182 0.26315724849700928 0.33482557535171509
v -2.4935798645019531 0.26276636123657227 0.320208340883255
v -2.4873523712158203 0.29320913553237915 0.32996678352355957
v -2.4999086856842041 0.29349789023399353 0.34257346391677856
v -2.4942753314971924 0.30899828672409058 0.35236966609954834
v -2.5011222362518311 0.28032559156417847 0.33425807952880859
v -2.599370002746582 0.38638597726821899 0.42705819010734558
v -2.4910340309143066 0.1258663684129715 0.3509058952331543
v -2.5222952365875244 0.15700654685497284 0.34537327289581299
v -2.5615479946136475 0.0037979003973305225 0.41860091686248779
v -2.4975409507751465 0.25027686357498169 0.33235469460487366
v -2.5054926872253418 0.25365737080574036 0.32274660468101501
v -2.4838953018188477 0.24518013000488281 0.32701557874679565
v -2.5834743976593018 0.24052034318447113 0.44800364971160889
v -2.4719552993774414 0.25682640075683594 0.41046303510665894
v -2.464608907699585 0.30198466777801514 0.42232266068458557
v -2.4635570049285889 0.33342823386192322 0.37013962864875793
v -2.4540450572967529 0.37095794081687927 0.4081052839756012
v -2.5343632698059082 0.2900623083114624 0.46654567122459412
v -2.5385456085205078 0.33725190162658691 0.46057140827178955
v -2.5469851493835449 0.45719686150550842 0.45050269365310669
v -2.5611791610717773 0.52895158529281616 0.40067732334136963
v -2.5727584362030029 0.53190445899963379 0.4242708683013916
v -2.5245523452758789 0.10607772320508957 0.47159048914909363
v -2.5454516410827637 0.1068369448184967 0.47826734185218811
v -2.5693738460540771 0.093178987503051758 0.46080029010772705
v -2.5795385837554932 0.10262514650821686 0.46415397524833679
v -2.5870010852813721 0.1051478236913681 0.44242218136787415
v -2.5236952304840088 0.0064282673411071301 0.35655456781387329
v -2.5971107482910156 0.26765057444572449 0.4424515962600708
v -2.5933759212493896 0.24271295964717865 0.43708845973014832
v -2.6085605621337891 0.23309269547462463 0.44489997625350952
v -2.5876023769378662 0.19662003219127655 0.41430085897445679
v -2.4903008937835693 0.31731951236724854 0.3666483461856842
v -2.4985978603363037 0.34251219034194946 0.3633943498134613
v -2.4922728538513184 0.34782111644744873 0.34882262349128723
v -2.5768568515777588 0.46884024143218994 0.42232754826545715
v -2.5386917591094971 0.092346914112567902 0.46905151009559631
v -2.4188036918640137 0.2967352569103241 0.41915512084960938
v -2.5615835189819336 0.004137593787163496 0.42911350727081299
v -2.4970865249633789 0.15304931998252869 0.35299935936927795
v -2.5296435356140137 0.17994771897792816 0.35375621914863586
v -2.4767365455627441 0.14990478754043579 0.3657253086566925
v -2.4841518402099609 0.36558723449707031 0.42096492648124695
v -2.4788672924041748 0.38493606448173523 0.42000705003738403
v -2.5200502872467041 0.097407646477222443 0.34011691808700562
v -2.5680158138275146 0.10169016569852829 0.38208296895027161
v -2.5894198417663574 0.098278850317001343 0.41441714763641357
v -2.5033321380615234 0.074797362089157104 0.41765934228897095
v -2.5380673408508301 -0.007348089013248682 0.36201915144920349
v -2.4545049667358398 0.25688201189041138 0.36165216565132141
v -2.4352946281433105 0.2650148868560791 0.37312069535255432
v -2.4802718162536621 0.29919850826263428 0.34726980328559875
v -2.4839911460876465 0.28331193327903748 0.34028270840644836
v -2.5387058258056641 0.31335678696632385 0.46106299757957458
v -2.5126116275787354 0.29185393452644348 0.45598530769348145
v -2.4078245162963867 0.29429453611373901 0.40274778008460999
v -2.5293841361999512 0.47017914056777954 0.44024893641471863
v -2.5148844718933105 0.13221295177936554 0.34196430444717407
v -2.5355799198150635 0.12731385231018066 0.47576192021369934
v -2.4932107925415039 0.36845791339874268 0.35715708136558533
v -2.5134363174438477 0.33339717984199524 0.37580785155296326
v -2.5938589572906494 0.39487805962562561 0.44518169760704041
v -2.4538047313690186 0.24253319203853607 0.3906550407409668
v -2.5919137001037598 0.39341151714324951 0.41314074397087097
v -2.5072536468505859 0.41424280405044556 0.37311625480651855
v -2.4426150321960449 0.27470842003822327 0.36362329125404358
v -2.4971978664398193 -0.007116248831152916 0.4091809093952179
v -2.5021224021911621 0.17739121615886688 0.35528180003166199
v -2.5636467933654785 0.093682728707790375 0.47007912397384644
v -2.5676391124725342 0.10290676355361938 0.47765854001045227
v -2.6019196510314941 0.24697066843509674 0.45528602600097656
v -2.4923286437988281 0.25017803907394409 0.3167593777179718
vt 1.0486677885055542 0.13806469738483429
vt 1.0443094968795776 0.10198071599006653
vt 1.0379414558410645 0.12611085176467896
vt 1.9184384346008301 0.075601071119308472
vt 1.9188917875289917 0.049207869917154312
vt 1.9099526405334473 0.058381516486406326
vt 1.0542212724685669 0.073792405426502228
vt 1.0426609516143799 0.059655498713254929
vt 1.0355842113494873 0.079094283282756805
vt -0.059696938842535019 0.10613930225372314
vt -0.061964400112628937 0.1261092871427536
vt -0.050145231187343597 0.117693230509758
vt 1.0443094968795776 0.10198071599006653
vt 1.0486677885055542 0.13806469738483429
vt 1.0554168224334717 0.13464915752410889
vt -0.064183764159679413 0.14716039597988129
vt -0.056297324597835541 0.15120516717433929
vt -0.057931955903768539 0.14104275405406952
vt 1.0724462270736694 -0.92442989349365234
vt 1.0643376111984253 -0.91822534799575806
vt 1.0684678554534912 -0.90848886966705322
vt -0.048525456339120865 0.077331364154815674
vt -0.041397649794816971 0.094984963536262512
vt -0.039745938032865524 0.076705023646354675
vt 1.9094377756118774 0.16554158926010132
vt 1.9083459377288818 0.15549801290035248
vt 1.8988823890686035 0.15371352434158325
vt 1.9076565504074097 0.093958616256713867
vt 1.9096406698226929 0.12041514366865158
vt 1.9157260656356812 0.12022427469491959
vt -0.050145231187343597 0.117693230509758
vt -0.051173951476812363 0.10562214255332947
vt -0.059696938842535019 0.10613930225372314
vt -0.94547498226165771 0.11653067916631699
vt -0.94133603572845459 0.13323776423931122
vt -0.93352901935577393 0.12843760848045349
vt -0.91054707765579224 0.033395752310752869
vt -0.91440463066101074 0.015893878415226936
vt -0.91979312896728516 0.024971194565296173
vt 1.053369402885437 0.033395752310752869
vt 1.0643376111984253 0.036421310156583786
vt 1.0584579706192017 0.015714416280388832
vt 1.8993562459945679 0.14236249029636383
vt 1.9084826707839966 0.14657166600227356
vt 1.9065812826156616 0.13576212525367737
vt -0.084179982542991638 0.13576212525367737
vt -0.083839334547519684 0.14657166600227356
vt -0.073900550603866577 0.14478595554828644
vt 1.0486348867416382 -0.95151406526565552
vt 1.0544300079345703 -0.94359457492828369
vt 1.0689996480941772 -0.93559378385543823
vt 1.9377044439315796 0.12339081615209579
vt 1.9416822195053101 0.095910437405109406
vt 1.9328811168670654 0.10360905528068542
vt 1.0253148078918457 0.12575501203536987
vt 1.0323010683059692 0.13976271450519562
vt 1.0379414558410645 0.12611085176467896
vt -0.93352901935577393 0.12843760848045349
vt -0.93525075912475586 0.1212252601981163
vt -0.94547498226165771 0.11653067916631699
vt 1.9243817329406738 0.1753075122833252
vt 1.9217677116394043 0.16114470362663269
vt 1.9148064851760864 0.17152892053127289
vt -0.94401830434799194 0.16178634762763977
vt -0.93187695741653442 0.15290027856826782
vt -0.94365113973617554 0.15045942366123199
vt 1.0743451118469238 0.19694390892982483
vt 1.0719460248947144 0.17918653786182404
vt 1.065824031829834 0.18487158417701721
vt -0.06735442578792572 0.17353387176990509
vt -0.063681475818157196 0.19160835444927216
vt -0.059701766818761826 0.18491233885288239
vt 1.0428379774093628 0.037719137966632843
vt 1.0360604524612427 0.048938680440187454
vt 1.0513929128646851 0.048171844333410263
vt 1.0689996480941772 -0.93559378385543823
vt 1.0544300079345703 -0.94359457492828369
vt 1.0562993288040161 -0.93292766809463501
vt 1.0227179527282715 -0.93268066644668579
vt 1.0177602767944336 -0.9376978874206543
vt 1.0117788314819336 -0.92987734079360962
vt -0.93852287530899048 0.085633948445320129
vt -0.94770509004592896 0.076705023646354675
vt -0.94734317064285278 0.094984963536262512
vt 1.0520201921463013 0.09181860089302063
vt 1.0607203245162964 0.10268184542655945
vt 1.0636804103851318 0.083969041705131531
vt 1.0684678554534912 -0.90848886966705322
vt 1.0643376111984253 -0.91822534799575806
vt 1.053369402885437 -0.91054707765579224
vt -0.070420540869235992 0.15213677287101746
vt -0.077405452728271484 0.15330043435096741
vt -0.06735442578792572 0.17353387176990509
vt 1.9249365329742432 0.11204901337623596
vt 1.9231390953063965 0.12840017676353455
vt 1.9317814111709595 0.12111452221870422
vt -0.91107773780822754 0.1529584676027298
vt -0.93081426620483398 0.16413266956806183
vt -0.91811418533325195 0.17415535449981689
vt -0.93860375881195068 0.17009718716144562
vt -0.92607909440994263 0.17662818729877472
vt -0.93081426620483398 0.16413266956806183
vt 1.0591803789138794 0.16439418494701385
vt 1.0673587322235107 0.17194811999797821
vt 1.0737217664718628 0.16508054733276367
vt 1.0706301927566528 0.13637012243270874
vt 1.0721776485443115 0.14249850809574127
vt 1.0820482969284058 0.14441221952438354
vt 1.9150469303131104 0.19694390892982483
vt 1.9255441427230835 0.200108602643013
vt 1.9261113405227661 0.19043108820915222
vt -0.92285072803497314 0.20100332796573639
vt -0.92532467842102051 0.19158986210823059
vt -0.93386387825012207 0.19160835444927216
vt -0.054286766797304153 -0.94143950939178467
vt -0.06735442578792572 -0.92754042148590088
vt -0.057247407734394073 -0.92607909440994263
vt -0.059430379420518875 0.16162517666816711
vt -0.070420540869235992 0.15213677287101746
vt -0.06735442578792572 0.17353387176990509
vt -0.92317867279052734 0.037719137966632843
vt -0.9353826642036438 0.036968812346458435
vt -0.93189620971679688 0.049079295247793198
vt 1.0496301651000977 0.018567448481917381
vt 1.0557477474212646 0.019864348694682121
vt 1.0567083358764648 0.0059472215361893177
vt -0.044997438788414001 0.039450082927942276
vt -0.054376639425754547 0.030576279386878014
vt -0.056299369782209396 0.035185270011425018
vt 1.0443490743637085 0.01840151846408844
vt 1.0496301651000977 0.018567448481917381
vt 1.0479116439819336 0.0070793386548757553
vt -0.04296431690454483 0.11403870582580566
vt -0.029837612062692642 0.12556995451450348
vt -0.030484555289149284 0.10955392569303513
vt -0.94365113973617554 0.15045942366123199
vt -0.94780302047729492 0.15192835032939911
vt -0.94401830434799194 0.16178634762763977
vt -0.94079071283340454 0.048311099410057068
vt -0.93852287530899048 0.085633948445320129
vt -0.92791128158569336 0.079094283282756805
vt 1.0227179527282715 0.10027807950973511
vt 1.0181387662887573 0.10920189321041107
vt 1.0261541604995728 0.11203485727310181
vt -0.050742872059345245 0.024971194565296173
vt -0.051345344632863998 0.0050890748389065266
vt -0.059463527053594589 0.0049089249223470688
vt 1.0584579706192017 0.015714416280388832
vt 1.0525796413421631 0.015893878415226936
vt 1.053369402885437 0.033395752310752869
vt 1.0820482969284058 0.14441221952438354
vt 1.0770852565765381 0.12831351161003113
vt 1.0706301927566528 0.13637012243270874
vt 1.9307386875152588 0.14471240341663361
vt 1.9317814111709595 0.12111452221870422
vt 1.9231390953063965 0.12840017676353455
vt -0.9353826642036438 0.036968812346458435
vt -0.9478219747543335 0.038076877593994141
vt -0.94079071283340454 0.048311099410057068
vt -0.94770509004592896 0.076705023646354675
vt -0.93852287530899048 0.085633948445320129
vt -0.94079071283340454 0.048311099410057068
vt -0.9443352222442627 0.13904604315757751
vt -0.94820094108581543 0.12791025638580322
vt -0.95318114757537842 0.12344014644622803
vt -0.050678715109825134 0.14120927453041077
vt -0.050008282065391541 0.15127752721309662
vt -0.044167309999465942 0.15192835032939911
vt 1.9408769607543945 0.00038715734262950718
vt 1.9442938566207886 0.0060899895615875721
vt 1.9507848024368286 0.0016449419781565666
vt -0.92911404371261597 0.0070793386548757553
vt -0.94254428148269653 0.0027511592488735914
vt -0.93239319324493408 0.01840151846408844
vt 1.0631425380706787 0.14731734991073608
vt 1.0721776485443115 0.14249850809574127
vt 1.0706301927566528 0.13637012243270874
vt -0.91107773780822754 0.1529584676027298
vt -0.9147675633430481 0.13464915752410889
vt -0.92089974880218506 0.13806469738483429
vt 1.9425947666168213 0.049343232065439224
vt 1.9369388818740845 0.077377915382385254
vt 1.9528242349624634 0.050364930182695389
vt 1.9313703775405884 0.057568293064832687
vt 1.9188917875289917 0.049207869917154312
vt 1.9184384346008301 0.075601071119308472
vt -0.92317867279052734 0.037719137966632843
vt -0.92947196960449219 0.028650833293795586
vt -0.93664586544036865 0.030123038217425346
vt 1.9366458654403687 0.030123038217425346
vt 1.9393470287322998 0.010195373557507992
vt 1.9348599910736084 0.0059472215361893177
vt -0.058077536523342133 -0.91646265983581543
vt -0.06381814181804657 -0.92568373680114746
vt -0.070733979344367981 -0.91618084907531738
vt 1.0539685487747192 0.19918324053287506
vt 1.0621075630187988 0.20107480883598328
vt 1.0648511648178101 0.19264967739582062
vt 1.0673587322235107 0.17194811999797821
vt 1.0591803789138794 0.16439418494701385
vt 1.0576939582824707 0.17415535449981689
vt 1.0648511648178101 0.19264967739582062
vt 1.0543650388717651 0.18990039825439453
vt 1.0539685487747192 0.19918324053287506
vt 1.9447546005249023 0.07828531414270401
vt 1.9528242349624634 0.050364930182695389
vt 1.9369388818740845 0.077377915382385254
vt -0.051173951476812363 0.10562214255332947
vt -0.048525456339120865 0.077331364154815674
vt -0.058910727500915527 0.087594792246818542
vt -0.059463527053594589 0.0049089249223470688
vt -0.054127443581819534 -0.0027143161278218031
vt -0.06807815283536911 -0.0027411722112447023
vt 1.0615167617797852 0.0070772585459053516
vt 1.0622076988220215 0.00027598851011134684
vt 1.0503971576690674 -0.0016097212210297585
vt 1.0346229076385498 -0.9397621750831604
vt 1.0361615419387817 -0.94917178153991699
vt 1.0253970623016357 -0.94322496652603149
vt -0.030484555289149284 0.10955392569303513
vt -0.036161564290523529 0.097417838871479034
vt -0.04296431690454483 0.11403870582580566
vt -0.074744515120983124 0.18028052151203156
vt -0.063681475818157196 0.19160835444927216
vt -0.06735442578792572 0.17353387176990509
vt 1.9148064851760864 0.17152892053127289
vt 1.919790506362915 0.17918653786182404
vt 1.9243817329406738 0.1753075122833252
vt 1.0512105226516724 -0.92507255077362061
vt 1.0562993288040161 -0.93292766809463501
vt 1.0543766021728516 -0.93614876270294189
vt -0.050742872059345245 0.024971194565296173
vt -0.055477876216173172 0.016012620180845261
vt -0.059458512812852859 0.03371843695640564
vt 1.0664221048355103 0.066047005355358124
vt 1.0559134483337402 0.057578511536121368
vt 1.0542212724685669 0.073792405426502228
vt -0.90982508659362793 0.073792405426502228
vt -0.90685635805130005 0.057578511536121368
vt -0.92070657014846802 0.059655498713254929
vt -0.93248987197875977 0.2011992335319519
vt -0.92568373680114746 0.20994794368743896
vt -0.91646265983581543 0.20369000732898712
vt -0.063681475818157196 0.19160835444927216
vt -0.075212642550468445 0.19089300930500031
vt -0.073491573333740234 0.19969005882740021
vt -0.083027683198451996 0.11224514245986938
vt -0.089334920048713684 0.10120180994272232
vt -0.086576774716377258 0.11833585053682327
vt -0.90040820837020874 0.13197357952594757
vt -0.91088658571243286 0.10498546063899994
vt -0.91281223297119141 0.11224514245986938
vt 1.9184384346008301 0.075601071119308472
vt 1.9099526405334473 0.058381516486406326
vt 1.9086332321166992 0.075431227684020996
vt 1.0559134483337402 0.057578511536121368
vt 1.0664221048355103 0.066047005355358124
vt 1.070317268371582 0.04943721741437912
vt 1.073900580406189 0.14478595554828644
vt 1.0649975538253784 0.15581534802913666
vt 1.0737217664718628 0.16508054733276367
vt -0.89935624599456787 0.14236249029636383
vt -0.90040820837020874 0.13197357952594757
vt -0.90616846084594727 0.12908750772476196
vt 1.9307386875152588 0.14471240341663361
vt 1.9415286779403687 0.14692971110343933
vt 1.9364784955978394 0.13174468278884888
vt -0.057931955903768539 0.14104275405406952
vt -0.065482020378112793 0.13504593074321747
vt -0.072403892874717712 0.14692971110343933
vt 1.0567083358764648 0.0059472215361893177
vt 1.0479116439819336 0.0070793386548757553
vt 1.0496301651000977 0.018567448481917381
vt 1.060785174369812 -0.94087696075439453
vt 1.0585274696350098 -0.94917041063308716
vt 1.0512130260467529 -0.93386489152908325
vt -0.93352901935577393 0.12843760848045349
vt -0.92576748132705688 0.13976271450519562
vt -0.9249265193939209 0.12575501203536987
vt -0.91107773780822754 0.1529584676027298
vt -0.92102611064910889 0.14691480994224548
vt -0.93081426620483398 0.16413266956806183
vt -0.030484555289149284 0.10955392569303513
vt -0.029837612062692642 0.12556995451450348
vt -0.021774392575025558 0.11653067916631699
vt -0.92987734079360962 0.10781127959489822
vt -0.9376978874206543 0.10231711715459824
vt -0.94147193431854248 0.1094210296869278
vt -0.94842737913131714 0.14200600981712341
vt -0.95318114757537842 0.12344014644622803
vt -0.95896565914154053 0.12069660425186157
vt -0.95960110425949097 0.1024787500500679
vt -0.96529334783554077 0.10232652723789215
vt -0.96149319410324097 0.11418156325817108
vt 1.9565838575363159 0.11429400742053986
vt 1.9527690410614014 0.12033017724752426
vt 1.9589656591415405 0.12069660425186157
vt -0.047855023294687271 0.10916444659233093
vt -0.04738244041800499 0.11429400742053986
vt -0.042492758482694626 0.11418156325817108
vt 1.9135264158248901 0.14441221952438354
vt 1.9236838817596436 0.15046650171279907
vt 1.9231390953063965 0.12840017676353455
vt 1.9083459377288818 0.15549801290035248
vt 1.9094377756118774 0.16554158926010132
vt 1.9217677116394043 0.16114470362663269
vt -0.037966843694448471 0.038076877593994141
vt -0.04863492026925087 0.03929741308093071
vt -0.04392646998167038 0.049014907330274582
vt -0.056100215762853622 0.061141520738601685
vt -0.063868187367916107 0.050364930182695389
vt -0.068000808358192444 0.07828531414270401
vt 1.9256067276000977 0.03371843695640564
vt 1.9226192235946655 0.016012620180845261
vt 1.9171026945114136 0.015714416280388832
vt -0.071386031806468964 -0.92697727680206299
vt -0.061516795307397842 -0.91827911138534546
vt -0.059463527053594589 -0.92336857318878174
vt 1.9605633020401001 0.097462870180606842
vt 1.9596010446548462 0.1024787500500679
vt 1.9643049240112305 0.098779305815696716
vt -0.95960110425949097 0.1024787500500679
vt -0.96264243125915527 0.09547809511423111
vt -0.96529334783554077 0.10232652723789215
vt 1.0512105226516724 -0.92507255077362061
vt 1.0428379774093628 -0.92317867279052734
vt 1.053369402885437 -0.91054707765579224
vt 1.0429900884628296 0.028650833293795586
vt 1.0428379774093628 0.037719137966632843
vt 1.0512105226516724 0.038156993687152863
vt 1.9155272245407104 0.093663483858108521
vt 1.9157260656356812 0.12022427469491959
vt 1.9249365329742432 0.11204901337623596
vt 1.9157260656356812 0.12022427469491959
vt 1.9155272245407104 0.093663483858108521
vt 1.9076565504074097 0.093958616256713867
vt -0.91996508836746216 0.10198071599006653
vt -0.93014633655548096 0.10001339018344879
vt -0.92469412088394165 0.12611085176467896
vt -0.93014633655548096 0.10001339018344879
vt -0.9397621750831604 0.093566440045833588
vt -0.92552793025970459 0.11759892851114273
vt -0.039825227111577988 0.12791025638580322
vt -0.038296535611152649 0.13904604315757751
vt -0.033226359635591507 0.12984369695186615
vt -0.029522215947508812 -0.93106448650360107
vt -0.02708800695836544 -0.94133603572845459
vt -0.038296535611152649 -0.9443352222442627
vt -0.043826568871736526 0.16178634762763977
vt -0.044167309999465942 0.15192835032939911
vt -0.050008282065391541 0.15127752721309662
vt -0.054286766797304153 -0.94143950939178467
vt -0.057247407734394073 -0.92607909440994263
vt -0.046365510672330856 -0.93860375881195068
vt 1.0607997179031372 0.11295612156391144
vt 1.0705510377883911 0.12041514366865158
vt 1.0730724334716797 0.093958616256713867
vt 1.0706301927566528 0.13637012243270874
vt 1.0624284744262695 0.13133271038532257
vt 1.0631425380706787 0.14731734991073608
vt 1.065714955329895 0.17804169654846191
vt 1.0719460248947144 0.17918653786182404
vt 1.0740582942962646 0.17152892053127289
vt -0.073721736669540405 -0.90061020851135254
vt -0.067358784377574921 -0.9068571925163269
vt -0.074058294296264648 -0.91480642557144165
vt -0.91811418533325195 0.17415535449981689
vt -0.93081426620483398 0.16413266956806183
vt -0.92607909440994263 0.17662818729877472
vt -0.91326582431793213 0.19918324053287506
vt -0.91455000638961792 0.18990039825439453
vt -0.92532467842102051 0.19158986210823059
vt -0.071242399513721466 -0.93395709991455078
vt -0.075751602649688721 -0.92476928234100342
vt -0.070733979344367981 -0.91618084907531738
vt 1.9255441427230835 0.200108602643013
vt 1.9361299276351929 0.19969005882740021
vt 1.9351035356521606 0.19089300930500031
vt 1.0569791793823242 -0.90634208917617798
vt 1.0651178359985352 -0.90374195575714111
vt 1.0684678554534912 -0.90848886966705322
vt 1.0744335651397705 -0.91054397821426392
vt 1.0783919095993042 -0.90923798084259033
vt 1.0812979936599731 -0.91770076751708984
vt -0.057725559920072556 -0.94429391622543335
vt -0.049514532089233398 -0.94254428148269653
vt -0.056645400822162628 -0.95113939046859741
vt 1.0512130260467529 -0.93386489152908325
vt 1.0585274696350098 -0.94917041063308716
vt 1.0495145320892334 -0.94254428148269653
vt -0.085234887897968292 0.10422854125499725
vt -0.083780467510223389 0.094517327845096588
vt -0.089693672955036163 0.090771004557609558
vt 1.9369388818740845 0.077377915382385254
vt 1.9328811168670654 0.10360905528068542
vt 1.9416822195053101 0.095910437405109406
vt 1.9249365329742432 0.11204901337623596
vt 1.9286518096923828 0.076567813754081726
vt 1.9155272245407104 0.093663483858108521
vt -0.050145231187343597 0.117693230509758
vt -0.04296431690454483 0.11403870582580566
vt -0.036161564290523529 0.097417838871479034
vt 1.9472086429595947 0.12357062846422195
vt 1.9484758377075195 0.13338117301464081
vt 1.9541503190994263 0.13544857501983643
vt 1.0543766021728516 -0.93614876270294189
vt 1.0449974536895752 -0.9428897500038147
vt 1.0409294366836548 -0.9353826642036438
vt -0.056708350777626038 0.0059472215361893177
vt -0.055747777223587036 0.019864348694682121
vt -0.046150386333465576 0.030123038217425346
vt 1.0753066539764404 0.075431227684020996
vt 1.0768752098083496 0.058381516486406326
vt 1.0664221048355103 0.066047005355358124
vt 1.0636804103851318 0.083969041705131531
vt 1.0607203245162964 0.10268184542655945
vt 1.0730724334716797 0.093958616256713867
vt 1.9351035356521606 0.19089300930500031
vt 1.9261113405227661 0.19043108820915222
vt 1.9255441427230835 0.200108602643013
vt 1.9255260229110718 0.18257586658000946
vt 1.9314954280853271 0.18028052151203156
vt 1.9243817329406738 0.1753075122833252
vt -0.91054707765579224 0.033395752310752869
vt -0.92317867279052734 0.037719137966632843
vt -0.90634208917617798 0.041308809071779251
vt 1.0569791793823242 0.041308809071779251
vt 1.0624853372573853 0.035961754620075226
vt 1.053369402885437 0.033395752310752869
vt -0.038296535611152649 0.13904604315757751
vt -0.038624279201030731 0.15290027856826782
vt -0.029522215947508812 0.14445851743221283
vt 1.0323010683059692 0.13976271450519562
vt 1.029522180557251 0.14445851743221283
vt 1.0386242866516113 0.15290027856826782
vt -0.92070657014846802 0.059655498713254929
vt -0.93189620971679688 0.049079295247793198
vt -0.92791128158569336 0.079094283282756805
vt 1.0426609516143799 0.059655498713254929
vt 1.0513929128646851 0.048171844333410263
vt 1.0360604524612427 0.048938680440187454
vt -0.9249265193939209 0.12575501203536987
vt -0.93525075912475586 0.1212252601981163
vt -0.93352901935577393 0.12843760848045349
vt 1.0261541604995728 0.11203485727310181
vt 1.0181387662887573 0.10920189321041107
vt 1.0157985687255859 0.11555470526218414
vt -0.059458512812852859 0.03371843695640564
vt -0.051210533827543259 0.038156993687152863
vt -0.050742872059345245 0.024971194565296173
vt -0.91979312896728516 0.024971194565296173
vt -0.92507255077362061 0.038156993687152863
vt -0.91054707765579224 0.033395752310752869
vt -0.042755510658025742 0.12069660425186157
vt -0.044408891350030899 0.13544857501983643
vt -0.039196297526359558 0.14200600981712341
vt 1.9541503190994263 0.13544857501983643
vt 1.9589656591415405 0.12069660425186157
vt 1.9472086429595947 0.12357062846422195
vt 1.0713998079299927 0.0016112626763060689
vt 1.0622076988220215 0.00027598851011134684
vt 1.0615167617797852 0.0070772585459053516
vt 1.0680781602859497 -0.92310899496078491
vt 1.0541274547576904 -0.91781425476074219
vt 1.0622076988220215 -0.91373705863952637
vt -0.046283435076475143 0.059600498527288437
vt -0.056100215762853622 0.061141520738601685
vt -0.058961790055036545 0.070075280964374542
vt -0.04392646998167038 0.049014907330274582
vt -0.046283435076475143 0.059600498527288437
vt -0.038358740508556366 0.058375954627990723
vt -0.044349100440740585 0.01840151846408844
vt -0.049514532089233398 0.0027511592488735914
vt -0.052997149527072906 0.010195373557507992
vt -0.93934708833694458 0.010195373557507992
vt -0.93664586544036865 0.030123038217425346
vt -0.93239319324493408 0.01840151846408844
vt 1.0379414558410645 0.12611085176467896
vt 1.0412464141845703 0.14236705005168915
vt 1.0486677885055542 0.13806469738483429
vt -0.048498902469873428 -0.92102611064910889
vt -0.039188496768474579 -0.92642968893051147
vt -0.038624279201030731 -0.93187695741653442
vt 1.0552259683609009 -0.95754051208496094
vt 1.0689996480941772 -0.93559378385543823
vt 1.0739047527313232 -0.94119811058044434
vt 1.9286065101623535 0.038271769881248474
vt 1.9313703775405884 0.057568293064832687
vt 1.9425947666168213 0.049343232065439224
vt -0.042492758482694626 0.11418156325817108
vt -0.044917870312929153 0.10232652723789215
vt -0.047855023294687271 0.10916444659233093
vt -0.9478219747543335 0.038076877593994141
vt -0.94756811857223511 0.058375954627990723
vt -0.94079071283340454 0.048311099410057068
vt -0.04392646998167038 0.049014907330274582
vt -0.038358740508556366 0.058375954627990723
vt -0.037966843694448471 0.038076877593994141
vt 1.070317268371582 0.04943721741437912
vt 1.0664221048355103 0.066047005355358124
vt 1.0768752098083496 0.058381516486406326
vt 1.9092379808425903 0.039964307099580765
vt 1.9099526405334473 0.058381516486406326
vt 1.9188917875289917 0.049207869917154312
vt -0.059696938842535019 0.10613930225372314
vt -0.06651538610458374 0.095910437405109406
vt -0.069444641470909119 0.12339081615209579
vt -0.068000808358192444 0.07828531414270401
vt -0.058961790055036545 0.070075280964374542
vt -0.056100215762853622 0.061141520738601685
vt -0.91811418533325195 0.17415535449981689
vt -0.92607909440994263 0.17662818729877472
vt -0.92626100778579712 0.18491233885288239
vt -0.059701766818761826 0.18491233885288239
vt -0.057247407734394073 0.17662818729877472
vt -0.06735442578792572 0.17353387176990509
vt 1.9150469303131104 0.19694390892982483
vt 1.9161808490753174 0.20696850121021271
vt 1.9247692823410034 0.20713435113430023
vt 1.0743451118469238 0.19694390892982483
vt 1.0648511648178101 0.19264967739582062
vt 1.0621075630187988 0.20107480883598328
vt 1.9065812826156616 0.13576212525367737
vt 1.900408148765564 0.13197357952594757
vt 1.8993562459945679 0.14236249029636383
vt 1.9093313217163086 0.11833585053682327
vt 1.9108865261077881 0.10498546063899994
vt 1.900408148765564 0.13197357952594757
vt 1.9307386875152588 0.14471240341663361
vt 1.9231390953063965 0.12840017676353455
vt 1.9236838817596436 0.15046650171279907
vt 1.9217677116394043 0.16114470362663269
vt 1.9275404214859009 0.17353387176990509
vt 1.9352736473083496 0.15330043435096741
vt -0.084179982542991638 0.13576212525367737
vt -0.073900550603866577 0.14478595554828644
vt -0.077463388442993164 0.12908750772476196
vt 1.0774633884429932 0.12908750772476196
vt 1.073900580406189 0.14478595554828644
vt 1.0807548761367798 0.14236249029636383
vt 1.9226192235946655 0.016012620180845261
vt 1.9233685731887817 0.0049089249223470688
vt 1.9182790517807007 0.0070772585459053516
vt -0.92336857318878174 0.0049089249223470688
vt -0.92261922359466553 0.016012620180845261
vt -0.91979312896728516 0.024971194565296173
vt -0.91088658571243286 0.10498546063899994
vt -0.91768932342529297 0.10422854125499725
vt -0.91281223297119141 0.11224514245986938
vt 1.0865768194198608 0.11833585053682327
vt 1.0893349647521973 0.10120180994272232
vt 1.0854283571243286 0.10498546063899994
vt -0.91977787017822266 0.094517327845096588
vt -0.91768932342529297 0.10422854125499725
vt -0.91088658571243286 0.10498546063899994
vt -0.029837612062692642 0.12556995451450348
vt -0.02708800695836544 0.13323776423931122
vt -0.021774392575025558 0.11653067916631699
vt -0.038296535611152649 0.13904604315757751
vt -0.02708800695836544 0.13323776423931122
vt -0.033226359635591507 0.12984369695186615
vt 1.0615167617797852 0.0070772585459053516
vt 1.0503971576690674 -0.0016097212210297585
vt 1.0525796413421631 0.015893878415226936
vt -0.91979312896728516 0.024971194565296173
vt -0.91440463066101074 0.015893878415226936
vt -0.91365641355514526 -0.0016097212210297585
vt 1.9171026945114136 0.015714416280388832
vt 1.9182254076004028 0.036421310156583786
vt 1.9256067276000977 0.03371843695640564
vt 1.0689996480941772 -0.93559378385543823
vt 1.0594584941864014 -0.92560672760009766
vt 1.0643376111984253 -0.91822534799575806
vt 1.9361487627029419 0.030576279386878014
vt 1.9273439645767212 0.029127603396773338
vt 1.9250725507736206 0.038156993687152863
vt 1.0512105226516724 0.038156993687152863
vt 1.0487155914306641 0.029127603396773338
vt 1.0429900884628296 0.028650833293795586
vt 1.9507848024368286 0.0016449419781565666
vt 1.9490113258361816 -0.0028614944312721491
vt 1.9408769607543945 0.00038715734262950718
vt -0.94917041063308716 -0.0027693388983607292
vt -0.95113939046859741 0.0025032972916960716
vt -0.94254428148269653 0.0027511592488735914
vt 1.0297013521194458 -0.94915425777435303
vt 1.0253970623016357 -0.94322496652603149
vt 1.0361615419387817 -0.94917178153991699
vt -0.022220421582460403 0.10320214927196503
vt -0.025397112593054771 0.098085843026638031
vt -0.029701314866542816 0.10003504902124405
vt -0.93189620971679688 0.049079295247793198
vt -0.92242348194122314 0.048938680440187454
vt -0.92317867279052734 0.037719137966632843
vt -0.92070657014846802 0.059655498713254929
vt -0.92242348194122314 0.048938680440187454
vt -0.93189620971679688 0.049079295247793198
vt -0.95896565914154053 0.12069660425186157
vt -0.95475506782531738 0.1165139451622963
vt -0.95747596025466919 0.11032739281654358
vt 1.0387868881225586 0.12344014644622803
vt 1.0451886653900146 0.12033017724752426
vt 1.0473824739456177 0.11429400742053986
vt 1.0554168224334717 0.13464915752410889
vt 1.0624908208847046 0.12202746421098709
vt 1.0607997179031372 0.11295612156391144
vt 1.0607997179031372 0.11295612156391144
vt 1.0523291826248169 0.11365381628274918
vt 1.0554168224334717 0.13464915752410889
vt -0.92987734079360962 0.10781127959489822
vt -0.93315082788467407 0.11460424214601517
vt -0.9267614483833313 0.11555470526218414
vt -0.94147193431854248 0.1094210296869278
vt -0.93315082788467407 0.11460424214601517
vt -0.92987734079360962 0.10781127959489822
vt 1.0525796413421631 0.015893878415226936
vt 1.0584579706192017 0.015714416280388832
vt 1.0615167617797852 0.0070772585459053516
vt 1.9182790517807007 0.0070772585459053516
vt 1.9171026945114136 0.015714416280388832
vt 1.9226192235946655 0.016012620180845261
vt 1.9188917875289917 0.049207869917154312
vt 1.9313703775405884 0.057568293064832687
vt 1.9286065101623535 0.038271769881248474
vt 1.9105440378189087 0.036285780370235443
vt 1.9177007675170898 0.040946688503026962
vt 1.9286065101623535 0.038271769881248474
vt 1.9231390953063965 0.12840017676353455
vt 1.9153661727905273 0.12831351161003113
vt 1.9135264158248901 0.14441221952438354
vt 1.9157260656356812 0.12022427469491959
vt 1.9231390953063965 0.12840017676353455
vt 1.9249365329742432 0.11204901337623596
vt -0.071242399513721466 0.20598442852497101
vt -0.06381814181804657 0.20994794368743896
vt -0.060584444552659988 0.2011992335319519
vt -0.070733979344367981 -0.91618084907531738
vt -0.06381814181804657 -0.92568373680114746
vt -0.071242399513721466 -0.93395709991455078
vt 1.0737217664718628 0.16508054733276367
vt 1.0792566537857056 0.15371352434158325
vt 1.073900580406189 0.14478595554828644
vt 1.8988823890686035 0.15371352434158325
vt 1.9006102085113525 0.16508054733276367
vt 1.9094377756118774 0.16554158926010132
vt 1.0576939582824707 0.17415535449981689
vt 1.0588607788085938 0.18309725821018219
vt 1.065824031829834 0.18487158417701721
vt -0.92626100778579712 0.18491233885288239
vt -0.91854709386825562 0.18309725821018219
vt -0.91811418533325195 0.17415535449981689
vt -0.92532467842102051 0.19158986210823059
vt -0.92285072803497314 0.20100332796573639
vt -0.91326582431793213 0.19918324053287506
vt -0.058077536523342133 -0.91646265983581543
vt -0.053154893219470978 -0.92285072803497314
vt -0.060584444552659988 -0.93248987197875977
vt -0.074085503816604614 0.049343232065439224
vt -0.063868187367916107 0.050364930182695389
vt -0.055225986987352371 0.037932507693767548
vt -0.055225986987352371 0.037932507693767548
vt -0.063868187367916107 0.050364930182695389
vt -0.053214315325021744 0.051486395299434662
vt 1.0737217664718628 0.16508054733276367
vt 1.0649975538253784 0.15581534802913666
vt 1.0591803789138794 0.16439418494701385
vt 1.055583119392395 0.1529584676027298
vt 1.0631425380706787 0.14731734991073608
vt 1.0624284744262695 0.13133271038532257
vt 1.0612735748291016 0.049578588455915451
vt 1.0513929128646851 0.048171844333410263
vt 1.0426609516143799 0.059655498713254929
vt 1.0612735748291016 0.049578588455915451
vt 1.0651178359985352 0.041604466736316681
vt 1.0569791793823242 0.041308809071779251
vt 1.9328811168670654 0.10360905528068542
vt 1.9317814111709595 0.12111452221870422
vt 1.9377044439315796 0.12339081615209579
vt -0.072403892874717712 0.14692971110343933
vt -0.065482020378112793 0.13504593074321747
vt -0.071616843342781067 0.13174468278884888
vt -0.046871978789567947 0.13338117301464081
vt -0.050678715109825134 0.14120927453041077
vt -0.044774144887924194 0.14348495006561279
vt -0.057931955903768539 0.14104275405406952
vt -0.052650373429059982 0.12983159720897675
vt -0.061964400112628937 0.1261092871427536
vt -0.04296431690454483 0.11403870582580566
vt -0.050145231187343597 0.117693230509758
vt -0.043640971183776855 0.12357062846422195
vt -0.033226359635591507 0.12984369695186615
vt -0.04296431690454483 0.11403870582580566
vt -0.043640971183776855 0.12357062846422195
vt 1.065824031829834 0.18487158417701721
vt 1.065714955329895 0.17804169654846191
vt 1.0576939582824707 0.17415535449981689
vt 1.0719460248947144 0.17918653786182404
vt 1.065714955329895 0.17804169654846191
vt 1.065824031829834 0.18487158417701721
vt 1.0464603900909424 0.097462870180606842
vt 1.0411465167999268 0.09547809511423111
vt 1.0434644222259521 0.1024787500500679
vt 1.0838392972946167 -0.90848261117935181
vt 1.0820482969284058 -0.91352641582489014
vt 1.0721776485443115 -0.90665590763092041
vt 1.9135264158248901 0.14441221952438354
vt 1.9166262149810791 0.15377350151538849
vt 1.9236838817596436 0.15046650171279907
vt 1.9261113405227661 0.19043108820915222
vt 1.919790506362915 0.17918653786182404
vt 1.9150469303131104 0.19694390892982483
vt 1.9243817329406738 0.1753075122833252
vt 1.919790506362915 0.17918653786182404
vt 1.9255260229110718 0.18257586658000946
vt -0.93664586544036865 0.030123038217425346
vt -0.9353826642036438 0.036968812346458435
vt -0.92317867279052734 0.037719137966632843
vt -0.040929432958364487 0.036968812346458435
vt -0.046150386333465576 0.030123038217425346
vt -0.054376639425754547 0.030576279386878014
vt -0.93386387825012207 0.19160835444927216
vt -0.93248987197875977 0.2011992335319519
vt -0.92285072803497314 0.20100332796573639
vt -0.073491573333740234 0.19969005882740021
vt -0.060584444552659988 0.2011992335319519
vt -0.063681475818157196 0.19160835444927216
vt -0.94365113973617554 0.15045942366123199
vt -0.93187695741653442 0.15290027856826782
vt -0.9443352222442627 0.13904604315757751
vt -0.95318114757537842 0.12344014644622803
vt -0.94842737913131714 0.14200600981712341
vt -0.9443352222442627 0.13904604315757751
vt 1.0409294366836548 -0.9353826642036438
vt 1.0449974536895752 -0.9428897500038147
vt 1.0379668474197388 -0.9478219747543335
vt 1.0486348867416382 -0.95151406526565552
vt 1.0379668474197388 -0.9478219747543335
vt 1.0449974536895752 -0.9428897500038147
vt -0.9147675633430481 0.13464915752410889
vt -0.91241902112960815 0.11365381628274918
vt -0.91996508836746216 0.10198071599006653
vt -0.93014633655548096 0.10001339018344879
vt -0.91996508836746216 0.10198071599006653
vt -0.91092497110366821 0.09181860089302063
vt 1.0346229076385498 0.093566440045833588
vt 1.0294286012649536 0.094447322189807892
vt 1.0261541604995728 0.11203485727310181
vt 1.0253970623016357 -0.94322496652603149
vt 1.0294286012649536 -0.93785995244979858
vt 1.0346229076385498 -0.9397621750831604
vt -0.072403892874717712 0.14692971110343933
vt -0.064183764159679413 0.14716039597988129
vt -0.057931955903768539 0.14104275405406952
vt -0.059430379420518875 0.16162517666816711
vt -0.064183764159679413 0.14716039597988129
vt -0.070420540869235992 0.15213677287101746
vt 1.9313703775405884 0.057568293064832687
vt 1.9369388818740845 0.077377915382385254
vt 1.9425947666168213 0.049343232065439224
vt 1.9286518096923828 0.076567813754081726
vt 1.9313703775405884 0.057568293064832687
vt 1.9184384346008301 0.075601071119308472
vt -0.93852287530899048 0.085633948445320129
vt -0.93014633655548096 0.10001339018344879
vt -0.92791128158569336 0.079094283282756805
vt -0.92791128158569336 0.079094283282756805
vt -0.93014633655548096 0.10001339018344879
vt -0.91092497110366821 0.09181860089302063
vt -0.036161564290523529 0.097417838871479034
vt -0.051173951476812363 0.10562214255332947
vt -0.050145231187343597 0.117693230509758
vt 1.0346229076385498 -0.9397621750831604
vt 1.0413976907730103 -0.94734317064285278
vt 1.0361615419387817 -0.94917178153991699
vt 1.9352736473083496 0.15330043435096741
vt 1.9415286779403687 0.14692971110343933
vt 1.9307386875152588 0.14471240341663361
vt 1.9236838817596436 0.15046650171279907
vt 1.9291036128997803 0.15320239961147308
vt 1.9307386875152588 0.14471240341663361
vt 1.0439462661743164 0.16413266956806183
vt 1.0484988689422607 0.14691480994224548
vt 1.0386242866516113 0.15290027856826782
vt -0.93081426620483398 0.16413266956806183
vt -0.93187695741653442 0.15290027856826782
vt -0.94401830434799194 0.16178634762763977
vt 1.0621075630187988 0.20107480883598328
vt 1.0707340240478516 0.20696850121021271
vt 1.0743451118469238 0.19694390892982483
vt -0.070733979344367981 -0.91618084907531738
vt -0.062107566744089127 -0.91073215007781982
vt -0.058077536523342133 -0.91646265983581543
vt 1.0624908208847046 0.12202746421098709
vt 1.0624284744262695 0.13133271038532257
vt 1.0706301927566528 0.13637012243270874
vt 1.0705510377883911 0.12041514366865158
vt 1.0706301927566528 0.13637012243270874
vt 1.0770852565765381 0.12831351161003113
vt 1.9442938566207886 0.0060899895615875721
vt 1.9408769607543945 0.00038715734262950718
vt 1.9348599910736084 0.0059472215361893177
vt 1.0512130260467529 -0.0027876452077180147
vt 1.0567083358764648 0.0059472215361893177
vt 1.060785174369812 0.00038715734262950718
vt 1.0822398662567139 -0.92860651016235352
vt 1.0739047527313232 -0.94119811058044434
vt 1.0689996480941772 -0.93559378385543823
vt 1.0822398662567139 -0.92860651016235352
vt 1.0724462270736694 -0.92442989349365234
vt 1.0744335651397705 -0.91054397821426392
vt -0.91365641355514526 -0.0016097212210297585
vt -0.91981691122055054 0.0050890748389065266
vt -0.91979312896728516 0.024971194565296173
vt 1.0503971576690674 -0.91365641355514526
vt 1.0622076988220215 -0.91373705863952637
vt 1.0541274547576904 -0.91781425476074219
vt 1.0562993288040161 -0.93292766809463501
vt 1.0594584941864014 -0.92560672760009766
vt 1.0689996480941772 -0.93559378385543823
vt 1.0594584941864014 -0.92560672760009766
vt 1.0562993288040161 -0.93292766809463501
vt 1.0512105226516724 -0.92507255077362061
vt -0.055225986987352371 0.037932507693767548
vt -0.053214315325021744 0.051486395299434662
vt -0.04392646998167038 0.049014907330274582
vt -0.056100215762853622 0.061141520738601685
vt -0.046283435076475143 0.059600498527288437
vt -0.04392646998167038 0.049014907330274582
vt -0.057931955903768539 0.14104275405406952
vt -0.056297324597835541 0.15120516717433929
vt -0.050008282065391541 0.15127752721309662
vt -0.043826568871736526 0.16178634762763977
vt -0.050242718309164047 0.16131451725959778
vt -0.054286766797304153 0.16690531373023987
vt -0.048525456339120865 0.077331364154815674
vt -0.058961790055036545 0.070075280964374542
vt -0.058910727500915527 0.087594792246818542
vt -0.058910727500915527 0.087594792246818542
vt -0.058961790055036545 0.070075280964374542
vt -0.068000808358192444 0.07828531414270401
vt -0.059463527053594589 0.0049089249223470688
vt -0.06807815283536911 -0.0027411722112447023
vt -0.071386031806468964 0.0014789791312068701
vt 1.9137370586395264 0.00027598851011134684
vt 1.9228835105895996 0.0016112626763060689
vt 1.9231090545654297 -0.0027411722112447023
vt -0.055747777223587036 0.019864348694682121
vt -0.054376639425754547 0.030576279386878014
vt -0.046150386333465576 0.030123038217425346
vt 1.0543766021728516 0.030576279386878014
vt 1.0557477474212646 0.019864348694682121
vt 1.0496301651000977 0.018567448481917381
vt -0.94147193431854248 0.1094210296869278
vt -0.94547498226165771 0.11653067916631699
vt -0.93525075912475586 0.1212252601981163
vt -0.94468820095062256 0.10320214927196503
vt -0.94838666915893555 0.10697700828313828
vt -0.94547498226165771 0.11653067916631699
vt -0.92911404371261597 0.0070793386548757553
vt -0.93064558506011963 -0.00277121108956635
vt -0.94254428148269653 0.0027511592488735914
vt 1.0479116439819336 0.0070793386548757553
vt 1.0567083358764648 0.0059472215361893177
vt 1.0512130260467529 -0.0027876452077180147
vt 1.9155272245407104 0.093663483858108521
vt 1.9184384346008301 0.075601071119308472
vt 1.9086332321166992 0.075431227684020996
vt 1.9286518096923828 0.076567813754081726
vt 1.9184384346008301 0.075601071119308472
vt 1.9155272245407104 0.093663483858108521
vt -0.048525456339120865 0.077331364154815674
vt -0.048244506120681763 0.069079726934432983
vt -0.058961790055036545 0.070075280964374542
vt -0.048244506120681763 0.069079726934432983
vt -0.048525456339120865 0.077331364154815674
vt -0.039745938032865524 0.076705023646354675
vt 1.8988823890686035 0.15371352434158325
vt 1.9083459377288818 0.15549801290035248
vt 1.9084826707839966 0.14657166600227356
vt 1.9166262149810791 0.15377350151538849
vt 1.9135264158248901 0.14441221952438354
vt 1.9084826707839966 0.14657166600227356
vt -0.91811418533325195 0.17415535449981689
vt -0.90833443403244019 0.16439418494701385
vt -0.91107773780822754 0.1529584676027298
vt 1.055583119392395 0.1529584676027298
vt 1.0591803789138794 0.16439418494701385
vt 1.0649975538253784 0.15581534802913666
vt -0.92791128158569336 0.079094283282756805
vt -0.93189620971679688 0.049079295247793198
vt -0.94079071283340454 0.048311099410057068
vt -0.94079071283340454 0.048311099410057068
vt -0.93189620971679688 0.049079295247793198
vt -0.9353826642036438 0.036968812346458435
vt 1.0722033977508545 -0.90693062543869019
vt 1.0737580060958862 -0.90397906303405762
vt 1.0783919095993042 -0.90923798084259033
vt 1.070317268371582 0.04943721741437912
vt 1.0768752098083496 0.058381516486406326
vt 1.0783919095993042 0.039964307099580765
vt -0.04955696314573288 0.098779305815696716
vt -0.047855023294687271 0.10916444659233093
vt -0.044917870312929153 0.10232652723789215
vt 1.047855019569397 0.10916444659233093
vt 1.0495569705963135 0.098779305815696716
vt 1.0434644222259521 0.1024787500500679
vt -0.069444641470909119 0.12339081615209579
vt -0.071616843342781067 0.13174468278884888
vt -0.065482020378112793 0.13504593074321747
vt -0.069444641470909119 0.12339081615209579
vt -0.061964400112628937 0.1261092871427536
vt -0.059696938842535019 0.10613930225372314
vt 1.9236838817596436 0.15046650171279907
vt 1.9166262149810791 0.15377350151538849
vt 1.9217677116394043 0.16114470362663269
vt 1.9217677116394043 0.16114470362663269
vt 1.9291036128997803 0.15320239961147308
vt 1.9236838817596436 0.15046650171279907
vt -0.96149319410324097 0.11418156325817108
vt -0.95747596025466919 0.11032739281654358
vt -0.95960110425949097 0.1024787500500679
vt 1.0434644222259521 0.1024787500500679
vt 1.0411838293075562 0.11032739281654358
vt 1.047855019569397 0.10916444659233093
vt -0.93014633655548096 0.10001339018344879
vt -0.93852287530899048 0.085633948445320129
vt -0.9397621750831604 0.093566440045833588
vt -0.9397621750831604 0.093566440045833588
vt -0.93852287530899048 0.085633948445320129
vt -0.94734317064285278 0.094984963536262512
vt -0.042755510658025742 -0.95896565914154053
vt -0.045188698917627335 -0.95276904106140137
vt -0.043640971183776855 -0.94720864295959473
vt 1.0436409711837769 -0.94720864295959473
vt 1.0451886653900146 -0.95276904106140137
vt 1.0387868881225586 -0.95318114757537842
vt -0.90040820837020874 0.13197357952594757
vt -0.91281223297119141 0.11224514245986938
vt -0.90616846084594727 0.12908750772476196
vt -0.077463388442993164 0.12908750772476196
vt -0.083027683198451996 0.11224514245986938
vt -0.086576774716377258 0.11833585053682327
vt 1.0624284744262695 0.13133271038532257
vt 1.0554168224334717 0.13464915752410889
vt 1.055583119392395 0.1529584676027298
vt 1.0624284744262695 0.13133271038532257
vt 1.0624908208847046 0.12202746421098709
vt 1.0554168224334717 0.13464915752410889
vt -0.93187695741653442 0.15290027856826782
vt -0.92642968893051147 0.14990188181400299
vt -0.92576748132705688 0.13976271450519562
vt 1.0323010683059692 0.13976271450519562
vt 1.0412464141845703 0.14236705005168915
vt 1.0379414558410645 0.12611085176467896
vt 1.0379414558410645 0.12611085176467896
vt 1.0336359739303589 0.11759892851114273
vt 1.0253148078918457 0.12575501203536987
vt 1.0336359739303589 0.11759892851114273
vt 1.0379414558410645 0.12611085176467896
vt 1.0364968776702881 0.10001339018344879
vt -0.056645400822162628 -0.95113939046859741
vt -0.063590675592422485 -0.95078480243682861
vt -0.057725559920072556 -0.94429391622543335
vt -0.063590675592422485 0.0016449419781565666
vt -0.056645400822162628 0.0025032972916960716
vt -0.058527462184429169 -0.0027693388983607292
vt -0.046871978789567947 0.13338117301464081
vt -0.052650373429059982 0.12983159720897675
vt -0.057931955903768539 0.14104275405406952
vt -0.052650373429059982 0.12983159720897675
vt -0.046871978789567947 0.13338117301464081
vt -0.043640971183776855 0.12357062846422195
vt -0.94401830434799194 0.16178634762763977
vt -0.93860375881195068 0.17009718716144562
vt -0.93081426620483398 0.16413266956806183
vt -0.054286766797304153 0.16690531373023987
vt -0.046365510672330856 0.17009718716144562
vt -0.043826568871736526 0.16178634762763977
vt -0.048525456339120865 0.077331364154815674
vt -0.051173951476812363 0.10562214255332947
vt -0.041397649794816971 0.094984963536262512
vt -0.051173951476812363 0.10562214255332947
vt -0.036161564290523529 0.097417838871479034
vt -0.041397649794816971 0.094984963536262512
vt 1.0648511648178101 0.19264967739582062
vt 1.065824031829834 0.18487158417701721
vt 1.0588607788085938 0.18309725821018219
vt 1.065824031829834 0.18487158417701721
vt 1.0648511648178101 0.19264967739582062
vt 1.0743451118469238 0.19694390892982483
vt 1.0871075391769409 0.096175365149974823
vt 1.0854283571243286 0.10498546063899994
vt 1.0893349647521973 0.10120180994272232
vt -0.91088658571243286 0.10498546063899994
vt -0.91269135475158691 0.096175365149974823
vt -0.91977787017822266 0.094517327845096588
vt 1.0588607788085938 0.18309725821018219
vt 1.0543650388717651 0.18990039825439453
vt 1.0648511648178101 0.19264967739582062
vt -0.92532467842102051 0.19158986210823059
vt -0.91455000638961792 0.18990039825439453
vt -0.91854709386825562 0.18309725821018219
vt 1.0684678554534912 -0.90848886966705322
vt 1.0744335651397705 -0.91054397821426392
vt 1.0724462270736694 -0.92442989349365234
vt 1.0722033977508545 -0.90693062543869019
vt 1.0684678554534912 -0.90848886966705322
vt 1.0651178359985352 -0.90374195575714111
vt 1.0520201921463013 0.09181860089302063
vt 1.0523291826248169 0.11365381628274918
vt 1.0607203245162964 0.10268184542655945
vt -0.91996508836746216 0.10198071599006653
vt -0.91241902112960815 0.11365381628274918
vt -0.91092497110366821 0.09181860089302063
vt -0.02708800695836544 0.13323776423931122
vt -0.029837612062692642 0.12556995451450348
vt -0.033226359635591507 0.12984369695186615
vt -0.033226359635591507 0.12984369695186615
vt -0.029837612062692642 0.12556995451450348
vt -0.04296431690454483 0.11403870582580566
vt -0.059463527053594589 0.0049089249223470688
vt -0.051345344632863998 0.0050890748389065266
vt -0.054127443581819534 -0.0027143161278218031
vt -0.91365641355514526 -0.0016097212210297585
vt -0.91781425476074219 -0.0027143161278218031
vt -0.91981691122055054 0.0050890748389065266
vt 1.9128122329711914 0.11224514245986938
vt 1.917689323425293 0.10422854125499725
vt 1.9141600131988525 0.10120180994272232
vt 1.9167358875274658 0.090771004557609558
vt 1.9141600131988525 0.10120180994272232
vt 1.917689323425293 0.10422854125499725
vt -0.074744515120983124 0.18028052151203156
vt -0.075212642550468445 0.19089300930500031
vt -0.063681475818157196 0.19160835444927216
vt 1.9351035356521606 0.19089300930500031
vt 1.9314954280853271 0.18028052151203156
vt 1.9255260229110718 0.18257586658000946
vt -0.077463388442993164 0.12908750772476196
vt -0.086576774716377258 0.11833585053682327
vt -0.084179982542991638 0.13576212525367737
vt 1.9065812826156616 0.13576212525367737
vt 1.9093313217163086 0.11833585053682327
vt 1.900408148765564 0.13197357952594757
vt 1.9153661727905273 0.12831351161003113
vt 1.9157260656356812 0.12022427469491959
vt 1.9096406698226929 0.12041514366865158
vt 1.9157260656356812 0.12022427469491959
vt 1.9153661727905273 0.12831351161003113
vt 1.9231390953063965 0.12840017676353455
vt 1.9217677116394043 0.16114470362663269
vt 1.9094377756118774 0.16554158926010132
vt 1.9148064851760864 0.17152892053127289
vt -0.074058294296264648 -0.91480642557144165
vt -0.080017372965812683 -0.90943771600723267
vt -0.073721736669540405 -0.90061020851135254
vt 1.0689996480941772 -0.93559378385543823
vt 1.0552259683609009 -0.95754051208496094
vt 1.0486348867416382 -0.95151406526565552
vt -0.9533390998840332 0.049014907330274582
vt -0.95151406526565552 0.03929741308093071
vt -0.95754051208496094 0.037932507693767548
vt 1.9086332321166992 0.075431227684020996
vt 1.9076565504074097 0.093958616256713867
vt 1.9155272245407104 0.093663483858108521
vt 1.0730724334716797 0.093958616256713867
vt 1.0753066539764404 0.075431227684020996
vt 1.0636804103851318 0.083969041705131531
vt -0.054286766797304153 0.16690531373023987
vt -0.050242718309164047 0.16131451725959778
vt -0.056297324597835541 0.15120516717433929
vt -0.064183764159679413 0.14716039597988129
vt -0.059430379420518875 0.16162517666816711
vt -0.056297324597835541 0.15120516717433929
vt -0.039196297526359558 0.14200600981712341
vt -0.044408891350030899 0.13544857501983643
vt -0.044774144887924194 0.14348495006561279
vt 1.9509047269821167 0.14348495006561279
vt 1.9541503190994263 0.13544857501983643
vt 1.9484758377075195 0.13338117301464081
vt 1.9328811168670654 0.10360905528068542
vt 1.9369388818740845 0.077377915382385254
vt 1.9286518096923828 0.076567813754081726
vt 1.9313703775405884 0.057568293064832687
vt 1.9286518096923828 0.076567813754081726
vt 1.9369388818740845 0.077377915382385254
vt 1.0871075391769409 -0.91269135475158691
vt 1.0896936655044556 -0.91673588752746582
vt 1.0837805271148682 -0.91977787017822266
vt 1.070317268371582 0.04943721741437912
vt 1.0612735748291016 0.049578588455915451
vt 1.0559134483337402 0.057578511536121368
vt -0.92070657014846802 0.059655498713254929
vt -0.90685635805130005 0.057578511536121368
vt -0.90471762418746948 0.049578588455915451
vt 1.0443490743637085 0.01840151846408844
vt 1.0429900884628296 0.028650833293795586
vt 1.0487155914306641 0.029127603396773338
vt -0.93664586544036865 0.030123038217425346
vt -0.92947196960449219 0.028650833293795586
vt -0.93239319324493408 0.01840151846408844
vt -0.93106448650360107 0.14445851743221283
vt -0.93352901935577393 0.12843760848045349
vt -0.94133603572845459 0.13323776423931122
vt -0.92576748132705688 0.13976271450519562
vt -0.93352901935577393 0.12843760848045349
vt -0.93106448650360107 0.14445851743221283
vt -0.077405452728271484 0.15330043435096741
vt -0.070420540869235992 0.15213677287101746
vt -0.072403892874717712 0.14692971110343933
vt -0.072403892874717712 0.14692971110343933
vt -0.070420540869235992 0.15213677287101746
vt -0.064183764159679413 0.14716039597988129
vt -0.080216147005558014 0.16114470362663269
vt -0.070544764399528503 0.1753075122833252
vt -0.06735442578792572 0.17353387176990509
vt 1.0673544406890869 -0.92754042148590088
vt 1.0705447196960449 -0.92438167333602905
vt 1.0747444629669189 -0.93149536848068237
vt -0.93525075912475586 0.1212252601981163
vt -0.9249265193939209 0.12575501203536987
vt -0.9267614483833313 0.11555470526218414
vt 1.0157985687255859 0.11555470526218414
vt 1.0253148078918457 0.12575501203536987
vt 1.0261541604995728 0.11203485727310181
vt 1.0651178359985352 0.041604466736316681
vt 1.0737580060958862 0.040073972195386887
vt 1.0722033977508545 0.036481946706771851
vt 1.0651178359985352 0.041604466736316681
vt 1.0612735748291016 0.049578588455915451
vt 1.070317268371582 0.04943721741437912
vt -0.91854709386825562 0.18309725821018219
vt -0.92626100778579712 0.18491233885288239
vt -0.92532467842102051 0.19158986210823059
vt -0.93386387825012207 0.19160835444927216
vt -0.92532467842102051 0.19158986210823059
vt -0.92626100778579712 0.18491233885288239
vt -0.042755510658025742 0.12069660425186157
vt -0.042492758482694626 0.11418156325817108
vt -0.04738244041800499 0.11429400742053986
vt -0.95747596025466919 0.11032739281654358
vt -0.96149319410324097 0.11418156325817108
vt -0.95896565914154053 0.12069660425186157
vt 1.919790506362915 0.17918653786182404
vt 1.9261113405227661 0.19043108820915222
vt 1.9255260229110718 0.18257586658000946
vt 1.9255260229110718 0.18257586658000946
vt 1.9261113405227661 0.19043108820915222
vt 1.9351035356521606 0.19089300930500031
vt 1.9247692823410034 0.20713435113430023
vt 1.9255441427230835 0.200108602643013
vt 1.9150469303131104 0.19694390892982483
vt 1.9255441427230835 0.200108602643013
vt 1.9247692823410034 0.20713435113430023
vt 1.9339570999145508 0.20598442852497101
vt -0.048244506120681763 0.069079726934432983
vt -0.039745938032865524 0.076705023646354675
vt -0.038358740508556366 0.058375954627990723
vt -0.94079071283340454 0.048311099410057068
vt -0.94756811857223511 0.058375954627990723
vt -0.94770509004592896 0.076705023646354675
vt -0.021774392575025558 0.11653067916631699
vt -0.02507113479077816 0.10697700828313828
vt -0.030484555289149284 0.10955392569303513
vt -0.029701314866542816 0.10003504902124405
vt -0.02507113479077816 0.10697700828313828
vt -0.022220421582460403 0.10320214927196503
vt 1.0484988689422607 0.14691480994224548
vt 1.0486677885055542 0.13806469738483429
vt 1.0412464141845703 0.14236705005168915
vt -0.92089974880218506 0.13806469738483429
vt -0.92102611064910889 0.14691480994224548
vt -0.91107773780822754 0.1529584676027298
vt -0.053968492895364761 -0.91326582431793213
vt -0.053154893219470978 -0.92285072803497314
vt -0.058077536523342133 -0.91646265983581543
vt -0.058077536523342133 -0.91646265983581543
vt -0.062107566744089127 -0.91073215007781982
vt -0.053968492895364761 -0.91326582431793213
vt -0.055225986987352371 0.037932507693767548
vt -0.073904730379581451 0.039600204676389694
vt -0.074085503816604614 0.049343232065439224
vt 1.9425947666168213 0.049343232065439224
vt 1.9411981105804443 0.039600204676389694
vt 1.9286065101623535 0.038271769881248474
vt -0.068000808358192444 0.07828531414270401
vt -0.06651538610458374 0.095910437405109406
vt -0.058910727500915527 0.087594792246818542
vt 1.9416822195053101 0.095910437405109406
vt 1.9447546005249023 0.07828531414270401
vt 1.9369388818740845 0.077377915382385254
vt 1.0487155914306641 0.029127603396773338
vt 1.0496301651000977 0.018567448481917381
vt 1.0443490743637085 0.01840151846408844
vt 1.9287972450256348 0.018567448481917381
vt 1.9273439645767212 0.029127603396773338
vt 1.9361487627029419 0.030576279386878014
vt -0.04955696314573288 0.098779305815696716
vt -0.044917870312929153 0.10232652723789215
vt -0.044430617243051529 0.097424380481243134
vt -0.96264243125915527 0.09547809511423111
vt -0.96663641929626465 0.097424380481243134
vt -0.96529334783554077 0.10232652723789215
vt -0.056708350777626038 -0.9348599910736084
vt -0.052997149527072906 -0.93934708833694458
vt -0.057725559920072556 -0.94429391622543335
vt -0.049514532089233398 0.0027511592488735914
vt -0.057725559920072556 0.0060899895615875721
vt -0.052997149527072906 0.010195373557507992
vt 1.0253148078918457 0.12575501203536987
vt 1.0336359739303589 0.11759892851114273
vt 1.0261541604995728 0.11203485727310181
vt 1.0261541604995728 0.11203485727310181
vt 1.0336359739303589 0.11759892851114273
vt 1.0346229076385498 0.093566440045833588
vt -0.074058294296264648 -0.91480642557144165
vt -0.067358784377574921 -0.9068571925163269
vt -0.065714970231056213 -0.91455405950546265
vt -0.057693898677825928 -0.91811418533325195
vt -0.065714970231056213 -0.91455405950546265
vt -0.067358784377574921 -0.9068571925163269
vt 1.0323010683059692 0.13976271450519562
vt 1.0391885042190552 0.14990188181400299
vt 1.0412464141845703 0.14236705005168915
vt 1.0412464141845703 0.14236705005168915
vt 1.0391885042190552 0.14990188181400299
vt 1.0484988689422607 0.14691480994224548
vt 1.9339570999145508 0.20598442852497101
vt 1.9361299276351929 0.19969005882740021
vt 1.9255441427230835 0.200108602643013
vt -0.060584444552659988 0.2011992335319519
vt -0.073491573333740234 0.19969005882740021
vt -0.071242399513721466 0.20598442852497101
vt -0.91091299057006836 0.048171844333410263
vt -0.90634208917617798 0.041308809071779251
vt -0.92317867279052734 0.037719137966632843
vt 1.0569791793823242 0.041308809071779251
vt 1.0513929128646851 0.048171844333410263
vt 1.0612735748291016 0.049578588455915451
vt 1.060785174369812 -0.94087696075439453
vt 1.0622421503067017 -0.94901138544082642
vt 1.0585274696350098 -0.94917041063308716
vt -0.058527462184429169 -0.0027693388983607292
vt -0.062242191284894943 -0.0028614944312721491
vt -0.063590675592422485 0.0016449419781565666
vt -0.071616843342781067 0.13174468278884888
vt -0.074765406548976898 0.12111452221870422
vt -0.082283712923526764 0.14471240341663361
vt 1.9317814111709595 0.12111452221870422
vt 1.9364784955978394 0.13174468278884888
vt 1.9377044439315796 0.12339081615209579
vt 1.9167358875274658 0.090771004557609558
vt 1.9126913547515869 0.096175365149974823
vt 1.9141600131988525 0.10120180994272232
vt 1.9084826707839966 0.14657166600227356
vt 1.9083459377288818 0.15549801290035248
vt 1.9166262149810791 0.15377350151538849
vt 1.9217677116394043 0.16114470362663269
vt 1.9166262149810791 0.15377350151538849
vt 1.9083459377288818 0.15549801290035248
vt -0.9443352222442627 0.13904604315757751
vt -0.94842737913131714 0.14200600981712341
vt -0.94365113973617554 0.15045942366123199
vt -0.040389262139797211 0.15045942366123199
vt -0.039196297526359558 0.14200600981712341
vt -0.044774144887924194 0.14348495006561279
vt 1.9231090545654297 -0.0027411722112447023
vt 1.9228835105895996 0.0016112626763060689
vt 1.926977276802063 0.0014789791312068701
vt -0.061516795307397842 -0.91827911138534546
vt -0.071386031806468964 -0.92697727680206299
vt -0.071399867534637451 -0.92288345098495483
vt 1.0411838293075562 0.11032739281654358
vt 1.0397354364395142 0.1165139451622963
vt 1.0473824739456177 0.11429400742053986
vt 1.0473824739456177 0.11429400742053986
vt 1.047855019569397 0.10916444659233093
vt 1.0411838293075562 0.11032739281654358
vt 1.0227179527282715 -0.93268066644668579
vt 1.0294286012649536 -0.93785995244979858
vt 1.0253970623016357 -0.94322496652603149
vt 1.0261541604995728 0.11203485727310181
vt 1.0294286012649536 0.094447322189807892
vt 1.0227179527282715 0.10027807950973511
vt -0.058910727500915527 0.087594792246818542
vt -0.059696938842535019 0.10613930225372314
vt -0.051173951476812363 0.10562214255332947
vt -0.06651538610458374 0.095910437405109406
vt -0.059696938842535019 0.10613930225372314
vt -0.058910727500915527 0.087594792246818542
vt -0.056297324597835541 0.15120516717433929
vt -0.059430379420518875 0.16162517666816711
vt -0.054286766797304153 0.16690531373023987
vt -0.06735442578792572 0.17353387176990509
vt -0.054286766797304153 0.16690531373023987
vt -0.059430379420518875 0.16162517666816711
vt 1.0253970623016357 -0.94322496652603149
vt 1.0177602767944336 -0.9376978874206543
vt 1.0227179527282715 -0.93268066644668579
vt -0.9376978874206543 0.10231711715459824
vt -0.94322496652603149 0.098085843026638031
vt -0.94468820095062256 0.10320214927196503
vt 1.0649975538253784 0.15581534802913666
vt 1.0631425380706787 0.14731734991073608
vt 1.055583119392395 0.1529584676027298
vt 1.0631425380706787 0.14731734991073608
vt 1.0649975538253784 0.15581534802913666
vt 1.073900580406189 0.14478595554828644
vt -0.04392646998167038 0.049014907330274582
vt -0.053214315325021744 0.051486395299434662
vt -0.056100215762853622 0.061141520738601685
vt -0.063868187367916107 0.050364930182695389
vt -0.056100215762853622 0.061141520738601685
vt -0.053214315325021744 0.051486395299434662
vt 1.9286518096923828 0.076567813754081726
vt 1.9249365329742432 0.11204901337623596
vt 1.9328811168670654 0.10360905528068542
vt 1.9317814111709595 0.12111452221870422
vt 1.9328811168670654 0.10360905528068542
vt 1.9249365329742432 0.11204901337623596
vt 1.0607997179031372 0.11295612156391144
vt 1.0624908208847046 0.12202746421098709
vt 1.0705510377883911 0.12041514366865158
vt 1.0706301927566528 0.13637012243270874
vt 1.0705510377883911 0.12041514366865158
vt 1.0624908208847046 0.12202746421098709
vt -0.043640971183776855 0.12357062846422195
vt -0.039825227111577988 0.12791025638580322
vt -0.033226359635591507 0.12984369695186615
vt -0.95318114757537842 0.12344014644622803
vt -0.94820094108581543 0.12791025638580322
vt -0.94720864295959473 0.12357062846422195
vt -0.021774392575025558 0.11653067916631699
vt -0.016676180064678192 0.1094210296869278
vt -0.022220421582460403 0.10320214927196503
vt -0.94468820095062256 0.10320214927196503
vt -0.94147193431854248 0.1094210296869278
vt -0.9376978874206543 0.10231711715459824
vt -0.9267614483833313 0.11555470526218414
vt -0.93315082788467407 0.11460424214601517
vt -0.93525075912475586 0.1212252601981163
vt -0.93525075912475586 0.1212252601981163
vt -0.93315082788467407 0.11460424214601517
vt -0.94147193431854248 0.1094210296869278
vt 1.9092379808425903 0.039964307099580765
vt 1.9039790630340576 0.040073972195386887
vt 1.9047784805297852 0.04943721741437912
vt 1.070317268371582 0.04943721741437912
vt 1.0737580060958862 0.040073972195386887
vt 1.0651178359985352 0.041604466736316681
vt -0.061964400112628937 0.1261092871427536
vt -0.065482020378112793 0.13504593074321747
vt -0.057931955903768539 0.14104275405406952
vt -0.065482020378112793 0.13504593074321747
vt -0.061964400112628937 0.1261092871427536
vt -0.069444641470909119 0.12339081615209579
vt 1.0636804103851318 0.083969041705131531
vt 1.0542212724685669 0.073792405426502228
vt 1.0520201921463013 0.09181860089302063
vt 1.0520201921463013 0.09181860089302063
vt 1.0542212724685669 0.073792405426502228
vt 1.0355842113494873 0.079094283282756805
vt 1.0753066539764404 0.075431227684020996
vt 1.0664221048355103 0.066047005355358124
vt 1.0636804103851318 0.083969041705131531
vt 1.0636804103851318 0.083969041705131531
vt 1.0664221048355103 0.066047005355358124
vt 1.0542212724685669 0.073792405426502228
vt -0.02507113479077816 0.10697700828313828
vt -0.029701314866542816 0.10003504902124405
vt -0.030484555289149284 0.10955392569303513
vt -0.030484555289149284 0.10955392569303513
vt -0.029701314866542816 0.10003504902124405
vt -0.036161564290523529 0.097417838871479034
vt 1.0495145320892334 -0.94254428148269653
vt 1.046326756477356 -0.93064558506011963
vt 1.0512130260467529 -0.93386489152908325
vt 1.0512130260467529 -0.0027876452077180147
vt 1.046326756477356 -0.00277121108956635
vt 1.0479116439819336 0.0070793386548757553
vt 1.073900580406189 0.14478595554828644
vt 1.0792566537857056 0.15371352434158325
vt 1.0807548761367798 0.14236249029636383
vt 1.9084826707839966 0.14657166600227356
vt 1.8993562459945679 0.14236249029636383
vt 1.8988823890686035 0.15371352434158325
vt 1.0684678554534912 0.037232466042041779
vt 1.0624853372573853 0.035961754620075226
vt 1.0569791793823242 0.041308809071779251
vt 1.053369402885437 -0.91054707765579224
vt 1.0624853372573853 -0.90733081102371216
vt 1.0684678554534912 -0.90848886966705322
vt 1.0721776485443115 -0.90665590763092041
vt 1.073900580406189 -0.90386396646499634
vt 1.0838392972946167 -0.90848261117935181
vt 1.073900580406189 0.14478595554828644
vt 1.0721776485443115 0.14249850809574127
vt 1.0631425380706787 0.14731734991073608
vt -0.050008282065391541 0.15127752721309662
vt -0.050678715109825134 0.14120927453041077
vt -0.057931955903768539 0.14104275405406952
vt -0.057931955903768539 0.14104275405406952
vt -0.050678715109825134 0.14120927453041077
vt -0.046871978789567947 0.13338117301464081
vt -0.044167309999465942 0.15192835032939911
vt -0.044774144887924194 0.14348495006561279
vt -0.050678715109825134 0.14120927453041077
vt -0.9509047269821167 0.14348495006561279
vt -0.94780302047729492 0.15192835032939911
vt -0.94365113973617554 0.15045942366123199
vt -0.056297324597835541 0.15120516717433929
vt -0.050242718309164047 0.16131451725959778
vt -0.050008282065391541 0.15127752721309662
vt -0.050008282065391541 0.15127752721309662
vt -0.050242718309164047 0.16131451725959778
vt -0.043826568871736526 0.16178634762763977
vt -0.077405452728271484 -0.93527364730834961
vt -0.083211049437522888 -0.9291035532951355
vt -0.080216147005558014 -0.92176765203475952
vt 1.9307386875152588 0.14471240341663361
vt 1.9291036128997803 0.15320239961147308
vt 1.9352736473083496 0.15330043435096741
vt 1.0607997179031372 0.11295612156391144
vt 1.0607203245162964 0.10268184542655945
vt 1.0523291826248169 0.11365381628274918
vt 1.0730724334716797 0.093958616256713867
vt 1.0607203245162964 0.10268184542655945
vt 1.0607997179031372 0.11295612156391144
vt 1.0643376111984253 -0.91822534799575806
vt 1.0724462270736694 -0.92442989349365234
vt 1.0689996480941772 -0.93559378385543823
vt 1.0689996480941772 -0.93559378385543823
vt 1.0724462270736694 -0.92442989349365234
vt 1.0822398662567139 -0.92860651016235352
vt -0.052650373429059982 0.12983159720897675
vt -0.050145231187343597 0.117693230509758
vt -0.061964400112628937 0.1261092871427536
vt -0.043640971183776855 0.12357062846422195
vt -0.050145231187343597 0.117693230509758
vt -0.052650373429059982 0.12983159720897675
vt -0.058961790055036545 0.070075280964374542
vt -0.048244506120681763 0.069079726934432983
vt -0.046283435076475143 0.059600498527288437
vt -0.038358740508556366 0.058375954627990723
vt -0.046283435076475143 0.059600498527288437
vt -0.048244506120681763 0.069079726934432983
vt 1.0117788314819336 0.10781127959489822
vt 1.0181387662887573 0.10920189321041107
vt 1.0227179527282715 0.10027807950973511
vt 1.0157985687255859 0.11555470526218414
vt 1.0181387662887573 0.10920189321041107
vt 1.0117788314819336 0.10781127959489822
vt 1.0473824739456177 0.11429400742053986
vt 1.0397354364395142 0.1165139451622963
vt 1.0387868881225586 0.12344014644622803
vt -0.95896565914154053 0.12069660425186157
vt -0.95318114757537842 0.12344014644622803
vt -0.95475506782531738 0.1165139451622963
vt 1.0562993288040161 -0.93292766809463501
vt 1.0544300079345703 -0.94359457492828369
vt 1.0449974536895752 -0.9428897500038147
vt 1.0449974536895752 -0.9428897500038147
vt 1.0544300079345703 -0.94359457492828369
vt 1.0486348867416382 -0.95151406526565552
vt 1.9286065101623535 0.038271769881248474
vt 1.9177007675170898 0.040946688503026962
vt 1.9188917875289917 0.049207869917154312
vt 1.9188917875289917 0.049207869917154312
vt 1.9177007675170898 0.040946688503026962
vt 1.9092379808425903 0.039964307099580765
vt 1.0783919095993042 -0.90923798084259033
vt 1.0744335651397705 -0.91054397821426392
vt 1.0722033977508545 -0.90693062543869019
vt 1.0744335651397705 -0.91054397821426392
vt 1.0684678554534912 -0.90848886966705322
vt 1.0722033977508545 -0.90693062543869019
vt 1.0444306135177612 -0.96663641929626465
vt 1.0495569705963135 -0.96430486440658569
vt 1.0411465167999268 -0.96264243125915527
vt 1.0464603900909424 -0.9605633020401001
vn 0.40330895781517029 0.072342194616794586 0.91219979524612427
vn 0.40330895781517029 0.072342194616794586 0.91219979524612427
vn 0.40330895781517029 0.072342194616794586 0.91219979524612427
vn -0.91091430187225342 -0.012033597566187382 0.4124201238155365
vn -0.91091430187225342 -0.012033597566187382 0.4124201238155365
vn -0.91091430187225342 -0.012033597566187382 0.4124201238155365
vn 0.69431483745574951 0.013921470381319523 0.71953672170639038
vn 0.69431483745574951 0.013921470381319523 0.71953672170639038
vn 0.69431483745574951 0.013921470381319523 0.71953672170639038
vn -0.17084889113903046 0.17470960319042206 -0.96968406438827515
vn -0.17084889113903046 0.17470960319042206 -0.96968406438827515
vn -0.17084889113903046 0.17470960319042206 -0.96968406438827515
vn 0.64188069105148315 0.097231224179267883 0.76061505079269409
vn 0.64188069105148315 0.097231224179267883 0.76061505079269409
vn 0.64188069105148315 0.097231224179267883 0.76061505079269409
vn 0.059635736048221588 -0.028566554188728333 -0.99781137704849243
vn 0.059635736048221588 -0.028566554188728333 -0.99781137704849243
vn 0.059635736048221588 -0.028566554188728333 -0.99781137704849243
vn -0.042016133666038513 -0.99698495864868164 0.065235503017902374
vn -0.042016133666038513 -0.99698495864868164 0.065235503017902374
vn -0.042016133666038513 -0.99698495864868164 0.065235503017902374
vn 0.43794175982475281 0.057332366704940796 -0.89717334508895874
vn 0.43794175982475281 0.057332366704940796 -0.89717334508895874
vn 0.43794175982475281 0.057332366704940796 -0.89717334508895874
vn -0.86513465642929077 0.30182021856307983 0.40055790543556213
vn -0.86513465642929077 0.30182021856307983 0.40055790543556213
vn -0.86513465642929077 0.30182021856307983 0.40055790543556213
vn -0.7159990668296814 0.11981484293937683 0.68774247169494629
vn -0.7159990668296814 0.11981484293937683 0.68774247169494629
vn -0.7159990668296814 0.11981484293937683 0.68774247169494629
vn -0.024267472326755524 0.054514195770025253 -0.99821805953979492
vn -0.024267472326755524 0.054514195770025253 -0.99821805953979492
vn -0.024267472326755524 0.054514195770025253 -0.99821805953979492
vn 0.82912832498550415 0.36796975135803223 -0.42088529467582703
vn 0.82912832498550415 0.36796975135803223 -0.42088529467582703
vn 0.82912832498550415 0.36796975135803223 -0.42088529467582703
vn 0.95655578374862671 -0.020931871607899666 0.29079693555831909
vn 0.95655578374862671 -0.020931871607899666 0.29079693555831909
vn 0.95655578374862671 -0.020931871607899666 0.29079693555831909
vn -0.59188753366470337 -0.12489272654056549 0.79628568887710571
vn -0.59188753366470337 -0.12489272654056549 0.79628568887710571
vn -0.59188753366470337 -0.12489272654056549 0.79628568887710571
vn -0.92968994379043579 0.092029288411140442 0.35666123032569885
vn -0.92968994379043579 0.092029288411140442 0.35666123032569885
vn -0.92968994379043579 0.092029288411140442 0.35666123032569885
vn 0.38968935608863831 -0.17143537104129791 -0.90484923124313354
vn 0.38968935608863831 -0.17143537104129791 -0.90484923124313354
vn 0.38968935608863831 -0.17143537104129791 -0.90484923124313354
vn 0.22550243139266968 -0.95741939544677734 0.18026860058307648
vn 0.22550243139266968 -0.95741939544677734 0.18026860058307648
vn 0.22550243139266968 -0.95741939544677734 0.18026860058307648
vn -0.79232043027877808 0.0038527823053300381 -0.61009299755096436
vn -0.79232043027877808 0.0038527823053300381 -0.61009299755096436
vn -0.79232043027877808 0.0038527823053300381 -0.61009299755096436
vn 0.020329141989350319 0.070013903081417084 0.99733883142471313
vn 0.020329141989350319 0.070013903081417084 0.99733883142471313
vn 0.020329141989350319 0.070013903081417084 0.99733883142471313
vn 0.66048407554626465 0.50979727506637573 -0.55124175548553467
vn 0.66048407554626465 0.50979727506637573 -0.55124175548553467
vn 0.66048407554626465 0.50979727506637573 -0.55124175548553467
vn -0.83009696006774902 0.55074870586395264 -0.087263211607933044
vn -0.83009696006774902 0.55074870586395264 -0.087263211607933044
vn -0.83009696006774902 0.55074870586395264 -0.087263211607933044
vn 0.93961495161056519 0.27869731187820435 -0.19862416386604309
vn 0.93961495161056519 0.27869731187820435 -0.19862416386604309
vn 0.93961495161056519 0.27869731187820435 -0.19862416386604309
vn -0.42839604616165161 -0.28677573800086975 0.85687601566314697
vn -0.42839604616165161 -0.28677573800086975 0.85687601566314697
vn -0.42839604616165161 -0.28677573800086975 0.85687601566314697
vn 0.65336763858795166 -0.36483895778656006 -0.66332739591598511
vn 0.65336763858795166 -0.36483895778656006 -0.66332739591598511
vn 0.65336763858795166 -0.36483895778656006 -0.66332739591598511
vn 0.5651545524597168 -0.39032289385795593 0.72680699825286865
vn 0.5651545524597168 -0.39032289385795593 0.72680699825286865
vn 0.5651545524597168 -0.39032289385795593 0.72680699825286865
vn -0.087639413774013519 -0.92038756608963013 -0.38105916976928711
vn -0.087639413774013519 -0.92038756608963013 -0.38105916976928711
vn -0.087639413774013519 -0.92038756608963013 -0.38105916976928711
vn 0.52571350336074829 -0.83102297782897949 0.18173086643218994
vn 0.52571350336074829 -0.83102297782897949 0.18173086643218994
vn 0.52571350336074829 -0.83102297782897949 0.18173086643218994
vn 0.86858463287353516 0.088134355843067169 -0.48764029145240784
vn 0.86858463287353516 0.088134355843067169 -0.48764029145240784
vn 0.86858463287353516 0.088134355843067169 -0.48764029145240784
vn 0.40700837969779968 -0.015169528312981129 0.91329848766326904
vn 0.40700837969779968 -0.015169528312981129 0.91329848766326904
vn 0.40700837969779968 -0.015169528312981129 0.91329848766326904
vn -0.24942564964294434 -0.96806704998016357 -0.025159360840916634
vn -0.24942564964294434 -0.96806704998016357 -0.025159360840916634
vn -0.24942564964294434 -0.96806704998016357 -0.025159360840916634
vn -0.5024217963218689 0.51501673460006714 -0.6944999098777771
vn -0.5024217963218689 0.51501673460006714 -0.6944999098777771
vn -0.5024217963218689 0.51501673460006714 -0.6944999098777771
vn -0.90371382236480713 0.062904037535190582 -0.42349079251289368
vn -0.90371382236480713 0.062904037535190582 -0.42349079251289368
vn -0.90371382236480713 0.062904037535190582 -0.42349079251289368
vn 0.75269591808319092 0.27371802926063538 0.59877151250839233
vn 0.75269591808319092 0.27371802926063538 0.59877151250839233
vn 0.75269591808319092 0.27371802926063538 0.59877151250839233
vn 0.70843678712844849 0.64913481473922729 0.27702224254608154
vn 0.70843678712844849 0.64913481473922729 0.27702224254608154
vn 0.70843678712844849 0.64913481473922729 0.27702224254608154
vn 0.45484215021133423 0.33074203133583069 0.82687866687774658
vn 0.45484215021133423 0.33074203133583069 0.82687866687774658
vn 0.45484215021133423 0.33074203133583069 0.82687866687774658
vn -0.57184207439422607 -0.42039790749549866 0.70445883274078369
vn -0.57184207439422607 -0.42039790749549866 0.70445883274078369
vn -0.57184207439422607 -0.42039790749549866 0.70445883274078369
vn -0.89712858200073242 0.056387413293123245 0.43815606832504272
vn -0.89712858200073242 0.056387413293123245 0.43815606832504272
vn -0.89712858200073242 0.056387413293123245 0.43815606832504272
vn 0.73348009586334229 -0.025609707459807396 -0.67922830581665039
vn 0.73348009586334229 -0.025609707459807396 -0.67922830581665039
vn 0.73348009586334229 -0.025609707459807396 -0.67922830581665039
vn -0.17067520320415497 0.81735777854919434 -0.55026924610137939
vn -0.17067520320415497 0.81735777854919434 -0.55026924610137939
vn -0.17067520320415497 0.81735777854919434 -0.55026924610137939
vn -0.51410019397735596 0.5124356746673584 -0.68783038854598999
vn -0.51410019397735596 0.5124356746673584 -0.68783038854598999
vn -0.51410019397735596 0.5124356746673584 -0.68783038854598999
vn 0.78211009502410889 -0.60242146253585815 0.15934933722019196
vn 0.78211009502410889 -0.60242146253585815 0.15934933722019196
vn 0.78211009502410889 -0.60242146253585815 0.15934933722019196
vn -0.5476837158203125 -0.092312291264533997 0.83157742023468018
vn -0.5476837158203125 -0.092312291264533997 0.83157742023468018
vn -0.5476837158203125 -0.092312291264533997 0.83157742023468018
vn -0.68922615051269531 0.19931651651859283 -0.69659191370010376
vn -0.68922615051269531 0.19931651651859283 -0.69659191370010376
vn -0.68922615051269531 0.19931651651859283 -0.69659191370010376
vn 0.56307178735733032 0.06150485947728157 0.824116051197052
vn 0.56307178735733032 0.06150485947728157 0.824116051197052
vn 0.56307178735733032 0.06150485947728157 0.824116051197052
vn -0.13028405606746674 0.11452331393957138 -0.98484033346176147
vn -0.13028405606746674 0.11452331393957138 -0.98484033346176147
vn -0.13028405606746674 0.11452331393957138 -0.98484033346176147
vn 0.75896590948104858 0.21034224331378937 -0.61621981859207153
vn 0.75896590948104858 0.21034224331378937 -0.61621981859207153
vn 0.75896590948104858 0.21034224331378937 -0.61621981859207153
vn 0.99991798400878906 0.0054497756063938141 0.011590395122766495
vn 0.99991798400878906 0.0054497756063938141 0.011590395122766495
vn 0.99991798400878906 0.0054497756063938141 0.011590395122766495
vn -0.034489855170249939 -0.51371181011199951 0.857269287109375
vn -0.034489855170249939 -0.51371181011199951 0.857269287109375
vn -0.034489855170249939 -0.51371181011199951 0.857269287109375
vn 0.40100193023681641 -0.01105558592826128 -0.91601049900054932
vn 0.40100193023681641 -0.01105558592826128 -0.91601049900054932
vn 0.40100193023681641 -0.01105558592826128 -0.91601049900054932
vn -0.40203961730003357 -0.21434217691421509 0.89018064737319946
vn -0.40203961730003357 -0.21434217691421509 0.89018064737319946
vn -0.40203961730003357 -0.21434217691421509 0.89018064737319946
vn -0.50001060962677002 -0.24893799424171448 0.82946926355361938
vn -0.50001060962677002 -0.24893799424171448 0.82946926355361938
vn -0.50001060962677002 -0.24893799424171448 0.82946926355361938
vn -0.94534605741500854 -0.29505547881126404 -0.13879154622554779
vn -0.94534605741500854 -0.29505547881126404 -0.13879154622554779
vn -0.94534605741500854 -0.29505547881126404 -0.13879154622554779
vn 0.91168004274368286 -0.36718952655792236 0.18442173302173615
vn 0.91168004274368286 -0.36718952655792236 0.18442173302173615
vn 0.91168004274368286 -0.36718952655792236 0.18442173302173615
vn 0.89460641145706177 0.032585524022579193 -0.44566529989242554
vn 0.89460641145706177 0.032585524022579193 -0.44566529989242554
vn 0.89460641145706177 0.032585524022579193 -0.44566529989242554
vn 0.86876749992370605 -0.26457870006561279 0.41861817240715027
vn 0.86876749992370605 -0.26457870006561279 0.41861817240715027
vn 0.86876749992370605 -0.26457870006561279 0.41861817240715027
vn -0.22850888967514038 0.063952311873435974 -0.97143900394439697
vn -0.22850888967514038 0.063952311873435974 -0.97143900394439697
vn -0.22850888967514038 0.063952311873435974 -0.97143900394439697
vn -0.76057374477386475 0.58130156993865967 0.28916439414024353
vn -0.76057374477386475 0.58130156993865967 0.28916439414024353
vn -0.76057374477386475 0.58130156993865967 0.28916439414024353
vn 0.95247083902359009 -0.30422896146774292 -0.015623082406818867
vn 0.95247083902359009 -0.30422896146774292 -0.015623082406818867
vn 0.95247083902359009 -0.30422896146774292 -0.015623082406818867
vn 0.13297519087791443 -0.33227697014808655 0.93376100063323975
vn 0.13297519087791443 -0.33227697014808655 0.93376100063323975
vn 0.13297519087791443 -0.33227697014808655 0.93376100063323975
vn 0.70276725292205811 -0.13440605998039246 0.69860804080963135
vn 0.70276725292205811 -0.13440605998039246 0.69860804080963135
vn 0.70276725292205811 -0.13440605998039246 0.69860804080963135
vn -0.70856112241744995 0.11474461853504181 -0.69625771045684814
vn -0.70856112241744995 0.11474461853504181 -0.69625771045684814
vn -0.70856112241744995 0.11474461853504181 -0.69625771045684814
vn -0.99721246957778931 -0.0041382526978850365 -0.074499152600765228
vn -0.99721246957778931 -0.0041382526978850365 -0.074499152600765228
vn -0.99721246957778931 -0.0041382526978850365 -0.074499152600765228
vn 0.90721368789672852 0.22947245836257935 -0.35257014632225037
vn 0.90721368789672852 0.22947245836257935 -0.35257014632225037
vn 0.90721368789672852 0.22947245836257935 -0.35257014632225037
vn -0.85721439123153687 0.34619748592376709 -0.38122275471687317
vn -0.85721439123153687 0.34619748592376709 -0.38122275471687317
vn -0.85721439123153687 0.34619748592376709 -0.38122275471687317
vn 0.2341558039188385 0.86595785617828369 0.44191405177116394
vn 0.2341558039188385 0.86595785617828369 0.44191405177116394
vn 0.2341558039188385 0.86595785617828369 0.44191405177116394
vn 0.26800000667572021 -0.12617968022823334 0.9551202654838562
vn 0.26800000667572021 -0.12617968022823334 0.9551202654838562
vn 0.26800000667572021 -0.12617968022823334 0.9551202654838562
vn 0.59341847896575928 0.52279579639434814 0.61199599504470825
vn 0.59341847896575928 0.52279579639434814 0.61199599504470825
vn 0.59341847896575928 0.52279579639434814 0.61199599504470825
vn 0.27724450826644897 -0.14327545464038849 0.95005661249160767
vn 0.27724450826644897 -0.14327545464038849 0.95005661249160767
vn 0.27724450826644897 -0.14327545464038849 0.95005661249160767
vn -0.74229890108108521 0.082326740026473999 -0.66499221324920654
vn -0.74229890108108521 0.082326740026473999 -0.66499221324920654
vn -0.74229890108108521 0.082326740026473999 -0.66499221324920654
vn -0.19806553423404694 0.18480294942855835 -0.96260994672775269
vn -0.19806553423404694 0.18480294942855835 -0.96260994672775269
vn -0.19806553423404694 0.18480294942855835 -0.96260994672775269
vn 0.32639586925506592 -0.39665937423706055 -0.8579784631729126
vn 0.32639586925506592 -0.39665937423706055 -0.8579784631729126
vn 0.32639586925506592 -0.39665937423706055 -0.8579784631729126
vn 0.081771783530712128 0.54774749279022217 0.83263802528381348
vn 0.081771783530712128 0.54774749279022217 0.83263802528381348
vn 0.081771783530712128 0.54774749279022217 0.83263802528381348
vn 0.27647128701210022 -0.87271213531494141 -0.40241411328315735
vn 0.27647128701210022 -0.87271213531494141 -0.40241411328315735
vn 0.27647128701210022 -0.87271213531494141 -0.40241411328315735
vn -0.14260657131671906 0.081017382442951202 -0.98645806312561035
vn -0.14260657131671906 0.081017382442951202 -0.98645806312561035
vn -0.14260657131671906 0.081017382442951202 -0.98645806312561035
vn 0.16735550761222839 -0.35569664835929871 -0.91949552297592163
vn 0.16735550761222839 -0.35569664835929871 -0.91949552297592163
vn 0.16735550761222839 -0.35569664835929871 -0.91949552297592163
vn -0.94360929727554321 0.046989820897579193 -0.32770934700965881
vn -0.94360929727554321 0.046989820897579193 -0.32770934700965881
vn -0.94360929727554321 0.046989820897579193 -0.32770934700965881
vn -0.52718925476074219 -0.62344855070114136 0.57739365100860596
vn -0.52718925476074219 -0.62344855070114136 0.57739365100860596
vn -0.52718925476074219 -0.62344855070114136 0.57739365100860596
vn 0.5405573844909668 -0.020386405289173126 -0.8410601019859314
vn 0.5405573844909668 -0.020386405289173126 -0.8410601019859314
vn 0.5405573844909668 -0.020386405289173126 -0.8410601019859314
vn 0.19779019057750702 0.15653343498706818 0.96766537427902222
vn 0.19779019057750702 0.15653343498706818 0.96766537427902222
vn 0.19779019057750702 0.15653343498706818 0.96766537427902222
vn 0.71761208772659302 0.052259422838687897 0.69447952508926392
vn 0.71761208772659302 0.052259422838687897 0.69447952508926392
vn 0.71761208772659302 0.052259422838687897 0.69447952508926392
vn 0.85388481616973877 0.47721171379089355 -0.20772512257099152
vn 0.85388481616973877 0.47721171379089355 -0.20772512257099152
vn 0.85388481616973877 0.47721171379089355 -0.20772512257099152
vn 0.11428491026163101 -0.13716684281826019 -0.98393303155899048
vn 0.11428491026163101 -0.13716684281826019 -0.98393303155899048
vn 0.11428491026163101 -0.13716684281826019 -0.98393303155899048
vn -0.34560728073120117 0.30566239356994629 -0.88720124959945679
vn -0.34560728073120117 0.30566239356994629 -0.88720124959945679
vn -0.34560728073120117 0.30566239356994629 -0.88720124959945679
vn 0.93995440006256104 -0.24887911975383759 0.2335486114025116
vn 0.93995440006256104 -0.24887911975383759 0.2335486114025116
vn 0.93995440006256104 -0.24887911975383759 0.2335486114025116
vn -0.86586642265319824 0.041074972599744797 0.49858620762825012
vn -0.86586642265319824 0.041074972599744797 0.49858620762825012
vn -0.86586642265319824 0.041074972599744797 0.49858620762825012
vn 0.11440220475196838 0.050808440893888474 0.99213439226150513
vn 0.11440220475196838 0.050808440893888474 0.99213439226150513
vn 0.11440220475196838 0.050808440893888474 0.99213439226150513
vn 0.026445388793945312 -0.15847873687744141 0.98700815439224243
vn 0.026445388793945312 -0.15847873687744141 0.98700815439224243
vn 0.026445388793945312 -0.15847873687744141 0.98700815439224243
vn 0.84332704544067383 -0.064670026302337646 0.53349530696868896
vn 0.84332704544067383 -0.064670026302337646 0.53349530696868896
vn 0.84332704544067383 -0.064670026302337646 0.53349530696868896
vn -0.6844143271446228 -0.26178315281867981 -0.68047529458999634
vn -0.6844143271446228 -0.26178315281867981 -0.68047529458999634
vn -0.6844143271446228 -0.26178315281867981 -0.68047529458999634
vn -0.19983687996864319 -0.15480656921863556 -0.96752268075942993
vn -0.19983687996864319 -0.15480656921863556 -0.96752268075942993
vn -0.19983687996864319 -0.15480656921863556 -0.96752268075942993
vn -0.53461837768554688 -0.10310056805610657 0.83878093957901001
vn -0.53461837768554688 -0.10310056805610657 0.83878093957901001
vn -0.53461837768554688 -0.10310056805610657 0.83878093957901001
vn -0.44340741634368896 -0.87116432189941406 0.21086147427558899
vn -0.44340741634368896 -0.87116432189941406 0.21086147427558899
vn -0.44340741634368896 -0.87116432189941406 0.21086147427558899
vn 0.75814634561538696 0.40862542390823364 0.50817257165908813
vn 0.75814634561538696 0.40862542390823364 0.50817257165908813
vn 0.75814634561538696 0.40862542390823364 0.50817257165908813
vn 0.83574306964874268 0.087222307920455933 0.54214924573898315
vn 0.83574306964874268 0.087222307920455933 0.54214924573898315
vn 0.83574306964874268 0.087222307920455933 0.54214924573898315
vn 0.30852216482162476 0.092566348612308502 -0.94670248031616211
vn 0.30852216482162476 0.092566348612308502 -0.94670248031616211
vn 0.30852216482162476 0.092566348612308502 -0.94670248031616211
vn 0.84666383266448975 -0.34461721777915955 -0.40546184778213501
vn 0.84666383266448975 -0.34461721777915955 -0.40546184778213501
vn 0.84666383266448975 -0.34461721777915955 -0.40546184778213501
vn 0.77169537544250488 0.17367532849311829 -0.61181950569152832
vn 0.77169537544250488 0.17367532849311829 -0.61181950569152832
vn 0.77169537544250488 0.17367532849311829 -0.61181950569152832
vn 0.96276587247848511 -0.11916313320398331 -0.24265626072883606
vn 0.96276587247848511 -0.11916313320398331 -0.24265626072883606
vn 0.96276587247848511 -0.11916313320398331 -0.24265626072883606
vn -0.82321161031723022 0.48534655570983887 -0.29455283284187317
vn -0.82321161031723022 0.48534655570983887 -0.29455283284187317
vn -0.82321161031723022 0.48534655570983887 -0.29455283284187317
vn -0.62491202354431152 0.45709401369094849 -0.63289022445678711
vn -0.62491202354431152 0.45709401369094849 -0.63289022445678711
vn -0.62491202354431152 0.45709401369094849 -0.63289022445678711
vn -0.92895787954330444 -0.32423290610313416 0.17863462865352631
vn -0.92895787954330444 -0.32423290610313416 0.17863462865352631
vn -0.92895787954330444 -0.32423290610313416 0.17863462865352631
vn -0.9573284387588501 0.27675101161003113 -0.083253473043441772
vn -0.9573284387588501 0.27675101161003113 -0.083253473043441772
vn -0.9573284387588501 0.27675101161003113 -0.083253473043441772
vn 0.27981582283973694 -0.30645588040351868 -0.90982848405838013
vn 0.27981582283973694 -0.30645588040351868 -0.90982848405838013
vn 0.27981582283973694 -0.30645588040351868 -0.90982848405838013
vn -0.5182877779006958 0.16577140986919403 -0.83898603916168213
vn -0.5182877779006958 0.16577140986919403 -0.83898603916168213
vn -0.5182877779006958 0.16577140986919403 -0.83898603916168213
vn -0.84143078327178955 -0.26831293106079102 -0.46904414892196655
vn -0.84143078327178955 -0.26831293106079102 -0.46904414892196655
vn -0.84143078327178955 -0.26831293106079102 -0.46904414892196655
vn -0.12635207176208496 0.89321112632751465 -0.43151944875717163
vn -0.12635207176208496 0.89321112632751465 -0.43151944875717163
vn -0.12635207176208496 0.89321112632751465 -0.43151944875717163
vn -0.68780219554901123 0.28255710005760193 0.66864758729934692
vn -0.68780219554901123 0.28255710005760193 0.66864758729934692
vn -0.68780219554901123 0.28255710005760193 0.66864758729934692
vn 0.8868439793586731 0.39662206172943115 -0.23706264793872833
vn 0.8868439793586731 0.39662206172943115 -0.23706264793872833
vn 0.8868439793586731 0.39662206172943115 -0.23706264793872833
vn 0.020102424547076225 -0.95094150304794312 -0.30871695280075073
vn 0.020102424547076225 -0.95094150304794312 -0.30871695280075073
vn 0.020102424547076225 -0.95094150304794312 -0.30871695280075073
vn -0.21104452013969421 -0.55491173267364502 0.80469447374343872
vn -0.21104452013969421 -0.55491173267364502 0.80469447374343872
vn -0.21104452013969421 -0.55491173267364502 0.80469447374343872
vn -0.98455262184143066 0.13047313690185547 0.11676014959812164
vn -0.98455262184143066 0.13047313690185547 0.11676014959812164
vn -0.98455262184143066 0.13047313690185547 0.11676014959812164
vn -0.7520720362663269 0.10386981070041656 0.65084463357925415
vn -0.7520720362663269 0.10386981070041656 0.65084463357925415
vn -0.7520720362663269 0.10386981070041656 0.65084463357925415
vn 0.78238081932067871 -0.085569046437740326 0.61689400672912598
vn 0.78238081932067871 -0.085569046437740326 0.61689400672912598
vn 0.78238081932067871 -0.085569046437740326 0.61689400672912598
vn 0.91155487298965454 -0.23660878837108612 0.33627957105636597
vn 0.91155487298965454 -0.23660878837108612 0.33627957105636597
vn 0.91155487298965454 -0.23660878837108612 0.33627957105636597
vn 0.24565032124519348 0.28763201832771301 -0.92570173740386963
vn 0.24565032124519348 0.28763201832771301 -0.92570173740386963
vn 0.24565032124519348 0.28763201832771301 -0.92570173740386963
vn 0.49073019623756409 0.64385402202606201 -0.58705693483352661
vn 0.49073019623756409 0.64385402202606201 -0.58705693483352661
vn 0.49073019623756409 0.64385402202606201 -0.58705693483352661
vn -0.24514530599117279 0.3548562228679657 -0.90220886468887329
vn -0.24514530599117279 0.3548562228679657 -0.90220886468887329
vn -0.24514530599117279 0.3548562228679657 -0.90220886468887329
vn -0.13609927892684937 0.82502686977386475 -0.54845935106277466
vn -0.13609927892684937 0.82502686977386475 -0.54845935106277466
vn -0.13609927892684937 0.82502686977386475 -0.54845935106277466
vn -0.073592759668827057 0.081555463373661041 0.99394810199737549
vn -0.073592759668827057 0.081555463373661041 0.99394810199737549
vn -0.073592759668827057 0.081555463373661041 0.99394810199737549
vn 0.02269306592643261 -0.26467850804328918 0.964069664478302
vn 0.02269306592643261 -0.26467850804328918 0.964069664478302
vn 0.02269306592643261 -0.26467850804328918 0.964069664478302
vn -0.46501347422599792 0.56945657730102539 0.67785078287124634
vn -0.46501347422599792 0.56945657730102539 0.67785078287124634
vn -0.46501347422599792 0.56945657730102539 0.67785078287124634
vn -0.48886692523956299 0.78983700275421143 0.37036013603210449
vn -0.48886692523956299 0.78983700275421143 0.37036013603210449
vn -0.48886692523956299 0.78983700275421143 0.37036013603210449
vn 0.70872557163238525 0.66153305768966675 0.24511642754077911
vn 0.70872557163238525 0.66153305768966675 0.24511642754077911
vn 0.70872557163238525 0.66153305768966675 0.24511642754077911
vn 0.99078148603439331 -0.023883838206529617 -0.13334758579730988
vn 0.99078148603439331 -0.023883838206529617 -0.13334758579730988
vn 0.99078148603439331 -0.023883838206529617 -0.13334758579730988
vn 0.13295772671699524 0.98938935995101929 -0.058573771268129349
vn 0.13295772671699524 0.98938935995101929 -0.058573771268129349
vn 0.13295772671699524 0.98938935995101929 -0.058573771268129349
vn -0.86998212337493896 0.11423974484205246 -0.47966694831848145
vn -0.86998212337493896 0.11423974484205246 -0.47966694831848145
vn -0.86998212337493896 0.11423974484205246 -0.47966694831848145
vn 0.16429382562637329 -0.78062403202056885 0.60302042961120605
vn 0.16429382562637329 -0.78062403202056885 0.60302042961120605
vn 0.16429382562637329 -0.78062403202056885 0.60302042961120605
vn -0.64986908435821533 -0.74771380424499512 0.13636067509651184
vn -0.64986908435821533 -0.74771380424499512 0.13636067509651184
vn -0.64986908435821533 -0.74771380424499512 0.13636067509651184
vn 0.41650077700614929 0.8306586742401123 -0.36950406432151794
vn 0.41650077700614929 0.8306586742401123 -0.36950406432151794
vn 0.41650077700614929 0.8306586742401123 -0.36950406432151794
vn 0.65261554718017578 -0.69014924764633179 -0.31270900368690491
vn 0.65261554718017578 -0.69014924764633179 -0.31270900368690491
vn 0.65261554718017578 -0.69014924764633179 -0.31270900368690491
vn -0.50791347026824951 0.10773542523384094 -0.85464435815811157
vn -0.50791347026824951 0.10773542523384094 -0.85464435815811157
vn -0.50791347026824951 0.10773542523384094 -0.85464435815811157
vn -0.71367913484573364 0.15592630207538605 -0.68289750814437866
vn -0.71367913484573364 0.15592630207538605 -0.68289750814437866
vn -0.71367913484573364 0.15592630207538605 -0.68289750814437866
vn -0.99660980701446533 0.080435298383235931 0.017294591292738914
vn -0.99660980701446533 0.080435298383235931 0.017294591292738914
vn -0.99660980701446533 0.080435298383235931 0.017294591292738914
vn -0.16721859574317932 0.070511117577552795 -0.98339521884918213
vn -0.16721859574317932 0.070511117577552795 -0.98339521884918213
vn -0.16721859574317932 0.070511117577552795 -0.98339521884918213
vn -0.8160557746887207 -0.33004429936408997 -0.4744720458984375
vn -0.8160557746887207 -0.33004429936408997 -0.4744720458984375
vn -0.8160557746887207 -0.33004429936408997 -0.4744720458984375
vn 0.3996308445930481 -0.78366196155548096 -0.47557243704795837
vn 0.3996308445930481 -0.78366196155548096 -0.47557243704795837
vn 0.3996308445930481 -0.78366196155548096 -0.47557243704795837
vn -0.52343583106994629 0.16686750948429108 -0.83556580543518066
vn -0.52343583106994629 0.16686750948429108 -0.83556580543518066
vn -0.52343583106994629 0.16686750948429108 -0.83556580543518066
vn -0.31870493292808533 -0.043949451297521591 0.9468345046043396
vn -0.31870493292808533 -0.043949451297521591 0.9468345046043396
vn -0.31870493292808533 -0.043949451297521591 0.9468345046043396
vn -0.11372487246990204 0.071383826434612274 0.990944504737854
vn -0.11372487246990204 0.071383826434612274 0.990944504737854
vn -0.11372487246990204 0.071383826434612274 0.990944504737854
vn -0.87344449758529663 0.107725590467453 -0.47485774755477905
vn -0.87344449758529663 0.107725590467453 -0.47485774755477905
vn -0.87344449758529663 0.107725590467453 -0.47485774755477905
vn -0.72500485181808472 -0.68677252531051636 -0.052071712911128998
vn -0.72500485181808472 -0.68677252531051636 -0.052071712911128998
vn -0.72500485181808472 -0.68677252531051636 -0.052071712911128998
vn 0.76660555601119995 0.0085190692916512489 0.64206182956695557
vn 0.76660555601119995 0.0085190692916512489 0.64206182956695557
vn 0.76660555601119995 0.0085190692916512489 0.64206182956695557
vn 0.20982404053211212 -0.3824581503868103 0.899833083152771
vn 0.20982404053211212 -0.3824581503868103 0.899833083152771
vn 0.20982404053211212 -0.3824581503868103 0.899833083152771
vn 0.5702369213104248 0.55670201778411865 -0.60408008098602295
vn 0.5702369213104248 0.55670201778411865 -0.60408008098602295
vn 0.5702369213104248 0.55670201778411865 -0.60408008098602295
vn 0.44097724556922913 0.54416358470916748 0.71374022960662842
vn 0.44097724556922913 0.54416358470916748 0.71374022960662842
vn 0.44097724556922913 0.54416358470916748 0.71374022960662842
vn 0.72866255044937134 -0.011465964838862419 0.6847769021987915
vn 0.72866255044937134 -0.011465964838862419 0.6847769021987915
vn 0.72866255044937134 -0.011465964838862419 0.6847769021987915
vn 0.57693403959274292 0.22976362705230713 0.78380852937698364
vn 0.57693403959274292 0.22976362705230713 0.78380852937698364
vn 0.57693403959274292 0.22976362705230713 0.78380852937698364
vn 0.79580885171890259 0.33532354235649109 0.50422853231430054
vn 0.79580885171890259 0.33532354235649109 0.50422853231430054
vn 0.79580885171890259 0.33532354235649109 0.50422853231430054
vn 0.13079835474491119 -0.10828579962253571 0.9854775071144104
vn 0.13079835474491119 -0.10828579962253571 0.9854775071144104
vn 0.13079835474491119 -0.10828579962253571 0.9854775071144104
vn 0.24812215566635132 -0.35248297452926636 -0.90232539176940918
vn 0.24812215566635132 -0.35248297452926636 -0.90232539176940918
vn 0.24812215566635132 -0.35248297452926636 -0.90232539176940918
vn 0.97777575254440308 0.10689181834459305 0.18035727739334106
vn 0.97777575254440308 0.10689181834459305 0.18035727739334106
vn 0.97777575254440308 0.10689181834459305 0.18035727739334106
vn 0.488893061876297 0.31972751021385193 -0.81163901090621948
vn 0.488893061876297 0.31972751021385193 -0.81163901090621948
vn 0.488893061876297 0.31972751021385193 -0.81163901090621948
vn -0.9941750168800354 -0.094527125358581543 -0.051774941384792328
vn -0.9941750168800354 -0.094527125358581543 -0.051774941384792328
vn -0.9941750168800354 -0.094527125358581543 -0.051774941384792328
vn -0.57638776302337646 0.49351575970649719 0.65132123231887817
vn -0.57638776302337646 0.49351575970649719 0.65132123231887817
vn -0.57638776302337646 0.49351575970649719 0.65132123231887817
vn -0.14390526711940765 -0.91213870048522949 0.38378933072090149
vn -0.14390526711940765 -0.91213870048522949 0.38378933072090149
vn -0.14390526711940765 -0.91213870048522949 0.38378933072090149
vn 0.32250380516052246 0.41429758071899414 -0.85108685493469238
vn 0.32250380516052246 0.41429758071899414 -0.85108685493469238
vn 0.32250380516052246 0.41429758071899414 -0.85108685493469238
vn 0.54144227504730225 0.18373899161815643 -0.82041466236114502
vn 0.54144227504730225 0.18373899161815643 -0.82041466236114502
vn 0.54144227504730225 0.18373899161815643 -0.82041466236114502
vn 0.2332177460193634 0.47381791472434998 -0.84917962551116943
vn 0.2332177460193634 0.47381791472434998 -0.84917962551116943
vn 0.2332177460193634 0.47381791472434998 -0.84917962551116943
vn 0.70031791925430298 -0.14589899778366089 -0.69876199960708618
vn 0.70031791925430298 -0.14589899778366089 -0.69876199960708618
vn 0.70031791925430298 -0.14589899778366089 -0.69876199960708618
vn 0.49308153986930847 0.17172951996326447 0.85286551713943481
vn 0.49308153986930847 0.17172951996326447 0.85286551713943481
vn 0.49308153986930847 0.17172951996326447 0.85286551713943481
vn -0.0012741462560370564 0.87610793113708496 0.4821133017539978
vn -0.0012741462560370564 0.87610793113708496 0.4821133017539978
vn -0.0012741462560370564 0.87610793113708496 0.4821133017539978
vn -0.22702802717685699 -0.96040803194046021 -0.16147668659687042
vn -0.22702802717685699 -0.96040803194046021 -0.16147668659687042
vn -0.22702802717685699 -0.96040803194046021 -0.16147668659687042
vn -0.87582969665527344 0.037112738937139511 -0.48119115829467773
vn -0.87582969665527344 0.037112738937139511 -0.48119115829467773
vn -0.87582969665527344 0.037112738937139511 -0.48119115829467773
vn -0.56405854225158691 0.35444933176040649 -0.74579060077667236
vn -0.56405854225158691 0.35444933176040649 -0.74579060077667236
vn -0.56405854225158691 0.35444933176040649 -0.74579060077667236
vn 0.92184937000274658 0.022636132314801216 -0.38688674569129944
vn 0.92184937000274658 0.022636132314801216 -0.38688674569129944
vn 0.92184937000274658 0.022636132314801216 -0.38688674569129944
vn 0.70104223489761353 0.022448671981692314 -0.71276634931564331
vn 0.70104223489761353 0.022448671981692314 -0.71276634931564331
vn 0.70104223489761353 0.022448671981692314 -0.71276634931564331
vn -0.45215436816215515 0.17448617517948151 0.8747062087059021
vn -0.45215436816215515 0.17448617517948151 0.8747062087059021
vn -0.45215436816215515 0.17448617517948151 0.8747062087059021
vn -0.94260531663894653 0.090103708207607269 0.32152214646339417
vn -0.94260531663894653 0.090103708207607269 0.32152214646339417
vn -0.94260531663894653 0.090103708207607269 0.32152214646339417
vn -0.57260435819625854 0.057341832667589188 -0.81782400608062744
vn -0.57260435819625854 0.057341832667589188 -0.81782400608062744
vn -0.57260435819625854 0.057341832667589188 -0.81782400608062744
vn -0.56860494613647461 0.11548272520303726 -0.81446433067321777
vn -0.56860494613647461 0.11548272520303726 -0.81446433067321777
vn -0.56860494613647461 0.11548272520303726 -0.81446433067321777
vn 0.94832742214202881 0.28406572341918945 0.14135688543319702
vn 0.94832742214202881 0.28406572341918945 0.14135688543319702
vn 0.94832742214202881 0.28406572341918945 0.14135688543319702
vn 0.13739065825939178 0.018954651430249214 -0.99033558368682861
vn 0.13739065825939178 0.018954651430249214 -0.99033558368682861
vn 0.13739065825939178 0.018954651430249214 -0.99033558368682861
vn -0.80751001834869385 0.34500256180763245 0.47843578457832336
vn -0.80751001834869385 0.34500256180763245 0.47843578457832336
vn -0.80751001834869385 0.34500256180763245 0.47843578457832336
vn -0.35470139980316162 0.077549219131469727 0.93175804615020752
vn -0.35470139980316162 0.077549219131469727 0.93175804615020752
vn -0.35470139980316162 0.077549219131469727 0.93175804615020752
vn -0.89041686058044434 -0.034706305712461472 0.45382076501846313
vn -0.89041686058044434 -0.034706305712461472 0.45382076501846313
vn -0.89041686058044434 -0.034706305712461472 0.45382076501846313
vn -0.7228512167930603 -0.14098294079303741 0.67646872997283936
vn -0.7228512167930603 -0.14098294079303741 0.67646872997283936
vn -0.7228512167930603 -0.14098294079303741 0.67646872997283936
vn -0.9160119891166687 -0.32970491051673889 -0.22850979864597321
vn -0.9160119891166687 -0.32970491051673889 -0.22850979864597321
vn -0.9160119891166687 -0.32970491051673889 -0.22850979864597321
vn -0.71499389410018921 0.52960968017578125 -0.45639598369598389
vn -0.71499389410018921 0.52960968017578125 -0.45639598369598389
vn -0.71499389410018921 0.52960968017578125 -0.45639598369598389
vn 0.16587558388710022 0.10627193003892899 -0.98040378093719482
vn 0.16587558388710022 0.10627193003892899 -0.98040378093719482
vn 0.16587558388710022 0.10627193003892899 -0.98040378093719482
vn 0.59189850091934204 -0.24696137011051178 0.76724588871002197
vn 0.59189850091934204 -0.24696137011051178 0.76724588871002197
vn 0.59189850091934204 -0.24696137011051178 0.76724588871002197
vn -0.82027208805084229 0.32614195346832275 -0.46987777948379517
vn -0.82027208805084229 0.32614195346832275 -0.46987777948379517
vn -0.82027208805084229 0.32614195346832275 -0.46987777948379517
vn 0.79919886589050293 -0.24997462332248688 -0.54662042856216431
vn 0.79919886589050293 -0.24997462332248688 -0.54662042856216431
vn 0.79919886589050293 -0.24997462332248688 -0.54662042856216431
vn 0.95236623287200928 -0.2989240288734436 0.060356896370649338
vn 0.95236623287200928 -0.2989240288734436 0.060356896370649338
vn 0.95236623287200928 -0.2989240288734436 0.060356896370649338
vn -0.55049854516983032 -0.14316557347774506 0.82246881723403931
vn -0.55049854516983032 -0.14316557347774506 0.82246881723403931
vn -0.55049854516983032 -0.14316557347774506 0.82246881723403931
vn 0.9892735481262207 0.14558547735214233 0.011947746388614178
vn 0.9892735481262207 0.14558547735214233 0.011947746388614178
vn 0.9892735481262207 0.14558547735214233 0.011947746388614178
vn 0.56730782985687256 0.36349186301231384 -0.73894214630126953
vn 0.56730782985687256 0.36349186301231384 -0.73894214630126953
vn 0.56730782985687256 0.36349186301231384 -0.73894214630126953
vn 0.41230884194374084 0.36452430486679077 -0.83493918180465698
vn 0.41230884194374084 0.36452430486679077 -0.83493918180465698
vn 0.41230884194374084 0.36452430486679077 -0.83493918180465698
vn -0.39002299308776855 -0.0092723891139030457 0.92075842618942261
vn -0.39002299308776855 -0.0092723891139030457 0.92075842618942261
vn -0.39002299308776855 -0.0092723891139030457 0.92075842618942261
vn 0.85281747579574585 0.12797699868679047 0.50628471374511719
vn 0.85281747579574585 0.12797699868679047 0.50628471374511719
vn 0.85281747579574585 0.12797699868679047 0.50628471374511719
vn -0.84617161750793457 -0.26532655954360962 -0.46216383576393127
vn -0.84617161750793457 -0.26532655954360962 -0.46216383576393127
vn -0.84617161750793457 -0.26532655954360962 -0.46216383576393127
vn -0.41778114438056946 -0.90682613849639893 0.055903863161802292
vn -0.41778114438056946 -0.90682613849639893 0.055903863161802292
vn -0.41778114438056946 -0.90682613849639893 0.055903863161802292
vn -0.81483471393585205 -0.34275659918785095 0.46750646829605103
vn -0.81483471393585205 -0.34275659918785095 0.46750646829605103
vn -0.81483471393585205 -0.34275659918785095 0.46750646829605103
vn 0.3344513475894928 -0.14194774627685547 0.93166148662567139
vn 0.3344513475894928 -0.14194774627685547 0.93166148662567139
vn 0.3344513475894928 -0.14194774627685547 0.93166148662567139
vn -0.95100909471511841 -0.18800926208496094 0.24542662501335144
vn -0.95100909471511841 -0.18800926208496094 0.24542662501335144
vn -0.95100909471511841 -0.18800926208496094 0.24542662501335144
vn 0.69133913516998291 -0.45605021715164185 -0.56041806936264038
vn 0.69133913516998291 -0.45605021715164185 -0.56041806936264038
vn 0.69133913516998291 -0.45605021715164185 -0.56041806936264038
vn 0.3262430727481842 -0.80194079875946045 -0.50045621395111084
vn 0.3262430727481842 -0.80194079875946045 -0.50045621395111084
vn 0.3262430727481842 -0.80194079875946045 -0.50045621395111084
vn 0.58822596073150635 -0.53792691230773926 -0.60384172201156616
vn 0.58822596073150635 -0.53792691230773926 -0.60384172201156616
vn 0.58822596073150635 -0.53792691230773926 -0.60384172201156616
vn 0.8041762113571167 -0.50670504570007324 0.31072595715522766
vn 0.8041762113571167 -0.50670504570007324 0.31072595715522766
vn 0.8041762113571167 -0.50670504570007324 0.31072595715522766
vn 0.82563823461532593 0.45508462190628052 0.3334958553314209
vn 0.82563823461532593 0.45508462190628052 0.3334958553314209
vn 0.82563823461532593 0.45508462190628052 0.3334958553314209
vn 0.83329039812088013 0.04716341570019722 -0.550819993019104
vn 0.83329039812088013 0.04716341570019722 -0.550819993019104
vn 0.83329039812088013 0.04716341570019722 -0.550819993019104
vn 0.3327750563621521 -0.58725196123123169 0.73783189058303833
vn 0.3327750563621521 -0.58725196123123169 0.73783189058303833
vn 0.3327750563621521 -0.58725196123123169 0.73783189058303833
vn 0.13773410022258759 0.25117620825767517 0.95809179544448853
vn 0.13773410022258759 0.25117620825767517 0.95809179544448853
vn 0.13773410022258759 0.25117620825767517 0.95809179544448853
vn 0.42018938064575195 0.1616767942905426 0.89291739463806152
vn 0.42018938064575195 0.1616767942905426 0.89291739463806152
vn 0.42018938064575195 0.1616767942905426 0.89291739463806152
vn 0.82561087608337402 0.21940246224403381 0.51983582973480225
vn 0.82561087608337402 0.21940246224403381 0.51983582973480225
vn 0.82561087608337402 0.21940246224403381 0.51983582973480225
vn 0.88497662544250488 -0.22877208888530731 -0.40556097030639648
vn 0.88497662544250488 -0.22877208888530731 -0.40556097030639648
vn 0.88497662544250488 -0.22877208888530731 -0.40556097030639648
vn -0.41763538122177124 0.024195535108447075 0.90829247236251831
vn -0.41763538122177124 0.024195535108447075 0.90829247236251831
vn -0.41763538122177124 0.024195535108447075 0.90829247236251831
vn -0.83107692003250122 0.35287627577781677 -0.42987149953842163
vn -0.83107692003250122 0.35287627577781677 -0.42987149953842163
vn -0.83107692003250122 0.35287627577781677 -0.42987149953842163
vn -0.99252700805664062 0.12160767614841461 0.010085255838930607
vn -0.99252700805664062 0.12160767614841461 0.010085255838930607
vn -0.99252700805664062 0.12160767614841461 0.010085255838930607
vn -0.69785118103027344 -0.67935168743133545 0.22690300643444061
vn -0.69785118103027344 -0.67935168743133545 0.22690300643444061
vn -0.69785118103027344 -0.67935168743133545 0.22690300643444061
vn -0.94080168008804321 -0.30656686425209045 0.14459937810897827
vn -0.94080168008804321 -0.30656686425209045 0.14459937810897827
vn -0.94080168008804321 -0.30656686425209045 0.14459937810897827
vn -0.97147172689437866 -0.0084765078499913216 0.23700396716594696
vn -0.97147172689437866 -0.0084765078499913216 0.23700396716594696
vn -0.97147172689437866 -0.0084765078499913216 0.23700396716594696
vn 0.38261416554450989 0.65125161409378052 -0.65534549951553345
vn 0.38261416554450989 0.65125161409378052 -0.65534549951553345
vn 0.38261416554450989 0.65125161409378052 -0.65534549951553345
vn -0.43805128335952759 0.89818024635314941 -0.037192903459072113
vn -0.43805128335952759 0.89818024635314941 -0.037192903459072113
vn -0.43805128335952759 0.89818024635314941 -0.037192903459072113
vn 0.54167664051055908 -0.1377226859331131 0.82922786474227905
vn 0.54167664051055908 -0.1377226859331131 0.82922786474227905
vn 0.54167664051055908 -0.1377226859331131 0.82922786474227905
vn -0.72273457050323486 0.43371498584747314 0.53809481859207153
vn -0.72273457050323486 0.43371498584747314 0.53809481859207153
vn -0.72273457050323486 0.43371498584747314 0.53809481859207153
vn 0.48939827084541321 0.10577109456062317 0.86562222242355347
vn 0.48939827084541321 0.10577109456062317 0.86562222242355347
vn 0.48939827084541321 0.10577109456062317 0.86562222242355347
vn 0.98902440071105957 0.12527233362197876 -0.078342989087104797
vn 0.98902440071105957 0.12527233362197876 -0.078342989087104797
vn 0.98902440071105957 0.12527233362197876 -0.078342989087104797
vn 0.96096134185791016 -0.27512446045875549 0.029323024675250053
vn 0.96096134185791016 -0.27512446045875549 0.029323024675250053
vn 0.96096134185791016 -0.27512446045875549 0.029323024675250053
vn 0.27006077766418457 0.94411802291870117 -0.1889665424823761
vn 0.27006077766418457 0.94411802291870117 -0.1889665424823761
vn 0.27006077766418457 0.94411802291870117 -0.1889665424823761
vn -0.68165087699890137 -0.20768529176712036 -0.7015831470489502
vn -0.68165087699890137 -0.20768529176712036 -0.7015831470489502
vn -0.68165087699890137 -0.20768529176712036 -0.7015831470489502
vn -0.35884600877761841 0.10250388830900192 -0.92775130271911621
vn -0.35884600877761841 0.10250388830900192 -0.92775130271911621
vn -0.35884600877761841 0.10250388830900192 -0.92775130271911621
vn 0.4608885645866394 0.27734941244125366 0.8430059552192688
vn 0.4608885645866394 0.27734941244125366 0.8430059552192688
vn 0.4608885645866394 0.27734941244125366 0.8430059552192688
vn 0.62348353862762451 -0.18171954154968262 0.76042509078979492
vn 0.62348353862762451 -0.18171954154968262 0.76042509078979492
vn 0.62348353862762451 -0.18171954154968262 0.76042509078979492
vn 0.53876352310180664 0.27070334553718567 0.79778039455413818
vn 0.53876352310180664 0.27070334553718567 0.79778039455413818
vn 0.53876352310180664 0.27070334553718567 0.79778039455413818
vn 0.30321449041366577 -0.029636552557349205 0.9524613618850708
vn 0.30321449041366577 -0.029636552557349205 0.9524613618850708
vn 0.30321449041366577 -0.029636552557349205 0.9524613618850708
vn -0.73961335420608521 -0.021561255678534508 -0.67268657684326172
vn -0.73961335420608521 -0.021561255678534508 -0.67268657684326172
vn -0.73961335420608521 -0.021561255678534508 -0.67268657684326172
vn -0.46073657274246216 -0.30150029063224792 -0.83475708961486816
vn -0.46073657274246216 -0.30150029063224792 -0.83475708961486816
vn -0.46073657274246216 -0.30150029063224792 -0.83475708961486816
vn -0.52604210376739502 -0.09397491067647934 -0.84525048732757568
vn -0.52604210376739502 -0.09397491067647934 -0.84525048732757568
vn -0.52604210376739502 -0.09397491067647934 -0.84525048732757568
vn -0.17063921689987183 -0.074616268277168274 -0.98250430822372437
vn -0.17063921689987183 -0.074616268277168274 -0.98250430822372437
vn -0.17063921689987183 -0.074616268277168274 -0.98250430822372437
vn -0.22898727655410767 -0.05554937943816185 -0.97184312343597412
vn -0.22898727655410767 -0.05554937943816185 -0.97184312343597412
vn -0.22898727655410767 -0.05554937943816185 -0.97184312343597412
vn 0.14686888456344604 -0.029548287391662598 -0.98871451616287231
vn 0.14686888456344604 -0.029548287391662598 -0.98871451616287231
vn 0.14686888456344604 -0.029548287391662598 -0.98871451616287231
vn 0.42261949181556702 0.04294046014547348 0.9052894115447998
vn 0.42261949181556702 0.04294046014547348 0.9052894115447998
vn 0.42261949181556702 0.04294046014547348 0.9052894115447998
vn -0.64101707935333252 0.020434077829122543 0.76725459098815918
vn -0.64101707935333252 0.020434077829122543 0.76725459098815918
vn -0.64101707935333252 0.020434077829122543 0.76725459098815918
vn 0.23961634933948517 -0.31902685761451721 0.91695469617843628
vn 0.23961634933948517 -0.31902685761451721 0.91695469617843628
vn 0.23961634933948517 -0.31902685761451721 0.91695469617843628
vn -0.35439139604568481 -0.89855241775512695 0.25886350870132446
vn -0.35439139604568481 -0.89855241775512695 0.25886350870132446
vn -0.35439139604568481 -0.89855241775512695 0.25886350870132446
vn -0.9414713978767395 -0.085112959146499634 0.32617080211639404
vn -0.9414713978767395 -0.085112959146499634 0.32617080211639404
vn -0.9414713978767395 -0.085112959146499634 0.32617080211639404
vn -0.78517812490463257 -0.25663304328918457 0.56359100341796875
vn -0.78517812490463257 -0.25663304328918457 0.56359100341796875
vn -0.78517812490463257 -0.25663304328918457 0.56359100341796875
vn -0.71834343671798706 -0.62386947870254517 0.3078467845916748
vn -0.71834343671798706 -0.62386947870254517 0.3078467845916748
vn -0.71834343671798706 -0.62386947870254517 0.3078467845916748
vn 0.7707790732383728 -0.61707717180252075 0.15847837924957275
vn 0.7707790732383728 -0.61707717180252075 0.15847837924957275
vn 0.7707790732383728 -0.61707717180252075 0.15847837924957275
vn -0.047045912593603134 0.21584619581699371 -0.97529333829879761
vn -0.047045912593603134 0.21584619581699371 -0.97529333829879761
vn -0.047045912593603134 0.21584619581699371 -0.97529333829879761
vn 0.77953171730041504 -0.16516555845737457 -0.60419422388076782
vn 0.77953171730041504 -0.16516555845737457 -0.60419422388076782
vn 0.77953171730041504 -0.16516555845737457 -0.60419422388076782
vn 0.26540252566337585 0.05221644788980484 -0.96272265911102295
vn 0.26540252566337585 0.05221644788980484 -0.96272265911102295
vn 0.26540252566337585 0.05221644788980484 -0.96272265911102295
vn 0.96487361192703247 0.18791770935058594 -0.18359147012233734
vn 0.96487361192703247 0.18791770935058594 -0.18359147012233734
vn 0.96487361192703247 0.18791770935058594 -0.18359147012233734
vn 0.98343479633331299 0.065013952553272247 -0.16920171678066254
vn 0.98343479633331299 0.065013952553272247 -0.16920171678066254
vn 0.98343479633331299 0.065013952553272247 -0.16920171678066254
vn -0.29217478632926941 -0.94393831491470337 -0.15366950631141663
vn -0.29217478632926941 -0.94393831491470337 -0.15366950631141663
vn -0.29217478632926941 -0.94393831491470337 -0.15366950631141663
vn -0.13934655487537384 -0.98730355501174927 0.076250940561294556
vn -0.13934655487537384 -0.98730355501174927 0.076250940561294556
vn -0.13934655487537384 -0.98730355501174927 0.076250940561294556
vn 0.80103951692581177 0.18160955607891083 0.57039779424667358
vn 0.80103951692581177 0.18160955607891083 0.57039779424667358
vn 0.80103951692581177 0.18160955607891083 0.57039779424667358
vn 0.78750550746917725 -0.051170501857995987 0.61417967081069946
vn 0.78750550746917725 -0.051170501857995987 0.61417967081069946
vn 0.78750550746917725 -0.051170501857995987 0.61417967081069946
vn -0.21227513253688812 -0.52630352973937988 0.82337343692779541
vn -0.21227513253688812 -0.52630352973937988 0.82337343692779541
vn -0.21227513253688812 -0.52630352973937988 0.82337343692779541
vn 0.28813132643699646 -0.87910085916519165 -0.37968668341636658
vn 0.28813132643699646 -0.87910085916519165 -0.37968668341636658
vn 0.28813132643699646 -0.87910085916519165 -0.37968668341636658
vn -0.27202266454696655 -0.35811671614646912 -0.89317190647125244
vn -0.27202266454696655 -0.35811671614646912 -0.89317190647125244
vn -0.27202266454696655 -0.35811671614646912 -0.89317190647125244
vn -0.27649742364883423 0.20697322487831116 -0.93846219778060913
vn -0.27649742364883423 0.20697322487831116 -0.93846219778060913
vn -0.27649742364883423 0.20697322487831116 -0.93846219778060913
vn -0.86405187845230103 0.069228194653987885 -0.49861988425254822
vn -0.86405187845230103 0.069228194653987885 -0.49861988425254822
vn -0.86405187845230103 0.069228194653987885 -0.49861988425254822
vn -0.99456143379211426 -0.092179439961910248 0.048481769859790802
vn -0.99456143379211426 -0.092179439961910248 0.048481769859790802
vn -0.99456143379211426 -0.092179439961910248 0.048481769859790802
vn 0.99816387891769409 0.047550603747367859 0.037521567195653915
vn 0.99816387891769409 0.047550603747367859 0.037521567195653915
vn 0.99816387891769409 0.047550603747367859 0.037521567195653915
vn 0.75210249423980713 0.10236811637878418 0.65104728937149048
vn 0.75210249423980713 0.10236811637878418 0.65104728937149048
vn 0.75210249423980713 0.10236811637878418 0.65104728937149048
vn -0.17302073538303375 0.066374152898788452 -0.98267912864685059
vn -0.17302073538303375 0.066374152898788452 -0.98267912864685059
vn -0.17302073538303375 0.066374152898788452 -0.98267912864685059
vn 0.26656034588813782 -0.87592965364456177 -0.40211042761802673
vn 0.26656034588813782 -0.87592965364456177 -0.40211042761802673
vn 0.26656034588813782 -0.87592965364456177 -0.40211042761802673
vn -0.74286484718322754 0.070430651307106018 -0.6657261848449707
vn -0.74286484718322754 0.070430651307106018 -0.6657261848449707
vn -0.74286484718322754 0.070430651307106018 -0.6657261848449707
vn -0.88043040037155151 -0.0048456620424985886 -0.47415059804916382
vn -0.88043040037155151 -0.0048456620424985886 -0.47415059804916382
vn -0.88043040037155151 -0.0048456620424985886 -0.47415059804916382
vn 0.64886075258255005 0.23908907175064087 0.72236841917037964
vn 0.64886075258255005 0.23908907175064087 0.72236841917037964
vn 0.64886075258255005 0.23908907175064087 0.72236841917037964
vn 0.89903092384338379 0.43246299028396606 -0.068695999681949615
vn 0.89903092384338379 0.43246299028396606 -0.068695999681949615
vn 0.89903092384338379 0.43246299028396606 -0.068695999681949615
vn -0.39434224367141724 0.24231739342212677 0.88644033670425415
vn -0.39434224367141724 0.24231739342212677 0.88644033670425415
vn -0.39434224367141724 0.24231739342212677 0.88644033670425415
vn 0.22362633049488068 0.81769979000091553 0.53043216466903687
vn 0.22362633049488068 0.81769979000091553 0.53043216466903687
vn 0.22362633049488068 0.81769979000091553 0.53043216466903687
vn 0.19980567693710327 0.018814478069543839 0.97965490818023682
vn 0.19980567693710327 0.018814478069543839 0.97965490818023682
vn 0.19980567693710327 0.018814478069543839 0.97965490818023682
vn -0.67912924289703369 -0.030193794518709183 0.73339748382568359
vn -0.67912924289703369 -0.030193794518709183 0.73339748382568359
vn -0.67912924289703369 -0.030193794518709183 0.73339748382568359
vn -0.85074597597122192 0.51606392860412598 0.099545523524284363
vn -0.85074597597122192 0.51606392860412598 0.099545523524284363
vn -0.85074597597122192 0.51606392860412598 0.099545523524284363
vn -0.6266319751739502 -0.31292128562927246 0.71373146772384644
vn -0.6266319751739502 -0.31292128562927246 0.71373146772384644
vn -0.6266319751739502 -0.31292128562927246 0.71373146772384644
vn -0.16872952878475189 -0.96232414245605469 -0.21321965754032135
vn -0.16872952878475189 -0.96232414245605469 -0.21321965754032135
vn -0.16872952878475189 -0.96232414245605469 -0.21321965754032135
vn -0.1791616827249527 -0.98334085941314697 -0.030688691884279251
vn -0.1791616827249527 -0.98334085941314697 -0.030688691884279251
vn -0.1791616827249527 -0.98334085941314697 -0.030688691884279251
vn 0.98259651660919189 -0.029557909816503525 -0.18338611721992493
vn 0.98259651660919189 -0.029557909816503525 -0.18338611721992493
vn 0.98259651660919189 -0.029557909816503525 -0.18338611721992493
vn -0.14858478307723999 -0.91452109813690186 0.3762628436088562
vn -0.14858478307723999 -0.91452109813690186 0.3762628436088562
vn -0.14858478307723999 -0.91452109813690186 0.3762628436088562
vn -0.12347890436649323 -0.96139466762542725 -0.24591314792633057
vn -0.12347890436649323 -0.96139466762542725 -0.24591314792633057
vn -0.12347890436649323 -0.96139466762542725 -0.24591314792633057
vn 0.47233167290687561 -0.88099783658981323 0.027305558323860168
vn 0.47233167290687561 -0.88099783658981323 0.027305558323860168
vn 0.47233167290687561 -0.88099783658981323 0.027305558323860168
vn 0.35050243139266968 -0.0023121114354580641 -0.93655896186828613
vn 0.35050243139266968 -0.0023121114354580641 -0.93655896186828613
vn 0.35050243139266968 -0.0023121114354580641 -0.93655896186828613
vn 0.30685827136039734 0.14081570506095886 -0.94128048419952393
vn 0.30685827136039734 0.14081570506095886 -0.94128048419952393
vn 0.30685827136039734 0.14081570506095886 -0.94128048419952393
vn -0.39487025141716003 0.046064957976341248 -0.91758131980895996
vn -0.39487025141716003 0.046064957976341248 -0.91758131980895996
vn -0.39487025141716003 0.046064957976341248 -0.91758131980895996
vn 0.049820974469184875 0.5286821722984314 -0.84735649824142456
vn 0.049820974469184875 0.5286821722984314 -0.84735649824142456
vn 0.049820974469184875 0.5286821722984314 -0.84735649824142456
vn -0.14178402721881866 0.2407759428024292 -0.96016883850097656
vn -0.14178402721881866 0.2407759428024292 -0.96016883850097656
vn -0.14178402721881866 0.2407759428024292 -0.96016883850097656
vn -0.50160300731658936 0.21145649254322052 -0.83885669708251953
vn -0.50160300731658936 0.21145649254322052 -0.83885669708251953
vn -0.50160300731658936 0.21145649254322052 -0.83885669708251953
vn 0.374747633934021 -0.44950905442237854 -0.8108673095703125
vn 0.374747633934021 -0.44950905442237854 -0.8108673095703125
vn 0.374747633934021 -0.44950905442237854 -0.8108673095703125
vn -0.64001715183258057 -0.51786822080612183 0.56761831045150757
vn -0.64001715183258057 -0.51786822080612183 0.56761831045150757
vn -0.64001715183258057 -0.51786822080612183 0.56761831045150757
vn -0.073947735130786896 -0.2984575629234314 -0.95155388116836548
vn -0.073947735130786896 -0.2984575629234314 -0.95155388116836548
vn -0.073947735130786896 -0.2984575629234314 -0.95155388116836548
vn -0.45650151371955872 0.32628551125526428 0.82773435115814209
vn -0.45650151371955872 0.32628551125526428 0.82773435115814209
vn -0.45650151371955872 0.32628551125526428 0.82773435115814209
vn 0.80591297149658203 0.28605324029922485 -0.51834136247634888
vn 0.80591297149658203 0.28605324029922485 -0.51834136247634888
vn 0.80591297149658203 0.28605324029922485 -0.51834136247634888
vn 0.75793933868408203 -0.06368543952703476 -0.64920884370803833
vn 0.75793933868408203 -0.06368543952703476 -0.64920884370803833
vn 0.75793933868408203 -0.06368543952703476 -0.64920884370803833
vn 0.96756446361541748 0.18278889358043671 -0.17437659204006195
vn 0.96756446361541748 0.18278889358043671 -0.17437659204006195
vn 0.96756446361541748 0.18278889358043671 -0.17437659204006195
vn -0.51180934906005859 -0.22762063145637512 0.82839608192443848
vn -0.51180934906005859 -0.22762063145637512 0.82839608192443848
vn -0.51180934906005859 -0.22762063145637512 0.82839608192443848
vn -0.86671531200408936 -0.031288016587495804 0.49782085418701172
vn -0.86671531200408936 -0.031288016587495804 0.49782085418701172
vn -0.86671531200408936 -0.031288016587495804 0.49782085418701172
vn -0.99701547622680664 0.046355415135622025 0.061735812574625015
vn -0.99701547622680664 0.046355415135622025 0.061735812574625015
vn -0.99701547622680664 0.046355415135622025 0.061735812574625015
vn 0.051939882338047028 -0.03640458732843399 -0.99798643589019775
vn 0.051939882338047028 -0.03640458732843399 -0.99798643589019775
vn 0.051939882338047028 -0.03640458732843399 -0.99798643589019775
vn 0.43412381410598755 -0.019671354442834854 -0.9006384015083313
vn 0.43412381410598755 -0.019671354442834854 -0.9006384015083313
vn 0.43412381410598755 -0.019671354442834854 -0.9006384015083313
vn -0.92123818397521973 0.079165175557136536 0.38085839152336121
vn -0.92123818397521973 0.079165175557136536 0.38085839152336121
vn -0.92123818397521973 0.079165175557136536 0.38085839152336121
vn -0.93878048658370972 -0.26532915234565735 -0.21975354850292206
vn -0.93878048658370972 -0.26532915234565735 -0.21975354850292206
vn -0.93878048658370972 -0.26532915234565735 -0.21975354850292206
vn 0.91605484485626221 0.20553767681121826 0.34438034892082214
vn 0.91605484485626221 0.20553767681121826 0.34438034892082214
vn 0.91605484485626221 0.20553767681121826 0.34438034892082214
vn 0.68683606386184692 0.041985023766756058 0.72559869289398193
vn 0.68683606386184692 0.041985023766756058 0.72559869289398193
vn 0.68683606386184692 0.041985023766756058 0.72559869289398193
vn 0.93515574932098389 0.14487947523593903 -0.32325482368469238
vn 0.93515574932098389 0.14487947523593903 -0.32325482368469238
vn 0.93515574932098389 0.14487947523593903 -0.32325482368469238
vn 0.8230786919593811 -0.51988863945007324 -0.22859857976436615
vn 0.8230786919593811 -0.51988863945007324 -0.22859857976436615
vn 0.8230786919593811 -0.51988863945007324 -0.22859857976436615
vn -0.55852359533309937 -0.65739679336547852 0.50584661960601807
vn -0.55852359533309937 -0.65739679336547852 0.50584661960601807
vn -0.55852359533309937 -0.65739679336547852 0.50584661960601807
vn -0.55018943548202515 0.077572554349899292 0.83142894506454468
vn -0.55018943548202515 0.077572554349899292 0.83142894506454468
vn -0.55018943548202515 0.077572554349899292 0.83142894506454468
vn -0.48048564791679382 0.41275721788406372 -0.77379906177520752
vn -0.48048564791679382 0.41275721788406372 -0.77379906177520752
vn -0.48048564791679382 0.41275721788406372 -0.77379906177520752
vn -0.4726560115814209 -0.28281384706497192 0.8346332311630249
vn -0.4726560115814209 -0.28281384706497192 0.8346332311630249
vn -0.4726560115814209 -0.28281384706497192 0.8346332311630249
vn -0.58608895540237427 -0.033594958484172821 -0.80954992771148682
vn -0.58608895540237427 -0.033594958484172821 -0.80954992771148682
vn -0.58608895540237427 -0.033594958484172821 -0.80954992771148682
vn -0.50365418195724487 0.1142294853925705 -0.8563200831413269
vn -0.50365418195724487 0.1142294853925705 -0.8563200831413269
vn -0.50365418195724487 0.1142294853925705 -0.8563200831413269
vn -0.87778109312057495 0.47709456086158752 0.043371967971324921
vn -0.87778109312057495 0.47709456086158752 0.043371967971324921
vn -0.87778109312057495 0.47709456086158752 0.043371967971324921
vn -0.84241372346878052 0.50095367431640625 -0.19845551252365112
vn -0.84241372346878052 0.50095367431640625 -0.19845551252365112
vn -0.84241372346878052 0.50095367431640625 -0.19845551252365112
vn 0.8922465443611145 -0.14330796897411346 -0.42820429801940918
vn 0.8922465443611145 -0.14330796897411346 -0.42820429801940918
vn 0.8922465443611145 -0.14330796897411346 -0.42820429801940918
vn -0.30112826824188232 -0.16672146320343018 0.93889600038528442
vn -0.30112826824188232 -0.16672146320343018 0.93889600038528442
vn -0.30112826824188232 -0.16672146320343018 0.93889600038528442
vn 0.96927952766418457 -0.069963358342647552 0.23580136895179749
vn 0.96927952766418457 -0.069963358342647552 0.23580136895179749
vn 0.96927952766418457 -0.069963358342647552 0.23580136895179749
vn 0.71552902460098267 -0.18412010371685028 -0.67388278245925903
vn 0.71552902460098267 -0.18412010371685028 -0.67388278245925903
vn 0.71552902460098267 -0.18412010371685028 -0.67388278245925903
vn -0.67386186122894287 0.70441633462905884 -0.22295249998569489
vn -0.67386186122894287 0.70441633462905884 -0.22295249998569489
vn -0.67386186122894287 0.70441633462905884 -0.22295249998569489
vn 0.42581471800804138 -0.82828390598297119 0.36418074369430542
vn 0.42581471800804138 -0.82828390598297119 0.36418074369430542
vn 0.42581471800804138 -0.82828390598297119 0.36418074369430542
vn 0.64657759666442871 -0.45511424541473389 0.61221605539321899
vn 0.64657759666442871 -0.45511424541473389 0.61221605539321899
vn 0.64657759666442871 -0.45511424541473389 0.61221605539321899
vn -0.1735772043466568 0.41047483682632446 -0.89519906044006348
vn -0.1735772043466568 0.41047483682632446 -0.89519906044006348
vn -0.1735772043466568 0.41047483682632446 -0.89519906044006348
vn 0.55627238750457764 -0.15931083261966705 0.81558632850646973
vn 0.55627238750457764 -0.15931083261966705 0.81558632850646973
vn 0.55627238750457764 -0.15931083261966705 0.81558632850646973
vn 0.50281280279159546 0.014411143958568573 0.86427515745162964
vn 0.50281280279159546 0.014411143958568573 0.86427515745162964
vn 0.50281280279159546 0.014411143958568573 0.86427515745162964
vn 0.75555086135864258 0.53768134117126465 0.37422144412994385
vn 0.75555086135864258 0.53768134117126465 0.37422144412994385
vn 0.75555086135864258 0.53768134117126465 0.37422144412994385
vn -0.0083973677828907967 0.081825427711009979 0.99661129713058472
vn -0.0083973677828907967 0.081825427711009979 0.99661129713058472
vn -0.0083973677828907967 0.081825427711009979 0.99661129713058472
vn 0.01580500416457653 -0.089557945728302002 0.99585622549057007
vn 0.01580500416457653 -0.089557945728302002 0.99585622549057007
vn 0.01580500416457653 -0.089557945728302002 0.99585622549057007
vn -0.23377369344234467 -0.21121802926063538 0.94907152652740479
vn -0.23377369344234467 -0.21121802926063538 0.94907152652740479
vn -0.23377369344234467 -0.21121802926063538 0.94907152652740479
vn -0.13175934553146362 0.86935847997665405 -0.47629329562187195
vn -0.13175934553146362 0.86935847997665405 -0.47629329562187195
vn -0.13175934553146362 0.86935847997665405 -0.47629329562187195
vn -0.0048078028485178947 -0.34832215309143066 -0.93736255168914795
vn -0.0048078028485178947 -0.34832215309143066 -0.93736255168914795
vn -0.0048078028485178947 -0.34832215309143066 -0.93736255168914795
vn -0.52935737371444702 -0.24460573494434357 -0.81237232685089111
vn -0.52935737371444702 -0.24460573494434357 -0.81237232685089111
vn -0.52935737371444702 -0.24460573494434357 -0.81237232685089111
vn -0.51254606246948242 -0.27391466498374939 -0.81379806995391846
vn -0.51254606246948242 -0.27391466498374939 -0.81379806995391846
vn -0.51254606246948242 -0.27391466498374939 -0.81379806995391846
vn 0.94600218534469604 0.32052958011627197 -0.048379857093095779
vn 0.94600218534469604 0.32052958011627197 -0.048379857093095779
vn 0.94600218534469604 0.32052958011627197 -0.048379857093095779
vn 0.070201627910137177 0.55949652194976807 -0.82585436105728149
vn 0.070201627910137177 0.55949652194976807 -0.82585436105728149
vn 0.070201627910137177 0.55949652194976807 -0.82585436105728149
vn 0.09720921516418457 0.21440714597702026 -0.97189503908157349
vn 0.09720921516418457 0.21440714597702026 -0.97189503908157349
vn 0.09720921516418457 0.21440714597702026 -0.97189503908157349
vn -0.27324220538139343 -0.12845078110694885 -0.95333051681518555
vn -0.27324220538139343 -0.12845078110694885 -0.95333051681518555
vn -0.27324220538139343 -0.12845078110694885 -0.95333051681518555
vn 0.33193659782409668 -0.44317737221717834 0.83271360397338867
vn 0.33193659782409668 -0.44317737221717834 0.83271360397338867
vn 0.33193659782409668 -0.44317737221717834 0.83271360397338867
vn -0.48725354671478271 -0.32919463515281677 0.80883550643920898
vn -0.48725354671478271 -0.32919463515281677 0.80883550643920898
vn -0.48725354671478271 -0.32919463515281677 0.80883550643920898
vn -0.61654263734817505 -0.043526560068130493 0.78611743450164795
vn -0.61654263734817505 -0.043526560068130493 0.78611743450164795
vn -0.61654263734817505 -0.043526560068130493 0.78611743450164795
vn 0.85054463148117065 -0.25620001554489136 0.45927703380584717
vn 0.85054463148117065 -0.25620001554489136 0.45927703380584717
vn 0.85054463148117065 -0.25620001554489136 0.45927703380584717
vn 0.12358751893043518 -0.56213551759719849 0.81775897741317749
vn 0.12358751893043518 -0.56213551759719849 0.81775897741317749
vn 0.12358751893043518 -0.56213551759719849 0.81775897741317749
vn 0.86646002531051636 -0.46330937743186951 -0.18598775565624237
vn 0.86646002531051636 -0.46330937743186951 -0.18598775565624237
vn 0.86646002531051636 -0.46330937743186951 -0.18598775565624237
vn 0.15113967657089233 -0.98837375640869141 0.016557656228542328
vn 0.15113967657089233 -0.98837375640869141 0.016557656228542328
vn 0.15113967657089233 -0.98837375640869141 0.016557656228542328
vn 0.36114415526390076 -0.79891908168792725 0.48093995451927185
vn 0.36114415526390076 -0.79891908168792725 0.48093995451927185
vn 0.36114415526390076 -0.79891908168792725 0.48093995451927185
vn 0.48868179321289062 0.066441364586353302 0.86992853879928589
vn 0.48868179321289062 0.066441364586353302 0.86992853879928589
vn 0.48868179321289062 0.066441364586353302 0.86992853879928589
vn 0.72698140144348145 0.057111877948045731 0.68427795171737671
vn 0.72698140144348145 0.057111877948045731 0.68427795171737671
vn 0.72698140144348145 0.057111877948045731 0.68427795171737671
vn 0.31209245324134827 0.50532037019729614 -0.80451828241348267
vn 0.31209245324134827 0.50532037019729614 -0.80451828241348267
vn 0.31209245324134827 0.50532037019729614 -0.80451828241348267
vn -0.17808419466018677 0.16946972906589508 -0.96931213140487671
vn -0.17808419466018677 0.16946972906589508 -0.96931213140487671
vn -0.17808419466018677 0.16946972906589508 -0.96931213140487671
vn 0.38131430745124817 -0.35500258207321167 -0.85356462001800537
vn 0.38131430745124817 -0.35500258207321167 -0.85356462001800537
vn 0.38131430745124817 -0.35500258207321167 -0.85356462001800537
vn 0.73203307390213013 -0.40211901068687439 -0.54993438720703125
vn 0.73203307390213013 -0.40211901068687439 -0.54993438720703125
vn 0.73203307390213013 -0.40211901068687439 -0.54993438720703125
vn -0.74816995859146118 0.48284634947776794 -0.45508363842964172
vn -0.74816995859146118 0.48284634947776794 -0.45508363842964172
vn -0.74816995859146118 0.48284634947776794 -0.45508363842964172
vn -0.71734744310379028 0.19019076228141785 -0.67025375366210938
vn -0.71734744310379028 0.19019076228141785 -0.67025375366210938
vn -0.71734744310379028 0.19019076228141785 -0.67025375366210938
vn 0.1207360252737999 -0.31475922465324402 -0.94146132469177246
vn 0.1207360252737999 -0.31475922465324402 -0.94146132469177246
vn 0.1207360252737999 -0.31475922465324402 -0.94146132469177246
vn -0.925956130027771 -0.15752482414245605 -0.34320712089538574
vn -0.925956130027771 -0.15752482414245605 -0.34320712089538574
vn -0.925956130027771 -0.15752482414245605 -0.34320712089538574
vn 0.18704837560653687 0.12797524034976959 -0.97397905588150024
vn 0.18704837560653687 0.12797524034976959 -0.97397905588150024
vn 0.18704837560653687 0.12797524034976959 -0.97397905588150024
vn -0.87044697999954224 0.042323578149080276 0.49043938517570496
vn -0.87044697999954224 0.042323578149080276 0.49043938517570496
vn -0.87044697999954224 0.042323578149080276 0.49043938517570496
vn -0.7150607705116272 -0.088925331830978394 0.69338327646255493
vn -0.7150607705116272 -0.088925331830978394 0.69338327646255493
vn -0.7150607705116272 -0.088925331830978394 0.69338327646255493
vn -0.98427021503448486 -0.086778566241264343 0.15388844907283783
vn -0.98427021503448486 -0.086778566241264343 0.15388844907283783
vn -0.98427021503448486 -0.086778566241264343 0.15388844907283783
vn -0.77820020914077759 0.59539550542831421 -0.19977129995822906
vn -0.77820020914077759 0.59539550542831421 -0.19977129995822906
vn -0.77820020914077759 0.59539550542831421 -0.19977129995822906
vn -0.46696531772613525 0.80088871717453003 0.37486085295677185
vn -0.46696531772613525 0.80088871717453003 0.37486085295677185
vn -0.46696531772613525 0.80088871717453003 0.37486085295677185
vn 0.14128875732421875 -0.98755109310150146 0.069140151143074036
vn 0.14128875732421875 -0.98755109310150146 0.069140151143074036
vn 0.14128875732421875 -0.98755109310150146 0.069140151143074036
vn 0.65530139207839966 -0.43367260694503784 -0.61847245693206787
vn 0.65530139207839966 -0.43367260694503784 -0.61847245693206787
vn 0.65530139207839966 -0.43367260694503784 -0.61847245693206787
vn -0.75407111644744873 0.056434791535139084 0.65436369180679321
vn -0.75407111644744873 0.056434791535139084 0.65436369180679321
vn -0.75407111644744873 0.056434791535139084 0.65436369180679321
vn -0.21416275203227997 -0.025653306394815445 0.97646105289459229
vn -0.21416275203227997 -0.025653306394815445 0.97646105289459229
vn -0.21416275203227997 -0.025653306394815445 0.97646105289459229
vn -0.44532626867294312 0.18695715069770813 -0.87563204765319824
vn -0.44532626867294312 0.18695715069770813 -0.87563204765319824
vn -0.44532626867294312 0.18695715069770813 -0.87563204765319824
vn -0.021903371438384056 0.12984505295753479 -0.99129235744476318
vn -0.021903371438384056 0.12984505295753479 -0.99129235744476318
vn -0.021903371438384056 0.12984505295753479 -0.99129235744476318
vn 0.45623898506164551 0.35098588466644287 -0.81771320104598999
vn 0.45623898506164551 0.35098588466644287 -0.81771320104598999
vn 0.45623898506164551 0.35098588466644287 -0.81771320104598999
vn -0.9256364107131958 0.10477462410926819 -0.36362004280090332
vn -0.9256364107131958 0.10477462410926819 -0.36362004280090332
vn -0.9256364107131958 0.10477462410926819 -0.36362004280090332
vn -0.78837376832962036 0.14792439341545105 -0.59714752435684204
vn -0.78837376832962036 0.14792439341545105 -0.59714752435684204
vn -0.78837376832962036 0.14792439341545105 -0.59714752435684204
vn -0.79089438915252686 0.019730828702449799 -0.61163449287414551
vn -0.79089438915252686 0.019730828702449799 -0.61163449287414551
vn -0.79089438915252686 0.019730828702449799 -0.61163449287414551
vn 0.63132017850875854 -0.63513773679733276 0.44501107931137085
vn 0.63132017850875854 -0.63513773679733276 0.44501107931137085
vn 0.63132017850875854 -0.63513773679733276 0.44501107931137085
vn -0.01063415315002203 0.26490268111228943 0.96421653032302856
vn -0.01063415315002203 0.26490268111228943 0.96421653032302856
vn -0.01063415315002203 0.26490268111228943 0.96421653032302856
vn 0.71029072999954224 -0.30650368332862854 0.63367384672164917
vn 0.71029072999954224 -0.30650368332862854 0.63367384672164917
vn 0.71029072999954224 -0.30650368332862854 0.63367384672164917
vn 0.31058114767074585 -0.29840892553329468 0.90249180793762207
vn 0.31058114767074585 -0.29840892553329468 0.90249180793762207
vn 0.31058114767074585 -0.29840892553329468 0.90249180793762207
vn 0.91465508937835693 -0.0060874340124428272 -0.40418925881385803
vn 0.91465508937835693 -0.0060874340124428272 -0.40418925881385803
vn 0.91465508937835693 -0.0060874340124428272 -0.40418925881385803
vn 0.80934339761734009 0.48234736919403076 -0.33511826395988464
vn 0.80934339761734009 0.48234736919403076 -0.33511826395988464
vn 0.80934339761734009 0.48234736919403076 -0.33511826395988464
vn 0.72040468454360962 0.28627917170524597 0.63171297311782837
vn 0.72040468454360962 0.28627917170524597 0.63171297311782837
vn 0.72040468454360962 0.28627917170524597 0.63171297311782837
vn -0.59415119886398315 0.27551883459091187 -0.75569421052932739
vn -0.59415119886398315 0.27551883459091187 -0.75569421052932739
vn -0.59415119886398315 0.27551883459091187 -0.75569421052932739
vn -0.30094462633132935 0.17566262185573578 -0.93732333183288574
vn -0.30094462633132935 0.17566262185573578 -0.93732333183288574
vn -0.30094462633132935 0.17566262185573578 -0.93732333183288574
vn -0.59799313545227051 0.26900473237037659 -0.75501036643981934
vn -0.59799313545227051 0.26900473237037659 -0.75501036643981934
vn -0.59799313545227051 0.26900473237037659 -0.75501036643981934
vn -0.60857105255126953 -0.7726207971572876 -0.18082708120346069
vn -0.60857105255126953 -0.7726207971572876 -0.18082708120346069
vn -0.60857105255126953 -0.7726207971572876 -0.18082708120346069
vn 0.72075086832046509 0.61482876539230347 0.32016205787658691
vn 0.72075086832046509 0.61482876539230347 0.32016205787658691
vn 0.72075086832046509 0.61482876539230347 0.32016205787658691
vn 0.11773089319467545 -0.068377971649169922 0.99068862199783325
vn 0.11773089319467545 -0.068377971649169922 0.99068862199783325
vn 0.11773089319467545 -0.068377971649169922 0.99068862199783325
vn 0.086418002843856812 -0.60989588499069214 0.78775566816329956
vn 0.086418002843856812 -0.60989588499069214 0.78775566816329956
vn 0.086418002843856812 -0.60989588499069214 0.78775566816329956
vn -0.0086433254182338715 0.12554782629013062 0.9920499324798584
vn -0.0086433254182338715 0.12554782629013062 0.9920499324798584
vn -0.0086433254182338715 0.12554782629013062 0.9920499324798584
vn 0.85595810413360596 -0.47466784715652466 -0.20500281453132629
vn 0.85595810413360596 -0.47466784715652466 -0.20500281453132629
vn 0.85595810413360596 -0.47466784715652466 -0.20500281453132629
vn 0.69519257545471191 -0.31850129365921021 -0.64440995454788208
vn 0.69519257545471191 -0.31850129365921021 -0.64440995454788208
vn 0.69519257545471191 -0.31850129365921021 -0.64440995454788208
vn -0.68519312143325806 0.23926402628421783 -0.68794125318527222
vn -0.68519312143325806 0.23926402628421783 -0.68794125318527222
vn -0.68519312143325806 0.23926402628421783 -0.68794125318527222
vn 0.97195142507553101 0.11809296160936356 -0.2033827155828476
vn 0.97195142507553101 0.11809296160936356 -0.2033827155828476
vn 0.97195142507553101 0.11809296160936356 -0.2033827155828476
vn -0.77285951375961304 -0.23254875838756561 0.59043139219284058
vn -0.77285951375961304 -0.23254875838756561 0.59043139219284058
vn -0.77285951375961304 -0.23254875838756561 0.59043139219284058
vn -0.82038909196853638 -0.32842105627059937 -0.46808263659477234
vn -0.82038909196853638 -0.32842105627059937 -0.46808263659477234
vn -0.82038909196853638 -0.32842105627059937 -0.46808263659477234
vn -0.80324435234069824 0.34938919544219971 0.48241651058197021
vn -0.80324435234069824 0.34938919544219971 0.48241651058197021
vn -0.80324435234069824 0.34938919544219971 0.48241651058197021
vn -0.78275191783905029 0.44078302383422852 -0.43932878971099854
vn -0.78275191783905029 0.44078302383422852 -0.43932878971099854
vn -0.78275191783905029 0.44078302383422852 -0.43932878971099854
vn 0.40208607912063599 0.02359042689204216 -0.91529792547225952
vn 0.40208607912063599 0.02359042689204216 -0.91529792547225952
vn 0.40208607912063599 0.02359042689204216 -0.91529792547225952
vn 0.94231688976287842 0.068871885538101196 -0.32755997776985168
vn 0.94231688976287842 0.068871885538101196 -0.32755997776985168
vn 0.94231688976287842 0.068871885538101196 -0.32755997776985168
vn 0.21083799004554749 0.21768656373023987 -0.95297425985336304
vn 0.21083799004554749 0.21768656373023987 -0.95297425985336304
vn 0.21083799004554749 0.21768656373023987 -0.95297425985336304
vn 0.57981151342391968 -0.30310288071632385 -0.75627195835113525
vn 0.57981151342391968 -0.30310288071632385 -0.75627195835113525
vn 0.57981151342391968 -0.30310288071632385 -0.75627195835113525
vn 0.57030516862869263 0.00084625743329524994 0.82143247127532959
vn 0.57030516862869263 0.00084625743329524994 0.82143247127532959
vn 0.57030516862869263 0.00084625743329524994 0.82143247127532959
vn 0.81248551607131958 -0.0071803568862378597 0.58293718099594116
vn 0.81248551607131958 -0.0071803568862378597 0.58293718099594116
vn 0.81248551607131958 -0.0071803568862378597 0.58293718099594116
vn 0.65224307775497437 0.73263561725616455 0.19448408484458923
vn 0.65224307775497437 0.73263561725616455 0.19448408484458923
vn 0.65224307775497437 0.73263561725616455 0.19448408484458923
vn 0.3515796959400177 0.73332762718200684 0.58191263675689697
vn 0.3515796959400177 0.73332762718200684 0.58191263675689697
vn 0.3515796959400177 0.73332762718200684 0.58191263675689697
vn -0.65980064868927002 -0.11860531568527222 -0.74202150106430054
vn -0.65980064868927002 -0.11860531568527222 -0.74202150106430054
vn -0.65980064868927002 -0.11860531568527222 -0.74202150106430054
vn -0.82543265819549561 -0.09507482498884201 -0.55643659830093384
vn -0.82543265819549561 -0.09507482498884201 -0.55643659830093384
vn -0.82543265819549561 -0.09507482498884201 -0.55643659830093384
vn -0.48446294665336609 0.18969719111919403 -0.8539968729019165
vn -0.48446294665336609 0.18969719111919403 -0.8539968729019165
vn -0.48446294665336609 0.18969719111919403 -0.8539968729019165
vn -0.73862695693969727 0.17569805681705475 -0.65081518888473511
vn -0.73862695693969727 0.17569805681705475 -0.65081518888473511
vn -0.73862695693969727 0.17569805681705475 -0.65081518888473511
vn 0.55207943916320801 -0.16042397916316986 0.81821292638778687
vn 0.55207943916320801 -0.16042397916316986 0.81821292638778687
vn 0.55207943916320801 -0.16042397916316986 0.81821292638778687
vn -0.84125584363937378 -0.0015408862382173538 0.54063498973846436
vn -0.84125584363937378 -0.0015408862382173538 0.54063498973846436
vn -0.84125584363937378 -0.0015408862382173538 0.54063498973846436
vn -0.35710328817367554 0.21363838016986847 -0.9093051552772522
vn -0.35710328817367554 0.21363838016986847 -0.9093051552772522
vn -0.35710328817367554 0.21363838016986847 -0.9093051552772522
vn 0.80370694398880005 0.230216383934021 -0.54868531227111816
vn 0.80370694398880005 0.230216383934021 -0.54868531227111816
vn 0.80370694398880005 0.230216383934021 -0.54868531227111816
vn -0.70321041345596313 0.70569944381713867 0.086506620049476624
vn -0.70321041345596313 0.70569944381713867 0.086506620049476624
vn -0.70321041345596313 0.70569944381713867 0.086506620049476624
vn 0.37204113602638245 0.50777089595794678 -0.77701616287231445
vn 0.37204113602638245 0.50777089595794678 -0.77701616287231445
vn 0.37204113602638245 0.50777089595794678 -0.77701616287231445
vn -0.012475618161261082 -0.060868259519338608 0.99806785583496094
vn -0.012475618161261082 -0.060868259519338608 0.99806785583496094
vn -0.012475618161261082 -0.060868259519338608 0.99806785583496094
vn -0.32422801852226257 -0.47218823432922363 0.81970387697219849
vn -0.32422801852226257 -0.47218823432922363 0.81970387697219849
vn -0.32422801852226257 -0.47218823432922363 0.81970387697219849
vn -0.56179696321487427 0.70279878377914429 0.43641495704650879
vn -0.56179696321487427 0.70279878377914429 0.43641495704650879
vn -0.56179696321487427 0.70279878377914429 0.43641495704650879
vn 0.54886549711227417 0.59436124563217163 0.58777666091918945
vn 0.54886549711227417 0.59436124563217163 0.58777666091918945
vn 0.54886549711227417 0.59436124563217163 0.58777666091918945
vn -0.01657002791762352 0.053953267633914948 0.99840599298477173
vn -0.01657002791762352 0.053953267633914948 0.99840599298477173
vn -0.01657002791762352 0.053953267633914948 0.99840599298477173
vn 0.52345508337020874 -0.10108263790607452 0.84603607654571533
vn 0.52345508337020874 -0.10108263790607452 0.84603607654571533
vn 0.52345508337020874 -0.10108263790607452 0.84603607654571533
vn -0.78351610898971558 0.43360722064971924 -0.44507002830505371
vn -0.78351610898971558 0.43360722064971924 -0.44507002830505371
vn -0.78351610898971558 0.43360722064971924 -0.44507002830505371
vn 0.23738345503807068 0.2401130348443985 -0.94127297401428223
vn 0.23738345503807068 0.2401130348443985 -0.94127297401428223
vn 0.23738345503807068 0.2401130348443985 -0.94127297401428223
vn 0.73776483535766602 -0.16445966064929962 0.65471833944320679
vn 0.73776483535766602 -0.16445966064929962 0.65471833944320679
vn 0.73776483535766602 -0.16445966064929962 0.65471833944320679
vn 0.53945654630661011 0.11632225662469864 0.83393990993499756
vn 0.53945654630661011 0.11632225662469864 0.83393990993499756
vn 0.53945654630661011 0.11632225662469864 0.83393990993499756
vn 0.038694120943546295 -0.93035042285919189 0.3646242618560791
vn 0.038694120943546295 -0.93035042285919189 0.3646242618560791
vn 0.038694120943546295 -0.93035042285919189 0.3646242618560791
vn -0.030417414382100105 -0.37389639019966125 -0.92697155475616455
vn -0.030417414382100105 -0.37389639019966125 -0.92697155475616455
vn -0.030417414382100105 -0.37389639019966125 -0.92697155475616455
vn -0.61211788654327393 -0.16081058979034424 -0.77424263954162598
vn -0.61211788654327393 -0.16081058979034424 -0.77424263954162598
vn -0.61211788654327393 -0.16081058979034424 -0.77424263954162598
vn -0.72402083873748779 -0.087861299514770508 -0.68415945768356323
vn -0.72402083873748779 -0.087861299514770508 -0.68415945768356323
vn -0.72402083873748779 -0.087861299514770508 -0.68415945768356323
vn -0.74155396223068237 -0.13670159876346588 0.65681838989257812
vn -0.74155396223068237 -0.13670159876346588 0.65681838989257812
vn -0.74155396223068237 -0.13670159876346588 0.65681838989257812
vn -0.99136829376220703 0.090008318424224854 0.095327809453010559
vn -0.99136829376220703 0.090008318424224854 0.095327809453010559
vn -0.99136829376220703 0.090008318424224854 0.095327809453010559
vn -0.88916367292404175 0.45753535628318787 0.0070231384597718716
vn -0.88916367292404175 0.45753535628318787 0.0070231384597718716
vn -0.88916367292404175 0.45753535628318787 0.0070231384597718716
vn 0.97941625118255615 0.18448930978775024 -0.081899583339691162
vn 0.97941625118255615 0.18448930978775024 -0.081899583339691162
vn 0.97941625118255615 0.18448930978775024 -0.081899583339691162
vn 0.45915251970291138 0.4852326512336731 -0.74412918090820312
vn 0.45915251970291138 0.4852326512336731 -0.74412918090820312
vn 0.45915251970291138 0.4852326512336731 -0.74412918090820312
vn -0.79440295696258545 -0.60715460777282715 0.01694759726524353
vn -0.79440295696258545 -0.60715460777282715 0.01694759726524353
vn -0.79440295696258545 -0.60715460777282715 0.01694759726524353
vn -0.47300460934638977 0.88054758310317993 -0.030043689534068108
vn -0.47300460934638977 0.88054758310317993 -0.030043689534068108
vn -0.47300460934638977 0.88054758310317993 -0.030043689534068108
vn -0.10992868989706039 -0.37847691774368286 0.91905981302261353
vn -0.10992868989706039 -0.37847691774368286 0.91905981302261353
vn -0.10992868989706039 -0.37847691774368286 0.91905981302261353
vn -0.20530666410923004 -0.50884729623794556 0.83601653575897217
vn -0.20530666410923004 -0.50884729623794556 0.83601653575897217
vn -0.20530666410923004 -0.50884729623794556 0.83601653575897217
vn 0.66109651327133179 -0.75020480155944824 -0.012003207579255104
vn 0.66109651327133179 -0.75020480155944824 -0.012003207579255104
vn 0.66109651327133179 -0.75020480155944824 -0.012003207579255104
vn -0.1722613126039505 -0.5359114408493042 0.82651376724243164
vn -0.1722613126039505 -0.5359114408493042 0.82651376724243164
vn -0.1722613126039505 -0.5359114408493042 0.82651376724243164
vn -0.020657338201999664 0.1118679866194725 -0.99350833892822266
vn -0.020657338201999664 0.1118679866194725 -0.99350833892822266
vn -0.020657338201999664 0.1118679866194725 -0.99350833892822266
vn -0.58269065618515015 0.067203611135482788 -0.80991065502166748
vn -0.58269065618515015 0.067203611135482788 -0.80991065502166748
vn -0.58269065618515015 0.067203611135482788 -0.80991065502166748
vn 0.024818139150738716 0.1436220109462738 -0.98932135105133057
vn 0.024818139150738716 0.1436220109462738 -0.98932135105133057
vn 0.024818139150738716 0.1436220109462738 -0.98932135105133057
vn -0.45374214649200439 0.55963122844696045 -0.69349187612533569
vn -0.45374214649200439 0.55963122844696045 -0.69349187612533569
vn -0.45374214649200439 0.55963122844696045 -0.69349187612533569
vn 0.44209203124046326 -0.89395081996917725 0.073529116809368134
vn 0.44209203124046326 -0.89395081996917725 0.073529116809368134
vn 0.44209203124046326 -0.89395081996917725 0.073529116809368134
vn 0.66700518131256104 -0.55598843097686768 -0.49596461653709412
vn 0.66700518131256104 -0.55598843097686768 -0.49596461653709412
vn 0.66700518131256104 -0.55598843097686768 -0.49596461653709412
vn 0.63217329978942871 -0.20463420450687408 0.74731636047363281
vn 0.63217329978942871 -0.20463420450687408 0.74731636047363281
vn 0.63217329978942871 -0.20463420450687408 0.74731636047363281
vn 0.27875617146492004 -0.3493049144744873 0.8945842981338501
vn 0.27875617146492004 -0.3493049144744873 0.8945842981338501
vn 0.27875617146492004 -0.3493049144744873 0.8945842981338501
vn 0.39616590738296509 0.24025872349739075 -0.88618749380111694
vn 0.39616590738296509 0.24025872349739075 -0.88618749380111694
vn 0.39616590738296509 0.24025872349739075 -0.88618749380111694
vn -0.35328346490859985 0.022992819547653198 -0.9352337121963501
vn -0.35328346490859985 0.022992819547653198 -0.9352337121963501
vn -0.35328346490859985 0.022992819547653198 -0.9352337121963501
vn -0.75318759679794312 0.12968605756759644 -0.64489531517028809
vn -0.75318759679794312 0.12968605756759644 -0.64489531517028809
vn -0.75318759679794312 0.12968605756759644 -0.64489531517028809
vn -0.84799528121948242 -0.039971910417079926 -0.52849429845809937
vn -0.84799528121948242 -0.039971910417079926 -0.52849429845809937
vn -0.84799528121948242 -0.039971910417079926 -0.52849429845809937
vn 0.048917252570390701 0.23746106028556824 0.97016459703445435
vn 0.048917252570390701 0.23746106028556824 0.97016459703445435
vn 0.048917252570390701 0.23746106028556824 0.97016459703445435
vn 0.10592483729124069 -0.035821322351694107 0.99372869729995728
vn 0.10592483729124069 -0.035821322351694107 0.99372869729995728
vn 0.10592483729124069 -0.035821322351694107 0.99372869729995728
vn 0.41837185621261597 -0.53560441732406616 -0.73354816436767578
vn 0.41837185621261597 -0.53560441732406616 -0.73354816436767578
vn 0.41837185621261597 -0.53560441732406616 -0.73354816436767578
vn 0.6801910400390625 -0.46933495998382568 0.56308507919311523
vn 0.6801910400390625 -0.46933495998382568 0.56308507919311523
vn 0.6801910400390625 -0.46933495998382568 0.56308507919311523
vn 0.55622410774230957 -0.067506290972232819 -0.82828593254089355
vn 0.55622410774230957 -0.067506290972232819 -0.82828593254089355
vn 0.55622410774230957 -0.067506290972232819 -0.82828593254089355
vn 0.7507055401802063 -0.39563867449760437 -0.52906638383865356
vn 0.7507055401802063 -0.39563867449760437 -0.52906638383865356
vn 0.7507055401802063 -0.39563867449760437 -0.52906638383865356
vn 0.67086046934127808 0.65282315015792847 0.35180702805519104
vn 0.67086046934127808 0.65282315015792847 0.35180702805519104
vn 0.67086046934127808 0.65282315015792847 0.35180702805519104
vn 0.68401366472244263 0.34862852096557617 -0.64076787233352661
vn 0.68401366472244263 0.34862852096557617 -0.64076787233352661
vn 0.68401366472244263 0.34862852096557617 -0.64076787233352661
vn -0.71509814262390137 0.31601804494857788 0.62351202964782715
vn -0.71509814262390137 0.31601804494857788 0.62351202964782715
vn -0.71509814262390137 0.31601804494857788 0.62351202964782715
vn -0.045244954526424408 0.10148339718580246 0.99380785226821899
vn -0.045244954526424408 0.10148339718580246 0.99380785226821899
vn -0.045244954526424408 0.10148339718580246 0.99380785226821899
vn -0.28756871819496155 -0.0398995541036129 -0.956928551197052
vn -0.28756871819496155 -0.0398995541036129 -0.956928551197052
vn -0.28756871819496155 -0.0398995541036129 -0.956928551197052
vn -0.44220215082168579 -0.10584207624197006 -0.8906484842300415
vn -0.44220215082168579 -0.10584207624197006 -0.8906484842300415
vn -0.44220215082168579 -0.10584207624197006 -0.8906484842300415
vn 0.39394515752792358 0.007979096844792366 0.91909933090209961
vn 0.39394515752792358 0.007979096844792366 0.91909933090209961
vn 0.39394515752792358 0.007979096844792366 0.91909933090209961
vn 0.70197653770446777 -0.042333550751209259 0.71094077825546265
vn 0.70197653770446777 -0.042333550751209259 0.71094077825546265
vn 0.70197653770446777 -0.042333550751209259 0.71094077825546265
vn -0.25036299228668213 0.026459613814949989 0.96779042482376099
vn -0.25036299228668213 0.026459613814949989 0.96779042482376099
vn -0.25036299228668213 0.026459613814949989 0.96779042482376099
vn 0.32864737510681152 -0.061806973069906235 0.94242817163467407
vn 0.32864737510681152 -0.061806973069906235 0.94242817163467407
vn 0.32864737510681152 -0.061806973069906235 0.94242817163467407
vn 0.12432606518268585 0.026749681681394577 -0.99188077449798584
vn 0.12432606518268585 0.026749681681394577 -0.99188077449798584
vn 0.12432606518268585 0.026749681681394577 -0.99188077449798584
vn -0.0039041906129568815 0.016330443322658539 -0.9998590350151062
vn -0.0039041906129568815 0.016330443322658539 -0.9998590350151062
vn -0.0039041906129568815 0.016330443322658539 -0.9998590350151062
vn 0.31071090698242188 -0.82766079902648926 -0.46737176179885864
vn 0.31071090698242188 -0.82766079902648926 -0.46737176179885864
vn 0.31071090698242188 -0.82766079902648926 -0.46737176179885864
vn -0.5370107889175415 -0.21329903602600098 0.81616353988647461
vn -0.5370107889175415 -0.21329903602600098 0.81616353988647461
vn -0.5370107889175415 -0.21329903602600098 0.81616353988647461
vn 0.57291132211685181 -0.10951926559209824 0.81226730346679688
vn 0.57291132211685181 -0.10951926559209824 0.81226730346679688
vn 0.57291132211685181 -0.10951926559209824 0.81226730346679688
vn -0.92588526010513306 0.10707433521747589 0.36231422424316406
vn -0.92588526010513306 0.10707433521747589 0.36231422424316406
vn -0.92588526010513306 0.10707433521747589 0.36231422424316406
vn -0.18765132129192352 0.011622144840657711 0.98216694593429565
vn -0.18765132129192352 0.011622144840657711 0.98216694593429565
vn -0.18765132129192352 0.011622144840657711 0.98216694593429565
vn -0.22877193987369537 -0.96579158306121826 0.12210678309202194
vn -0.22877193987369537 -0.96579158306121826 0.12210678309202194
vn -0.22877193987369537 -0.96579158306121826 0.12210678309202194
vn -0.3564552366733551 -0.81846994161605835 0.45060700178146362
vn -0.3564552366733551 -0.81846994161605835 0.45060700178146362
vn -0.3564552366733551 -0.81846994161605835 0.45060700178146362
vn 0.30535480380058289 -0.63552528619766235 0.70913046598434448
vn 0.30535480380058289 -0.63552528619766235 0.70913046598434448
vn 0.30535480380058289 -0.63552528619766235 0.70913046598434448
vn -0.42479279637336731 0.073555417358875275 -0.90229743719100952
vn -0.42479279637336731 0.073555417358875275 -0.90229743719100952
vn -0.42479279637336731 0.073555417358875275 -0.90229743719100952
vn -0.42371511459350586 -0.032735887914896011 -0.90520375967025757
vn -0.42371511459350586 -0.032735887914896011 -0.90520375967025757
vn -0.42371511459350586 -0.032735887914896011 -0.90520375967025757
vn -0.60665047168731689 0.31217694282531738 -0.73110926151275635
vn -0.60665047168731689 0.31217694282531738 -0.73110926151275635
vn -0.60665047168731689 0.31217694282531738 -0.73110926151275635
vn 0.75827217102050781 0.17609091103076935 -0.62770640850067139
vn 0.75827217102050781 0.17609091103076935 -0.62770640850067139
vn 0.75827217102050781 0.17609091103076935 -0.62770640850067139
vn -0.391731858253479 0.15196144580841064 -0.9074435830116272
vn -0.391731858253479 0.15196144580841064 -0.9074435830116272
vn -0.391731858253479 0.15196144580841064 -0.9074435830116272
vn 0.089659906923770905 0.17613761126995087 -0.9802737832069397
vn 0.089659906923770905 0.17613761126995087 -0.9802737832069397
vn 0.089659906923770905 0.17613761126995087 -0.9802737832069397
vn -0.54576331377029419 0.67026984691619873 -0.5028725266456604
vn -0.54576331377029419 0.67026984691619873 -0.5028725266456604
vn -0.54576331377029419 0.67026984691619873 -0.5028725266456604
vn -0.7277112603187561 0.052230425179004669 -0.68389207124710083
vn -0.7277112603187561 0.052230425179004669 -0.68389207124710083
vn -0.7277112603187561 0.052230425179004669 -0.68389207124710083
vn 0.4244968593120575 0.12883049249649048 0.89621710777282715
vn 0.4244968593120575 0.12883049249649048 0.89621710777282715
vn 0.4244968593120575 0.12883049249649048 0.89621710777282715
vn -0.15837568044662476 0.13578078150749207 0.97799831628799438
vn -0.15837568044662476 0.13578078150749207 0.97799831628799438
vn -0.15837568044662476 0.13578078150749207 0.97799831628799438
vn 0.069298349320888519 -0.99436146020889282 -0.080268248915672302
vn 0.069298349320888519 -0.99436146020889282 -0.080268248915672302
vn 0.069298349320888519 -0.99436146020889282 -0.080268248915672302
vn -0.13171005249023438 -0.98121196031570435 -0.14098075032234192
vn -0.13171005249023438 -0.98121196031570435 -0.14098075032234192
vn -0.13171005249023438 -0.98121196031570435 -0.14098075032234192
vn -0.23260697722434998 0.087525799870491028 -0.96862441301345825
vn -0.23260697722434998 0.087525799870491028 -0.96862441301345825
vn -0.23260697722434998 0.087525799870491028 -0.96862441301345825
vn -0.32856601476669312 0.064039431512355804 -0.94230747222900391
vn -0.32856601476669312 0.064039431512355804 -0.94230747222900391
vn -0.32856601476669312 0.064039431512355804 -0.94230747222900391
vn 0.064889907836914062 0.1064593493938446 -0.99219739437103271
vn 0.064889907836914062 0.1064593493938446 -0.99219739437103271
vn 0.064889907836914062 0.1064593493938446 -0.99219739437103271
vn 0.54148715734481812 0.18884116411209106 -0.81922566890716553
vn 0.54148715734481812 0.18884116411209106 -0.81922566890716553
vn 0.54148715734481812 0.18884116411209106 -0.81922566890716553
vn 0.20603814721107483 -0.58976548910140991 0.78084886074066162
vn 0.20603814721107483 -0.58976548910140991 0.78084886074066162
vn 0.20603814721107483 -0.58976548910140991 0.78084886074066162
vn 0.35278168320655823 -0.18588551878929138 0.91705596446990967
vn 0.35278168320655823 -0.18588551878929138 0.91705596446990967
vn 0.35278168320655823 -0.18588551878929138 0.91705596446990967
vn -0.17407342791557312 -0.19547507166862488 0.96513622999191284
vn -0.17407342791557312 -0.19547507166862488 0.96513622999191284
vn -0.17407342791557312 -0.19547507166862488 0.96513622999191284
vn 0.82058829069137573 0.017421549186110497 -0.5712541937828064
vn 0.82058829069137573 0.017421549186110497 -0.5712541937828064
vn 0.82058829069137573 0.017421549186110497 -0.5712541937828064
vn 0.029853338375687599 -0.9306986927986145 -0.36456650495529175
vn 0.029853338375687599 -0.9306986927986145 -0.36456650495529175
vn 0.029853338375687599 -0.9306986927986145 -0.36456650495529175
vn 0.001531636924482882 -0.99985337257385254 0.017053708434104919
vn 0.001531636924482882 -0.99985337257385254 0.017053708434104919
vn 0.001531636924482882 -0.99985337257385254 0.017053708434104919
vn -0.99518537521362305 0.069761037826538086 0.068843983113765717
vn -0.99518537521362305 0.069761037826538086 0.068843983113765717
vn -0.99518537521362305 0.069761037826538086 0.068843983113765717
vn -0.93683123588562012 0.10445362329483032 0.33382123708724976
vn -0.93683123588562012 0.10445362329483032 0.33382123708724976
vn -0.93683123588562012 0.10445362329483032 0.33382123708724976
vn -0.55738770961761475 -0.7361152172088623 0.38399654626846313
vn -0.55738770961761475 -0.7361152172088623 0.38399654626846313
vn -0.55738770961761475 -0.7361152172088623 0.38399654626846313
vn 0.17478424310684204 -0.98309677839279175 -0.05450914055109024
vn 0.17478424310684204 -0.98309677839279175 -0.05450914055109024
vn 0.17478424310684204 -0.98309677839279175 -0.05450914055109024
vn -0.32785537838935852 -0.92700248956680298 -0.1821461021900177
vn -0.29335424304008484 -0.95156526565551758 -0.092015229165554047
vn -0.38952639698982239 -0.91257476806640625 -0.12440461665391922
vn -0.36004802584648132 -0.93244832754135132 -0.030092600733041763
f 330/1724/1724 328/1722/1722 329/1723/1723
f 333/1727/1727 331/1725/1725 332/1726/1726
f 336/1730/1730 334/1728/1728 335/1729/1729
f 339/1733/1733 337/1731/1731 338/1732/1732
f 340/1736/1736 329/1734/1734 328/1735/1735
f 343/1739/1739 341/1737/1737 342/1738/1738
f 346/1742/1742 344/1740/1740 345/1741/1741
f 349/1745/1745 347/1743/1743 348/1744/1744
f 352/1748/1748 350/1746/1746 351/1747/1747
f 355/1751/1751 353/1749/1749 354/1750/1750
f 337/1754/1754 339/1752/1752 356/1753/1753
f 359/1757/1757 357/1755/1755 358/1756/1756
f 362/1760/1760 360/1758/1758 361/1759/1759
f 363/1763/1763 360/1761/1761 345/1762/1762
f 366/1766/1766 364/1764/1764 365/1765/1765
f 367/1769/1769 366/1767/1767 365/1768/1768
f 370/1772/1772 368/1770/1770 369/1771/1771
f 373/1775/1775 371/1773/1773 372/1774/1774
f 330/1778/1778 374/1776/1776 375/1777/1777
f 357/1781/1781 359/1779/1779 376/1780/1780
f 379/1784/1784 377/1782/1782 378/1783/1783
f 382/1787/1787 380/1785/1785 381/1786/1786
f 385/1790/1790 383/1788/1788 384/1789/1789
f 388/1793/1793 386/1791/1791 387/1792/1792
f 391/1796/1796 389/1794/1794 390/1795/1795
f 392/1799/1799 370/1797/1797 369/1798/1798
f 395/1802/1802 393/1800/1800 394/1801/1801
f 348/1805/1805 396/1803/1803 349/1804/1804
f 399/1808/1808 397/1806/1806 398/1807/1807
f 360/1811/1811 346/1809/1809 345/1810/1810
f 386/1814/1814 400/1812/1812 401/1813/1813
f 404/1817/1817 402/1815/1815 403/1816/1816
f 407/1820/1820 405/1818/1818 406/1819/1819
f 406/1823/1823 408/1821/1821 409/1822/1822
f 412/1826/1826 410/1824/1824 411/1825/1825
f 415/1829/1829 413/1827/1827 414/1828/1828
f 417/1832/1832 383/1830/1830 416/1831/1831
f 387/1835/1835 418/1833/1833 419/1834/1834
f 409/1838/1838 420/1836/1836 386/1837/1837
f 386/1841/1841 421/1839/1839 400/1840/1840
f 423/1844/1844 389/1842/1842 422/1843/1843
f 426/1847/1847 424/1845/1845 425/1846/1846
f 392/1850/1850 427/1848/1848 428/1849/1849
f 430/1853/1853 429/1851/1851 424/1852/1852
f 433/1856/1856 431/1854/1854 432/1855/1855
f 380/1859/1859 382/1857/1857 434/1858/1858
f 336/1862/1862 435/1860/1860 396/1861/1861
f 437/1865/1865 393/1863/1863 436/1864/1864
f 439/1868/1868 362/1866/1866 438/1867/1867
f 360/1871/1871 363/1869/1869 361/1870/1870
f 413/1874/1874 415/1872/1872 440/1873/1873
f 403/1877/1877 441/1875/1875 404/1876/1876
f 435/1880/1880 422/1878/1878 442/1879/1879
f 435/1883/1883 349/1881/1881 396/1882/1882
f 445/1886/1886 443/1884/1884 444/1885/1885
f 434/1889/1889 446/1887/1887 447/1888/1888
f 450/1892/1892 448/1890/1890 449/1891/1891
f 429/1895/1895 430/1893/1893 451/1894/1894
f 413/1898/1898 452/1896/1896 414/1897/1897
f 328/1901/1901 405/1899/1899 340/1900/1900
f 455/1904/1904 453/1902/1902 454/1903/1903
f 331/1907/1907 456/1905/1905 332/1906/1906
f 458/1910/1910 389/1908/1908 457/1909/1909
f 426/1913/1913 458/1911/1911 459/1912/1912
f 462/1916/1916 460/1914/1914 461/1915/1915
f 465/1919/1919 463/1917/1917 464/1918/1918
f 407/1922/1922 411/1920/1920 410/1921/1921
f 463/1925/1925 465/1923/1923 466/1924/1924
f 454/1928/1928 467/1926/1926 455/1927/1927
f 468/1931/1931 356/1929/1929 347/1930/1930
f 470/1934/1934 439/1932/1932 469/1933/1933
f 473/1937/1937 471/1935/1935 472/1936/1936
f 476/1940/1940 474/1938/1938 475/1939/1939
f 431/1943/1943 433/1941/1941 475/1942/1942
f 386/1946/1946 477/1944/1944 387/1945/1945
f 377/1949/1949 379/1947/1947 384/1948/1948
f 428/1952/1952 478/1950/1950 392/1951/1951
f 480/1955/1955 362/1953/1953 479/1954/1954
f 334/1958/1958 481/1956/1956 482/1957/1957
f 335/1961/1961 334/1959/1959 482/1960/1960
f 460/1964/1964 483/1962/1962 461/1963/1963
f 485/1967/1967 387/1965/1965 484/1966/1966
f 488/1970/1970 486/1968/1968 487/1969/1969
f 486/1973/1973 489/1971/1971 490/1972/1972
f 491/1976/1976 331/1974/1974 333/1975/1975
f 492/1979/1979 482/1977/1977 481/1978/1978
f 412/1982/1982 367/1980/1980 493/1981/1981
f 494/1985/1985 364/1983/1983 489/1984/1984
f 496/1988/1988 441/1986/1986 495/1987/1987
f 495/1991/1991 343/1989/1989 497/1990/1990
f 424/1994/1994 426/1992/1992 430/1993/1993
f 499/1997/1997 448/1995/1995 498/1996/1996
f 374/2000/2000 359/1998/1998 375/1999/1999
f 406/2003/2003 405/2001/2001 500/2002/2002
f 357/2006/2006 433/2004/2004 432/2005/2005
f 501/2009/2009 395/2007/2007 394/2008/2008
f 503/2012/2012 502/2010/2010 445/2011/2011
f 506/2015/2015 504/2013/2013 505/2014/2014
f 503/2018/2018 507/2016/2016 508/2017/2017
f 506/2021/2021 509/2019/2019 507/2020/2020
f 403/2024/2024 415/2022/2022 510/2023/2023
f 378/2027/2027 351/2025/2025 350/2026/2026
f 511/2030/2030 442/2028/2028 368/2029/2029
f 467/2033/2033 512/2031/2031 455/2032/2032
f 363/2036/2036 480/2034/2034 479/2035/2035
f 439/2039/2039 513/2037/2037 471/2038/2038
f 515/2042/2042 514/2040/2040 504/2041/2041
f 505/2045/2045 504/2043/2043 516/2044/2044
f 360/2048/2048 478/2046/2046 389/2047/2047
f 478/2051/2051 457/2049/2049 389/2050/2050
f 402/2054/2054 517/2052/2052 355/2053/2053
f 353/2057/2057 355/2055/2055 517/2056/2056
f 330/2060/2060 329/2058/2058 518/2059/2059
f 519/2063/2063 518/2061/2061 474/2062/2062
f 520/2066/2066 444/2064/2064 443/2065/2065
f 443/2069/2069 521/2067/2067 358/2068/2068
f 447/2072/2072 380/2070/2070 434/2071/2071
f 408/2075/2075 420/2073/2073 409/2074/2074
f 353/2078/2078 522/2076/2076 354/2077/2077
f 452/2081/2081 413/2079/2079 523/2080/2080
f 379/2084/2084 524/2082/2082 384/2083/2083
f 379/2087/2087 412/2085/2085 411/2086/2086
f 409/2090/2090 407/2088/2088 406/2089/2089
f 419/2093/2093 463/2091/2091 466/2092/2092
f 462/2096/2096 525/2094/2094 526/2095/2095
f 484/2099/2099 416/2097/2097 485/2098/2098
f 346/2102/2102 527/2100/2100 528/2101/2101
f 531/2105/2105 529/2103/2103 530/2104/2104
f 532/2108/2108 449/2106/2106 451/2107/2107
f 451/2111/2111 499/2109/2109 498/2110/2110
f 535/2114/2114 533/2112/2112 534/2113/2113
f 372/2117/2117 454/2115/2115 373/2116/2116
f 517/2120/2120 402/2118/2118 536/2119/2119
f 475/2123/2123 339/2121/2121 431/2122/2122
f 539/2126/2126 537/2124/2124 538/2125/2125
f 422/2129/2129 428/2127/2127 427/2128/2128
f 458/2132/2132 426/2130/2130 425/2131/2131
f 481/2135/2135 491/2133/2133 333/2134/2134
f 353/2138/2138 399/2136/2136 398/2137/2137
f 416/2141/2141 484/2139/2139 417/2140/2140
f 377/2144/2144 540/2142/2142 477/2143/2143
f 527/2147/2147 360/2145/2145 389/2146/2146
f 360/2150/2150 527/2148/2148 541/2149/2149
f 521/2153/2153 443/2151/2151 381/2152/2152
f 381/2156/2156 375/2154/2154 521/2155/2155
f 336/2159/2159 335/2157/2157 423/2158/2158
f 390/2162/2162 335/2160/2160 391/2161/2161
f 359/2165/2165 374/2163/2163 376/2164/2164
f 542/2168/2168 437/2166/2166 436/2167/2167
f 362/2171/2171 480/2169/2169 478/2170/2170
f 360/2174/2174 362/2172/2172 478/2173/2173
f 502/2177/2177 503/2175/2175 539/2176/2176
f 537/2180/2180 539/2178/2178 503/2179/2179
f 471/2183/2183 543/2181/2181 472/2182/2182
f 472/2186/2186 470/2184/2184 469/2185/2185
f 545/2189/2189 544/2187/2187 512/2188/2188
f 546/2192/2192 511/2190/2190 544/2191/2191
f 459/2195/2195 429/2193/2193 451/2194/2194
f 429/2198/2198 459/2196/2196 458/2197/2197
f 328/2201/2201 330/2199/2199 547/2200/2200
f 381/2204/2204 500/2202/2202 548/2203/2203
f 550/2207/2207 549/2205/2205 370/2206/2206
f 453/2210/2210 551/2208/2208 456/2209/2209
f 509/2213/2213 506/2211/2211 505/2212/2212
f 435/2216/2216 442/2214/2214 546/2215/2215
f 442/2219/2219 511/2217/2217 546/2218/2218
f 333/2222/2222 492/2220/2220 481/2221/2221
f 332/2225/2225 530/2223/2223 333/2224/2224
f 371/2228/2228 337/2226/2226 372/2227/2227
f 512/2231/2231 467/2229/2229 545/2230/2230
f 388/2234/2234 407/2232/2232 409/2233/2233
f 386/2237/2237 388/2235/2235 409/2236/2236
f 526/2240/2240 383/2238/2238 462/2239/2239
f 464/2243/2243 383/2241/2241 465/2242/2242
f 364/2246/2246 366/2244/2244 489/2245/2245
f 489/2249/2249 488/2247/2247 490/2248/2248
f 510/2252/2252 441/2250/2250 403/2251/2251
f 401/2255/2255 378/2253/2253 386/2254/2254
f 494/2258/2258 366/2256/2256 367/2257/2257
f 364/2261/2261 494/2259/2259 367/2260/2260
f 471/2264/2264 479/2262/2262 439/2263/2263
f 362/2267/2267 439/2265/2265 479/2266/2266
f 486/2270/2270 490/2268/2268 533/2269/2269
f 490/2273/2273 488/2271/2271 487/2272/2272
f 490/2276/2276 534/2274/2274 533/2275/2275
f 357/2279/2279 432/2277/2277 358/2278/2278
f 520/2282/2282 443/2280/2280 358/2281/2281
f 361/2285/2285 471/2283/2283 473/2284/2284
f 473/2288/2288 362/2286/2286 361/2287/2287
f 480/2291/2291 363/2289/2289 345/2290/2290
f 345/2294/2294 370/2292/2292 480/2293/2293
f 478/2297/2297 428/2295/2295 552/2296/2296
f 457/2300/2300 478/2298/2298 552/2299/2299
f 448/2303/2303 450/2301/2301 553/2302/2302
f 451/2306/2306 498/2304/2304 532/2305/2305
f 475/2309/2309 554/2307/2307 476/2308/2308
f 554/2312/2312 555/2310/2310 476/2311/2311
f 389/2315/2315 423/2313/2313 390/2314/2314
f 423/2318/2318 335/2316/2316 390/2317/2317
f 557/2321/2321 503/2319/2319 556/2320/2320
f 507/2324/2324 445/2322/2322 508/2323/2323
f 522/2327/2327 340/2325/2325 558/2326/2326
f 340/2330/2330 522/2328/2328 559/2329/2329
f 542/2333/2333 395/2331/2331 560/2332/2332
f 395/2336/2336 501/2334/2334 560/2335/2335
f 471/2339/2339 361/2337/2337 363/2338/2338
f 479/2342/2342 471/2340/2340 363/2341/2341
f 551/2345/2345 332/2343/2343 456/2344/2344
f 551/2348/2348 529/2346/2346 531/2347/2347
f 415/2351/2351 403/2349/2349 440/2350/2350
f 402/2354/2354 355/2352/2352 403/2353/2353
f 483/2357/2357 525/2355/2355 461/2356/2356
f 525/2360/2360 462/2358/2358 461/2359/2359
f 367/2363/2363 412/2361/2361 352/2362/2362
f 350/2366/2366 352/2364/2364 412/2365/2365
f 385/2369/2369 407/2367/2367 561/2368/2368
f 407/2372/2372 388/2370/2370 561/2371/2371
f 463/2375/2375 419/2373/2373 418/2374/2374
f 483/2378/2378 460/2376/2376 418/2377/2377
f 549/2381/2381 453/2379/2379 455/2380/2380
f 562/2384/2384 549/2382/2382 455/2383/2383
f 410/2387/2387 412/2385/2385 493/2386/2386
f 523/2390/2390 405/2388/2388 452/2389/2389
f 335/2393/2393 563/2391/2391 391/2392/2392
f 527/2396/2396 563/2394/2394 528/2395/2395
f 371/2399/2399 373/2397/2397 404/2398/2398
f 496/2402/2402 495/2400/2400 497/2401/2401
f 564/2405/2405 538/2403/2403 446/2404/2404
f 338/2408/2408 343/2406/2406 565/2407/2407
f 537/2411/2411 431/2409/2409 339/2410/2410
f 537/2414/2414 520/2412/2412 431/2413/2413
f 407/2417/2417 385/2415/2415 524/2416/2416
f 385/2420/2420 384/2418/2418 524/2419/2419
f 504/2423/2423 514/2421/2421 516/2422/2422
f 414/2426/2426 365/2424/2424 415/2425/2425
f 510/2429/2429 415/2427/2427 566/2428/2428
f 383/2432/2432 417/2430/2430 384/2431/2431
f 540/2435/2435 377/2433/2433 384/2434/2434
f 389/2438/2438 458/2436/2436 422/2437/2437
f 428/2441/2441 422/2439/2439 458/2440/2440
f 418/2444/2444 387/2442/2442 483/2443/2443
f 387/2447/2447 485/2445/2445 483/2446/2446
f 443/2450/2450 382/2448/2448 381/2449/2449
f 443/2453/2453 445/2451/2451 502/2452/2452
f 442/2456/2456 422/2454/2454 427/2455/2455
f 427/2459/2459 368/2457/2457 442/2458/2458
f 329/2462/2462 340/2460/2460 559/2461/2461
f 397/2465/2465 518/2463/2463 329/2464/2464
f 437/2468/2468 474/2466/2466 567/2467/2467
f 474/2471/2471 476/2469/2469 567/2470/2470
f 343/2474/2474 495/2472/2472 341/2473/2473
f 400/2477/2477 421/2475/2475 341/2476/2476
f 453/2480/2480 456/2478/2478 454/2479/2479
f 331/2483/2483 536/2481/2481 456/2482/2482
f 336/2486/2486 396/2484/2484 518/2485/2485
f 397/2489/2489 336/2487/2487 518/2488/2488
f 339/2492/2492 475/2490/2490 356/2491/2491
f 475/2495/2495 474/2493/2493 348/2494/2494
f 441/2498/2498 401/2496/2496 495/2497/2497
f 441/2501/2501 510/2499/2499 568/2500/2500
f 381/2504/2504 406/2502/2502 500/2503/2503
f 380/2507/2507 406/2505/2505 381/2506/2506
f 383/2510/2510 464/2508/2508 462/2509/2509
f 460/2513/2513 462/2511/2511 464/2512/2512
f 413/2516/2516 558/2514/2514 523/2515/2515
f 440/2519/2519 354/2517/2517 413/2518/2518
f 426/2522/2522 449/2520/2520 448/2521/2521
f 448/2525/2525 499/2523/2523 426/2524/2524
f 370/2528/2528 551/2526/2526 550/2527/2527
f 529/2531/2531 551/2529/2529 344/2530/2530
f 362/2534/2534 473/2532/2532 438/2533/2533
f 469/2537/2537 473/2535/2535 472/2536/2536
f 370/2540/2540 392/2538/2538 480/2539/2539
f 478/2543/2543 480/2541/2541 392/2542/2542
f 511/2546/2546 549/2544/2544 562/2545/2545
f 511/2549/2549 512/2547/2547 544/2548/2548
f 447/2552/2552 343/2550/2550 342/2551/2551
f 420/2555/2555 380/2553/2553 569/2554/2554
f 468/2558/2558 347/2556/2556 545/2557/2557
f 467/2561/2561 468/2559/2559 545/2560/2560
f 513/2564/2564 439/2562/2562 470/2563/2563
f 470/2567/2567 472/2565/2565 543/2566/2566
f 458/2570/2570 425/2568/2568 428/2569/2569
f 424/2573/2573 428/2571/2571 425/2572/2572
f 376/2576/2576 501/2574/2574 357/2575/2575
f 357/2579/2579 555/2577/2577 570/2578/2578
f 451/2582/2582 430/2580/2580 571/2581/2581
f 499/2585/2585 430/2583/2583 426/2584/2584
f 491/2588/2588 517/2586/2586 331/2587/2587
f 517/2591/2591 536/2589/2589 331/2590/2590
f 545/2594/2594 347/2592/2592 572/2593/2593
f 349/2597/2597 572/2595/2595 347/2596/2596
f 365/2600/2600 352/2598/2598 351/2599/2599
f 365/2603/2603 566/2601/2601 415/2602/2602
f 405/2606/2606 407/2604/2604 410/2605/2605
f 493/2609/2609 405/2607/2607 410/2608/2608
f 435/2612/2612 336/2610/2610 423/2611/2611
f 422/2615/2615 435/2613/2613 423/2614/2614
f 530/2618/2618 573/2616/2616 574/2617/2617
f 530/2621/2621 492/2619/2619 333/2620/2620
f 505/2624/2624 515/2622/2622 509/2623/2623
f 504/2627/2627 509/2625/2625 515/2626/2626
f 497/2630/2630 371/2628/2628 496/2629/2629
f 337/2633/2633 371/2631/2631 338/2632/2632
f 378/2636/2636 510/2634/2634 566/2635/2635
f 510/2639/2639 378/2637/2637 568/2638/2638
f 504/2642/2642 506/2640/2640 557/2641/2641
f 509/2645/2645 504/2643/2643 557/2644/2644
f 474/2648/2648 518/2646/2646 396/2647/2647
f 348/2651/2651 474/2649/2649 396/2650/2650
f 537/2654/2654 503/2652/2652 508/2653/2653
f 445/2657/2657 537/2655/2655 508/2656/2656
f 494/2660/2660 489/2658/2658 486/2659/2659
f 488/2663/2663 494/2661/2661 486/2662/2662
f 405/2666/2666 523/2664/2664 340/2665/2665
f 340/2669/2669 523/2667/2667 558/2668/2668
f 375/2672/2672 381/2670/2670 548/2671/2671
f 330/2675/2675 375/2673/2673 547/2674/2674
f 374/2678/2678 330/2676/2676 519/2677/2677
f 518/2681/2681 519/2679/2679 330/2680/2680
f 449/2684/2684 532/2682/2682 450/2683/2683
f 498/2687/2687 450/2685/2685 532/2686/2686
f 343/2690/2690 538/2688/2688 565/2689/2689
f 537/2693/2693 565/2691/2691 538/2692/2692
f 406/2696/2696 380/2694/2694 408/2695/2695
f 380/2699/2699 420/2697/2697 408/2698/2698
f 348/2702/2702 347/2700/2700 356/2701/2701
f 348/2705/2705 356/2703/2703 475/2704/2704
f 561/2708/2708 465/2706/2706 385/2707/2707
f 383/2711/2711 385/2709/2709 465/2710/2710
f 487/2714/2714 575/2712/2712 490/2713/2713
f 534/2717/2717 490/2715/2715 575/2716/2716
f 465/2720/2720 561/2718/2718 466/2719/2719
f 561/2723/2723 419/2721/2721 466/2722/2722
f 344/2726/2726 346/2724/2724 529/2725/2725
f 528/2729/2729 573/2727/2727 346/2728/2728
f 398/2732/2732 397/2730/2730 559/2731/2731
f 397/2735/2735 329/2733/2733 559/2734/2734
f 520/2738/2738 358/2736/2736 432/2737/2737
f 431/2741/2741 520/2739/2739 432/2740/2740
f 469/2744/2744 439/2742/2742 438/2743/2743
f 438/2747/2747 473/2745/2745 469/2746/2746
f 487/2750/2750 486/2748/2748 533/2749/2749
f 533/2753/2753 535/2751/2751 487/2752/2752
f 387/2756/2756 477/2754/2754 484/2755/2755
f 540/2759/2759 484/2757/2757 477/2758/2758
f 366/2762/2762 494/2760/2760 488/2761/2761
f 489/2765/2765 366/2763/2763 488/2764/2764
f 354/2768/2768 440/2766/2766 355/2767/2767
f 403/2771/2771 355/2769/2769 440/2770/2770
f 379/2774/2774 378/2772/2772 350/2773/2773
f 412/2777/2777 379/2775/2775 350/2776/2776
f 368/2780/2780 370/2778/2778 549/2779/2779
f 549/2783/2783 511/2781/2781 368/2782/2782
f 517/2786/2786 491/2784/2784 353/2785/2785
f 399/2789/2789 353/2787/2787 491/2788/2788
f 342/2792/2792 420/2790/2790 569/2791/2791
f 342/2795/2795 341/2793/2793 421/2794/2794
f 564/2798/2798 502/2796/2796 539/2797/2797
f 538/2801/2801 564/2799/2799 539/2800/2800
f 536/2804/2804 373/2802/2802 454/2803/2803
f 454/2807/2807 456/2805/2805 536/2806/2806
f 534/2810/2810 575/2808/2808 535/2809/2809
f 482/2813/2813 492/2811/2811 563/2812/2812
f 563/2816/2816 335/2814/2814 482/2815/2815
f 552/2819/2819 429/2817/2817 457/2818/2818
f 429/2822/2822 458/2820/2820 457/2821/2821
f 358/2825/2825 521/2823/2823 359/2824/2824
f 521/2828/2828 375/2826/2826 359/2827/2827
f 495/2831/2831 401/2829/2829 400/2830/2830
f 341/2834/2834 495/2832/2832 400/2833/2833
f 386/2837/2837 378/2835/2835 377/2836/2836
f 477/2840/2840 386/2838/2838 377/2839/2839
f 542/2843/2843 376/2841/2841 374/2842/2842
f 437/2846/2846 542/2844/2844 374/2845/2845
f 573/2849/2849 528/2847/2847 574/2848/2848
f 492/2852/2852 528/2850/2850 563/2851/2851
f 419/2855/2855 561/2853/2853 388/2854/2854
f 388/2858/2858 387/2856/2856 419/2857/2857
f 507/2861/2861 503/2859/2859 506/2860/2860
f 503/2864/2864 557/2862/2862 506/2863/2863
f 540/2867/2867 384/2865/2865 417/2866/2866
f 484/2870/2870 540/2868/2868 417/2869/2869
f 383/2873/2873 526/2871/2871 416/2872/2872
f 525/2876/2876 416/2874/2874 526/2875/2875
f 546/2879/2879 572/2877/2877 349/2878/2878
f 349/2882/2882 435/2880/2880 546/2881/2881
f 433/2885/2885 357/2883/2883 570/2884/2884
f 555/2888/2888 554/2886/2886 570/2887/2887
f 547/2891/2891 500/2889/2889 328/2890/2890
f 405/2894/2894 328/2892/2892 500/2893/2893
f 460/2897/2897 463/2895/2895 418/2896/2896
f 463/2900/2900 460/2898/2898 464/2899/2899
f 453/2903/2903 549/2901/2901 550/2902/2902
f 551/2906/2906 453/2904/2904 550/2905/2905
f 468/2909/2909 467/2907/2907 372/2908/2908
f 454/2912/2912 372/2910/2910 467/2911/2911
f 429/2915/2915 552/2913/2913 424/2914/2914
f 428/2918/2918 424/2916/2916 552/2917/2917
f 576/2921/2921 515/2919/2919 505/2920/2920
f 505/2924/2924 516/2922/2922 576/2923/2923
f 449/2927/2927 426/2925/2925 459/2926/2926
f 459/2930/2930 451/2928/2928 449/2929/2929
f 437/2933/2933 374/2931/2931 519/2932/2932
f 474/2936/2936 437/2934/2934 519/2935/2935
f 524/2939/2939 379/2937/2937 411/2938/2938
f 411/2942/2942 407/2940/2940 524/2941/2941
f 547/2945/2945 375/2943/2943 548/2944/2944
f 500/2948/2948 547/2946/2946 548/2947/2947
f 416/2951/2951 525/2949/2949 485/2950/2950
f 525/2954/2954 483/2952/2952 485/2953/2953
f 389/2957/2957 391/2955/2955 527/2956/2956
f 563/2960/2960 527/2958/2958 391/2959/2959
f 498/2963/2963 448/2961/2961 553/2962/2962
f 450/2966/2966 498/2964/2964 553/2965/2965
f 441/2969/2969 496/2967/2967 404/2968/2968
f 371/2972/2972 404/2970/2970 496/2971/2971
f 487/2975/2975 535/2973/2973 575/2974/2974
f 566/2978/2978 365/2976/2976 351/2977/2977
f 351/2981/2981 378/2979/2979 566/2980/2980
f 382/2984/2984 443/2982/2982 502/2983/2983
f 564/2987/2987 382/2985/2985 502/2986/2986
f 513/2990/2990 470/2988/2988 543/2989/2989
f 543/2993/2993 471/2991/2991 513/2992/2992
f 507/2996/2996 557/2994/2994 556/2995/2995
f 557/2999/2999 507/2997/2997 509/2998/2998
f 476/3002/3002 393/3000/3000 567/3001/3001
f 393/3005/3005 437/3003/3003 567/3004/3004
f 356/3008/3008 468/3006/3006 337/3007/3007
f 468/3011/3011 372/3009/3009 337/3010/3010
f 420/3014/3014 342/3012/3012 421/3013/3013
f 421/3017/3017 386/3015/3015 420/3016/3016
f 393/3020/3020 476/3018/3018 394/3019/3019
f 555/3023/3023 394/3021/3021 476/3022/3022
f 405/3026/3026 493/3024/3024 452/3025/3025
f 367/3029/3029 452/3027/3027 493/3028/3028
f 512/3032/3032 511/3030/3030 562/3031/3031
f 562/3035/3035 455/3033/3033 512/3034/3034
f 373/3038/3038 536/3036/3036 402/3037/3037
f 402/3041/3041 404/3039/3039 373/3040/3040
f 354/3044/3044 522/3042/3042 558/3043/3043
f 558/3047/3047 413/3045/3045 354/3046/3046
f 520/3050/3050 537/3048/3048 444/3049/3049
f 537/3053/3053 445/3051/3051 444/3052/3052
f 555/3056/3056 357/3054/3054 501/3055/3055
f 394/3059/3059 555/3057/3057 501/3058/3058
f 376/3062/3062 542/3060/3060 560/3061/3061
f 501/3065/3065 376/3063/3063 560/3064/3064
f 492/3068/3068 530/3066/3066 574/3067/3067
f 528/3071/3071 492/3069/3069 574/3070/3070
f 343/3074/3074 338/3072/3072 497/3073/3073
f 371/3077/3077 497/3075/3075 338/3076/3076
f 397/3080/3080 399/3078/3078 334/3079/3079
f 336/3083/3083 397/3081/3081 334/3082/3082
f 399/3086/3086 491/3084/3084 481/3085/3085
f 334/3089/3089 399/3087/3087 481/3088/3088
f 433/3092/3092 570/3090/3090 554/3091/3091
f 475/3095/3095 433/3093/3093 554/3094/3094
f 499/3098/3098 451/3096/3096 571/3097/3097
f 430/3101/3101 499/3099/3099 571/3100/3100
f 364/3104/3104 367/3102/3102 352/3103/3103
f 352/3107/3107 365/3105/3105 364/3106/3106
f 527/3110/3110 346/3108/3108 541/3109/3109
f 346/3113/3113 360/3111/3111 541/3112/3112
f 365/3116/3116 414/3114/3114 367/3115/3115
f 452/3119/3119 367/3117/3117 414/3118/3118
f 343/3122/3122 447/3120/3120 446/3121/3121
f 538/3125/3125 343/3123/3123 446/3124/3124
f 446/3128/3128 434/3126/3126 564/3127/3127
f 382/3131/3131 564/3129/3129 434/3130/3130
f 447/3134/3134 342/3132/3132 569/3133/3133
f 380/3137/3137 447/3135/3135 569/3136/3136
f 378/3140/3140 401/3138/3138 568/3139/3139
f 401/3143/3143 441/3141/3141 568/3142/3142
f 559/3146/3146 522/3144/3144 398/3145/3145
f 522/3149/3149 353/3147/3147 398/3148/3148
f 370/3152/3152 345/3150/3150 344/3151/3151
f 551/3155/3155 370/3153/3153 344/3154/3154
f 338/3158/3158 565/3156/3156 339/3157/3157
f 565/3161/3161 537/3159/3159 339/3160/3160
f 544/3164/3164 545/3162/3162 572/3163/3163
f 572/3167/3167 546/3165/3165 544/3166/3166
f 393/3170/3170 395/3168/3168 436/3169/3169
f 395/3173/3173 542/3171/3171 436/3172/3172
f 445/3176/3176 507/3174/3174 556/3175/3175
f 556/3179/3179 503/3177/3177 445/3178/3178
f 427/3182/3182 392/3180/3180 369/3181/3181
f 368/3185/3185 427/3183/3183 369/3184/3184
f 332/3188/3188 551/3186/3186 531/3187/3187
f 530/3191/3191 332/3189/3189 531/3190/3190
f 573/3194/3194 530/3192/3192 529/3193/3193
f 573/3197/3197 529/3195/3195 346/3196/3196
f 515/3199/3199 576/3198/3198 516/3200/3200 514/3201/3201
