# Rhino

v 2.2708384990692139 0.23904736340045929 -0.80613309144973755
v 2.259218692779541 0.19587419927120209 -0.80686134099960327
v 2.2403800487518311 0.24725176393985748 -0.80611556768417358
v 2.194321870803833 0.38637307286262512 -0.75738674402236938
v 2.1905176639556885 0.37249377369880676 -0.77388185262680054
v 2.1894006729125977 0.35883599519729614 -0.76074641942977905
v 2.2849814891815186 0.28914770483970642 -0.73952072858810425
v 2.284327507019043 0.21526046097278595 -0.75421911478042603
v 2.2950811386108398 0.27652668952941895 -0.75318700075149536
v 2.2269470691680908 0.16418430209159851 -0.78505808115005493
v 2.2196602821350098 0.21395114064216614 -0.79208379983901978
v 2.23824143409729 0.19516460597515106 -0.79414767026901245
v 2.2260427474975586 0.45240435004234314 -0.78525131940841675
v 2.2159683704376221 0.45880976319313049 -0.77547556161880493
v 2.2301292419433594 0.46994850039482117 -0.77470046281814575
v 2.2829780578613281 0.30606678128242493 -0.73884135484695435
v 2.2905571460723877 0.35272949934005737 -0.74128502607345581
v 2.2745733261108398 0.33944249153137207 -0.73108941316604614
v 2.2399113178253174 0.16436733305454254 -0.78171569108963013
v 2.2493677139282227 0.19214101135730743 -0.77975982427597046
v 2.2121098041534424 0.19895975291728973 -0.77914887666702271
v 2.2494192123413086 0.25645172595977783 -0.72577530145645142
v 2.2607729434967041 0.33993732929229736 -0.72656780481338501
v 2.2320382595062256 0.32189476490020752 -0.7239881157875061
v 2.2311623096466064 0.22789637744426727 -0.73119217157363892
v 2.2169818878173828 0.24532784521579742 -0.73171132802963257
v 2.2226653099060059 0.1982925683259964 -0.74426907300949097
v 2.2955560684204102 0.13714189827442169 -0.80285030603408813
v 2.2958378791809082 0.21125954389572144 -0.79502230882644653
v 2.2984714508056641 0.20889541506767273 -0.78064686059951782
v 2.2679524421691895 0.16891908645629883 -0.77585405111312866
v 2.2641832828521729 0.19465620815753937 -0.76213115453720093
v 2.2501561641693115 0.193412184715271 -0.79527455568313599
v 2.277930736541748 0.37224492430686951 -0.79297751188278198
v 2.2911913394927979 0.38937023282051086 -0.77984803915023804
v 2.2940177917480469 0.34943637251853943 -0.80462008714675903
v 2.2864222526550293 0.15357910096645355 -0.81260627508163452
v 2.2877705097198486 0.2126191109418869 -0.80562037229537964
v 2.2285456657409668 0.34823492169380188 -0.80840617418289185
v 2.2787606716156006 0.3606531023979187 -0.80116778612136841
v 2.2668616771697998 0.33050680160522461 -0.80773502588272095
v 2.2109816074371338 0.39605721831321716 -0.76647096872329712
v 2.2493259906768799 0.17909802496433258 -0.77628296613693237
v 2.2571041584014893 0.10889564454555511 -0.76816898584365845
v 2.2083008289337158 0.22966943681240082 -0.74731928110122681
v 2.2251284122467041 0.15101934969425201 -0.75222903490066528
v 2.2775115966796875 0.021198485046625137 -0.79426425695419312
v 2.2687535285949707 0.066825360059738159 -0.78877121210098267
v 2.277430534362793 0.03510516881942749 -0.80547398328781128
v 2.2727386951446533 0.15334124863147736 -0.81181925535202026
v 2.2948880195617676 0.14604580402374268 -0.77728897333145142
v 2.2960450649261475 0.20483128726482391 -0.76662296056747437
v 2.2822098731994629 0.15757893025875092 -0.77105730772018433
v 2.2746078968048096 0.070071347057819366 -0.7770647406578064
v 2.2711458206176758 0.1277259886264801 -0.77908319234848022
v 2.2636353969573975 0.11114688962697983 -0.79019719362258911
v 2.2926704883575439 0.40085381269454956 -0.76210147142410278
v 2.3006703853607178 0.38436496257781982 -0.75857073068618774
v 2.3046507835388184 0.36904656887054443 -0.76558524370193481
v 2.2650537490844727 0.4235367476940155 -0.75364476442337036
v 2.2727007865905762 0.40995293855667114 -0.7637677788734436
v 2.2649855613708496 0.43933749198913574 -0.76479679346084595
v 2.2533302307128906 0.41670417785644531 -0.74157029390335083
v 2.2516686916351318 0.43269169330596924 -0.74207431077957153
v 2.238631010055542 0.42931628227233887 -0.73865896463394165
v 2.2197740077972412 0.45121321082115173 -0.73337572813034058
v 2.223393440246582 0.43717455863952637 -0.73432236909866333
v 2.2367398738861084 0.44068288803100586 -0.73250883817672729
v 2.2398407459259033 0.43724343180656433 -0.79414147138595581
v 2.2218866348266602 0.41511905193328857 -0.7803303599357605
v 2.2181518077850342 0.43949413299560547 -0.77614325284957886
v 2.2131404876708984 0.4314500093460083 -0.76271265745162964
v 2.2146995067596436 0.4057735800743103 -0.76818829774856567
v 2.2183499336242676 0.41744256019592285 -0.75409287214279175
v 2.2597131729125977 0.12531673908233643 -0.74771219491958618
v 2.2618505954742432 0.078604817390441895 -0.74765032529830933
v 2.2638058662414551 0.094112269580364227 -0.75817805528640747
v 2.2412014007568359 0.030208367854356766 -0.74863272905349731
v 2.2420518398284912 0.012577695772051811 -0.75247293710708618
v 2.2515769004821777 0.011252965778112411 -0.745708167552948
v 2.2025485038757324 0.2893218994140625 -0.75913041830062866
v 2.2042202949523926 0.33545082807540894 -0.75277918577194214
v 2.2041733264923096 0.32935282588005066 -0.77269715070724487
v 2.2351241111755371 0.19939444959163666 -0.74083048105239868
v 2.2485699653625488 0.23977530002593994 -0.72836297750473022
v 2.2589538097381592 0.21398118138313293 -0.74381154775619507
v 2.2715685367584229 0.31865650415420532 -0.80116230249404907
v 2.2493407726287842 0.32155126333236694 -0.80310696363449097
v 2.3000357151031494 0.32438385486602783 -0.78090626001358032
v 2.2923834323883057 0.31970700621604919 -0.76736158132553101
v 2.2807571887969971 0.31685680150985718 -0.79461377859115601
v 2.2261369228363037 0.32680463790893555 -0.80448013544082642
v 2.1895482540130615 0.34945234656333923 -0.78162533044815063
v 2.1939823627471924 0.33723226189613342 -0.77513009309768677
v 2.2905664443969727 0.30604445934295654 -0.74982458353042603
v 2.3042724132537842 0.33674496412277222 -0.77244573831558228
v 2.3031916618347168 0.35046017169952393 -0.75791674852371216
v 2.2942590713500977 0.33664417266845703 -0.75295203924179077
v 2.2332789897918701 0.023054793477058411 -0.76328748464584351
v 2.2383177280426025 0.032805223017930984 -0.7701069712638855
v 2.2230486869812012 0.017022926360368729 -0.77749937772750854
v 2.2477540969848633 0.033289898186922073 -0.77637094259262085
v 2.2567243576049805 0.026961972936987877 -0.77179425954818726
v 2.2459263801574707 0.014494907110929489 -0.78287249803543091
v 2.2849743366241455 0.02255227230489254 -0.80855852365493774
v 2.3036320209503174 0.0076715047471225262 -0.813892662525177
v 2.281761646270752 0.0092649366706609726 -0.7830919623374939
v 2.3036789894104004 0.031523548066616058 -0.78390651941299438
v 2.2908039093017578 0.012987669557332993 -0.77771013975143433
v 2.3073391914367676 0.013227354735136032 -0.79725319147109985
v 2.2156734466552734 0.35579544305801392 -0.72755807638168335
v 2.2238726615905762 0.38977605104446411 -0.7284126877784729
v 2.2102882862091064 0.39290505647659302 -0.73625773191452026
v 2.2678534984588623 0.38259419798851013 -0.7317473292350769
v 2.2852003574371338 0.39110717177391052 -0.74164491891860962
v 2.2461063861846924 0.40203073620796204 -0.73216992616653442
v 2.3049666881561279 0.031708888709545135 -0.80058199167251587
v 2.2990419864654541 0.13487005233764648 -0.79011183977127075
v 2.2565081119537354 0.30451005697250366 -0.80161923170089722
v 2.2393908500671387 0.2617264986038208 -0.80615824460983276
v 2.2016844749450684 0.25730732083320618 -0.77590817213058472
v 2.2287795543670654 0.31655988097190857 -0.79861801862716675
v 2.226395845413208 0.24528953433036804 -0.80103498697280884
v 2.2702293395996094 0.032091502100229263 -0.75119179487228394
v 2.2630486488342285 0.010193536058068275 -0.75765317678451538
v 2.2547681331634521 0.43524760007858276 -0.78658121824264526
v 2.266416072845459 0.41905176639556885 -0.77420133352279663
v 2.2607319355010986 0.41298180818557739 -0.78281491994857788
v 2.2304999828338623 0.40400868654251099 -0.7824903130531311
v 2.2480049133300781 0.42304173111915588 -0.79250222444534302
v 2.2263586521148682 0.13375227153301239 -0.77211290597915649
v 2.2237122058868408 0.1345793753862381 -0.76096826791763306
v 2.2543585300445557 0.047006871551275253 -0.77451974153518677
v 2.244213342666626 0.047007396817207336 -0.77099078893661499
v 2.2430233955383301 0.076233983039855957 -0.77401357889175415
v 2.2323713302612305 0.090516507625579834 -0.74553388357162476
v 2.2488059997558594 0.046205297112464905 -0.73930889368057251
v 2.2383384704589844 0.12263297289609909 -0.74058157205581665
v 2.2600347995758057 0.047798812389373779 -0.74193638563156128
v 2.2561919689178467 0.078818008303642273 -0.73847073316574097
v 2.2813873291015625 0.052043206989765167 -0.81049925088882446
v 2.2752053737640381 0.1084638386964798 -0.80961531400680542
v 2.2884876728057861 0.10789061337709427 -0.81091159582138062
v 2.2994315624237061 0.035043861716985703 -0.81443613767623901
v 2.3050539493560791 0.021140294149518013 -0.82908505201339722
v 2.2538769245147705 0.45774653553962708 -0.77260547876358032
v 2.2338416576385498 0.45524495840072632 -0.73121172189712524
v 2.2296438217163086 0.46739807724952698 -0.73967128992080688
v 2.2177631855010986 0.46205782890319824 -0.73984187841415405
v 2.2472999095916748 0.20345322787761688 -0.80149871110916138
v 2.2322525978088379 0.21364204585552216 -0.7990906834602356
v 2.2680871486663818 0.079225704073905945 -0.80166131258010864
v 2.2823328971862793 0.18466205894947052 -0.76284271478652954
v 2.2040269374847412 0.39912697672843933 -0.74930137395858765
v 2.2161149978637695 0.40724673867225647 -0.75213104486465454
v 2.2375457286834717 0.41677719354629517 -0.738666832447052
v 2.2215893268585205 0.40531650185585022 -0.73987239599227905
v 2.2349104881286621 0.059722226113080978 -0.75559359788894653
v 2.238936185836792 0.037737756967544556 -0.76378399133682251
v 2.2188513278961182 0.27366402745246887 -0.7324947714805603
v 2.2100443840026855 0.318948894739151 -0.74101263284683228
v 2.2333204746246338 0.24289840459823608 -0.72762709856033325
v 2.2739646434783936 0.25646224617958069 -0.73552113771438599
v 2.2441887855529785 0.15481756627559662 -0.74158340692520142
v 2.2559695243835449 0.14011718332767487 -0.74865537881851196
v 2.2527449131011963 0.18278361856937408 -0.74443763494491577
v 2.22456955909729 0.37120658159255981 -0.78680509328842163
v 2.2644603252410889 0.38054352998733521 -0.78714972734451294
v 2.2327272891998291 0.35487401485443115 -0.79486280679702759
v 2.2783656120300293 0.30563530325889587 -0.79121726751327515
v 2.2888979911804199 0.30845806002616882 -0.77882128953933716
v 2.2952978610992432 0.26757609844207764 -0.78442674875259399
v 2.2913780212402344 0.39642304182052612 -0.74946016073226929
v 2.2710301876068115 0.41228660941123962 -0.75390070676803589
v 2.2653243541717529 0.40771794319152832 -0.74357122182846069
v 2.2154777050018311 0.3152472972869873 -0.78469735383987427
v 2.1961219310760498 0.33866491913795471 -0.79923743009567261
v 2.2097935676574707 0.32655537128448486 -0.80264002084732056
v 2.2192788124084473 0.47231453657150269 -0.76205223798751831
v 2.2161147594451904 0.46853438019752502 -0.75125294923782349
v 2.2343366146087646 0.47594904899597168 -0.7551683783531189
v 2.2131476402282715 0.44710519909858704 -0.74001079797744751
v 2.2074370384216309 0.44062143564224243 -0.75579041242599487
v 2.2855796813964844 0.10152965039014816 -0.77453988790512085
v 2.2077043056488037 0.21428024768829346 -0.76474553346633911
v 2.203404426574707 0.24261575937271118 -0.76076406240463257
v 2.2945792675018311 0.33499476313591003 -0.8062782883644104
v 2.2940702438354492 0.32320478558540344 -0.80015105009078979
v 2.2834653854370117 0.32248830795288086 -0.80415982007980347
v 2.3026442527770996 0.37318798899650574 -0.7779420018196106
v 2.2388992309570312 0.38731861114501953 -0.72585707902908325
v 2.2915894985198975 0.038394741714000702 -0.81280213594436646
v 2.2992153167724609 0.05081595852971077 -0.80682843923568726
v 2.304563045501709 0.064181216061115265 -0.7940942645072937
v 2.2583215236663818 0.1670365184545517 -0.79047638177871704
v 2.2582528591156006 0.16663335263729095 -0.80544406175613403
v 2.2084281444549561 0.33625510334968567 -0.7382548451423645
v 2.1997640132904053 0.37230649590492249 -0.74116688966751099
v 2.2078871726989746 0.35003608465194702 -0.8065534234046936
v 2.1956954002380371 0.36330348253250122 -0.79276901483535767
v 2.2116055488586426 0.3768208920955658 -0.78266698122024536
v 2.2548501491546631 0.26420116424560547 -0.80684560537338257
v 2.284055233001709 0.24093286693096161 -0.80079323053359985
v 2.2410461902618408 0.47007402777671814 -0.74533051252365112
v 2.2548878192901611 0.46124988794326782 -0.74559265375137329
v 2.2251019477844238 0.42741024494171143 -0.74068647623062134
v 2.2262532711029053 0.41697847843170166 -0.74216169118881226
v 2.2444682121276855 0.47229155898094177 -0.76619094610214233
v 2.263206958770752 0.396535724401474 -0.7826884388923645
v 2.3006315231323242 0.36804318428039551 -0.75168842077255249
v 2.315925121307373 0.023229733109474182 -0.81520265340805054
v 2.2490427494049072 0.10739456117153168 -0.77567178010940552
v 2.2584738731384277 0.13912518322467804 -0.76017290353775024
v 2.2912662029266357 0.044058840721845627 -0.77478116750717163
v 2.2978334426879883 0.075851798057556152 -0.78069585561752319
v 2.230614185333252 0.010394981130957603 -0.79471522569656372
v 2.2237048149108887 0.019390050321817398 -0.79597336053848267
v 2.2408497333526611 0.0077806445769965649 -0.77384322881698608
v 2.2492647171020508 0.20012025535106659 -0.74170655012130737
v 2.2551674842834473 0.18209409713745117 -0.75889414548873901
v 2.2580606937408447 0.20109573006629944 -0.75193625688552856
v 2.304213285446167 0.33644425868988037 -0.79875582456588745
v 2.2378304004669189 0.10394719243049622 -0.77645891904830933
v 2.3000979423522949 0.26601651310920715 -0.77085763216018677
v 2.2972068786621094 0.23708060383796692 -0.77559000253677368
v 2.2936639785766602 0.23997524380683899 -0.78914910554885864
v 2.2123079299926758 0.32568174600601196 -0.78859370946884155
v 2.2587318420410156 0.45555934309959412 -0.76169091463088989
v 2.2181463241577148 0.01346728578209877 -0.79125005006790161
v 2.2084169387817383 0.45910117030143738 -0.763927161693573
v 2.2923593521118164 0.30706104636192322 -0.76544922590255737
v 2.2638263702392578 0.047473497688770294 -0.77180987596511841
v 2.2699601650238037 0.017000710591673851 -0.7511938214302063
v 2.2689218521118164 0.30518832802772522 -0.79825228452682495
v 2.2403585910797119 0.061320412904024124 -0.74673634767532349
v 2.2177035808563232 0.39150050282478333 -0.77940195798873901
v 2.2153415679931641 0.24428196251392365 -0.79113811254501343
v 2.2642982006072998 0.36567783355712891 -0.79106694459915161
v 2.2935037612915039 0.21942323446273804 -0.76362627744674683
v 2.285506010055542 0.40180191397666931 -0.7713894248008728
v 2.2740871906280518 0.40322309732437134 -0.77564972639083862
v 2.320070743560791 0.020003654062747955 -0.82614058256149292
v 2.3212101459503174 0.0098115671426057816 -0.82646328210830688
v 2.3164501190185547 0.011039784178137779 -0.83815628290176392
v 2.3145911693572998 0.019203012809157372 -0.83813554048538208
v 2.303508996963501 0.012188928201794624 -0.83161944150924683
v 2.2413475513458252 0.4596194326877594 -0.78169316053390503
v 2.2071464061737061 0.24625249207019806 -0.74471324682235718
v 2.2082998752593994 0.28902646899223328 -0.74412792921066284
v 2.2592229843139648 0.18131382763385773 -0.80579990148544312
v 2.262014627456665 0.0084684230387210846 -0.74311429262161255
v 2.2091734409332275 0.44707629084587097 -0.76747626066207886
v 2.262033224105835 0.031741462647914886 -0.74082201719284058
v 2.1985313892364502 0.25770685076713562 -0.76060742139816284
vt 0.059700515121221542 0.14995996654033661
vt 0.059700515121221542 0.19873864948749542
vt 0 0.19873864948749542
vt 0.23465706408023834 0.25602224469184875
vt 0.23465706408023834 0.27990204095840454
vt 0.21395003795623779 0.27990204095840454
vt 0.067864395678043365 0
vt 0.067864395678043365 0.08218364417552948
vt 0 0.08218364417552948
vt 0.56774044036865234 0.17191624641418457
vt 0.62314105033874512 0.17191624641418457
vt 0.62314105033874512 0.19936361908912659
vt 0.40359267592430115 0.65227895975112915
vt 0.40359267592430115 0.66911119222640991
vt 0.38392060995101929 0.66911119222640991
vt 0.59847241640090942 0
vt 0.59847241640090942 0.050173930823802948
vt 0.57321751117706299 0.050173930823802948
vt 0.06287885457277298 0.54852241277694702
vt 0.099154338240623474 0.54852241277694702
vt 0.099154338240623474 0.56863540410995483
vt 0.35277354717254639 0
vt 0.35277354717254639 0.055400591343641281
vt 0.31102877855300903 0.055400591343641281
vt 0.55484616756439209 0.76938813924789429
vt 0.55484616756439209 0.86130225658416748
vt 0.51772648096084595 0.86130225658416748
vt 0.40023428201675415 0.13741709291934967
vt 0.42475345730781555 0.13741709291934967
vt 0.42475345730781555 0.19088424742221832
vt 0 0.30147415399551392
vt 0.081302821636199951 0.30147415399551392
vt 0.081302821636199951 0.31664064526557922
vt 0.82172006368637085 0.75541585683822632
vt 0.82172006368637085 0.78749781847000122
vt 0.78249895572662354 0.78749781847000122
vt 0.44200518727302551 0.37284409999847412
vt 0.44200518727302551 0.39931395649909973
vt 0.39064911007881165 0.39931395649909973
vt 0.051468353718519211 0.20163741707801819
vt 0.11633918434381485 0.20163741707801819
vt 0.11633918434381485 0.21624237298965454
vt 0.080365180969238281 0.80293071269989014
vt 0.080365180969238281 0.85990840196609497
vt 0.044292058795690536 0.85990840196609497
vt 0.074032597243785858 0.33473286032676697
vt 0.074032597243785858 0.35861265659332275
vt 0.050793014466762543 0.35861265659332275
vt 0.83397430181503296 0.21929433941841125
vt 0.91153115034103394 0.21929433941841125
vt 0.91153115034103394 0.28434714674949646
vt 0.55366885662078857 0.51964181661605835
vt 0.59145998954772949 0.51964181661605835
vt 0.59145998954772949 0.60754376649856567
vt 0.040235772728919983 0.80293071269989014
vt 0.040235772728919983 0.85396522283554077
vt 0 0.85396522283554077
vt 0.64993715286254883 0
vt 0.71699005365371704 0
vt 0.71699005365371704 0.064870834350585938
vt 0.43153780698776245 0.56001377105712891
vt 0.49672421813011169 0.56001377105712891
vt 0.49672421813011169 0.61247646808624268
vt 0.59100419282913208 0.10134080797433853
vt 0.59100419282913208 0.16438616812229156
vt 0.56774044036865234 0.16438616812229156
vt 0.018884941935539246 0.68231946229934692
vt 0.018884941935539246 0.70267951488494873
vt 0 0.70267951488494873
vt 0 0.26651915907859802
vt 0.020275849848985672 0.26651915907859802
vt 0.020275849848985672 0.29967930912971497
vt 0.802132248878479 0.70692276954650879
vt 0.8196750283241272 0.70692276954650879
vt 0.8196750283241272 0.72207921743392944
vt 0.77865618467330933 0.46685329079627991
vt 0.79450494050979614 0.46685329079627991
vt 0.79450494050979614 0.48203650116920471
vt 0.73996663093566895 0.12000240385532379
vt 0.77450740337371826 0.12000240385532379
vt 0.77450740337371826 0.14728774130344391
vt 0.800667405128479 0.70692276954650879
vt 0.800667405128479 0.73561263084411621
vt 0.78177738189697266 0.73561263084411621
vt 0.47175049781799316 0.37806245684623718
vt 0.52276039123535156 0.37806245684623718
vt 0.52276039123535156 0.39861994981765747
vt 0.73147249221801758 0.4682651162147522
vt 0.75117802619934082 0.4682651162147522
vt 0.75117802619934082 0.48109138011932373
vt 0.25921192765235901 0.098321788012981415
vt 0.25921192765235901 0.14914979040622711
vt 0.23648862540721893 0.14914979040622711
vt 0 0.097419224679470062
vt 0.053467154502868652 0.097419224679470062
vt 0.053467154502868652 0.12332946062088013
vt 0.90075868368148804 0.80125021934509277
vt 0.90075868368148804 0.81540030241012573
vt 0.86765390634536743 0.81540030241012573
vt 0.05543849989771843 0.66789394617080688
vt 0.11050435900688171 0.66789394617080688
vt 0.11050435900688171 0.70259350538253784
vt 0 0.70725160837173462
vt 0.015277229249477386 0.70725160837173462
vt 0.015277229249477386 0.73179584741592407
vt 0.077812924981117249 0.36734086275100708
vt 0.095533616840839386 0.36734086275100708
vt 0.095533616840839386 0.39931395649909973
vt 0.86618906259536743 0.77411741018295288
vt 0.86618906259536743 0.81886714696884155
vt 0.84374237060546875 0.81886714696884155
vt 0.51440399885177612 0.76629120111465454
vt 0.51440399885177612 0.79126232862472534
vt 0.49855151772499084 0.79126232862472534
vt 0.6482396125793457 0.40077880024909973
vt 0.6482396125793457 0.45241758227348328
vt 0.63367688655853271 0.45241758227348328
vt 0.44881930947303772 0.53538435697555542
vt 0.44881930947303772 0.55721175670623779
vt 0.43153780698776245 0.55721175670623779
vt 0.38294330239295959 0.33069908618927002
vt 0.38294330239295959 0.34479480981826782
vt 0.35766714811325073 0.34479480981826782
vt 0.78031253814697266 0.70525139570236206
vt 0.78031253814697266 0.71822553873062134
vt 0.76010352373123169 0.71822553873062134
vt 0.78401076793670654 0.26892226934432983
vt 0.78401076793670654 0.29559829831123352
vt 0.74276614189147949 0.29559829831123352
vt 0.44036820530891418 0.33617725968360901
vt 0.46589869260787964 0.33617725968360901
vt 0.46589869260787964 0.36410436034202576
vt 0.48169147968292236 0.15094670653343201
vt 0.51983505487442017 0.15094670653343201
vt 0.51983505487442017 0.16779497265815735
vt 0.83397430181503296 0
vt 0.85765761137008667 0
vt 0.85765761137008667 0.045470189303159714
vt 0.499937504529953 0.10134080797433853
vt 0.499937504529953 0.12198895961046219
vt 0.48169147968292236 0.12198895961046219
vt 0.26131343841552734 0.5161173939704895
vt 0.34272509813308716 0.5161173939704895
vt 0.34272509813308716 0.53073585033416748
vt 0 0.54852241277694702
vt 0.050511259585618973 0.54852241277694702
vt 0.050511259585618973 0.61476349830627441
vt 0.38179260492324829 0.20082846283912659
vt 0.45706051588058472 0.20082846283912659
vt 0.45706051588058472 0.27866315841674805
vt 0.82318490743637085 0.77411741018295288
vt 0.84227752685546875 0.77411741018295288
vt 0.84227752685546875 0.82581847906112671
vt 0.28134042024612427 0.35870844125747681
vt 0.28134042024612427 0.38038229942321777
vt 0.25643742084503174 0.38038229942321777
vt 0.64321720600128174 0.50197881460189819
vt 0.64321720600128174 0.52860325574874878
vt 0.61877590417861938 0.52860325574874878
vt 0.26288095116615295 0.62753188610076904
vt 0.29728391766548157 0.62753188610076904
vt 0.29728391766548157 0.65778094530105591
vt 0.85962963104248047 0.090325891971588135
vt 0.85962963104248047 0.16354051232337952
vt 0.84769332408905029 0.16354051232337952
vt 0.85887295007705688 0.44364678859710693
vt 0.8704795241355896 0.44364678859710693
vt 0.8704795241355896 0.47572547197341919
vt 0.73409938812255859 0.11814828217029572
vt 0.73409938812255859 0.17014889419078827
vt 0.64993715286254883 0.17014889419078827
vt 0.50605595111846924 0.3640291690826416
vt 0.50605595111846924 0.37659761309623718
vt 0.47175049781799316 0.37659761309623718
vt 0.047949109226465225 0.33473286032676697
vt 0.047949109226465225 0.39665615558624268
vt 0.033377621322870255 0.39665615558624268
vt 0.79910105466842651 0.65352225303649902
vt 0.82090741395950317 0.65352225303649902
vt 0.82090741395950317 0.67639178037643433
vt 0.48169147968292236 0.16925981640815735
vt 0.50664514303207397 0.16925981640815735
vt 0.50664514303207397 0.19588422775268555
vt 0.71752095222473145 0.70664036273956299
vt 0.73431044816970825 0.70664036273956299
vt 0.73431044816970825 0.72085082530975342
vt 0.59530645608901978 0.48470169305801392
vt 0.59530645608901978 0.50051397085189819
vt 0.5753096342086792 0.50051397085189819
vt 0.34562882781028748 0.62753188610076904
vt 0.34562882781028748 0.68945521116256714
vt 0.31123805046081543 0.68945521116256714
vt 0.41302651166915894 0.8258892297744751
vt 0.41302651166915894 0.85676270723342896
vt 0.35909894108772278 0.85676270723342896
vt 0.26288095116615295 0.6621246337890625
vt 0.29762828350067139 0.6621246337890625
vt 0.29762828350067139 0.69207441806793213
vt 0.52619463205337524 0.56802153587341309
vt 0.54667824506759644 0.56802153587341309
vt 0.54667824506759644 0.58420395851135254
vt 0.5250663161277771 0.10134080797433853
vt 0.55992573499679565 0.10134080797433853
vt 0.55992573499679565 0.12240984290838242
vt 0.93176090717315674 0.76980972290039062
vt 0.95626252889633179 0.76980972290039062
vt 0.95626252889633179 0.78843075037002563
vt 0.3864445686340332 0
vt 0.3864445686340332 0.096618682146072388
vt 0.36241364479064941 0.096618682146072388
vt 0.26131343841552734 0.57409954071044922
vt 0.35113659501075745 0.57409954071044922
vt 0.35113659501075745 0.6173284649848938
vt 0 0.5065310001373291
vt 0.089823171496391296 0.5065310001373291
vt 0.089823171496391296 0.54399675130844116
vt 0.056777365505695343 0.40077880024909973
vt 0.056777365505695343 0.45556846261024475
vt 0 0.45556846261024475
vt 0.20618943870067596 0.55647945404052734
vt 0.25682488083839417 0.55647945404052734
vt 0.25682488083839417 0.59053456783294678
vt 0.39838212728500366 0.61394131183624268
vt 0.39838212728500366 0.63094431161880493
vt 0.35909894108772278 0.63094431161880493
vt 0.18723632395267487 0.37495195865631104
vt 0.18723632395267487 0.39690268039703369
vt 0.14033390581607819 0.39690268039703369
vt 0.83397430181503296 0.32938256859779358
vt 0.87866759300231934 0.32938256859779358
vt 0.87866759300231934 0.37469503283500671
vt 0.68002468347549438 0.79357904195785522
vt 0.712962806224823 0.79357904195785522
vt 0.712962806224823 0.82951045036315918
vt 0.3321605920791626 0.40077880024909973
vt 0.35525143146514893 0.40077880024909973
vt 0.35525143146514893 0.4335591197013855
vt 0.89821463823318481 0.32938256859779358
vt 0.91622424125671387 0.32938256859779358
vt 0.91622424125671387 0.37493479251861572
vt 0.083595961332321167 0.70542526245117188
vt 0.083595961332321167 0.72010564804077148
vt 0.05543849989771843 0.72010564804077148
vt 0.90656465291976929 0.17840330302715302
vt 0.90656465291976929 0.20355619490146637
vt 0.86109447479248047 0.20355619490146637
vt 0.19239962100982666 0.62753188610076904
vt 0.19239962100982666 0.70624881982803345
vt 0.16873107850551605 0.70624881982803345
vt 0.62512814998626709 0.13539598882198334
vt 0.645393967628479 0.13539598882198334
vt 0.645393967628479 0.17045140266418457
vt 0.51559180021286011 0.70818442106246948
vt 0.51559180021286011 0.72113442420959473
vt 0.49371054768562317 0.72113442420959473
vt 0.5753096342086792 0.40077880024909973
vt 0.61157572269439697 0.40077880024909973
vt 0.61157572269439697 0.42040383815765381
vt 0.85963332653045654 0.66304224729537964
vt 0.85963332653045654 0.72608757019042969
vt 0.82318490743637085 0.72608757019042969
vt 0.027927109971642494 0.33473286032676697
vt 0.027927109971642494 0.36691704392433167
vt 0 0.36691704392433167
vt 0.64501607418060303 0.61394131183624268
vt 0.64501607418060303 0.69119346141815186
vt 0.60557597875595093 0.69119346141815186
vt 0.54091727733612061 0.44919613003730774
vt 0.57248169183731079 0.44919613003730774
vt 0.57248169183731079 0.50051397085189819
vt 0.71110337972640991 0.46609216928482056
vt 0.72560840845108032 0.46609216928482056
vt 0.72560840845108032 0.47848421335220337
vt 0.14033390581607819 0.22921259701251984
vt 0.18041899800300598 0.22921259701251984
vt 0.18041899800300598 0.2805686891078949
vt 0 0.12486923485994339
vt 0.058680109679698944 0.12486923485994339
vt 0.058680109679698944 0.14849512279033661
vt 0.20207133889198303 0.29516163468360901
vt 0.27386045455932617 0.29516163468360901
vt 0.27386045455932617 0.33228135108947754
vt 0.47748649120330811 0.10003802925348282
vt 0.47748649120330811 0.17595234513282776
vt 0.45872902870178223 0.17595234513282776
vt 0.17023023962974548 0.40077880024909973
vt 0.17023023962974548 0.49513342976570129
vt 0.089468777179718018 0.49513342976570129
vt 0.45351383090019226 0.13741709291934967
vt 0.45351383090019226 0.19866102933883667
vt 0.43025010824203491 0.19866102933883667
vt 0.32736271619796753 0.20082846283912659
vt 0.32736271619796753 0.26207241415977478
vt 0.31102877855300903 0.26207241415977478
vt 0.40232786536216736 0.47344696521759033
vt 0.40232786536216736 0.49127528071403503
vt 0.35909894108772278 0.49127528071403503
vt 0.78103411197662354 0.75541585683822632
vt 0.78103411197662354 0.78450191020965576
vt 0.74047845602035522 0.78450191020965576
vt 0.59621936082839966 0.10134080797433853
vt 0.6209673285484314 0.10134080797433853
vt 0.6209673285484314 0.12664100527763367
vt 0.24099425971508026 0.731769859790802
vt 0.24099425971508026 0.75132203102111816
vt 0.21494346857070923 0.75132203102111816
vt 0.94365203380584717 0.44364678859710693
vt 0.99416327476501465 0.44364678859710693
vt 0.99416327476501465 0.48802340030670166
vt 0.54337060451507568 0.30439329147338867
vt 0.54337060451507568 0.34064096212387085
vt 0.47175049781799316 0.34064096212387085
vt 0.91857701539993286 0.21929433941841125
vt 0.94052773714065552 0.21929433941841125
vt 0.94052773714065552 0.30329614877700806
vt 0.20773126184940338 0
vt 0.29189351201057434 0
vt 0.29189351201057434 0.036111336201429367
vt 0.37819930911064148 0.40077880024909973
vt 0.37819930911064148 0.46596524119377136
vt 0.35909894108772278 0.46596524119377136
vt 0.23819711804389954 0.36301010847091675
vt 0.23819711804389954 0.38125613331794739
vt 0.20207133889198303 0.38125613331794739
vt 0.68709492683410645 0.68005961179733276
vt 0.68709492683410645 0.69430792331695557
vt 0.67193847894668579 0.69430792331695557
vt 0.14870843291282654 0.12285525351762772
vt 0.14870843291282654 0.1465335339307785
vt 0.12014082819223404 0.1465335339307785
vt 0.43586283922195435 0.33617725968360901
vt 0.43586283922195435 0.37137925624847412
vt 0.41620665788650513 0.37137925624847412
vt 0.64993715286254883 0.7365872859954834
vt 0.6647331714630127 0.7365872859954834
vt 0.6647331714630127 0.75051432847976685
vt 0.52110922336578369 0.56802153587341309
vt 0.52110922336578369 0.58638262748718262
vt 0.50261813402175903 0.58638262748718262
vt 0.59441983699798584 0.57211315631866455
vt 0.62233370542526245 0.57211315631866455
vt 0.62233370542526245 0.59529989957809448
vt 0.43768393993377686 0.63252294063568115
vt 0.44889375567436218 0.63252294063568115
vt 0.44889375567436218 0.66068041324615479
vt 0.21034549176692963 0.40077880024909973
vt 0.21034549176692963 0.42840820550918579
vt 0.17738930881023407 0.42840820550918579
vt 0.89005672931671143 0.60310637950897217
vt 0.89005672931671143 0.63954782485961914
vt 0.82318490743637085 0.63954782485961914
vt 0.20207133889198303 0.38540342450141907
vt 0.28484717011451721 0.38540342450141907
vt 0.28484717011451721 0.39793124794960022
vt 0.12014082819223404 0.097419224679470062
vt 0.13595965504646301 0.097419224679470062
vt 0.13595965504646301 0.11630416661500931
vt 0.95772737264633179 0.76980972290039062
vt 0.99853515625 0.76980972290039062
vt 0.99853515625 0.82848978042602539
vt 0.078059442341327667 0.097419224679470062
vt 0.11024363338947296 0.097419224679470062
vt 0.11024363338947296 0.13866385817527771
vt 0.86109447479248047 0.14122435450553894
vt 0.88046365976333618 0.14122435450553894
vt 0.88046365976333618 0.16409386694431305
vt 0.23487274348735809 0.75396251678466797
vt 0.23487274348735809 0.78863024711608887
vt 0.16873107850551605 0.78863024711608887
vt 0.99811112880706787 0.28250128030776978
vt 0.99811112880706787 0.33199557662010193
vt 0.97731924057006836 0.33199557662010193
vt 0.24038088321685791 0.79344910383224487
vt 0.24038088321685791 0.85644888877868652
vt 0.20539729297161102 0.85644888877868652
vt 0.90794140100479126 0.44364678859710693
vt 0.90794140100479126 0.50664651393890381
vt 0.8719443678855896 0.50664651393890381
vt 0.76855939626693726 0.63215100765228271
vt 0.76855939626693726 0.64459997415542603
vt 0.73147249221801758 0.64459997415542603
vt 0.64993715286254883 0.79357904195785522
vt 0.67855983972549438 0.79357904195785522
vt 0.67855983972549438 0.80704498291015625
vt 0.13048535585403442 0.280760258436203
vt 0.13048535585403442 0.29935106635093689
vt 0.09578578919172287 0.29935106635093689
vt 0.37996584177017212 0.34761470556259155
vt 0.37996584177017212 0.36362245678901672
vt 0.35766714811325073 0.36362245678901672
vt 0.43429297208786011 0.73591822385787964
vt 0.43429297208786011 0.74874448776245117
vt 0.41055849194526672 0.74874448776245117
vt 0.23994342982769012 0.22921259701251984
vt 0.23994342982769012 0.25199860334396362
vt 0.1882423609495163 0.25199860334396362
vt 0.69003808498382568 0.49099799990653992
vt 0.70454311370849609 0.49099799990653992
vt 0.70454311370849609 0.50442510843276978
vt 0.13319352269172668 0
vt 0.13319352269172668 0.021990939974784851
vt 0.11136611551046371 0.021990939974784851
vt 0.48169147968292236 0
vt 0.55490612983703613 0
vt 0.55490612983703613 0.041744772344827652
vt 0.83397430181503296 0.090325891971588135
vt 0.84622848033905029 0.090325891971588135
vt 0.84622848033905029 0.15775619447231293
vt 0.39794155955314636 0.70352840423583984
vt 0.43023303151130676 0.70352840423583984
vt 0.43023303151130676 0.72880458831787109
vt 0.4113086462020874 0.64677464962005615
vt 0.43533957004547119 0.64677464962005615
vt 0.43533957004547119 0.66081732511520386
vt 0.56360352039337158 0.79327446222305298
vt 0.59686881303787231 0.79327446222305298
vt 0.59686881303787231 0.81497567892074585
vt 0.099526897072792053 0.30147415399551392
vt 0.13367019593715668 0.30147415399551392
vt 0.13367019593715668 0.37903103232383728
vt 0.64993715286254883 0.21285621821880341
vt 0.72585141658782959 0.21285621821880341
vt 0.72585141658782959 0.27636376023292542
vt 0.02094460092484951 0.68231946229934692
vt 0.037620939314365387 0.68231946229934692
vt 0.037620939314365387 0.70429301261901855
vt 0.62478280067443848 0.47019615769386292
vt 0.62478280067443848 0.50051397085189819
vt 0.59899914264678955 0.50051397085189819
vt 0.67718559503555298 0.33172193169593811
vt 0.67718559503555298 0.36380389332771301
vt 0.64993715286254883 0.36380389332771301
vt 0.33055061101913452 0.21643899381160736
vt 0.36269032955169678 0.21643899381160736
vt 0.36269032955169678 0.23058469593524933
vt 0.62086188793182373 0.45393824577331543
vt 0.62086188793182373 0.46873131394386292
vt 0.5753096342086792 0.46873131394386292
vt 0 0.62753188610076904
vt 0.096040509641170502 0.62753188610076904
vt 0.096040509641170502 0.66484856605529785
vt 0.11435176432132721 0.68588376045227051
vt 0.16372433304786682 0.68588376045227051
vt 0.16372433304786682 0.7261195182800293
vt 0.050793014466762543 0.36734086275100708
vt 0.072843864560127258 0.36734086275100708
vt 0.072843864560127258 0.39333701133728027
vt 0.14033390581607819 0.35626760125160217
vt 0.16334277391433716 0.35626760125160217
vt 0.16334277391433716 0.36946231126785278
vt 0.41620665788650513 0.29910582304000854
vt 0.4608999490737915 0.29910582304000854
vt 0.4608999490737915 0.33471241593360901
vt 0.57829827070236206 0.61394131183624268
vt 0.57829827070236206 0.64138126373291016
vt 0.55293458700180054 0.64138126373291016
vt 0.54779845476150513 0.27698564529418945
vt 0.54779845476150513 0.30146759748458862
vt 0.51988458633422852 0.30146759748458862
vt 0.82318490743637085 0.54726356267929077
vt 0.86668944358825684 0.54726356267929077
vt 0.86668944358825684 0.56836098432540894
vt 0.11435176432132721 0.62753188610076904
vt 0.16517975926399231 0.62753188610076904
vt 0.16517975926399231 0.66628766059875488
vt 0.35909894108772278 0.67361092567443848
vt 0.39066335558891296 0.67361092567443848
vt 0.39066335558891296 0.69898051023483276
vt 0.40444692969322205 0.55796581506729126
vt 0.42631995677947998 0.55796581506729126
vt 0.42631995677947998 0.57710516452789307
vt 0.99454444646835327 0.2552090585231781
vt 0.99454444646835327 0.26971760392189026
vt 0.96902549266815186 0.26971760392189026
vt 0.24795982241630554 0.59331381320953369
vt 0.24795982241630554 0.6247406005859375
vt 0.21920971572399139 0.6247406005859375
vt 0.94038385152816772 0.44364678859710693
vt 0.94038385152816772 0.48421844840049744
vt 0.91210097074508667 0.48421844840049744
vt 0.26537641882896423 0.7792125940322876
vt 0.3324885368347168 0.7792125940322876
vt 0.3324885368347168 0.79108870029449463
vt 0.25003388524055481 0.20163741707801819
vt 0.30106842517852783 0.20163741707801819
vt 0.30106842517852783 0.25824511051177979
vt 0.26537641882896423 0.75396251678466797
vt 0.35165375471115112 0.75396251678466797
vt 0.35165375471115112 0.77700787782669067
vt 0.087741196155548096 0.70542526245117188
vt 0.1109369769692421 0.70542526245117188
vt 0.1109369769692421 0.74336749315261841
vt 0.91857701539993286 0.36296415328979492
vt 0.97157728672027588 0.36296415328979492
vt 0.97157728672027588 0.41259363293647766
vt 0.29211410880088806 0.037576179951429367
vt 0.29211410880088806 0.073638945817947388
vt 0.20773126184940338 0.073638945817947388
vt 0.35763409733772278 0.81176066398620605
vt 0.35763409733772278 0.86053937673568726
vt 0.26537641882896423 0.86053937673568726
vt 0.15749345719814301 0.075103789567947388
vt 0.25353395938873291 0.075103789567947388
vt 0.25353395938873291 0.096856944262981415
vt 0.83103865385055542 0.21285621821880341
vt 0.83103865385055542 0.23782733082771301
vt 0.81033164262771606 0.23782733082771301
vt 0.93176090717315674 0.81634443998336792
vt 0.95626252889633179 0.81634443998336792
vt 0.95626252889633179 0.83589655160903931
vt 0.86768871545791626 0.66304224729537964
vt 0.90617972612380981 0.66304224729537964
vt 0.90617972612380981 0.72274273633956909
vt 0.24184572696685791 0.75396251678466797
vt 0.26391157507896423 0.75396251678466797
vt 0.26391157507896423 0.83179724216461182
vt 0.74047845602035522 0.70525139570236206
vt 0.75863867998123169 0.70525139570236206
vt 0.75863867998123169 0.73489165306091309
vt 0.53162544965744019 0.16925981640815735
vt 0.53162544965744019 0.18546028435230255
vt 0.5123600959777832 0.18546028435230255
vt 0.90973454713821411 0.05928068608045578
vt 0.94552642107009888 0.05928068608045578
vt 0.94552642107009888 0.089690409600734711
vt 0.93029606342315674 0.76980972290039062
vt 0.93029606342315674 0.82678741216659546
vt 0.91468656063079834 0.82678741216659546
vt 0.47175049781799316 0.34444752335548401
vt 0.49609467387199402 0.34444752335548401
vt 0.49609467387199402 0.36216822266578674
vt 0.77649557590484619 0.80703294277191162
vt 0.77649557590484619 0.839813232421875
vt 0.74047845602035522 0.839813232421875
vt 0.16726623475551605 0.74646389484405518
vt 0.16726623475551605 0.79946935176849365
vt 0.084001816809177399 0.79946935176849365
vt 0.41144099831581116 0.29910582304000854
vt 0.41144099831581116 0.36662629246711731
vt 0.39064911007881165 0.36662629246711731
vt 0.60117393732070923 0.8408818244934082
vt 0.60117393732070923 0.8623199462890625
vt 0.58316439390182495 0.8623199462890625
vt 0.85710430145263672 0.44364678859710693
vt 0.85710430145263672 0.46819102764129639
vt 0.84179848432540894 0.46819102764129639
vt 0.17738930881023407 0.462359219789505
vt 0.25411912798881531 0.462359219789505
vt 0.25411912798881531 0.51206123828887939
vt 0.64791512489318848 0.69265830516815186
vt 0.64791512489318848 0.76792329549789429
vt 0.62718844413757324 0.76792329549789429
vt 0.38631913065910339 0.73591822385787964
vt 0.40687239170074463 0.73591822385787964
vt 0.40687239170074463 0.76993274688720703
vt 0.96435743570327759 0.21929433941841125
vt 0.96435743570327759 0.25817418098449707
vt 0.94252192974090576 0.25817418098449707
vt 0.73426133394241333 0.67883813381195068
vt 0.73426133394241333 0.69278502464294434
vt 0.71812409162521362 0.69278502464294434
vt 0.77714204788208008 0.60161662101745605
vt 0.79631388187408447 0.60161662101745605
vt 0.79631388187408447 0.63125687837600708
vt 0.084001816809177399 0.80379503965377808
vt 0.10170405358076096 0.80379503965377808
vt 0.10170405358076096 0.83123499155044556
vt 0.88276815414428711 0
vt 0.88276815414428711 0.027285344898700714
vt 0.86430615186691284 0.027285344898700714
vt 0.43854957818984985 0.79862165451049805
vt 0.50330370664596558 0.79862165451049805
vt 0.50330370664596558 0.85116064548492432
vt 0.203844353556633 0.5161173939704895
vt 0.203844353556633 0.58087152242660522
vt 0.17738930881023407 0.58087152242660522
vt 0.11136611551046371 0.032416727393865585
vt 0.12952914834022522 0.032416727393865585
vt 0.12952914834022522 0.06537291407585144
vt 0.55293458700180054 0.74472057819366455
vt 0.58956992626190186 0.74472057819366455
vt 0.58956992626190186 0.76472938060760498
vt 0.38271376490592957 0.73591822385787964
vt 0.38271376490592957 0.79926633834838867
vt 0.35909894108772278 0.79926633834838867
vt 0 0.31810548901557922
vt 0.081411689519882202 0.31810548901557922
vt 0.081411689519882202 0.33326801657676697
vt 0.79980754852294922 0.44364678859710693
vt 0.8183363676071167 0.44364678859710693
vt 0.8183363676071167 0.4570319652557373
vt 0.5516732931137085 0.59343236684799194
vt 0.5516732931137085 0.60649311542510986
vt 0.52619463205337524 0.60649311542510986
vt 0.22100101411342621 0.098321788012981415
vt 0.22100101411342621 0.19267641007900238
vt 0.15749345719814301 0.19267641007900238
vt 0.64993715286254883 0.40039300918579102
vt 0.73123997449874878 0.40039300918579102
vt 0.73123997449874878 0.42350262403488159
vt 0.79616409540176392 0.44364678859710693
vt 0.79616409540176392 0.45737642049789429
vt 0.77865618467330933 0.45737642049789429
vt 0.66669356822967529 0.62604409456253052
vt 0.66669356822967529 0.63889425992965698
vt 0.64993715286254883 0.63889425992965698
vt 0.61580318212509155 0.40077880024909973
vt 0.63181090354919434 0.40077880024909973
vt 0.63181090354919434 0.44768121838569641
vt 0.47975441813468933 0.4744611382484436
vt 0.47975441813468933 0.50917631387710571
vt 0.43026012182235718 0.50917631387710571
vt 0.26690420508384705 0.40077880024909973
vt 0.30698928236961365 0.40077880024909973
vt 0.30698928236961365 0.44687721133232117
vt 0.42568865418434143 0.51064115762710571
vt 0.42568865418434143 0.53844791650772095
vt 0.37494990229606628 0.53844791650772095
vt 0.68511492013931274 0.44364678859710693
vt 0.68511492013931274 0.4548397958278656
vt 0.67127788066864014 0.4548397958278656
vt 0.90528535842895508 0.14122435450553894
vt 0.90528535842895508 0.16319787502288818
vt 0.88463723659515381 0.16319787502288818
vt 0.26475349068641663 0.098321788012981415
vt 0.30102357268333435 0.098321788012981415
vt 0.30102357268333435 0.13400526344776154
vt 0.6658063530921936 0.65352225303649902
vt 0.6658063530921936 0.66694933176040649
vt 0.64993715286254883 0.66694933176040649
vt 0.51988458633422852 0.24993699789047241
vt 0.54816746711730957 0.24993699789047241
vt 0.54816746711730957 0.27409827709197998
vt 0.7337033748626709 0.73496794700622559
vt 0.7337033748626709 0.74976402521133423
vt 0.71752095222473145 0.74976402521133423
vt 0.66434919834136963 0.44364678859710693
vt 0.66434919834136963 0.45277976989746094
vt 0.64993715286254883 0.45277976989746094
vt 0.034197334200143814 0.21970312297344208
vt 0.034197334200143814 0.22883246839046478
vt 0 0.22883246839046478
vt 0.86109447479248047 0.11357475072145462
vt 0.8919101357460022 0.11357475072145462
vt 0.8919101357460022 0.13058257102966309
vt 0.42892611026763916 0.75466382503509521
vt 0.42892611026763916 0.77147608995437622
vt 0.41055849194526672 0.77147608995437622
vt 0.56127321720123291 0.20082846283912659
vt 0.6283261775970459 0.20082846283912659
vt 0.6283261775970459 0.29455098509788513
vt 0.31102877855300903 0.29910582304000854
vt 0.32671427726745605 0.29910582304000854
vt 0.32671427726745605 0.37179738283157349
vt 0.5040278434753418 0.10134080797433853
vt 0.52121365070343018 0.10134080797433853
vt 0.52121365070343018 0.12335752695798874
vt 0.78031253814697266 0.65352225303649902
vt 0.78031253814697266 0.67745965719223022
vt 0.75857585668563843 0.67745965719223022
vt 0.019814051687717438 0.20163741707801819
vt 0.019814051687717438 0.21823827922344208
vt 0 0.21823827922344208
vt 0.17738930881023407 0.59331381320953369
vt 0.19119340181350708 0.59331381320953369
vt 0.19119340181350708 0.62495005130767822
vt 0.26537641882896423 0.79255354404449463
vt 0.31205853819847107 0.79255354404449463
vt 0.31205853819847107 0.81008362770080566
vt 0.35909894108772278 0.49274012446403503
vt 0.40578103065490723 0.49274012446403503
vt 0.40578103065490723 0.50917631387710571
vt 0.33158203959465027 0.26606035232543945
vt 0.33158203959465027 0.29764097929000854
vt 0.31102877855300903 0.29764097929000854
vt 0.34565678238868713 0.69637513160705566
vt 0.34565678238868713 0.74817401170730591
vt 0.26288095116615295 0.74817401170730591
vt 0.51772648096084595 0.61394131183624268
vt 0.5498051643371582 0.61394131183624268
vt 0.5498051643371582 0.71056002378463745
vt 0.77792590856552124 0.32083696126937866
vt 0.77792590856552124 0.38826727867126465
vt 0.74276614189147949 0.38826727867126465
vt 0.75072532892227173 0.44364678859710693
vt 0.75072532892227173 0.45670750737190247
vt 0.73147249221801758 0.45670750737190247
vt 0.23800274729728699 0.34071862697601318
vt 0.23800274729728699 0.35888165235519409
vt 0.20207133889198303 0.35888165235519409
vt 0.50232142210006714 0.22433575987815857
vt 0.50232142210006714 0.24720412492752075
vt 0.47175049781799316 0.24720412492752075
vt 0.094753973186016083 0.23747794330120087
vt 0.12532491981983185 0.23747794330120087
vt 0.12532491981983185 0.25668808817863464
vt 0.25643742084503174 0.34071862697601318
vt 0.29271289706230164 0.34071862697601318
vt 0.29271289706230164 0.35532468557357788
vt 0.712962806224823 0.76446288824081421
vt 0.712962806224823 0.77906888723373413
vt 0.64993715286254883 0.77906888723373413
vt 0.46676251292228699 0.51064115762710571
vt 0.46676251292228699 0.5337563157081604
vt 0.43153780698776245 0.5337563157081604
vt 0.77262753248214722 0.52108055353164673
vt 0.77262753248214722 0.53391826152801514
vt 0.75409877300262451 0.53391826152801514
vt 0.68674302101135254 0.54523938894271851
vt 0.68674302101135254 0.5579531192779541
vt 0.67126923799514771 0.5579531192779541
vt 0 0.66789394617080688
vt 0.028836732730269432 0.66789394617080688
vt 0.028836732730269432 0.68060761690139771
vt 0 0.46330434083938599
vt 0.08218364417552948 0.46330434083938599
vt 0.08218364417552948 0.50118285417556763
vt 0.78064459562301636 0.21285621821880341
vt 0.78064459562301636 0.24166539311408997
vt 0.74276614189147949 0.24166539311408997
vt 0.45062908530235291 0.40077880024909973
vt 0.45062908530235291 0.46765068173408508
vt 0.43026012182235718 0.46765068173408508
vt 0.39199402928352356 0
vt 0.46486374735832214 0
vt 0.46486374735832214 0.087901964783668518
vt 0.61917567253112793 0.69265830516815186
vt 0.61917567253112793 0.71546024084091187
vt 0.55293458700180054 0.71546024084091187
vt 0.5885043740272522 0.42491725087165833
vt 0.5885043740272522 0.44851189851760864
vt 0.5753096342086792 0.44851189851760864
vt 0.61352354288101196 0.519359290599823
vt 0.61352354288101196 0.53464812040328979
vt 0.59441983699798584 0.53464812040328979
vt 0.33030954003334045 0.33069908618927002
vt 0.35127538442611694 0.33069908618927002
vt 0.35127538442611694 0.36536002159118652
vt 0.37999573349952698 0.41523408889770508
vt 0.40618103742599487 0.41523408889770508
vt 0.40618103742599487 0.43393850326538086
vt 0.24754342436790466 0.71415919065475464
vt 0.24754342436790466 0.72967451810836792
vt 0.21494346857070923 0.72967451810836792
vt 0 0.23029731214046478
vt 0.038491051644086838 0.23029731214046478
vt 0.038491051644086838 0.26505431532859802
vt 0.52573496103286743 0.51964181661605835
vt 0.52573496103286743 0.55307841300964355
vt 0.50261813402175903 0.55307841300964355
vt 0.72749245166778564 0.5738760232925415
vt 0.72749245166778564 0.58685016632080078
vt 0.71076267957687378 0.58685016632080078
vt 0.82024043798446655 0.32083696126937866
vt 0.83099544048309326 0.32083696126937866
vt 0.83099544048309326 0.3869786262512207
vt 0.62370949983596802 0.71692508459091187
vt 0.62370949983596802 0.73325157165527344
vt 0.60605734586715698 0.73325157165527344
vt 0.62262696027755737 0.026265703141689301
vt 0.62262696027755737 0.045557502657175064
vt 0.60630041360855103 0.045557502657175064
vt 0.51560002565383911 0.20082846283912659
vt 0.5501408576965332 0.20082846283912659
vt 0.5501408576965332 0.2187872976064682
vt 0.28313601016998291 0.13547010719776154
vt 0.28313601016998291 0.16573938727378845
vt 0.26475349068641663 0.16573938727378845
vt 0.16180512309074402 0.33654618263244629
vt 0.16180512309074402 0.35047325491905212
vt 0.14033390581607819 0.35047325491905212
vt 0.72653919458389282 0.49099799990653992
vt 0.72653919458389282 0.50472766160964966
vt 0.71147197484970093 0.50472766160964966
vt 0.19624319672584534 0.62753188610076904
vt 0.22633077204227448 0.62753188610076904
vt 0.22633077204227448 0.65126633644104004
vt 0.16873107850551605 0.79344910383224487
vt 0.18687534332275391 0.79344910383224487
vt 0.18687534332275391 0.8153221607208252
vt 0.9941173791885376 0.11767169833183289
vt 0.9941173791885376 0.1706719696521759
vt 0.90973454713821411 0.1706719696521759
vt 0.082536973059177399 0.74646389484405518
vt 0.082536973059177399 0.79812723398208618
vt 0 0.79812723398208618
vt 0.6075131893157959 0.76938813924789429
vt 0.63965290784835815 0.76938813924789429
vt 0.63965290784835815 0.79100954532623291
vt 0.64143991470336914 0.81644052267074585
vt 0.64143991470336914 0.86238390207290649
vt 0.60542279481887817 0.86238390207290649
vt 0.3817143440246582 0.63548976182937622
vt 0.3817143440246582 0.66509252786636353
vt 0.35909894108772278 0.66509252786636353
vt 0.1882423609495163 0.25602224469184875
vt 0.2029949277639389 0.25602224469184875
vt 0.2029949277639389 0.28928753733634949
vt 0.86765390634536743 0.77411741018295288
vt 0.89971530437469482 0.77411741018295288
vt 0.89971530437469482 0.78872239589691162
vt 0.33055061101913452 0.20082846283912659
vt 0.36261197924613953 0.20082846283912659
vt 0.36261197924613953 0.21497415006160736
vt 0.21158663928508759 0.43210956454277039
vt 0.21158663928508759 0.45878559350967407
vt 0.17738930881023407 0.45878559350967407
vt 0.59753429889678955 0.47019615769386292
vt 0.59753429889678955 0.48323684930801392
vt 0.5753096342086792 0.48323684930801392
vt 0.56212109327316284 0.17529432475566864
vt 0.56212109327316284 0.19365544617176056
vt 0.54244905710220337 0.19365544617176056
vt 0.79742699861526489 0.49251672625541687
vt 0.79742699861526489 0.50546669960021973
vt 0.77865618467330933 0.50546669960021973
vt 0.89761477708816528 0.090325891971588135
vt 0.89761477708816528 0.10462672263383865
vt 0.86109447479248047 0.10462672263383865
vt 0.35327392816543579 0.24991199374198914
vt 0.35327392816543579 0.26421281695365906
vt 0.33055061101913452 0.26421281695365906
vt 0.19101794064044952 0
vt 0.19101794064044952 0.02856760285794735
vt 0.15749345719814301 0.02856760285794735
vt 0.78347116708755493 0.17168994247913361
vt 0.78347116708755493 0.19342121481895447
vt 0.73996663093566895 0.19342121481895447
vt 0.35909894108772278 0.51064115762710571
vt 0.37348505854606628 0.51064115762710571
vt 0.37348505854606628 0.60255533456802368
vt 0.32951942086219788 0.40077880024909973
vt 0.32951942086219788 0.44828569889068604
vt 0.31366845965385437 0.44828569889068604
vt 0.60178041458129883 0.67462307214736938
vt 0.60178041458129883 0.68910813331604004
vt 0.5785936713218689 0.68910813331604004
vt 0.10305161029100418 0.082364268600940704
vt 0.10305161029100418 0.095954380929470062
vt 0.083076402544975281 0.095954380929470062
vt 0.72229743003845215 0.36530584096908569
vt 0.72229743003845215 0.38405221700668335
vt 0.6993790864944458 0.38405221700668335
vt 0.59579688310623169 0.76938813924789429
vt 0.59579688310623169 0.79180961847305298
vt 0.56360352039337158 0.79180961847305298
vt 0.68313944339752197 0.70857816934585571
vt 0.68313944339752197 0.72102713584899902
vt 0.66863089799880981 0.72102713584899902
vt 0.29840037226676941 0.53418624401092529
vt 0.29840037226676941 0.56647771596908569
vt 0.26131343841552734 0.56647771596908569
vt 0.59314393997192383 0.71692508459091187
vt 0.60459250211715698 0.71692508459091187
vt 0.60459250211715698 0.76792329549789429
vt 0.40925535559654236 0.57857000827789307
vt 0.40925535559654236 0.58910387754440308
vt 0.37494990229606628 0.58910387754440308
vt 0.62624764442443848 0.45393824577331543
vt 0.64847230911254883 0.45393824577331543
vt 0.64847230911254883 0.48940902948379517
vt 0.89977693557739258 0.05083189532160759
vt 0.89977693557739258 0.075125433504581451
vt 0.86430615186691284 0.075125433504581451
vt 0.6859549880027771 0.57085072994232178
vt 0.6859549880027771 0.5845525860786438
vt 0.67126923799514771 0.5845525860786438
vt 0.80778950452804565 0.21285621821880341
vt 0.80778950452804565 0.24154607951641083
vt 0.78985798358917236 0.24154607951641083
vt 0.12089606374502182 0.14830176532268524
vt 0.14760397374629974 0.14830176532268524
vt 0.14760397374629974 0.19793124496936798
vt 0.15311843156814575 0.050541549921035767
vt 0.15311843156814575 0.065297253429889679
vt 0.13360045850276947 0.065297253429889679
vt 0.48169147968292236 0.050065431743860245
vt 0.55348062515258789 0.050065431743860245
vt 0.55348062515258789 0.092819064855575562
vt 0.16728962957859039 0.5065310001373291
vt 0.16728962957859039 0.5928083062171936
vt 0.12604089081287384 0.5928083062171936
vt 0.80783098936080933 0
vt 0.80783098936080933 0.063348092138767242
vt 0.73996663093566895 0.063348092138767242
vt 0.40187278389930725 0.53991276025772095
vt 0.40187278389930725 0.57466012239456177
vt 0.37494990229606628 0.57466012239456177
vt 0.81880003213882446 0.51943498849868774
vt 0.81880003213882446 0.53548908233642578
vt 0.80246609449386597 0.53548908233642578
vt 0.56898868083953857 0.71692508459091187
vt 0.56898868083953857 0.73947107791900635
vt 0.55293458700180054 0.73947107791900635
vt 0.5785936713218689 0.65251284837722778
vt 0.59735113382339478 0.65251284837722778
vt 0.59735113382339478 0.67027080059051514
vt 0.50115329027175903 0.51064115762710571
vt 0.50115329027175903 0.55854892730712891
vt 0.46822735667228699 0.55854892730712891
vt 0.6993790864944458 0.33172193169593811
vt 0.72329056262969971 0.33172193169593811
vt 0.72329056262969971 0.34966513514518738
vt 0.45028415322303772 0.53538435697555542
vt 0.46676251292228699 0.53538435697555542
vt 0.46676251292228699 0.55839318037033081
vt 0.57321751117706299 0.051638774573802948
vt 0.63458800315856934 0.051638774573802948
vt 0.63458800315856934 0.099875964224338531
vt 0.99066835641860962 0
vt 0.99066835641860962 0.061370488256216049
vt 0.95485156774520874 0.061370488256216049
vt 0.67193847894668579 0.65352225303649902
vt 0.68820822238922119 0.65352225303649902
vt 0.68820822238922119 0.66678076982498169
vt 0.37782177329063416 0.23204953968524933
vt 0.37782177329063416 0.24758769571781158
vt 0.35770881175994873 0.24758769571781158
vt 0.45254477858543396 0.43558129668235779
vt 0.47398942708969116 0.43558129668235779
vt 0.47398942708969116 0.4729962944984436
vt 0.49530839920043945 0.76629120111465454
vt 0.49530839920043945 0.79180186986923218
vt 0.47983464598655701 0.79180186986923218
vt 0.59300523996353149 0.42491725087165833
vt 0.61000454425811768 0.42491725087165833
vt 0.61000454425811768 0.44335004687309265
vt 0.62700635194778442 0.10134080797433853
vt 0.64543914794921875 0.10134080797433853
vt 0.64543914794921875 0.13393114507198334
vt 0.41040545701980591 0.43540334701538086
vt 0.41040545701980591 0.45676231384277344
vt 0.37999573349952698 0.45676231384277344
vt 0.714427649974823 0.76446288824081421
vt 0.73901361227035522 0.76446288824081421
vt 0.73901361227035522 0.7871742844581604
vt 0.70676785707473755 0.51996272802352905
vt 0.70676785707473755 0.53168016672134399
vt 0.69003808498382568 0.53168016672134399
vt 0.70676541328430176 0.54523938894271851
vt 0.70676541328430176 0.55760610103607178
vt 0.68996316194534302 0.55760610103607178
vt 0.14033390581607819 0.20163741707801819
vt 0.22910904884338379 0.20163741707801819
vt 0.22910904884338379 0.22507406771183014
vt 0.31102877855300903 0.10003802925348282
vt 0.38389849662780762 0.10003802925348282
vt 0.38389849662780762 0.18881316483020782
vt 0.3907352089881897 0.70576262474060059
vt 0.3907352089881897 0.71808028221130371
vt 0.35909894108772278 0.71808028221130371
vt 0.94252192974090576 0.28250128030776978
vt 0.95449376106262207 0.28250128030776978
vt 0.95449376106262207 0.3146946132183075
vt 0.57498425245285034 0.65251284837722778
vt 0.57498425245285034 0.68630790710449219
vt 0.55293458700180054 0.68630790710449219
vt 0.73877185583114624 0.81309932470321655
vt 0.73877185583114624 0.83743113279342651
vt 0.714427649974823 0.83743113279342651
vt 0.54139536619186401 0.22176696360111237
vt 0.54139536619186401 0.24592824280261993
vt 0.51560002565383911 0.24592824280261993
vt 0.55415236949920654 0.12387468665838242
vt 0.55415236949920654 0.14948186278343201
vt 0.5250663161277771 0.14948186278343201
vt 0.42593911290168762 0.45822715759277344
vt 0.42593911290168762 0.47198212146759033
vt 0.37999573349952698 0.47198212146759033
vt 0.58146291971206665 0.61394131183624268
vt 0.60290110111236572 0.61394131183624268
vt 0.60290110111236572 0.6464114785194397
vt 0.97538834810256958 0.51578980684280396
vt 0.97538834810256958 0.52791416645050049
vt 0.91210097074508667 0.52791416645050049
vt 0.88450634479522705 0.32938256859779358
vt 0.89663070440292358 0.32938256859779358
vt 0.89663070440292358 0.39690303802490234
vt 0.55734866857528687 0.30439329147338867
vt 0.63481760025024414 0.30439329147338867
vt 0.63481760025024414 0.38515475392341614
vt 0.6484411358833313 0.53611296415328979
vt 0.6484411358833313 0.61247646808624268
vt 0.6293407678604126 0.61247646808624268
vt 0.26690420508384705 0.45340713858604431
vt 0.33401632308959961 0.45340713858604431
vt 0.33401632308959961 0.51001483201980591
vt 0.4894026517868042 0.20082846283912659
vt 0.4894026517868042 0.21925392746925354
vt 0.47175049781799316 0.21925392746925354
vt 0.078059442341327667 0.17597474157810211
vt 0.094595491886138916 0.17597474157810211
vt 0.094595491886138916 0.19393359124660492
vt 0.18834018707275391 0.79344910383224487
vt 0.20393244922161102 0.79344910383224487
vt 0.20393244922161102 0.81892776489257812
vt 0.81776851415634155 0.54657042026519775
vt 0.81776851415634155 0.57724153995513916
vt 0.79937136173248291 0.57724153995513916
vt 0.40023428201675415 0.10003802925348282
vt 0.43650433421134949 0.10003802925348282
vt 0.43650433421134949 0.11500401794910431
vt 0.71283704042434692 0.6801493763923645
vt 0.71283704042434692 0.69165158271789551
vt 0.69276708364486694 0.69165158271789551
vt 0.64993715286254883 0.54523938894271851
vt 0.66759461164474487 0.54523938894271851
vt 0.66759461164474487 0.55674165487289429
vt 0.51508790254592896 0.61394131183624268
vt 0.51508790254592896 0.65914982557296753
vt 0.49587774276733398 0.65914982557296753
vt 0.47436636686325073 0.73591822385787964
vt 0.47436636686325073 0.78112673759460449
vt 0.43854957818984985 0.78112673759460449
vt 0.6075131893157959 0.79247438907623291
vt 0.63850319385528564 0.79247438907623291
vt 0.63850319385528564 0.81497567892074585
vt 0.73147249221801758 0.54657042026519775
vt 0.76893824338912964 0.54657042026519775
vt 0.76893824338912964 0.5775604248046875
vt 0.66863089799880981 0.74031507968902588
vt 0.68773460388183594 0.74031507968902588
vt 0.68773460388183594 0.74978721141815186
vt 0.70816594362258911 0.6294255256652832
vt 0.72745770215988159 0.6294255256652832
vt 0.72745770215988159 0.6388975977897644
vt 0.43768393993377686 0.61394131183624268
vt 0.48760917782783508 0.61394131183624268
vt 0.48760917782783508 0.62851279973983765
vt 0.10618602484464645 0
vt 0.10618602484464645 0.049925237894058228
vt 0.083076402544975281 0.049925237894058228
vt 0.14090855419635773 0.097419224679470062
vt 0.15354131162166595 0.097419224679470062
vt 0.15354131162166595 0.12108776718378067
vt 0.80755108594894409 0.37454015016555786
vt 0.80755108594894409 0.39013558626174927
vt 0.78766405582427979 0.39013558626174927
vt 0.17801286280155182 0.041093416512012482
vt 0.17801286280155182 0.06469232589006424
vt 0.15749345719814301 0.06469232589006424
vt 0.49711412191390991 0.27360633015632629
vt 0.49711412191390991 0.29720523953437805
vt 0.47175049781799316 0.29720523953437805
vt 0.6278759241104126 0.53611296415328979
vt 0.6278759241104126 0.55531114339828491
vt 0.61152780055999756 0.55531114339828491
vt 0.16873107850551605 0.73586302995681763
vt 0.20015788078308105 0.73586302995681763
vt 0.20015788078308105 0.75238221883773804
vt 0.89480501413345337 0.58196282386779785
vt 0.89480501413345337 0.59481823444366455
vt 0.82318490743637085 0.59481823444366455
vt 0.79980754852294922 0.46857509016990662
vt 0.81915795803070068 0.46857509016990662
vt 0.81915795803070068 0.48143050074577332
vt 0.51201409101486206 0.24993699789047241
vt 0.51201409101486206 0.26693633198738098
vt 0.49502912163734436 0.26693633198738098
vt 0.62768751382827759 0.026265703141689301
vt 0.6446724534034729 0.026265703141689301
vt 0.6446724534034729 0.044827472418546677
vt 0.64993715286254883 0.68209379911422729
vt 0.66712290048599243 0.68209379911422729
vt 0.66712290048599243 0.69454002380371094
vt 0.7552788257598877 0.44364678859710693
vt 0.77462923526763916 0.44364678859710693
vt 0.77462923526763916 0.45611098408699036
vt 0.71110337972640991 0.44364678859710693
vt 0.72695213556289673 0.44364678859710693
vt 0.72695213556289673 0.454814612865448
vt 0.68522477149963379 0.46936798095703125
vt 0.68522477149963379 0.48053577542304993
vt 0.67127788066864014 0.48053577542304993
vt 0.5892212986946106 0.71692508459091187
vt 0.5892212986946106 0.73916572332382202
vt 0.57283085584640503 0.73916572332382202
vt 0.70642852783203125 0.44364678859710693
vt 0.70642852783203125 0.45389649271965027
vt 0.69003808498382568 0.45389649271965027
vt 0.37950742244720459 0.29910582304000854
vt 0.37950742244720459 0.32923424243927002
vt 0.36300575733184814 0.32923424243927002
vt 0.78177738189697266 0.65352225303649902
vt 0.79746288061141968 0.65352225303649902
vt 0.79746288061141968 0.6851155161857605
vt 0.27563902735710144 0.16720423102378845
vt 0.27563902735710144 0.20017257332801819
vt 0.23648862540721893 0.20017257332801819
vt 0.10697165876626968 0.14830176532268524
vt 0.10697165876626968 0.17016583681106567
vt 0.078059442341327667 0.17016583681106567
vt 0.50261813402175903 0.44919613003730774
vt 0.52162820100784302 0.44919613003730774
vt 0.52162820100784302 0.46890166401863098
vt 0.11295928806066513 0.25989049673080444
vt 0.11295928806066513 0.27851155400276184
vt 0.09578578919172287 0.27851155400276184
vt 0.47954863309860229 0.67594188451766968
vt 0.49224570393562317 0.67594188451766968
vt 0.49224570393562317 0.72297453880310059
vt 0.91322171688079834 0.82753801345825195
vt 0.91322171688079834 0.84781372547149658
vt 0.86765390634536743 0.84781372547149658
vt 0.094753973186016083 0.21782827377319336
vt 0.12961342930793762 0.21782827377319336
vt 0.12961342930793762 0.23467032611370087
vt 0.43768393993377686 0.67594188451766968
vt 0.47582748532295227 0.67594188451766968
vt 0.47582748532295227 0.71869552135467529
vt 0.67047035694122314 0.62655824422836304
vt 0.68637776374816895 0.62655824422836304
vt 0.68637776374816895 0.63994348049163818
vt 0.47175049781799316 0.24993699789047241
vt 0.48765793442726135 0.24993699789047241
vt 0.48765793442726135 0.26808005571365356
vt 0.9277614951133728 0.6076894998550415
vt 0.94691377878189087 0.6076894998550415
vt 0.94691377878189087 0.62759453058242798
vt 0.54244905710220337 0.15094670653343201
vt 0.56302750110626221 0.15094670653343201
vt 0.56302750110626221 0.1684546172618866
vt 0.70386260747909546 0.59995180368423462
vt 0.70386260747909546 0.61375594139099121
vt 0.68996316194534302 0.61375594139099121
vt 0.76010352373123169 0.72947001457214355
vt 0.78031253814697266 0.72947001457214355
vt 0.78031253814697266 0.743369460105896
vt 0.41643461585044861 0.40077880024909973
vt 0.41643461585044861 0.41376924514770508
vt 0.37999573349952698 0.41376924514770508
vt 0.11361759901046753 0.57106494903564453
vt 0.11361759901046753 0.58544903993606567
vt 0.06287885457277298 0.58544903993606567
vt 0.39794155955314636 0.67361092567443848
vt 0.43274402618408203 0.67361092567443848
vt 0.43274402618408203 0.69695776700973511
vt 0.49198493361473083 0.40077880024909973
vt 0.49198493361473083 0.43411645293235779
vt 0.45254477858543396 0.43411645293235779
vt 0.64993715286254883 0.57174986600875854
vt 0.66759461164474487 0.57174986600875854
vt 0.66759461164474487 0.5833355188369751
vt 0.70816594362258911 0.59995180368423462
vt 0.72378599643707275 0.59995180368423462
vt 0.72378599643707275 0.61153751611709595
vt 0.6658024787902832 0.4693390429019928
vt 0.6658024787902832 0.4784720242023468
vt 0.64993715286254883 0.4784720242023468
vt 0.61006295680999756 0.53611296415328979
vt 0.61006295680999756 0.55606907606124878
vt 0.59441983699798584 0.55606907606124878
vt 0.05397365614771843 0.66789394617080688
vt 0.05397365614771843 0.71698206663131714
vt 0.039439719170331955 0.71698206663131714
vt 0.33030954003334045 0.36682486534118652
vt 0.3793976902961731 0.36682486534118652
vt 0.3793976902961731 0.39931395649909973
vt 0.79391300678253174 0.5734943151473999
vt 0.79391300678253174 0.59013229608535767
vt 0.77714204788208008 0.59013229608535767
vt 0.43163156509399414 0.77923500537872314
vt 0.43163156509399414 0.81587028503417969
vt 0.38631913065910339 0.81587028503417969
vt 0.34982752799987793 0.29910582304000854
vt 0.34982752799987793 0.32581374049186707
vt 0.33030954003334045 0.32581374049186707
vt 0.084573112428188324 0.21782827377319336
vt 0.084573112428188324 0.2557704746723175
vt 0.051468353718519211 0.2557704746723175
vt 0.79530197381973267 0.51778209209442139
vt 0.79530197381973267 0.53253775835037231
vt 0.77865618467330933 0.53253775835037231
vt 0.19760499894618988 0.59331381320953369
vt 0.21235756576061249 0.59331381320953369
vt 0.21235756576061249 0.622916579246521
vt 0.14080694317817688 0.067331396043300629
vt 0.14080694317817688 0.078086458146572113
vt 0.11712826788425446 0.078086458146572113
vt 0.36758929491043091 0.26606035232543945
vt 0.36758929491043091 0.29489707946777344
vt 0.34391060471534729 0.29489707946777344
vt 0.50033044815063477 0.43558129668235779
vt 0.50033044815063477 0.46999171376228333
vt 0.47600632905960083 0.46999171376228333
vt 0.5738447904586792 0.40077880024909973
vt 0.5738447904586792 0.44773128628730774
vt 0.50261813402175903 0.44773128628730774
vt 0.98768341541290283 0.6076894998550415
vt 0.98768341541290283 0.64173805713653564
vt 0.9538952112197876 0.64173805713653564
vt 0.49237105250358582 0.63252294063568115
vt 0.49237105250358582 0.66657149791717529
vt 0.46684059500694275 0.66657149791717529
vt 0.12762910127639771 0.80379503965377808
vt 0.16611480712890625 0.80379503965377808
vt 0.16611480712890625 0.86057239770889282
vt 0.81911206245422363 0.62890762090682983
vt 0.81911206245422363 0.64347034692764282
vt 0.80051189661026001 0.64347034692764282
vt 0.035603567957878113 0.72569924592971802
vt 0.035603567957878113 0.74399983882904053
vt 0.016742072999477386 0.74399983882904053
vt 0.95048964023590088 0.53550040721893311
vt 0.96879017353057861 0.53550040721893311
vt 0.96879017353057861 0.55386805534362793
vt 0.73147249221801758 0.51894378662109375
vt 0.74795734882354736 0.51894378662109375
vt 0.74795734882354736 0.53398150205612183
vt 0.80051189661026001 0.60161662101745605
vt 0.81699675321578979 0.60161662101745605
vt 0.81699675321578979 0.61776274442672729
vt 0.19624319672584534 0.65353697538375854
vt 0.24493828415870667 0.65353697538375854
vt 0.24493828415870667 0.66819006204605103
vt 0.20618943870067596 0.5161173939704895
vt 0.25488454103469849 0.5161173939704895
vt 0.25488454103469849 0.55343407392501831
vt 0.16873107850551605 0.82986485958099365
vt 0.20393244922161102 0.82986485958099365
vt 0.20393244922161102 0.85459160804748535
vt 0.19491636753082275 0.71415919065475464
vt 0.19491636753082275 0.73396795988082886
vt 0.16873107850551605 0.73396795988082886
vt 0.2876189649105072 0.13547010719776154
vt 0.30387750267982483 0.13547010719776154
vt 0.30387750267982483 0.15100105106830597
vt 0.037957422435283661 0.70725160837173462
vt 0.037957422435283661 0.72351014614105225
vt 0.016742072999477386 0.72351014614105225
vt 0.06287885457277298 0.58718651533126831
vt 0.11177933216094971 0.58718651533126831
vt 0.11177933216094971 0.62318360805511475
vt 0.96100145578384399 0.57399415969848633
vt 0.96100145578384399 0.59472084045410156
vt 0.91210097074508667 0.59472084045410156
vt 0.75409877300262451 0.49244147539138794
vt 0.77056342363357544 0.49244147539138794
vt 0.77056342363357544 0.50686526298522949
vt 0.58734738826751709 0.50197881460189819
vt 0.58734738826751709 0.51817697286605835
vt 0.50261813402175903 0.51817697286605835
vt 0.73147249221801758 0.59977126121520996
vt 0.75584739446640015 0.59977126121520996
vt 0.75584739446640015 0.61863279342651367
vt 0.084001816809177399 0.83700418472290039
vt 0.10311195999383926 0.83700418472290039
vt 0.10311195999383926 0.86137902736663818
vt 0.77245235443115234 0.46654543280601501
vt 0.77245235443115234 0.48064115643501282
vt 0.7552788257598877 0.48064115643501282
vt 0.66851133108139038 0.49503129720687866
vt 0.68531352281570435 0.49503129720687866
vt 0.68531352281570435 0.50380527973175049
vt 0.5123600959777832 0.18692512810230255
vt 0.53684210777282715 0.18692512810230255
vt 0.53684210777282715 0.19936361908912659
vt 0.35770881175994873 0.24905253946781158
vt 0.37785974144935608 0.24905253946781158
vt 0.37785974144935608 0.26459550857543945
vt 0.23212981224060059 0.66965490579605103
vt 0.25858485698699951 0.66965490579605103
vt 0.25858485698699951 0.71027326583862305
vt 0.17948430776596069 0.29516163468360901
vt 0.17948430776596069 0.3303351104259491
vt 0.14033390581607819 0.3303351104259491
vt 0.5235021710395813 0.44919613003730774
vt 0.53935462236404419 0.44919613003730774
vt 0.53935462236404419 0.47283968329429626
vt 0.20313176512718201 0.041093416512012482
vt 0.20313176512718201 0.064736977219581604
vt 0.18261235952377319 0.064736977219581604
vt 0.15392221510410309 0
vt 0.15392221510410309 0.030598359182476997
vt 0.13812935352325439 0.030598359182476997
vt 0.78985798358917236 0.26510864496231079
vt 0.82610565423965454 0.26510864496231079
vt 0.82610565423965454 0.29570698738098145
vt 0.72594588994979858 0.54523938894271851
vt 0.72594588994979858 0.55948770046234131
vt 0.71076267957687378 0.55948770046234131
vt 0.70503038167953491 0.62769567966461182
vt 0.70503038167953491 0.64054584503173828
vt 0.68996316194534302 0.64054584503173828
vt 0.40023428201675415 0.11646886169910431
vt 0.41491463780403137 0.11646886169910431
vt 0.41491463780403137 0.13582198321819305
vt 0.51986300945281982 0.4756506085395813
vt 0.53918606042861938 0.4756506085395813
vt 0.53918606042861938 0.49500373005867004
vt 0.70446085929870605 0.57050615549087524
vt 0.70446085929870605 0.58491820096969604
vt 0.68996316194534302 0.58491820096969604
vt 0.66443479061126709 0.52159887552261353
vt 0.66443479061126709 0.53188645839691162
vt 0.64993715286254883 0.53188645839691162
vt 0.95595860481262207 0.28250128030776978
vt 0.97554028034210205 0.28250128030776978
vt 0.97554028034210205 0.30298486351966858
vt 0.430890291929245 0.61394131183624268
vt 0.430890291929245 0.63112205266952515
vt 0.4113086462020874 0.63112205266952515
vt 0.92629057168960571 0.53550040721893311
vt 0.92629057168960571 0.55917870998382568
vt 0.91210097074508667 0.55917870998382568
vt 0.083076402544975281 0.067331396043300629
vt 0.10305161029100418 0.067331396043300629
vt 0.10305161029100418 0.080899424850940704
vt 0.57943046092987061 0.8408818244934082
vt 0.57943046092987061 0.86374109983444214
vt 0.56360352039337158 0.86374109983444214
vt 0.51839816570281982 0.4756506085395813
vt 0.51839816570281982 0.49918130040168762
vt 0.50261813402175903 0.49918130040168762
vt 0.52890998125076294 0.51964181661605835
vt 0.55067890882492065 0.51964181661605835
vt 0.55067890882492065 0.55543369054794312
vt 0.42917364835739136 0.53991276025772095
vt 0.42917364835739136 0.55650097131729126
vt 0.40444692969322205 0.55650097131729126
vt 0.43012288212776184 0.11646886169910431
vt 0.44417333602905273 0.11646886169910431
vt 0.44417333602905273 0.13595224916934967
vt 0.83088064193725586 0.12000240385532379
vt 0.83088064193725586 0.16819612681865692
vt 0.78650403022766113 0.16819612681865692
vt 0.6856151819229126 0.59845262765884399
vt 0.6856151819229126 0.61240452527999878
vt 0.67047035694122314 0.61240452527999878
vt 0.50633478164672852 0.12490486353635788
vt 0.5202866792678833 0.12490486353635788
vt 0.5202866792678833 0.14923667907714844
vt 0.64993715286254883 0.82469058036804199
vt 0.67305225133895874 0.82469058036804199
vt 0.67305225133895874 0.84222668409347534
vt 0.078568249940872192 0.33473286032676697
vt 0.09610438346862793 0.33473286032676697
vt 0.09610438346862793 0.36587601900100708
vt 0.62531018257141113 0.74429112672805786
vt 0.62531018257141113 0.75926393270492554
vt 0.60605734586715698 0.75926393270492554
vt 0.56360352039337158 0.81644052267074585
vt 0.58018845319747925 0.81644052267074585
vt 0.58018845319747925 0.8394169807434082
vt 0.05543849989771843 0.72475093603134155
vt 0.080591388046741486 0.72475093603134155
vt 0.080591388046741486 0.74124473333358765
vt 0.026030611246824265 0.26651915907859802
vt 0.045844662934541702 0.26651915907859802
vt 0.045844662934541702 0.28203973174095154
vt 0.8398703932762146 0.44364678859710693
vt 0.8398703932762146 0.49550530314445496
vt 0.82318490743637085 0.49550530314445496
vt 0.66662263870239258 0.59845262765884399
vt 0.66662263870239258 0.61135578155517578
vt 0.64993715286254883 0.61135578155517578
vt 0.61983418464660645 0.13539598882198334
vt 0.61983418464660645 0.16666369140148163
vt 0.59621936082839966 0.16666369140148163
vt 0.90468758344650269 0
vt 0.90468758344650269 0.031267706304788589
vt 0.88853764533996582 0.031267706304788589
vt 0.35108989477157593 0.23204953968524933
vt 0.35108989477157593 0.24786835908889771
vt 0.33055061101913452 0.24786835908889771
vt 0.4117177426815033 0.59056872129440308
vt 0.4117177426815033 0.61247646808624268
vt 0.3926432728767395 0.61247646808624268
vt 0.90973454713821411 0
vt 0.94489431381225586 0
vt 0.94489431381225586 0.03087306022644043
vt 0.22711625695228577 0.66965490579605103
vt 0.22711625695228577 0.70432263612747192
vt 0.19624319672584534 0.70432263612747192
vt 0.051468353718519211 0.25989049673080444
vt 0.085988238453865051 0.25989049673080444
vt 0.085988238453865051 0.27581608295440674
vt 0.80246609449386597 0.49251672625541687
vt 0.81873577833175659 0.49251672625541687
vt 0.81873577833175659 0.50844234228134155
vt 0.91210097074508667 0.6076894998550415
vt 0.92357790470123291 0.6076894998550415
vt 0.92357790470123291 0.64073503017425537
vt 0.35909894108772278 0.72137314081192017
vt 0.39311349391937256 0.72137314081192017
vt 0.39311349391937256 0.73285007476806641
vt 0.48169147968292236 0.12490486353635788
vt 0.50004673004150391 0.12490486353635788
vt 0.50004673004150391 0.14331634342670441
vt 0.4131825864315033 0.57857000827789307
vt 0.43007296323776245 0.57857000827789307
vt 0.43007296323776245 0.60448026657104492
vt 0.11805514246225357 0.25989049673080444
vt 0.13523590564727783 0.25989049673080444
vt 0.13523590564727783 0.27862116694450378
vt 0.026030611246824265 0.28350457549095154
vt 0.044761303812265396 0.28350457549095154
vt 0.044761303812265396 0.30000931024551392
vt 0.60630041360855103 0
vt 0.62102556228637695 0
vt 0.62102556228637695 0.019970491528511047
vt 0.11544360965490341 0.17597474157810211
vt 0.11544360965490341 0.19625051319599152
vt 0.10071850568056107 0.19625051319599152
vt 0.64357143640518188 0
vt 0.64357143640518188 0.017300186678767204
vt 0.62652409076690674 0.017300186678767204
vt 0.61283129453659058 0.50197881460189819
vt 0.61283129453659058 0.517894446849823
vt 0.59441983699798584 0.517894446849823
vt 0.22318841516971588 0.40077880024909973
vt 0.25583016872406006 0.40077880024909973
vt 0.25583016872406006 0.45771291851997375
vt 0.17402629554271698 0.33654618263244629
vt 0.19317853450775146 0.33654618263244629
vt 0.19317853450775146 0.36918795108795166
vt 0.51248139142990112 0.67594188451766968
vt 0.51248139142990112 0.69099718332290649
vt 0.49371054768562317 0.69099718332290649
vt 0.75711101293563843 0.67977118492126465
vt 0.75711101293563843 0.69482642412185669
vt 0.74047845602035522 0.69482642412185669
vt 0.46485918760299683 0.63252294063568115
vt 0.46485918760299683 0.65440422296524048
vt 0.45043343305587769 0.65440422296524048
vt 0.73147249221801758 0.49244147539138794
vt 0.74854421615600586 0.49244147539138794
vt 0.74854421615600586 0.50686722993850708
vt 0.71087032556533813 0.70664036273956299
vt 0.71087032556533813 0.71875965595245361
vt 0.69276708364486694 0.71875965595245361
vt 0.81317472457885742 0.32083696126937866
vt 0.81317472457885742 0.33295628428459167
vt 0.78766405582427979 0.33295628428459167
vt 0.12325019389390945 0.80379503965377808
vt 0.12325019389390945 0.83249783515930176
vt 0.10626884549856186 0.83249783515930176
vt 0.58426624536514282 0.81644052267074585
vt 0.60124754905700684 0.81644052267074585
vt 0.60124754905700684 0.8394169807434082
vt 0.6628340482711792 0.49503129720687866
vt 0.6628340482711792 0.50659263134002686
vt 0.64993715286254883 0.50659263134002686
vt 0.71242326498031616 0.65352225303649902
vt 0.71242326498031616 0.66508358716964722
vt 0.69276708364486694 0.66508358716964722
vt 0.15153200924396515 0.032416727393865585
vt 0.15153200924396515 0.048345670104026794
vt 0.13360045850276947 0.048345670104026794
vt 0.79431527853012085 0.54657042026519775
vt 0.79431527853012085 0.56249934434890747
vt 0.77714204788208008 0.56249934434890747
vt 0.52448219060897827 0.59284013509750366
vt 0.52448219060897827 0.60845106840133667
vt 0.50261813402175903 0.60845106840133667
vt 0.71147197484970093 0.51859217882156372
vt 0.72708290815353394 0.51859217882156372
vt 0.72708290815353394 0.53185063600540161
vt 0.12616173923015594 0.83700418472290039
vt 0.12616173923015594 0.85879051685333252
vt 0.10457680374383926 0.85879051685333252
vt 0.051468353718519211 0.27754539251327515
vt 0.076987296342849731 0.27754539251327515
vt 0.076987296342849731 0.29913032054901123
vt 0.96902549266815186 0.21929433941841125
vt 0.98829108476638794 0.21929433941841125
vt 0.98829108476638794 0.2383866012096405
vt 0.38392060995101929 0.63548976182937622
vt 0.4088742733001709 0.63548976182937622
vt 0.4088742733001709 0.64873743057250977
vt 0.3064391016960144 0.15246589481830597
vt 0.3064391016960144 0.16573938727378845
vt 0.2876189649105072 0.16573938727378845
vt 0.66462284326553345 0.70857816934585571
vt 0.66462284326553345 0.7225719690322876
vt 0.64993715286254883 0.7225719690322876
vt 0.51060134172439575 0.20082846283912659
vt 0.51060134172439575 0.22182641923427582
vt 0.49509191513061523 0.22182641923427582
vt 0.74047845602035522 0.65352225303649902
vt 0.75711101293563843 0.65352225303649902
vt 0.75711101293563843 0.66903173923492432
vt 0.82125473022460938 0.80964237451553345
vt 0.82125473022460938 0.84251534938812256
vt 0.78249895572662354 0.84251534938812256
vt 0.47983464598655701 0.73591822385787964
vt 0.51270765066146851 0.73591822385787964
vt 0.51270765066146851 0.75988435745239258
vt 0.3911784291267395 0.59056872129440308
vt 0.3911784291267395 0.61247646808624268
vt 0.37494990229606628 0.61247646808624268
vt 0.71812409162521362 0.65352225303649902
vt 0.73581749200820923 0.65352225303649902
vt 0.73581749200820923 0.66622191667556763
vt 0.11712826788425446 0.080819293856620789
vt 0.13649743795394897 0.080819293856620789
vt 0.13649743795394897 0.094055838882923126
vt 0.68174785375595093 0.5170939564704895
vt 0.68174785375595093 0.52828693389892578
vt 0.66851133108139038 0.52828693389892578
vt 0.70841580629348755 0.73344826698303223
vt 0.70841580629348755 0.74746930599212646
vt 0.69276708364486694 0.74746930599212646
vt 0.69003808498382568 0.46503111720085144
vt 0.70405912399291992 0.46503111720085144
vt 0.70405912399291992 0.4774773120880127
vt 0.802132248878479 0.73337125778198242
vt 0.82172006368637085 0.73337125778198242
vt 0.82172006368637085 0.74600404500961304
vt 0.91468656063079834 0.66304224729537964
vt 0.98995447158813477 0.66304224729537964
vt 0.98995447158813477 0.72871702909469604
vn 0.0036979091819375753 0.015869874507188797 -0.99986720085144043
vn 0.0036979091819375753 0.015869874507188797 -0.99986720085144043
vn 0.0036979091819375753 0.015869874507188797 -0.99986720085144043
vn -0.98239731788635254 0.16484583914279938 0.08787132054567337
vn -0.98239731788635254 0.16484583914279938 0.08787132054567337
vn -0.98239731788635254 0.16484583914279938 0.08787132054567337
vn 0.73042565584182739 -0.1394672691822052 0.66860097646713257
vn 0.73042565584182739 -0.1394672691822052 0.66860097646713257
vn 0.73042565584182739 -0.1394672691822052 0.66860097646713257
vn -0.28113165497779846 -0.17438620328903198 -0.9436919093132019
vn -0.28113165497779846 -0.17438620328903198 -0.9436919093132019
vn -0.28113165497779846 -0.17438620328903198 -0.9436919093132019
vn -0.3836866021156311 0.53992003202438354 -0.74918019771575928
vn -0.3836866021156311 0.53992003202438354 -0.74918019771575928
vn -0.3836866021156311 0.53992003202438354 -0.74918019771575928
vn 0.56564199924468994 -0.048759974539279938 0.82320809364318848
vn 0.56564199924468994 -0.048759974539279938 0.82320809364318848
vn 0.56564199924468994 -0.048759974539279938 0.82320809364318848
vn 0.75110465288162231 -0.21170009672641754 -0.62531977891921997
vn 0.75110465288162231 -0.21170009672641754 -0.62531977891921997
vn 0.75110465288162231 -0.21170009672641754 -0.62531977891921997
vn -0.72810113430023193 -0.19920049607753754 -0.65588706731796265
vn -0.72810113430023193 -0.19920049607753754 -0.65588706731796265
vn -0.72810113430023193 -0.19920049607753754 -0.65588706731796265
vn 0.091255888342857361 -0.0029580916743725538 0.99582308530807495
vn 0.091255888342857361 -0.0029580916743725538 0.99582308530807495
vn 0.091255888342857361 -0.0029580916743725538 0.99582308530807495
vn -0.37793546915054321 -0.28117519617080688 0.88210278749465942
vn -0.37793546915054321 -0.28117519617080688 0.88210278749465942
vn -0.37793546915054321 -0.28117519617080688 0.88210278749465942
vn 0.98395538330078125 0.015034501440823078 -0.17778010666370392
vn 0.98395538330078125 0.015034501440823078 -0.17778010666370392
vn 0.98395538330078125 0.015034501440823078 -0.17778010666370392
vn -0.86530333757400513 -0.3285602331161499 0.37854760885238647
vn -0.86530333757400513 -0.3285602331161499 0.37854760885238647
vn -0.86530333757400513 -0.3285602331161499 0.37854760885238647
vn 0.1448042243719101 0.52896499633789062 -0.83619838953018188
vn 0.1448042243719101 0.52896499633789062 -0.83619838953018188
vn 0.1448042243719101 0.52896499633789062 -0.83619838953018188
vn 0.79783964157104492 0.052838869392871857 -0.60054975748062134
vn 0.79783964157104492 0.052838869392871857 -0.60054975748062134
vn 0.79783964157104492 0.052838869392871857 -0.60054975748062134
vn 0.098012782633304596 0.17474471032619476 -0.97972333431243896
vn 0.098012782633304596 0.17474471032619476 -0.97972333431243896
vn 0.098012782633304596 0.17474471032619476 -0.97972333431243896
vn -0.61615955829620361 0.66690200567245483 -0.41903352737426758
vn -0.61615955829620361 0.66690200567245483 -0.41903352737426758
vn -0.61615955829620361 0.66690200567245483 -0.41903352737426758
vn 0.54220801591873169 -0.036945976316928864 -0.83943164348602295
vn 0.54220801591873169 -0.036945976316928864 -0.83943164348602295
vn 0.54220801591873169 -0.036945976316928864 -0.83943164348602295
vn -0.54003381729125977 -0.16703779995441437 0.82490110397338867
vn -0.54003381729125977 -0.16703779995441437 0.82490110397338867
vn -0.54003381729125977 -0.16703779995441437 0.82490110397338867
vn -0.96741139888763428 -0.16229218244552612 -0.19436168670654297
vn -0.96741139888763428 -0.16229218244552612 -0.19436168670654297
vn -0.96741139888763428 -0.16229218244552612 -0.19436168670654297
vn -0.059068232774734497 0.11862945556640625 -0.99118012189865112
vn -0.059068232774734497 0.11862945556640625 -0.99118012189865112
vn -0.059068232774734497 0.11862945556640625 -0.99118012189865112
vn 0.30063974857330322 -0.17599199712276459 0.93735933303833008
vn 0.30063974857330322 -0.17599199712276459 0.93735933303833008
vn 0.30063974857330322 -0.17599199712276459 0.93735933303833008
vn -0.8083917498588562 -0.027955183759331703 0.58798068761825562
vn -0.8083917498588562 -0.027955183759331703 0.58798068761825562
vn -0.8083917498588562 -0.027955183759331703 0.58798068761825562
vn 0.88274914026260376 0.36490640044212341 -0.29596829414367676
vn 0.88274914026260376 0.36490640044212341 -0.29596829414367676
vn 0.88274914026260376 0.36490640044212341 -0.29596829414367676
vn 0.90372312068939209 0.24946737289428711 0.34792324900627136
vn 0.90372312068939209 0.24946737289428711 0.34792324900627136
vn 0.90372312068939209 0.24946737289428711 0.34792324900627136
vn 0.23955601453781128 0.055451840162277222 0.96929770708084106
vn 0.23955601453781128 0.055451840162277222 0.96929770708084106
vn 0.23955601453781128 0.055451840162277222 0.96929770708084106
vn -0.10949225723743439 -0.094947151839733124 0.98944252729415894
vn -0.10949225723743439 -0.094947151839733124 0.98944252729415894
vn -0.10949225723743439 -0.094947151839733124 0.98944252729415894
vn -0.63605332374572754 0.034954547882080078 -0.77085298299789429
vn -0.63605332374572754 0.034954547882080078 -0.77085298299789429
vn -0.63605332374572754 0.034954547882080078 -0.77085298299789429
vn -0.92813205718994141 -0.13068152964115143 0.34855872392654419
vn -0.92813205718994141 -0.13068152964115143 0.34855872392654419
vn -0.92813205718994141 -0.13068152964115143 0.34855872392654419
vn 0.96834474802017212 0.044634822756052017 0.24559356272220612
vn 0.96834474802017212 0.044634822756052017 0.24559356272220612
vn 0.96834474802017212 0.044634822756052017 0.24559356272220612
vn -0.58568406105041504 -0.19937321543693542 0.78563636541366577
vn -0.58568406105041504 -0.19937321543693542 0.78563636541366577
vn -0.58568406105041504 -0.19937321543693542 0.78563636541366577
vn -0.99925631284713745 0.037466283887624741 -0.009116416797041893
vn -0.99925631284713745 0.037466283887624741 -0.009116416797041893
vn -0.99925631284713745 0.037466283887624741 -0.009116416797041893
vn -0.70863425731658936 -0.26067671179771423 0.65565627813339233
vn -0.70863425731658936 -0.26067671179771423 0.65565627813339233
vn -0.70863425731658936 -0.26067671179771423 0.65565627813339233
vn -0.22216124832630157 -0.33990567922592163 0.91384273767471313
vn -0.22216124832630157 -0.33990567922592163 0.91384273767471313
vn -0.22216124832630157 -0.33990567922592163 0.91384273767471313
vn 0.36914429068565369 -0.36363312602043152 0.85527974367141724
vn 0.36914429068565369 -0.36363312602043152 0.85527974367141724
vn 0.36914429068565369 -0.36363312602043152 0.85527974367141724
vn 0.014105601236224174 -0.48069491982460022 -0.87677443027496338
vn 0.014105601236224174 -0.48069491982460022 -0.87677443027496338
vn 0.014105601236224174 -0.48069491982460022 -0.87677443027496338
vn 0.41181206703186035 -0.90768337249755859 -0.080757200717926025
vn 0.41181206703186035 -0.90768337249755859 -0.080757200717926025
vn 0.41181206703186035 -0.90768337249755859 -0.080757200717926025
vn -0.062831051647663116 -0.17300961911678314 -0.98291397094726562
vn -0.062831051647663116 -0.17300961911678314 -0.98291397094726562
vn -0.062831051647663116 -0.17300961911678314 -0.98291397094726562
vn -0.95198404788970947 -0.28170150518417358 0.11987732350826263
vn -0.95198404788970947 -0.28170150518417358 0.11987732350826263
vn -0.95198404788970947 -0.28170150518417358 0.11987732350826263
vn 0.81823962926864624 -0.10328188538551331 0.56552338600158691
vn 0.81823962926864624 -0.10328188538551331 0.56552338600158691
vn 0.81823962926864624 -0.10328188538551331 0.56552338600158691
vn 0.82322221994400024 -0.38099193572998047 0.42089226841926575
vn 0.82322221994400024 -0.38099193572998047 0.42089226841926575
vn 0.82322221994400024 -0.38099193572998047 0.42089226841926575
vn -0.7520979642868042 0.59168893098831177 0.29026344418525696
vn -0.7520979642868042 0.59168893098831177 0.29026344418525696
vn -0.7520979642868042 0.59168893098831177 0.29026344418525696
vn 0.56239461898803711 0.22093616425991058 -0.79680579900741577
vn 0.56239461898803711 0.22093616425991058 -0.79680579900741577
vn 0.56239461898803711 0.22093616425991058 -0.79680579900741577
vn -0.63643890619277954 -0.64799678325653076 -0.41838467121124268
vn -0.63643890619277954 -0.64799678325653076 -0.41838467121124268
vn -0.63643890619277954 -0.64799678325653076 -0.41838467121124268
vn 0.72966486215591431 -0.30168077349662781 0.61365944147109985
vn 0.72966486215591431 -0.30168077349662781 0.61365944147109985
vn 0.72966486215591431 -0.30168077349662781 0.61365944147109985
vn -0.47183811664581299 0.13575939834117889 0.87117058038711548
vn -0.47183811664581299 0.13575939834117889 0.87117058038711548
vn -0.47183811664581299 0.13575939834117889 0.87117058038711548
vn 0.31551876664161682 0.37200579047203064 0.87296026945114136
vn 0.31551876664161682 0.37200579047203064 0.87296026945114136
vn 0.31551876664161682 0.37200579047203064 0.87296026945114136
vn 0.98699074983596802 0.14070874452590942 0.077783815562725067
vn 0.98699074983596802 0.14070874452590942 0.077783815562725067
vn 0.98699074983596802 0.14070874452590942 0.077783815562725067
vn 0.96556270122528076 0.040304683148860931 -0.25702953338623047
vn 0.96556270122528076 0.040304683148860931 -0.25702953338623047
vn 0.96556270122528076 0.040304683148860931 -0.25702953338623047
vn 0.22935481369495392 0.011493965052068233 -0.97327500581741333
vn 0.22935481369495392 0.011493965052068233 -0.97327500581741333
vn 0.22935481369495392 0.011493965052068233 -0.97327500581741333
vn -0.7006988525390625 0.04757845401763916 -0.71186894178390503
vn -0.7006988525390625 0.04757845401763916 -0.71186894178390503
vn -0.7006988525390625 0.04757845401763916 -0.71186894178390503
vn 0.91794472932815552 0.13700753450393677 0.37229880690574646
vn 0.91794472932815552 0.13700753450393677 0.37229880690574646
vn 0.91794472932815552 0.13700753450393677 0.37229880690574646
vn 0.79874402284622192 -0.18230372667312622 -0.57338762283325195
vn 0.79874402284622192 -0.18230372667312622 -0.57338762283325195
vn 0.79874402284622192 -0.18230372667312622 -0.57338762283325195
vn 0.85171175003051758 0.26863914728164673 -0.44991123676300049
vn 0.85171175003051758 0.26863914728164673 -0.44991123676300049
vn 0.85171175003051758 0.26863914728164673 -0.44991123676300049
vn 0.160943403840065 -0.57135260105133057 -0.80476915836334229
vn 0.160943403840065 -0.57135260105133057 -0.80476915836334229
vn 0.160943403840065 -0.57135260105133057 -0.80476915836334229
vn -0.95051479339599609 -0.23021242022514343 -0.20862382650375366
vn -0.95051479339599609 -0.23021242022514343 -0.20862382650375366
vn -0.95051479339599609 -0.23021242022514343 -0.20862382650375366
vn -0.32653123140335083 -0.11038243025541306 -0.93871885538101196
vn -0.32653123140335083 -0.11038243025541306 -0.93871885538101196
vn -0.32653123140335083 -0.11038243025541306 -0.93871885538101196
vn -0.46727323532104492 -0.049298208206892014 0.88273745775222778
vn -0.46727323532104492 -0.049298208206892014 0.88273745775222778
vn -0.46727323532104492 -0.049298208206892014 0.88273745775222778
vn 0.23770986497402191 -0.078716546297073364 0.96814137697219849
vn 0.23770986497402191 -0.078716546297073364 0.96814137697219849
vn 0.23770986497402191 -0.078716546297073364 0.96814137697219849
vn -0.096920222043991089 0.0049731223843991756 -0.99527972936630249
vn -0.096920222043991089 0.0049731223843991756 -0.99527972936630249
vn -0.096920222043991089 0.0049731223843991756 -0.99527972936630249
vn -0.63171511888504028 0.42654258012771606 -0.647300124168396
vn -0.63171511888504028 0.42654258012771606 -0.647300124168396
vn -0.63171511888504028 0.42654258012771606 -0.647300124168396
vn 0.83587044477462769 0.31315356492996216 -0.45083856582641602
vn 0.83587044477462769 0.31315356492996216 -0.45083856582641602
vn 0.83587044477462769 0.31315356492996216 -0.45083856582641602
vn -0.23620648682117462 0.4988560676574707 0.83387595415115356
vn -0.23620648682117462 0.4988560676574707 0.83387595415115356
vn -0.23620648682117462 0.4988560676574707 0.83387595415115356
vn -0.56954556703567505 -0.81377005577087402 -0.11574152857065201
vn -0.56954556703567505 -0.81377005577087402 -0.11574152857065201
vn -0.56954556703567505 -0.81377005577087402 -0.11574152857065201
vn -0.63072365522384644 -0.056982923299074173 -0.77391254901885986
vn -0.63072365522384644 -0.056982923299074173 -0.77391254901885986
vn -0.63072365522384644 -0.056982923299074173 -0.77391254901885986
vn 0.57056730985641479 -0.24074417352676392 0.78517210483551025
vn 0.57056730985641479 -0.24074417352676392 0.78517210483551025
vn 0.57056730985641479 -0.24074417352676392 0.78517210483551025
vn 0.37676155567169189 -0.27394750714302063 0.88487482070922852
vn 0.37676155567169189 -0.27394750714302063 0.88487482070922852
vn 0.37676155567169189 -0.27394750714302063 0.88487482070922852
vn -0.57654494047164917 0.73136001825332642 -0.3642917275428772
vn -0.57654494047164917 0.73136001825332642 -0.3642917275428772
vn -0.57654494047164917 0.73136001825332642 -0.3642917275428772
vn -0.41604599356651306 0.49930635094642639 0.75999927520751953
vn -0.41604599356651306 0.49930635094642639 0.75999927520751953
vn -0.41604599356651306 0.49930635094642639 0.75999927520751953
vn -0.97914916276931763 -0.19730821251869202 0.04833611473441124
vn -0.97914916276931763 -0.19730821251869202 0.04833611473441124
vn -0.97914916276931763 -0.19730821251869202 0.04833611473441124
vn -0.90193665027618408 -0.19065938889980316 -0.38750392198562622
vn -0.90193665027618408 -0.19065938889980316 -0.38750392198562622
vn -0.90193665027618408 -0.19065938889980316 -0.38750392198562622
vn -0.8452191948890686 -0.064591102302074432 0.53050214052200317
vn -0.8452191948890686 -0.064591102302074432 0.53050214052200317
vn -0.8452191948890686 -0.064591102302074432 0.53050214052200317
vn -0.45024242997169495 -0.070921808481216431 0.89008527994155884
vn -0.45024242997169495 -0.070921808481216431 0.89008527994155884
vn -0.45024242997169495 -0.070921808481216431 0.89008527994155884
vn 0.41263589262962341 -0.06689935177564621 0.90843605995178223
vn 0.41263589262962341 -0.06689935177564621 0.90843605995178223
vn 0.41263589262962341 -0.06689935177564621 0.90843605995178223
vn 0.42752349376678467 -0.28221753239631653 0.85882300138473511
vn 0.42752349376678467 -0.28221753239631653 0.85882300138473511
vn 0.42752349376678467 -0.28221753239631653 0.85882300138473511
vn 0.24382822215557098 -0.96750974655151367 -0.066878288984298706
vn 0.24382822215557098 -0.96750974655151367 -0.066878288984298706
vn 0.24382822215557098 -0.96750974655151367 -0.066878288984298706
vn 0.4653107225894928 -0.052180517464876175 0.88360804319381714
vn 0.4653107225894928 -0.052180517464876175 0.88360804319381714
vn 0.4653107225894928 -0.052180517464876175 0.88360804319381714
vn -0.10126981884241104 0.39902329444885254 -0.91133135557174683
vn -0.10126981884241104 0.39902329444885254 -0.91133135557174683
vn -0.10126981884241104 0.39902329444885254 -0.91133135557174683
vn -0.048284668475389481 0.12684684991836548 -0.99074643850326538
vn -0.048284668475389481 0.12684684991836548 -0.99074643850326538
vn -0.048284668475389481 0.12684684991836548 -0.99074643850326538
vn 0.82982617616653442 0.063771076500415802 0.55436611175537109
vn 0.82982617616653442 0.063771076500415802 0.55436611175537109
vn 0.82982617616653442 0.063771076500415802 0.55436611175537109
vn 0.72271084785461426 0.20369090139865875 -0.6604536771774292
vn 0.72271084785461426 0.20369090139865875 -0.6604536771774292
vn 0.72271084785461426 0.20369090139865875 -0.6604536771774292
vn 0.53541761636734009 0.77846860885620117 0.32758906483650208
vn 0.53541761636734009 0.77846860885620117 0.32758906483650208
vn 0.53541761636734009 0.77846860885620117 0.32758906483650208
vn 0.33237224817276001 0.49108952283859253 0.80520790815353394
vn 0.33237224817276001 0.49108952283859253 0.80520790815353394
vn 0.33237224817276001 0.49108952283859253 0.80520790815353394
vn -0.69307875633239746 0.055974435061216354 -0.71868538856506348
vn -0.69307875633239746 0.055974435061216354 -0.71868538856506348
vn -0.69307875633239746 0.055974435061216354 -0.71868538856506348
vn -0.67378318309783936 -0.73167538642883301 -0.10328283905982971
vn -0.67378318309783936 -0.73167538642883301 -0.10328283905982971
vn -0.67378318309783936 -0.73167538642883301 -0.10328283905982971
vn -0.32504349946975708 0.91825246810913086 0.22618371248245239
vn -0.32504349946975708 0.91825246810913086 0.22618371248245239
vn -0.32504349946975708 0.91825246810913086 0.22618371248245239
vn -0.82291269302368164 -0.35494261980056763 0.44365578889846802
vn -0.82291269302368164 -0.35494261980056763 0.44365578889846802
vn -0.82291269302368164 -0.35494261980056763 0.44365578889846802
vn -0.27133098244667053 0.017399385571479797 0.96232879161834717
vn -0.27133098244667053 0.017399385571479797 0.96232879161834717
vn -0.27133098244667053 0.017399385571479797 0.96232879161834717
vn 0.26242685317993164 -0.9417153000831604 0.21048606932163239
vn 0.26242685317993164 -0.9417153000831604 0.21048606932163239
vn 0.26242685317993164 -0.9417153000831604 0.21048606932163239
vn -0.99925559759140015 0.035221375524997711 -0.015740351751446724
vn -0.99925559759140015 0.035221375524997711 -0.015740351751446724
vn -0.99925559759140015 0.035221375524997711 -0.015740351751446724
vn -0.97813898324966431 -0.12509168684482574 -0.16612094640731812
vn -0.97813898324966431 -0.12509168684482574 -0.16612094640731812
vn -0.97813898324966431 -0.12509168684482574 -0.16612094640731812
vn 0.34282788634300232 -0.44480627775192261 -0.82741552591323853
vn 0.34282788634300232 -0.44480627775192261 -0.82741552591323853
vn 0.34282788634300232 -0.44480627775192261 -0.82741552591323853
vn 0.68809264898300171 0.41705036163330078 -0.59379923343658447
vn 0.68809264898300171 0.41705036163330078 -0.59379923343658447
vn 0.68809264898300171 0.41705036163330078 -0.59379923343658447
vn 0.4618237316608429 0.08538094162940979 0.88285273313522339
vn 0.4618237316608429 0.08538094162940979 0.88285273313522339
vn 0.4618237316608429 0.08538094162940979 0.88285273313522339
vn 0.076658196747303009 0.020436961203813553 0.99684798717498779
vn 0.076658196747303009 0.020436961203813553 0.99684798717498779
vn 0.076658196747303009 0.020436961203813553 0.99684798717498779
vn -0.1973675936460495 0.017855467274785042 -0.98016691207885742
vn -0.1973675936460495 0.017855467274785042 -0.98016691207885742
vn -0.1973675936460495 0.017855467274785042 -0.98016691207885742
vn 0.89716154336929321 0.058207150548696518 -0.43785050511360168
vn 0.89716154336929321 0.058207150548696518 -0.43785050511360168
vn 0.89716154336929321 0.058207150548696518 -0.43785050511360168
vn -0.77454280853271484 -0.070504866540431976 0.62857973575592041
vn -0.77454280853271484 -0.070504866540431976 0.62857973575592041
vn -0.77454280853271484 -0.070504866540431976 0.62857973575592041
vn -0.99548834562301636 -0.0946163609623909 0.0071164201945066452
vn -0.99548834562301636 -0.0946163609623909 0.0071164201945066452
vn -0.99548834562301636 -0.0946163609623909 0.0071164201945066452
vn -0.63102263212203979 -0.17920920252799988 0.75478106737136841
vn -0.63102263212203979 -0.17920920252799988 0.75478106737136841
vn -0.63102263212203979 -0.17920920252799988 0.75478106737136841
vn -0.71201556921005249 -0.1151692122220993 0.69265425205230713
vn -0.71201556921005249 -0.1151692122220993 0.69265425205230713
vn -0.71201556921005249 -0.1151692122220993 0.69265425205230713
vn -0.10231776535511017 0.66995495557785034 -0.73531723022460938
vn -0.10231776535511017 0.66995495557785034 -0.73531723022460938
vn -0.10231776535511017 0.66995495557785034 -0.73531723022460938
vn -0.38631010055541992 -0.18206538259983063 -0.90422159433364868
vn -0.38631010055541992 -0.18206538259983063 -0.90422159433364868
vn -0.38631010055541992 -0.18206538259983063 -0.90422159433364868
vn -0.06494797021150589 0.13093756139278412 -0.98926091194152832
vn -0.06494797021150589 0.13093756139278412 -0.98926091194152832
vn -0.06494797021150589 0.13093756139278412 -0.98926091194152832
vn 0.66545158624649048 0.16621881723403931 -0.72769874334335327
vn 0.66545158624649048 0.16621881723403931 -0.72769874334335327
vn 0.66545158624649048 0.16621881723403931 -0.72769874334335327
vn 0.62466078996658325 0.13019320368766785 0.76996660232543945
vn 0.62466078996658325 0.13019320368766785 0.76996660232543945
vn 0.62466078996658325 0.13019320368766785 0.76996660232543945
vn -0.1157456561923027 0.00068752624792978168 0.9932786226272583
vn -0.1157456561923027 0.00068752624792978168 0.9932786226272583
vn -0.1157456561923027 0.00068752624792978168 0.9932786226272583
vn 0.92337512969970703 -0.086058095097541809 0.3741287887096405
vn 0.92337512969970703 -0.086058095097541809 0.3741287887096405
vn 0.92337512969970703 -0.086058095097541809 0.3741287887096405
vn 0.99702954292297363 -0.002983469283208251 0.076961994171142578
vn 0.99702954292297363 -0.002983469283208251 0.076961994171142578
vn 0.99702954292297363 -0.002983469283208251 0.076961994171142578
vn 0.32857528328895569 -0.40659162402153015 0.85247963666915894
vn 0.32857528328895569 -0.40659162402153015 0.85247963666915894
vn 0.32857528328895569 -0.40659162402153015 0.85247963666915894
vn 0.36159658432006836 0.54472911357879639 0.75664925575256348
vn 0.36159658432006836 0.54472911357879639 0.75664925575256348
vn 0.36159658432006836 0.54472911357879639 0.75664925575256348
vn -0.64948290586471558 -0.41605517268180847 0.6364511251449585
vn -0.64948290586471558 -0.41605517268180847 0.6364511251449585
vn -0.64948290586471558 -0.41605517268180847 0.6364511251449585
vn -0.80855447053909302 0.40682110190391541 0.42513087391853333
vn -0.80855447053909302 0.40682110190391541 0.42513087391853333
vn -0.80855447053909302 0.40682110190391541 0.42513087391853333
vn -0.10709661245346069 0.95665150880813599 -0.2708287239074707
vn -0.10709661245346069 0.95665150880813599 -0.2708287239074707
vn -0.10709661245346069 0.95665150880813599 -0.2708287239074707
vn 0.53159600496292114 0.82866013050079346 0.17529411613941193
vn 0.53159600496292114 0.82866013050079346 0.17529411613941193
vn 0.53159600496292114 0.82866013050079346 0.17529411613941193
vn 0.42021006345748901 0.89642620086669922 -0.14086733758449554
vn 0.42021006345748901 0.89642620086669922 -0.14086733758449554
vn 0.42021006345748901 0.89642620086669922 -0.14086733758449554
vn 0.21068570017814636 0.4867917001247406 -0.84772956371307373
vn 0.21068570017814636 0.4867917001247406 -0.84772956371307373
vn 0.21068570017814636 0.4867917001247406 -0.84772956371307373
vn -0.65503966808319092 0.0051972032524645329 0.75557661056518555
vn -0.65503966808319092 0.0051972032524645329 0.75557661056518555
vn -0.65503966808319092 0.0051972032524645329 0.75557661056518555
vn -0.96306544542312622 -0.15963895618915558 -0.21684174239635468
vn -0.96306544542312622 -0.15963895618915558 -0.21684174239635468
vn -0.96306544542312622 -0.15963895618915558 -0.21684174239635468
vn 0.95169681310653687 0.11737179756164551 0.2837199866771698
vn 0.95169681310653687 0.11737179756164551 0.2837199866771698
vn 0.95169681310653687 0.11737179756164551 0.2837199866771698
vn 0.490192711353302 0.076561175286769867 0.86824506521224976
vn 0.490192711353302 0.076561175286769867 0.86824506521224976
vn 0.490192711353302 0.076561175286769867 0.86824506521224976
vn 0.28053471446037292 -0.92747163772583008 0.2471773624420166
vn 0.28053471446037292 -0.92747163772583008 0.2471773624420166
vn 0.28053471446037292 -0.92747163772583008 0.2471773624420166
vn 0.49141255021095276 0.71803361177444458 -0.49289092421531677
vn 0.49141255021095276 0.71803361177444458 -0.49289092421531677
vn 0.49141255021095276 0.71803361177444458 -0.49289092421531677
vn -0.12046293914318085 -0.029534939676523209 -0.99227839708328247
vn -0.12046293914318085 -0.029534939676523209 -0.99227839708328247
vn -0.12046293914318085 -0.029534939676523209 -0.99227839708328247
vn 0.88037937879562378 0.083594575524330139 -0.46684479713439941
vn 0.88037937879562378 0.083594575524330139 -0.46684479713439941
vn 0.88037937879562378 0.083594575524330139 -0.46684479713439941
vn -0.1674470454454422 -0.020705850794911385 0.98566359281539917
vn -0.1674470454454422 -0.020705850794911385 0.98566359281539917
vn -0.1674470454454422 -0.020705850794911385 0.98566359281539917
vn 0.52795809507369995 0.048679277300834656 0.84787416458129883
vn 0.52795809507369995 0.048679277300834656 0.84787416458129883
vn 0.52795809507369995 0.048679277300834656 0.84787416458129883
vn 0.5068860650062561 0.27508985996246338 -0.81694072484970093
vn 0.5068860650062561 0.27508985996246338 -0.81694072484970093
vn 0.5068860650062561 0.27508985996246338 -0.81694072484970093
vn 0.38376396894454956 -0.83118432760238647 -0.40231558680534363
vn 0.38376396894454956 -0.83118432760238647 -0.40231558680534363
vn 0.38376396894454956 -0.83118432760238647 -0.40231558680534363
vn 0.54395592212677002 -0.25903189182281494 0.79813182353973389
vn 0.54395592212677002 -0.25903189182281494 0.79813182353973389
vn 0.54395592212677002 -0.25903189182281494 0.79813182353973389
vn 0.96272522211074829 -0.20931336283683777 0.17131292819976807
vn 0.96272522211074829 -0.20931336283683777 0.17131292819976807
vn 0.96272522211074829 -0.20931336283683777 0.17131292819976807
vn -0.11923067271709442 -0.99251347780227661 -0.026477416977286339
vn -0.11923067271709442 -0.99251347780227661 -0.026477416977286339
vn -0.11923067271709442 -0.99251347780227661 -0.026477416977286339
vn 0.73575097322463989 0.081342674791812897 0.67234957218170166
vn 0.73575097322463989 0.081342674791812897 0.67234957218170166
vn 0.73575097322463989 0.081342674791812897 0.67234957218170166
vn 0.60273069143295288 -0.38829991221427917 -0.69709318876266479
vn 0.60273069143295288 -0.38829991221427917 -0.69709318876266479
vn 0.60273069143295288 -0.38829991221427917 -0.69709318876266479
vn 0.99375593662261963 -0.034194741398096085 0.10620693117380142
vn 0.99375593662261963 -0.034194741398096085 0.10620693117380142
vn 0.99375593662261963 -0.034194741398096085 0.10620693117380142
vn -0.77828520536422729 -0.23298276960849762 -0.58308762311935425
vn -0.77828520536422729 -0.23298276960849762 -0.58308762311935425
vn -0.77828520536422729 -0.23298276960849762 -0.58308762311935425
vn 0.10666925460100174 -0.1216026097536087 -0.98683053255081177
vn 0.10666925460100174 -0.1216026097536087 -0.98683053255081177
vn 0.10666925460100174 -0.1216026097536087 -0.98683053255081177
vn -0.42580088973045349 0.68749839067459106 -0.58825129270553589
vn -0.42580088973045349 0.68749839067459106 -0.58825129270553589
vn -0.42580088973045349 0.68749839067459106 -0.58825129270553589
vn -0.83573395013809204 0.05067034438252449 -0.54679179191589355
vn -0.83573395013809204 0.05067034438252449 -0.54679179191589355
vn -0.83573395013809204 0.05067034438252449 -0.54679179191589355
vn 0.95738071203231812 -0.041084468364715576 -0.28589192032814026
vn 0.95738071203231812 -0.041084468364715576 -0.28589192032814026
vn 0.95738071203231812 -0.041084468364715576 -0.28589192032814026
vn 0.92343777418136597 0.058477729558944702 -0.37926647067070007
vn 0.92343777418136597 0.058477729558944702 -0.37926647067070007
vn 0.92343777418136597 0.058477729558944702 -0.37926647067070007
vn 0.56669306755065918 0.047669302672147751 -0.82254880666732788
vn 0.56669306755065918 0.047669302672147751 -0.82254880666732788
vn 0.56669306755065918 0.047669302672147751 -0.82254880666732788
vn 0.58081716299057007 0.81322449445724487 -0.036295652389526367
vn 0.58081716299057007 0.81322449445724487 -0.036295652389526367
vn 0.58081716299057007 0.81322449445724487 -0.036295652389526367
vn -0.48274284601211548 -0.25218269228935242 0.83866751194000244
vn -0.48274284601211548 -0.25218269228935242 0.83866751194000244
vn -0.48274284601211548 -0.25218269228935242 0.83866751194000244
vn -0.23339146375656128 -0.48389172554016113 0.84343183040618896
vn -0.23339146375656128 -0.48389172554016113 0.84343183040618896
vn -0.23339146375656128 -0.48389172554016113 0.84343183040618896
vn 0.96330678462982178 -0.053216446191072464 -0.26307412981987
vn 0.96330678462982178 -0.053216446191072464 -0.26307412981987
vn 0.96330678462982178 -0.053216446191072464 -0.26307412981987
vn 0.93250012397766113 0.188238725066185 -0.30823647975921631
vn 0.93250012397766113 0.188238725066185 -0.30823647975921631
vn 0.93250012397766113 0.188238725066185 -0.30823647975921631
vn -0.99121534824371338 -0.11439616978168488 -0.066374748945236206
vn -0.99121534824371338 -0.11439616978168488 -0.066374748945236206
vn -0.99121534824371338 -0.11439616978168488 -0.066374748945236206
vn -0.97148847579956055 -0.19395020604133606 -0.13635788857936859
vn -0.97148847579956055 -0.19395020604133606 -0.13635788857936859
vn -0.97148847579956055 -0.19395020604133606 -0.13635788857936859
vn -0.036676511168479919 -0.40122359991073608 -0.91524559259414673
vn -0.036676511168479919 -0.40122359991073608 -0.91524559259414673
vn -0.036676511168479919 -0.40122359991073608 -0.91524559259414673
vn -0.63517302274703979 -0.50047212839126587 -0.58828812837600708
vn -0.63517302274703979 -0.50047212839126587 -0.58828812837600708
vn -0.63517302274703979 -0.50047212839126587 -0.58828812837600708
vn -0.040744028985500336 0.13754391670227051 -0.98965728282928467
vn -0.040744028985500336 0.13754391670227051 -0.98965728282928467
vn -0.040744028985500336 0.13754391670227051 -0.98965728282928467
vn -0.4119250476360321 0.5790284276008606 -0.70359355211257935
vn -0.4119250476360321 0.5790284276008606 -0.70359355211257935
vn -0.4119250476360321 0.5790284276008606 -0.70359355211257935
vn 0.766060471534729 0.64127761125564575 -0.043753534555435181
vn 0.766060471534729 0.64127761125564575 -0.043753534555435181
vn 0.766060471534729 0.64127761125564575 -0.043753534555435181
vn 0.94218337535858154 0.19593717157840729 0.27184382081031799
vn 0.94218337535858154 0.19593717157840729 0.27184382081031799
vn 0.94218337535858154 0.19593717157840729 0.27184382081031799
vn -0.90909284353256226 -0.024316860362887383 0.41588327288627625
vn -0.90909284353256226 -0.024316860362887383 0.41588327288627625
vn -0.90909284353256226 -0.024316860362887383 0.41588327288627625
vn -0.96725857257843018 -0.17288883030414581 0.18579632043838501
vn -0.96725857257843018 -0.17288883030414581 0.18579632043838501
vn -0.96725857257843018 -0.17288883030414581 0.18579632043838501
vn -0.46089062094688416 -0.64771205186843872 0.60667037963867188
vn -0.46089062094688416 -0.64771205186843872 0.60667037963867188
vn -0.46089062094688416 -0.64771205186843872 0.60667037963867188
vn -0.24024920165538788 -0.97070395946502686 -0.0037675411440432072
vn -0.24024920165538788 -0.97070395946502686 -0.0037675411440432072
vn -0.24024920165538788 -0.97070395946502686 -0.0037675411440432072
vn -0.840198814868927 -0.41252601146697998 0.35197755694389343
vn -0.840198814868927 -0.41252601146697998 0.35197755694389343
vn -0.840198814868927 -0.41252601146697998 0.35197755694389343
vn -0.82532519102096558 -0.15448063611984253 0.54311513900756836
vn -0.82532519102096558 -0.15448063611984253 0.54311513900756836
vn -0.82532519102096558 -0.15448063611984253 0.54311513900756836
vn -0.46276533603668213 -0.141193687915802 0.87516433000564575
vn -0.46276533603668213 -0.141193687915802 0.87516433000564575
vn -0.46276533603668213 -0.141193687915802 0.87516433000564575
vn -0.84645229578018188 -0.22080658376216888 0.48452341556549072
vn -0.84645229578018188 -0.22080658376216888 0.48452341556549072
vn -0.84645229578018188 -0.22080658376216888 0.48452341556549072
vn -0.074919067323207855 -0.047099754214286804 0.99607670307159424
vn -0.074919067323207855 -0.047099754214286804 0.99607670307159424
vn -0.074919067323207855 -0.047099754214286804 0.99607670307159424
vn 0.06273554265499115 -0.31730273365974426 0.9462469220161438
vn 0.06273554265499115 -0.31730273365974426 0.9462469220161438
vn 0.06273554265499115 -0.31730273365974426 0.9462469220161438
vn -0.25973740220069885 -0.069086164236068726 0.96320486068725586
vn -0.25973740220069885 -0.069086164236068726 0.96320486068725586
vn -0.25973740220069885 -0.069086164236068726 0.96320486068725586
vn -0.8059123158454895 -0.13889817893505096 0.57551074028015137
vn -0.8059123158454895 -0.13889817893505096 0.57551074028015137
vn -0.8059123158454895 -0.13889817893505096 0.57551074028015137
vn -0.16712351143360138 0.061578258872032166 -0.98401111364364624
vn -0.16712351143360138 0.061578258872032166 -0.98401111364364624
vn -0.16712351143360138 0.061578258872032166 -0.98401111364364624
vn -0.46980896592140198 -0.090860679745674133 -0.87807965278625488
vn -0.46980896592140198 -0.090860679745674133 -0.87807965278625488
vn -0.46980896592140198 -0.090860679745674133 -0.87807965278625488
vn -0.99816679954528809 0.05225338414311409 -0.030539335682988167
vn -0.99816679954528809 0.05225338414311409 -0.030539335682988167
vn -0.99816679954528809 0.05225338414311409 -0.030539335682988167
vn -0.64135456085205078 0.18442182242870331 -0.7447502613067627
vn -0.64135456085205078 0.18442182242870331 -0.7447502613067627
vn -0.64135456085205078 0.18442182242870331 -0.7447502613067627
vn -0.34265044331550598 -0.11209975928068161 -0.93275094032287598
vn -0.34265044331550598 -0.11209975928068161 -0.93275094032287598
vn -0.34265044331550598 -0.11209975928068161 -0.93275094032287598
vn -0.41482660174369812 0.044695515185594559 -0.9088020920753479
vn -0.41482660174369812 0.044695515185594559 -0.9088020920753479
vn -0.41482660174369812 0.044695515185594559 -0.9088020920753479
vn -0.94690465927124023 0.17028637230396271 0.27271610498428345
vn -0.94690465927124023 0.17028637230396271 0.27271610498428345
vn -0.94690465927124023 0.17028637230396271 0.27271610498428345
vn -0.71355479955673218 -0.056523405015468597 -0.69831556081771851
vn -0.71355479955673218 -0.056523405015468597 -0.69831556081771851
vn -0.71355479955673218 -0.056523405015468597 -0.69831556081771851
vn 0.2265639454126358 0.6305585503578186 -0.74233734607696533
vn 0.2265639454126358 0.6305585503578186 -0.74233734607696533
vn 0.2265639454126358 0.6305585503578186 -0.74233734607696533
vn -0.16724762320518494 0.90469890832901001 -0.39185222983360291
vn -0.16724762320518494 0.90469890832901001 -0.39185222983360291
vn -0.16724762320518494 0.90469890832901001 -0.39185222983360291
vn 0.85289502143859863 -0.38986802101135254 0.34723618626594543
vn 0.85289502143859863 -0.38986802101135254 0.34723618626594543
vn 0.85289502143859863 -0.38986802101135254 0.34723618626594543
vn 0.98313486576080322 0.13650447130203247 0.12170585989952087
vn 0.98313486576080322 0.13650447130203247 0.12170585989952087
vn 0.98313486576080322 0.13650447130203247 0.12170585989952087
vn 0.97743719816207886 0.059657823294401169 -0.2026265561580658
vn 0.97743719816207886 0.059657823294401169 -0.2026265561580658
vn 0.97743719816207886 0.059657823294401169 -0.2026265561580658
vn 0.89887654781341553 0.12330334633588791 -0.42049643397331238
vn 0.89887654781341553 0.12330334633588791 -0.42049643397331238
vn 0.89887654781341553 0.12330334633588791 -0.42049643397331238
vn 0.7547837495803833 -0.33209502696990967 -0.56569814682006836
vn 0.7547837495803833 -0.33209502696990967 -0.56569814682006836
vn 0.7547837495803833 -0.33209502696990967 -0.56569814682006836
vn 0.056337174028158188 -0.22142568230628967 -0.9735485315322876
vn 0.056337174028158188 -0.22142568230628967 -0.9735485315322876
vn 0.056337174028158188 -0.22142568230628967 -0.9735485315322876
vn 0.40204527974128723 -0.027549438178539276 0.91520524024963379
vn 0.40204527974128723 -0.027549438178539276 0.91520524024963379
vn 0.40204527974128723 -0.027549438178539276 0.91520524024963379
vn 0.89918744564056396 0.016509408131241798 0.43725207448005676
vn 0.89918744564056396 0.016509408131241798 0.43725207448005676
vn 0.89918744564056396 0.016509408131241798 0.43725207448005676
vn -0.7190173864364624 -0.061672966927289963 0.69225025177001953
vn -0.7190173864364624 -0.061672966927289963 0.69225025177001953
vn -0.7190173864364624 -0.061672966927289963 0.69225025177001953
vn -0.57390391826629639 -0.19128464162349701 0.79626911878585815
vn -0.57390391826629639 -0.19128464162349701 0.79626911878585815
vn -0.57390391826629639 -0.19128464162349701 0.79626911878585815
vn -0.26193037629127502 0.45795434713363647 0.84951180219650269
vn -0.26193037629127502 0.45795434713363647 0.84951180219650269
vn -0.26193037629127502 0.45795434713363647 0.84951180219650269
vn -0.89816993474960327 0.29525178670883179 0.32575634121894836
vn -0.89816993474960327 0.29525178670883179 0.32575634121894836
vn -0.89816993474960327 0.29525178670883179 0.32575634121894836
vn -0.73431527614593506 0.42310160398483276 -0.53081643581390381
vn -0.73431527614593506 0.42310160398483276 -0.53081643581390381
vn -0.73431527614593506 0.42310160398483276 -0.53081643581390381
vn -0.84661513566970825 -0.038543079048395157 -0.53080809116363525
vn -0.84661513566970825 -0.038543079048395157 -0.53080809116363525
vn -0.84661513566970825 -0.038543079048395157 -0.53080809116363525
vn -0.9834093451499939 -0.1726142019033432 -0.055770527571439743
vn -0.9834093451499939 -0.1726142019033432 -0.055770527571439743
vn -0.9834093451499939 -0.1726142019033432 -0.055770527571439743
vn -0.78367328643798828 -0.10602946579456329 -0.61205708980560303
vn -0.78367328643798828 -0.10602946579456329 -0.61205708980560303
vn -0.78367328643798828 -0.10602946579456329 -0.61205708980560303
vn -0.25647234916687012 0.24102026224136353 -0.93601876497268677
vn -0.25647234916687012 0.24102026224136353 -0.93601876497268677
vn -0.25647234916687012 0.24102026224136353 -0.93601876497268677
vn -0.18120643496513367 0.75213748216629028 -0.63360351324081421
vn -0.18120643496513367 0.75213748216629028 -0.63360351324081421
vn -0.18120643496513367 0.75213748216629028 -0.63360351324081421
vn 0.97627353668212891 -0.064741544425487518 0.2066362202167511
vn 0.97627353668212891 -0.064741544425487518 0.2066362202167511
vn 0.97627353668212891 -0.064741544425487518 0.2066362202167511
vn 0.98592853546142578 -0.013704403303563595 0.16660480201244354
vn 0.98592853546142578 -0.013704403303563595 0.16660480201244354
vn 0.98592853546142578 -0.013704403303563595 0.16660480201244354
vn 0.27358910441398621 0.8502662181854248 -0.44966244697570801
vn 0.27358910441398621 0.8502662181854248 -0.44966244697570801
vn 0.27358910441398621 0.8502662181854248 -0.44966244697570801
vn 0.79194492101669312 0.11054486781358719 -0.60050231218338013
vn 0.79194492101669312 0.11054486781358719 -0.60050231218338013
vn 0.79194492101669312 0.11054486781358719 -0.60050231218338013
vn 0.62726902961730957 0.062363661825656891 -0.77630168199539185
vn 0.62726902961730957 0.062363661825656891 -0.77630168199539185
vn 0.62726902961730957 0.062363661825656891 -0.77630168199539185
vn 0.77923119068145752 0.062895052134990692 -0.62357276678085327
vn 0.77923119068145752 0.062895052134990692 -0.62357276678085327
vn 0.77923119068145752 0.062895052134990692 -0.62357276678085327
vn 0.1808137446641922 -0.016263635829091072 0.98338288068771362
vn 0.1808137446641922 -0.016263635829091072 0.98338288068771362
vn 0.1808137446641922 -0.016263635829091072 0.98338288068771362
vn -0.72785621881484985 -0.45926070213317871 0.50921988487243652
vn -0.72785621881484985 -0.45926070213317871 0.50921988487243652
vn -0.72785621881484985 -0.45926070213317871 0.50921988487243652
vn 0.98501491546630859 0.058404926210641861 0.16227886080741882
vn 0.98501491546630859 0.058404926210641861 0.16227886080741882
vn 0.98501491546630859 0.058404926210641861 0.16227886080741882
vn 0.99233698844909668 0.11901702731847763 0.033200997859239578
vn 0.99233698844909668 0.11901702731847763 0.033200997859239578
vn 0.99233698844909668 0.11901702731847763 0.033200997859239578
vn 0.75828707218170166 0.34552872180938721 -0.55282056331634521
vn 0.75828707218170166 0.34552872180938721 -0.55282056331634521
vn 0.75828707218170166 0.34552872180938721 -0.55282056331634521
vn 0.99993437528610229 -0.011259159073233604 -0.0021222829818725586
vn 0.99993437528610229 -0.011259159073233604 -0.0021222829818725586
vn 0.99993437528610229 -0.011259159073233604 -0.0021222829818725586
vn 0.92422384023666382 0.11484082788228989 -0.36417281627655029
vn 0.92422384023666382 0.11484082788228989 -0.36417281627655029
vn 0.92422384023666382 0.11484082788228989 -0.36417281627655029
vn 0.83611166477203369 0.19937622547149658 0.51104444265365601
vn 0.83611166477203369 0.19937622547149658 0.51104444265365601
vn 0.83611166477203369 0.19937622547149658 0.51104444265365601
vn -0.049792852252721786 0.23131513595581055 -0.97160381078720093
vn -0.049792852252721786 0.23131513595581055 -0.97160381078720093
vn -0.049792852252721786 0.23131513595581055 -0.97160381078720093
vn 0.60067754983901978 0.11420819163322449 -0.79129195213317871
vn 0.60067754983901978 0.11420819163322449 -0.79129195213317871
vn 0.60067754983901978 0.11420819163322449 -0.79129195213317871
vn -0.90823698043823242 0.11316046863794327 0.40286505222320557
vn -0.90823698043823242 0.11316046863794327 0.40286505222320557
vn -0.90823698043823242 0.11316046863794327 0.40286505222320557
vn -0.46900644898414612 0.81598860025405884 0.33792823553085327
vn -0.46900644898414612 0.81598860025405884 0.33792823553085327
vn -0.46900644898414612 0.81598860025405884 0.33792823553085327
vn 0.8855167031288147 0.20270459353923798 -0.41805624961853027
vn 0.8855167031288147 0.20270459353923798 -0.41805624961853027
vn 0.8855167031288147 0.20270459353923798 -0.41805624961853027
vn -0.66967606544494629 0.30703270435333252 -0.67621362209320068
vn -0.66967606544494629 0.30703270435333252 -0.67621362209320068
vn -0.66967606544494629 0.30703270435333252 -0.67621362209320068
vn 0.56729835271835327 0.45062977075576782 -0.68927890062332153
vn 0.56729835271835327 0.45062977075576782 -0.68927890062332153
vn 0.56729835271835327 0.45062977075576782 -0.68927890062332153
vn 0.020696690306067467 0.95444202423095703 -0.29767787456512451
vn 0.020696690306067467 0.95444202423095703 -0.29767787456512451
vn 0.020696690306067467 0.95444202423095703 -0.29767787456512451
vn 0.13699591159820557 0.068598262965679169 -0.98819351196289062
vn 0.13699591159820557 0.068598262965679169 -0.98819351196289062
vn 0.13699591159820557 0.068598262965679169 -0.98819351196289062
vn 0.35700935125350952 0.12071293592453003 -0.92626816034317017
vn 0.35700935125350952 0.12071293592453003 -0.92626816034317017
vn 0.35700935125350952 0.12071293592453003 -0.92626816034317017
vn 0.40552318096160889 -0.9114108681678772 -0.069865591824054718
vn 0.40552318096160889 -0.9114108681678772 -0.069865591824054718
vn 0.40552318096160889 -0.9114108681678772 -0.069865591824054718
vn 0.78687465190887451 -0.58088564872741699 -0.20832705497741699
vn 0.78687465190887451 -0.58088564872741699 -0.20832705497741699
vn 0.78687465190887451 -0.58088564872741699 -0.20832705497741699
vn 0.68712460994720459 0.094123482704162598 0.72041696310043335
vn 0.68712460994720459 0.094123482704162598 0.72041696310043335
vn 0.68712460994720459 0.094123482704162598 0.72041696310043335
vn 0.43338993191719055 0.71093392372131348 0.55384665727615356
vn 0.43338993191719055 0.71093392372131348 0.55384665727615356
vn 0.43338993191719055 0.71093392372131348 0.55384665727615356
vn -0.93341505527496338 0.020266275852918625 0.35822567343711853
vn -0.93341505527496338 0.020266275852918625 0.35822567343711853
vn -0.93341505527496338 0.020266275852918625 0.35822567343711853
vn -0.79699516296386719 0.013227136805653572 0.60384082794189453
vn -0.79699516296386719 0.013227136805653572 0.60384082794189453
vn -0.79699516296386719 0.013227136805653572 0.60384082794189453
vn -0.85300016403198242 -0.2521795928478241 0.45694214105606079
vn -0.85300016403198242 -0.2521795928478241 0.45694214105606079
vn -0.85300016403198242 -0.2521795928478241 0.45694214105606079
vn -0.97715979814529419 -0.13435716927051544 0.16464157402515411
vn -0.97715979814529419 -0.13435716927051544 0.16464157402515411
vn -0.97715979814529419 -0.13435716927051544 0.16464157402515411
vn -0.47770678997039795 -0.10960207879543304 -0.87165564298629761
vn -0.47770678997039795 -0.10960207879543304 -0.87165564298629761
vn -0.47770678997039795 -0.10960207879543304 -0.87165564298629761
vn -0.79550707340240479 -0.22409717738628387 -0.56298220157623291
vn -0.79550707340240479 -0.22409717738628387 -0.56298220157623291
vn -0.79550707340240479 -0.22409717738628387 -0.56298220157623291
vn 0.63432610034942627 0.36955606937408447 -0.67901301383972168
vn 0.63432610034942627 0.36955606937408447 -0.67901301383972168
vn 0.63432610034942627 0.36955606937408447 -0.67901301383972168
vn 0.95987331867218018 0.14259549975395203 -0.24147404730319977
vn 0.95987331867218018 0.14259549975395203 -0.24147404730319977
vn 0.95987331867218018 0.14259549975395203 -0.24147404730319977
vn -0.86921590566635132 -0.33520448207855225 -0.36345797777175903
vn -0.86921590566635132 -0.33520448207855225 -0.36345797777175903
vn -0.86921590566635132 -0.33520448207855225 -0.36345797777175903
vn -0.81643939018249512 -0.15137489140033722 0.55723637342453003
vn -0.81643939018249512 -0.15137489140033722 0.55723637342453003
vn -0.81643939018249512 -0.15137489140033722 0.55723637342453003
vn 0.23829974234104156 -0.35240232944488525 -0.90500044822692871
vn 0.23829974234104156 -0.35240232944488525 -0.90500044822692871
vn 0.23829974234104156 -0.35240232944488525 -0.90500044822692871
vn 0.24999257922172546 -0.062434226274490356 -0.96623271703720093
vn 0.24999257922172546 -0.062434226274490356 -0.96623271703720093
vn 0.24999257922172546 -0.062434226274490356 -0.96623271703720093
vn 0.7730066180229187 0.50129240751266479 -0.38880157470703125
vn 0.7730066180229187 0.50129240751266479 -0.38880157470703125
vn 0.7730066180229187 0.50129240751266479 -0.38880157470703125
vn 0.41923034191131592 0.87725162506103516 -0.23382802307605743
vn 0.41923034191131592 0.87725162506103516 -0.23382802307605743
vn 0.41923034191131592 0.87725162506103516 -0.23382802307605743
vn 0.71626722812652588 -0.6971021294593811 -0.031778030097484589
vn 0.71626722812652588 -0.6971021294593811 -0.031778030097484589
vn 0.71626722812652588 -0.6971021294593811 -0.031778030097484589
vn 0.77128779888153076 -0.21447841823101044 -0.59926128387451172
vn 0.77128779888153076 -0.21447841823101044 -0.59926128387451172
vn 0.77128779888153076 -0.21447841823101044 -0.59926128387451172
vn 0.69197738170623779 -0.14673569798469543 0.70684927701950073
vn 0.69197738170623779 -0.14673569798469543 0.70684927701950073
vn 0.69197738170623779 -0.14673569798469543 0.70684927701950073
vn 0.36900913715362549 -0.010649778880178928 0.92936474084854126
vn 0.36900913715362549 -0.010649778880178928 0.92936474084854126
vn 0.36900913715362549 -0.010649778880178928 0.92936474084854126
vn -0.94922631978988647 -0.079961255192756653 0.30426231026649475
vn -0.94922631978988647 -0.079961255192756653 0.30426231026649475
vn -0.94922631978988647 -0.079961255192756653 0.30426231026649475
vn -0.94997280836105347 -0.21725930273532867 0.22438827157020569
vn -0.94997280836105347 -0.21725930273532867 0.22438827157020569
vn -0.94997280836105347 -0.21725930273532867 0.22438827157020569
vn -0.23284465074539185 0.088123120367527008 -0.9685131311416626
vn -0.23284465074539185 0.088123120367527008 -0.9685131311416626
vn -0.23284465074539185 0.088123120367527008 -0.9685131311416626
vn -0.064194433391094208 -0.50804919004440308 -0.85893255472183228
vn -0.064194433391094208 -0.50804919004440308 -0.85893255472183228
vn -0.064194433391094208 -0.50804919004440308 -0.85893255472183228
vn 0.92838180065155029 0.17169679701328278 -0.32958683371543884
vn 0.92838180065155029 0.17169679701328278 -0.32958683371543884
vn 0.92838180065155029 0.17169679701328278 -0.32958683371543884
vn 0.87203270196914673 0.10629278421401978 -0.4777664840221405
vn 0.87203270196914673 0.10629278421401978 -0.4777664840221405
vn 0.87203270196914673 0.10629278421401978 -0.4777664840221405
vn -0.89589458703994751 0.14213123917579651 -0.42091763019561768
vn -0.89589458703994751 0.14213123917579651 -0.42091763019561768
vn -0.89589458703994751 0.14213123917579651 -0.42091763019561768
vn -0.3881930410861969 -0.12338564544916153 -0.91328096389770508
vn -0.3881930410861969 -0.12338564544916153 -0.91328096389770508
vn -0.3881930410861969 -0.12338564544916153 -0.91328096389770508
vn -0.32446199655532837 -0.11770930141210556 -0.93854618072509766
vn -0.32446199655532837 -0.11770930141210556 -0.93854618072509766
vn -0.32446199655532837 -0.11770930141210556 -0.93854618072509766
vn -0.8067169189453125 -0.096692733466625214 -0.5829736590385437
vn -0.8067169189453125 -0.096692733466625214 -0.5829736590385437
vn -0.8067169189453125 -0.096692733466625214 -0.5829736590385437
vn 0.41065683960914612 -0.075084157288074493 -0.90869319438934326
vn 0.41065683960914612 -0.075084157288074493 -0.90869319438934326
vn 0.41065683960914612 -0.075084157288074493 -0.90869319438934326
vn 0.27489015460014343 0.0058549796231091022 -0.96145778894424438
vn 0.27489015460014343 0.0058549796231091022 -0.96145778894424438
vn 0.27489015460014343 0.0058549796231091022 -0.96145778894424438
vn -0.80752009153366089 -0.37300360202789307 -0.45692408084869385
vn -0.80752009153366089 -0.37300360202789307 -0.45692408084869385
vn -0.80752009153366089 -0.37300360202789307 -0.45692408084869385
vn -0.4496644139289856 -0.051106341183185577 -0.89173430204391479
vn -0.4496644139289856 -0.051106341183185577 -0.89173430204391479
vn -0.4496644139289856 -0.051106341183185577 -0.89173430204391479
vn -0.32942876219749451 -0.29297864437103271 -0.89757460355758667
vn -0.32942876219749451 -0.29297864437103271 -0.89757460355758667
vn -0.32942876219749451 -0.29297864437103271 -0.89757460355758667
vn 0.4552142322063446 0.40926095843315125 -0.79074990749359131
vn 0.4552142322063446 0.40926095843315125 -0.79074990749359131
vn 0.4552142322063446 0.40926095843315125 -0.79074990749359131
vn -0.27812597155570984 0.29093518853187561 0.91542482376098633
vn -0.27812597155570984 0.29093518853187561 0.91542482376098633
vn -0.27812597155570984 0.29093518853187561 0.91542482376098633
vn -0.1498970240354538 0.012352939695119858 0.9886244535446167
vn -0.1498970240354538 0.012352939695119858 0.9886244535446167
vn -0.1498970240354538 0.012352939695119858 0.9886244535446167
vn -0.055853277444839478 -0.97352069616317749 0.22167062759399414
vn -0.055853277444839478 -0.97352069616317749 0.22167062759399414
vn -0.055853277444839478 -0.97352069616317749 0.22167062759399414
vn -0.83344876766204834 -0.52731168270111084 0.16524384915828705
vn -0.83344876766204834 -0.52731168270111084 0.16524384915828705
vn -0.83344876766204834 -0.52731168270111084 0.16524384915828705
vn -0.04520183801651001 0.039286859333515167 0.99820506572723389
vn -0.04520183801651001 0.039286859333515167 0.99820506572723389
vn -0.04520183801651001 0.039286859333515167 0.99820506572723389
vn -0.028901603072881699 0.036346267908811569 0.99892121553421021
vn -0.028901603072881699 0.036346267908811569 0.99892121553421021
vn -0.028901603072881699 0.036346267908811569 0.99892121553421021
vn 0.92413496971130371 -0.14980874955654144 0.35147109627723694
vn 0.92413496971130371 -0.14980874955654144 0.35147109627723694
vn 0.92413496971130371 -0.14980874955654144 0.35147109627723694
vn 0.97054249048233032 0.15914759039878845 0.18088479340076447
vn 0.97054249048233032 0.15914759039878845 0.18088479340076447
vn 0.97054249048233032 0.15914759039878845 0.18088479340076447
vn -0.35632044076919556 -0.69180011749267578 0.62805122137069702
vn -0.35632044076919556 -0.69180011749267578 0.62805122137069702
vn -0.35632044076919556 -0.69180011749267578 0.62805122137069702
vn -0.29781582951545715 -0.87766468524932861 0.37551358342170715
vn -0.29781582951545715 -0.87766468524932861 0.37551358342170715
vn -0.29781582951545715 -0.87766468524932861 0.37551358342170715
vn 0.79377788305282593 0.17898638546466827 -0.58127498626708984
vn 0.79377788305282593 0.17898638546466827 -0.58127498626708984
vn 0.79377788305282593 0.17898638546466827 -0.58127498626708984
vn 0.9665178656578064 0.11960780620574951 -0.22701811790466309
vn 0.9665178656578064 0.11960780620574951 -0.22701811790466309
vn 0.9665178656578064 0.11960780620574951 -0.22701811790466309
vn -0.64453780651092529 -0.74195075035095215 -0.18460793793201447
vn -0.64453780651092529 -0.74195075035095215 -0.18460793793201447
vn -0.64453780651092529 -0.74195075035095215 -0.18460793793201447
vn 0.035837072879076004 -0.99226957559585571 -0.11881429702043533
vn 0.035837072879076004 -0.99226957559585571 -0.11881429702043533
vn 0.035837072879076004 -0.99226957559585571 -0.11881429702043533
vn -0.49684205651283264 0.67002564668655396 -0.55155563354492188
vn -0.49684205651283264 0.67002564668655396 -0.55155563354492188
vn -0.49684205651283264 0.67002564668655396 -0.55155563354492188
vn -0.77221828699111938 0.63534551858901978 -0.0038679298013448715
vn -0.77221828699111938 0.63534551858901978 -0.0038679298013448715
vn -0.77221828699111938 0.63534551858901978 -0.0038679298013448715
vn -0.60530263185501099 -0.79502278566360474 -0.039338335394859314
vn -0.60530263185501099 -0.79502278566360474 -0.039338335394859314
vn -0.60530263185501099 -0.79502278566360474 -0.039338335394859314
vn -0.62904483079910278 -0.74289679527282715 0.22892563045024872
vn -0.62904483079910278 -0.74289679527282715 0.22892563045024872
vn -0.62904483079910278 -0.74289679527282715 0.22892563045024872
vn 0.55600112676620483 0.039611946791410446 0.83023709058761597
vn 0.55600112676620483 0.039611946791410446 0.83023709058761597
vn 0.55600112676620483 0.039611946791410446 0.83023709058761597
vn 0.66085338592529297 0.017945315688848495 0.75030040740966797
vn 0.66085338592529297 0.017945315688848495 0.75030040740966797
vn 0.66085338592529297 0.017945315688848495 0.75030040740966797
vn 0.31011128425598145 -0.033155452460050583 0.95012193918228149
vn 0.31011128425598145 -0.033155452460050583 0.95012193918228149
vn 0.31011128425598145 -0.033155452460050583 0.95012193918228149
vn 0.31277915835380554 0.063159957528114319 0.94772356748580933
vn 0.31277915835380554 0.063159957528114319 0.94772356748580933
vn 0.31277915835380554 0.063159957528114319 0.94772356748580933
vn 0.49439680576324463 0.85211277008056641 0.17168481647968292
vn 0.49439680576324463 0.85211277008056641 0.17168481647968292
vn 0.49439680576324463 0.85211277008056641 0.17168481647968292
vn -0.38787412643432617 0.85165590047836304 0.35247114300727844
vn -0.38787412643432617 0.85165590047836304 0.35247114300727844
vn -0.38787412643432617 0.85165590047836304 0.35247114300727844
vn 0.74951612949371338 -0.26689481735229492 0.60579919815063477
vn 0.74951612949371338 -0.26689481735229492 0.60579919815063477
vn 0.74951612949371338 -0.26689481735229492 0.60579919815063477
vn 0.64025372266769409 0.096511006355285645 0.76207661628723145
vn 0.64025372266769409 0.096511006355285645 0.76207661628723145
vn 0.64025372266769409 0.096511006355285645 0.76207661628723145
vn -0.33307284116744995 -0.37674093246459961 -0.86436611413955688
vn -0.33307284116744995 -0.37674093246459961 -0.86436611413955688
vn -0.33307284116744995 -0.37674093246459961 -0.86436611413955688
vn -0.55061608552932739 0.83023113012313843 0.086823061108589172
vn -0.55061608552932739 0.83023113012313843 0.086823061108589172
vn -0.55061608552932739 0.83023113012313843 0.086823061108589172
vn 0.85100436210632324 0.03963412344455719 0.52366089820861816
vn 0.85100436210632324 0.03963412344455719 0.52366089820861816
vn 0.85100436210632324 0.03963412344455719 0.52366089820861816
vn 0.85081088542938232 0.046928688883781433 0.52337223291397095
vn 0.85081088542938232 0.046928688883781433 0.52337223291397095
vn 0.85081088542938232 0.046928688883781433 0.52337223291397095
vn 0.28790029883384705 -0.9257967472076416 0.24497708678245544
vn 0.28790029883384705 -0.9257967472076416 0.24497708678245544
vn 0.28790029883384705 -0.9257967472076416 0.24497708678245544
vn 0.90310263633728027 -0.0046409727074205875 0.42939972877502441
vn 0.90310263633728027 -0.0046409727074205875 0.42939972877502441
vn 0.90310263633728027 -0.0046409727074205875 0.42939972877502441
vn -0.98767387866973877 -0.016177944839000702 -0.15568749606609344
vn -0.98767387866973877 -0.016177944839000702 -0.15568749606609344
vn -0.98767387866973877 -0.016177944839000702 -0.15568749606609344
vn -0.93983519077301025 0.01571599580347538 -0.34126654267311096
vn -0.93983519077301025 0.01571599580347538 -0.34126654267311096
vn -0.93983519077301025 0.01571599580347538 -0.34126654267311096
vn 0.22733668982982635 0.029787974432110786 0.97336053848266602
vn 0.22733668982982635 0.029787974432110786 0.97336053848266602
vn 0.22733668982982635 0.029787974432110786 0.97336053848266602
vn 0.75505632162094116 0.048569057136774063 0.65385854244232178
vn 0.75505632162094116 0.048569057136774063 0.65385854244232178
vn 0.75505632162094116 0.048569057136774063 0.65385854244232178
vn -0.12938490509986877 0.04186934232711792 0.99071007966995239
vn -0.12938490509986877 0.04186934232711792 0.99071007966995239
vn -0.12938490509986877 0.04186934232711792 0.99071007966995239
vn -0.30827480554580688 -0.048767384141683578 0.95004653930664062
vn -0.30827480554580688 -0.048767384141683578 0.95004653930664062
vn -0.30827480554580688 -0.048767384141683578 0.95004653930664062
vn 0.73913782835006714 -0.14082910120487213 0.65866714715957642
vn 0.73913782835006714 -0.14082910120487213 0.65866714715957642
vn 0.73913782835006714 -0.14082910120487213 0.65866714715957642
vn 0.58677101135253906 -0.25486689805984497 0.76859784126281738
vn 0.58677101135253906 -0.25486689805984497 0.76859784126281738
vn 0.58677101135253906 -0.25486689805984497 0.76859784126281738
vn -0.99781465530395508 0.066015444695949554 0.0028002371545881033
vn -0.99781465530395508 0.066015444695949554 0.0028002371545881033
vn -0.99781465530395508 0.066015444695949554 0.0028002371545881033
vn -0.39958301186561584 0.004189574159681797 -0.91668742895126343
vn -0.39958301186561584 0.004189574159681797 -0.91668742895126343
vn -0.39958301186561584 0.004189574159681797 -0.91668742895126343
vn -0.42268821597099304 -0.16561280190944672 -0.89101463556289673
vn -0.42268821597099304 -0.16561280190944672 -0.89101463556289673
vn -0.42268821597099304 -0.16561280190944672 -0.89101463556289673
vn -0.6504090428352356 -0.072397820651531219 -0.75612610578536987
vn -0.6504090428352356 -0.072397820651531219 -0.75612610578536987
vn -0.6504090428352356 -0.072397820651531219 -0.75612610578536987
vn -0.10778145492076874 -0.16741876304149628 -0.9799765944480896
vn -0.10778145492076874 -0.16741876304149628 -0.9799765944480896
vn -0.10778145492076874 -0.16741876304149628 -0.9799765944480896
vn 0.008069637231528759 -0.99794834852218628 -0.063513346016407013
vn 0.008069637231528759 -0.99794834852218628 -0.063513346016407013
vn 0.008069637231528759 -0.99794834852218628 -0.063513346016407013
vn 0.41782984137535095 -0.031295768916606903 0.9079861044883728
vn 0.41782984137535095 -0.031295768916606903 0.9079861044883728
vn 0.41782984137535095 -0.031295768916606903 0.9079861044883728
vn -0.43121263384819031 -0.081757009029388428 0.89853852987289429
vn -0.43121263384819031 -0.081757009029388428 0.89853852987289429
vn -0.43121263384819031 -0.081757009029388428 0.89853852987289429
vn -0.60560303926467896 -0.53655368089675903 -0.58766919374465942
vn -0.60560303926467896 -0.53655368089675903 -0.58766919374465942
vn -0.60560303926467896 -0.53655368089675903 -0.58766919374465942
vn -0.15312547981739044 -0.98424267768859863 -0.088424623012542725
vn -0.15312547981739044 -0.98424267768859863 -0.088424623012542725
vn -0.15312547981739044 -0.98424267768859863 -0.088424623012542725
vn -0.091903805732727051 -0.18637606501579285 0.97817057371139526
vn -0.091903805732727051 -0.18637606501579285 0.97817057371139526
vn -0.091903805732727051 -0.18637606501579285 0.97817057371139526
vn 0.74536734819412231 -0.065934218466281891 0.66338539123535156
vn 0.74536734819412231 -0.065934218466281891 0.66338539123535156
vn 0.74536734819412231 -0.065934218466281891 0.66338539123535156
vn 0.016114262863993645 -0.1541159451007843 0.98792135715484619
vn 0.016114262863993645 -0.1541159451007843 0.98792135715484619
vn 0.016114262863993645 -0.1541159451007843 0.98792135715484619
vn 0.36427810788154602 -0.16088931262493134 0.91728734970092773
vn 0.36427810788154602 -0.16088931262493134 0.91728734970092773
vn 0.36427810788154602 -0.16088931262493134 0.91728734970092773
vn 0.037543971091508865 0.8926541805267334 -0.44917589426040649
vn 0.037543971091508865 0.8926541805267334 -0.44917589426040649
vn 0.037543971091508865 0.8926541805267334 -0.44917589426040649
vn -0.10283537209033966 -0.17164397239685059 -0.97977715730667114
vn -0.10283537209033966 -0.17164397239685059 -0.97977715730667114
vn -0.10283537209033966 -0.17164397239685059 -0.97977715730667114
vn -0.31588661670684814 0.27465423941612244 -0.90817439556121826
vn -0.31588661670684814 0.27465423941612244 -0.90817439556121826
vn -0.31588661670684814 0.27465423941612244 -0.90817439556121826
vn -0.55056530237197876 0.17778511345386505 -0.81564104557037354
vn -0.55056530237197876 0.17778511345386505 -0.81564104557037354
vn -0.55056530237197876 0.17778511345386505 -0.81564104557037354
vn -0.97602182626724243 -0.2000948041677475 -0.085694000124931335
vn -0.97602182626724243 -0.2000948041677475 -0.085694000124931335
vn -0.97602182626724243 -0.2000948041677475 -0.085694000124931335
vn -0.88485801219940186 -0.15693536400794983 0.43863147497177124
vn -0.88485801219940186 -0.15693536400794983 0.43863147497177124
vn -0.88485801219940186 -0.15693536400794983 0.43863147497177124
vn 0.40859717130661011 0.57145291566848755 0.71168100833892822
vn 0.40859717130661011 0.57145291566848755 0.71168100833892822
vn 0.40859717130661011 0.57145291566848755 0.71168100833892822
vn 0.70955997705459595 0.17782139778137207 0.68183881044387817
vn 0.70955997705459595 0.17782139778137207 0.68183881044387817
vn 0.70955997705459595 0.17782139778137207 0.68183881044387817
vn 0.91835099458694458 -0.071034930646419525 0.38933983445167542
vn 0.91835099458694458 -0.071034930646419525 0.38933983445167542
vn 0.91835099458694458 -0.071034930646419525 0.38933983445167542
vn 0.99286866188049316 -0.11876270174980164 0.010354166850447655
vn 0.99286866188049316 -0.11876270174980164 0.010354166850447655
vn 0.99286866188049316 -0.11876270174980164 0.010354166850447655
vn -0.80480515956878662 0.28743183612823486 0.51929914951324463
vn -0.80480515956878662 0.28743183612823486 0.51929914951324463
vn -0.80480515956878662 0.28743183612823486 0.51929914951324463
vn -0.5814208984375 0.10477340221405029 0.80682855844497681
vn -0.5814208984375 0.10477340221405029 0.80682855844497681
vn -0.5814208984375 0.10477340221405029 0.80682855844497681
vn 0.95178204774856567 0.20903252065181732 -0.22453586757183075
vn 0.95178204774856567 0.20903252065181732 -0.22453586757183075
vn 0.95178204774856567 0.20903252065181732 -0.22453586757183075
vn 0.90752488374710083 0.12672911584377289 -0.400422602891922
vn 0.90752488374710083 0.12672911584377289 -0.400422602891922
vn 0.90752488374710083 0.12672911584377289 -0.400422602891922
vn 0.67789632081985474 0.030730610713362694 -0.73451495170593262
vn 0.67789632081985474 0.030730610713362694 -0.73451495170593262
vn 0.67789632081985474 0.030730610713362694 -0.73451495170593262
vn 0.66493946313858032 0.11650574952363968 -0.73775464296340942
vn 0.66493946313858032 0.11650574952363968 -0.73775464296340942
vn 0.66493946313858032 0.11650574952363968 -0.73775464296340942
vn 0.96462571620941162 0.089315526187419891 -0.24803224205970764
vn 0.96462571620941162 0.089315526187419891 -0.24803224205970764
vn 0.96462571620941162 0.089315526187419891 -0.24803224205970764
vn 0.96387159824371338 0.060670826584100723 0.2593657374382019
vn 0.96387159824371338 0.060670826584100723 0.2593657374382019
vn 0.96387159824371338 0.060670826584100723 0.2593657374382019
vn -0.96547150611877441 -0.13563494384288788 0.22241386771202087
vn -0.96547150611877441 -0.13563494384288788 0.22241386771202087
vn -0.96547150611877441 -0.13563494384288788 0.22241386771202087
vn -0.66941207647323608 -0.62064510583877563 -0.40827330946922302
vn -0.66941207647323608 -0.62064510583877563 -0.40827330946922302
vn -0.66941207647323608 -0.62064510583877563 -0.40827330946922302
vn 0.46312573552131653 0.16573962569236755 -0.87065774202346802
vn 0.46312573552131653 0.16573962569236755 -0.87065774202346802
vn 0.46312573552131653 0.16573962569236755 -0.87065774202346802
vn 0.62240558862686157 0.034444000571966171 -0.78193658590316772
vn 0.62240558862686157 0.034444000571966171 -0.78193658590316772
vn 0.62240558862686157 0.034444000571966171 -0.78193658590316772
vn 0.090216152369976044 -0.24373665452003479 -0.96563631296157837
vn 0.090216152369976044 -0.24373665452003479 -0.96563631296157837
vn 0.090216152369976044 -0.24373665452003479 -0.96563631296157837
vn 0.033508628606796265 0.11529428511857986 -0.99276602268218994
vn 0.033508628606796265 0.11529428511857986 -0.99276602268218994
vn 0.033508628606796265 0.11529428511857986 -0.99276602268218994
vn -0.82910555601119995 0.22693437337875366 -0.51096457242965698
vn -0.82910555601119995 0.22693437337875366 -0.51096457242965698
vn -0.82910555601119995 0.22693437337875366 -0.51096457242965698
vn -0.92996895313262939 0.36441737413406372 0.048556569963693619
vn -0.92996895313262939 0.36441737413406372 0.048556569963693619
vn -0.92996895313262939 0.36441737413406372 0.048556569963693619
vn -0.82387512922286987 -0.10749364644289017 0.5564844012260437
vn -0.82387512922286987 -0.10749364644289017 0.5564844012260437
vn -0.82387512922286987 -0.10749364644289017 0.5564844012260437
vn -0.38910013437271118 -0.10193491727113724 0.91553831100463867
vn -0.38910013437271118 -0.10193491727113724 0.91553831100463867
vn -0.38910013437271118 -0.10193491727113724 0.91553831100463867
vn -0.69444954395294189 0.065624266862869263 0.71654260158538818
vn -0.69444954395294189 0.065624266862869263 0.71654260158538818
vn -0.69444954395294189 0.065624266862869263 0.71654260158538818
vn -0.236355260014534 0.04243064671754837 0.97073984146118164
vn -0.236355260014534 0.04243064671754837 0.97073984146118164
vn -0.236355260014534 0.04243064671754837 0.97073984146118164
vn -0.0020430951844900846 0.4344293475151062 -0.90070360898971558
vn -0.0020430951844900846 0.4344293475151062 -0.90070360898971558
vn -0.0020430951844900846 0.4344293475151062 -0.90070360898971558
vn -0.26136213541030884 -0.14643079042434692 -0.95406907796859741
vn -0.26136213541030884 -0.14643079042434692 -0.95406907796859741
vn -0.26136213541030884 -0.14643079042434692 -0.95406907796859741
vn -0.098818317055702209 -0.041344936937093735 -0.99424624443054199
vn -0.098818317055702209 -0.041344936937093735 -0.99424624443054199
vn -0.098818317055702209 -0.041344936937093735 -0.99424624443054199
vn 0.73686128854751587 0.0082373423501849174 -0.67599380016326904
vn 0.73686128854751587 0.0082373423501849174 -0.67599380016326904
vn 0.73686128854751587 0.0082373423501849174 -0.67599380016326904
vn -0.8534853458404541 -0.38882943987846375 -0.34695011377334595
vn -0.8534853458404541 -0.38882943987846375 -0.34695011377334595
vn -0.8534853458404541 -0.38882943987846375 -0.34695011377334595
vn -0.39062774181365967 -0.92046147584915161 0.01267470046877861
vn -0.39062774181365967 -0.92046147584915161 0.01267470046877861
vn -0.39062774181365967 -0.92046147584915161 0.01267470046877861
vn -0.93258869647979736 0.14961874485015869 -0.32847008109092712
vn -0.93258869647979736 0.14961874485015869 -0.32847008109092712
vn -0.93258869647979736 0.14961874485015869 -0.32847008109092712
vn -0.36547064781188965 0.79364484548568726 -0.48637339472770691
vn -0.36547064781188965 0.79364484548568726 -0.48637339472770691
vn -0.36547064781188965 0.79364484548568726 -0.48637339472770691
vn -0.9498673677444458 -0.13374188542366028 0.28260418772697449
vn -0.9498673677444458 -0.13374188542366028 0.28260418772697449
vn -0.9498673677444458 -0.13374188542366028 0.28260418772697449
vn -0.85207176208496094 -0.44742044806480408 0.2716405987739563
vn -0.85207176208496094 -0.44742044806480408 0.2716405987739563
vn -0.85207176208496094 -0.44742044806480408 0.2716405987739563
vn 0.5836673378944397 0.16887471079826355 -0.79423785209655762
vn 0.5836673378944397 0.16887471079826355 -0.79423785209655762
vn 0.5836673378944397 0.16887471079826355 -0.79423785209655762
vn 0.58207947015762329 -0.27938902378082275 -0.76362639665603638
vn 0.58207947015762329 -0.27938902378082275 -0.76362639665603638
vn 0.58207947015762329 -0.27938902378082275 -0.76362639665603638
vn -0.00038714733091183007 -0.23115323483943939 0.97291725873947144
vn -0.00038714733091183007 -0.23115323483943939 0.97291725873947144
vn -0.00038714733091183007 -0.23115323483943939 0.97291725873947144
vn -0.26430299878120422 -0.18682877719402313 0.94617068767547607
vn -0.26430299878120422 -0.18682877719402313 0.94617068767547607
vn -0.26430299878120422 -0.18682877719402313 0.94617068767547607
vn 0.22715720534324646 -0.86562001705169678 -0.44620802998542786
vn 0.22715720534324646 -0.86562001705169678 -0.44620802998542786
vn 0.22715720534324646 -0.86562001705169678 -0.44620802998542786
vn 0.49838417768478394 -0.34673362970352173 -0.79459989070892334
vn 0.49838417768478394 -0.34673362970352173 -0.79459989070892334
vn 0.49838417768478394 -0.34673362970352173 -0.79459989070892334
vn -0.62302154302597046 -0.21140530705451965 0.75309491157531738
vn -0.62302154302597046 -0.21140530705451965 0.75309491157531738
vn -0.62302154302597046 -0.21140530705451965 0.75309491157531738
vn -0.75569331645965576 0.22632092237472534 0.6145782470703125
vn -0.75569331645965576 0.22632092237472534 0.6145782470703125
vn -0.75569331645965576 0.22632092237472534 0.6145782470703125
vn -0.48659592866897583 -0.787986159324646 0.3772297203540802
vn -0.48659592866897583 -0.787986159324646 0.3772297203540802
vn -0.48659592866897583 -0.787986159324646 0.3772297203540802
vn -0.70073330402374268 0.71035170555114746 0.066130705177783966
vn -0.70073330402374268 0.71035170555114746 0.066130705177783966
vn -0.70073330402374268 0.71035170555114746 0.066130705177783966
vn 0.76317602396011353 0.20463947951793671 -0.61293148994445801
vn 0.76317602396011353 0.20463947951793671 -0.61293148994445801
vn 0.76317602396011353 0.20463947951793671 -0.61293148994445801
vn 0.34209606051445007 0.20136751234531403 -0.91783517599105835
vn 0.34209606051445007 0.20136751234531403 -0.91783517599105835
vn 0.34209606051445007 0.20136751234531403 -0.91783517599105835
vn -0.48658770322799683 -0.042077988386154175 -0.87261784076690674
vn -0.48658770322799683 -0.042077988386154175 -0.87261784076690674
vn -0.48658770322799683 -0.042077988386154175 -0.87261784076690674
vn -0.45942777395248413 -0.36547121405601501 -0.80954116582870483
vn -0.45942777395248413 -0.36547121405601501 -0.80954116582870483
vn -0.45942777395248413 -0.36547121405601501 -0.80954116582870483
vn -0.83536499738693237 -0.15515567362308502 0.52734434604644775
vn -0.83536499738693237 -0.15515567362308502 0.52734434604644775
vn -0.83536499738693237 -0.15515567362308502 0.52734434604644775
vn -0.88460856676101685 0.35121089220046997 0.30678749084472656
vn -0.88460856676101685 0.35121089220046997 0.30678749084472656
vn -0.88460856676101685 0.35121089220046997 0.30678749084472656
vn 0.97605806589126587 0.068967819213867188 0.20628631114959717
vn 0.97605806589126587 0.068967819213867188 0.20628631114959717
vn 0.97605806589126587 0.068967819213867188 0.20628631114959717
vn 0.94037443399429321 0.082183882594108582 -0.33006316423416138
vn 0.94037443399429321 0.082183882594108582 -0.33006316423416138
vn 0.94037443399429321 0.082183882594108582 -0.33006316423416138
vn -0.091208755970001221 0.39358201622962952 0.91475361585617065
vn -0.091208755970001221 0.39358201622962952 0.91475361585617065
vn -0.091208755970001221 0.39358201622962952 0.91475361585617065
vn -0.15735191106796265 0.062753550708293915 0.98554670810699463
vn -0.15735191106796265 0.062753550708293915 0.98554670810699463
vn -0.15735191106796265 0.062753550708293915 0.98554670810699463
vn 0.36584073305130005 0.32332846522331238 -0.8727080225944519
vn 0.36584073305130005 0.32332846522331238 -0.8727080225944519
vn 0.36584073305130005 0.32332846522331238 -0.8727080225944519
vn 0.51099836826324463 0.070310652256011963 -0.85670125484466553
vn 0.51099836826324463 0.070310652256011963 -0.85670125484466553
vn 0.51099836826324463 0.070310652256011963 -0.85670125484466553
vn -0.0098343538120388985 0.39837172627449036 0.91717135906219482
vn -0.0098343538120388985 0.39837172627449036 0.91717135906219482
vn -0.0098343538120388985 0.39837172627449036 0.91717135906219482
vn 0.16133905947208405 0.47482842206954956 0.86516338586807251
vn 0.16133905947208405 0.47482842206954956 0.86516338586807251
vn 0.16133905947208405 0.47482842206954956 0.86516338586807251
vn 0.73101323843002319 0.37537300586700439 0.56983745098114014
vn 0.73101323843002319 0.37537300586700439 0.56983745098114014
vn 0.73101323843002319 0.37537300586700439 0.56983745098114014
vn 0.88282376527786255 0.46810257434844971 0.038757476955652237
vn 0.88282376527786255 0.46810257434844971 0.038757476955652237
vn 0.88282376527786255 0.46810257434844971 0.038757476955652237
vn 0.93414169549942017 0.35541355609893799 -0.032565698027610779
vn 0.93414169549942017 0.35541355609893799 -0.032565698027610779
vn 0.93414169549942017 0.35541355609893799 -0.032565698027610779
vn 0.98614448308944702 0.11162254214286804 -0.12271688878536224
vn 0.98614448308944702 0.11162254214286804 -0.12271688878536224
vn 0.98614448308944702 0.11162254214286804 -0.12271688878536224
vn -0.84959292411804199 0.083624787628650665 0.52076750993728638
vn -0.84959292411804199 0.083624787628650665 0.52076750993728638
vn -0.84959292411804199 0.083624787628650665 0.52076750993728638
vn -0.97006028890609741 0.13276100158691406 -0.20336568355560303
vn -0.97006028890609741 0.13276100158691406 -0.20336568355560303
vn -0.97006028890609741 0.13276100158691406 -0.20336568355560303
vn -0.97205513715744019 0.22557292878627777 0.06500554084777832
vn -0.97205513715744019 0.22557292878627777 0.06500554084777832
vn -0.97205513715744019 0.22557292878627777 0.06500554084777832
vn -0.79581683874130249 0.27794921398162842 0.53797751665115356
vn -0.79581683874130249 0.27794921398162842 0.53797751665115356
vn -0.79581683874130249 0.27794921398162842 0.53797751665115356
vn -0.45571097731590271 -0.10151345282793045 -0.88432037830352783
vn -0.45571097731590271 -0.10151345282793045 -0.88432037830352783
vn -0.45571097731590271 -0.10151345282793045 -0.88432037830352783
vn -0.20563614368438721 -0.94866043329238892 -0.24032707512378693
vn -0.20563614368438721 -0.94866043329238892 -0.24032707512378693
vn -0.20563614368438721 -0.94866043329238892 -0.24032707512378693
vn -0.05643867701292038 -0.052067380398511887 -0.99704748392105103
vn -0.05643867701292038 -0.052067380398511887 -0.99704748392105103
vn -0.05643867701292038 -0.052067380398511887 -0.99704748392105103
vn -0.59692227840423584 -0.072052530944347382 -0.79905712604522705
vn -0.59692227840423584 -0.072052530944347382 -0.79905712604522705
vn -0.59692227840423584 -0.072052530944347382 -0.79905712604522705
vn -0.25113332271575928 0.24919915199279785 -0.93532443046569824
vn -0.25113332271575928 0.24919915199279785 -0.93532443046569824
vn -0.25113332271575928 0.24919915199279785 -0.93532443046569824
vn 0.02916644886136055 0.25440019369125366 -0.96665912866592407
vn 0.02916644886136055 0.25440019369125366 -0.96665912866592407
vn 0.02916644886136055 0.25440019369125366 -0.96665912866592407
vn 0.068461529910564423 -0.14182290434837341 0.98752176761627197
vn 0.068461529910564423 -0.14182290434837341 0.98752176761627197
vn 0.068461529910564423 -0.14182290434837341 0.98752176761627197
vn 0.074636511504650116 -0.31012043356895447 0.94776302576065063
vn 0.074636511504650116 -0.31012043356895447 0.94776302576065063
vn 0.074636511504650116 -0.31012043356895447 0.94776302576065063
vn 0.7105858325958252 -0.40986728668212891 0.57190608978271484
vn 0.7105858325958252 -0.40986728668212891 0.57190608978271484
vn 0.7105858325958252 -0.40986728668212891 0.57190608978271484
vn 0.60847151279449463 -0.45301690697669983 0.65156584978103638
vn 0.60847151279449463 -0.45301690697669983 0.65156584978103638
vn 0.60847151279449463 -0.45301690697669983 0.65156584978103638
vn 0.27828133106231689 -0.097083725035190582 -0.95558059215545654
vn 0.27828133106231689 -0.097083725035190582 -0.95558059215545654
vn 0.27828133106231689 -0.097083725035190582 -0.95558059215545654
vn 0.75021082162857056 -0.26022255420684814 -0.60783874988555908
vn 0.75021082162857056 -0.26022255420684814 -0.60783874988555908
vn 0.75021082162857056 -0.26022255420684814 -0.60783874988555908
vn -0.0098961563780903816 -0.034598521888256073 -0.99935227632522583
vn -0.0098961563780903816 -0.034598521888256073 -0.99935227632522583
vn -0.0098961563780903816 -0.034598521888256073 -0.99935227632522583
vn 0.23446865379810333 0.1217140257358551 -0.96447402238845825
vn 0.23446865379810333 0.1217140257358551 -0.96447402238845825
vn 0.23446865379810333 0.1217140257358551 -0.96447402238845825
vn -0.26668024063110352 -0.086516961455345154 0.95989400148391724
vn -0.26668024063110352 -0.086516961455345154 0.95989400148391724
vn -0.26668024063110352 -0.086516961455345154 0.95989400148391724
vn 0.53129613399505615 -0.08733755350112915 0.84267228841781616
vn 0.53129613399505615 -0.08733755350112915 0.84267228841781616
vn 0.53129613399505615 -0.08733755350112915 0.84267228841781616
vn 0.81907981634140015 0.074135296046733856 0.56886923313140869
vn 0.81907981634140015 0.074135296046733856 0.56886923313140869
vn 0.81907981634140015 0.074135296046733856 0.56886923313140869
vn 0.82052868604660034 0.074392199516296387 0.56674373149871826
vn 0.82052868604660034 0.074392199516296387 0.56674373149871826
vn 0.82052868604660034 0.074392199516296387 0.56674373149871826
vn -0.048772562295198441 0.52307611703872681 -0.85088932514190674
vn -0.048772562295198441 0.52307611703872681 -0.85088932514190674
vn -0.048772562295198441 0.52307611703872681 -0.85088932514190674
vn 0.26316699385643005 0.72031223773956299 -0.64178925752639771
vn 0.26316699385643005 0.72031223773956299 -0.64178925752639771
vn 0.26316699385643005 0.72031223773956299 -0.64178925752639771
vn 0.71954113245010376 -0.017251536250114441 0.69423550367355347
vn 0.71954113245010376 -0.017251536250114441 0.69423550367355347
vn 0.71954113245010376 -0.017251536250114441 0.69423550367355347
vn 0.97054797410964966 0.12699310481548309 0.20471782982349396
vn 0.97054797410964966 0.12699310481548309 0.20471782982349396
vn 0.97054797410964966 0.12699310481548309 0.20471782982349396
vn -0.88118433952331543 -0.086803272366523743 0.46473580598831177
vn -0.88118433952331543 -0.086803272366523743 0.46473580598831177
vn -0.88118433952331543 -0.086803272366523743 0.46473580598831177
vn -0.99133867025375366 -0.11643077433109283 -0.060757376253604889
vn -0.99133867025375366 -0.11643077433109283 -0.060757376253604889
vn -0.99133867025375366 -0.11643077433109283 -0.060757376253604889
vn -0.402353435754776 0.19052676856517792 -0.89543914794921875
vn -0.402353435754776 0.19052676856517792 -0.89543914794921875
vn -0.402353435754776 0.19052676856517792 -0.89543914794921875
vn -0.2383434921503067 0.0040382309816777706 -0.9711725115776062
vn -0.2383434921503067 0.0040382309816777706 -0.9711725115776062
vn -0.2383434921503067 0.0040382309816777706 -0.9711725115776062
vn -0.1197408139705658 -0.1117011085152626 0.98650139570236206
vn -0.1197408139705658 -0.1117011085152626 0.98650139570236206
vn -0.1197408139705658 -0.1117011085152626 0.98650139570236206
vn 0.55267751216888428 0.03583492711186409 0.83262443542480469
vn 0.55267751216888428 0.03583492711186409 0.83262443542480469
vn 0.55267751216888428 0.03583492711186409 0.83262443542480469
vn 0.60680073499679565 0.022470336407423019 0.794536292552948
vn 0.60680073499679565 0.022470336407423019 0.794536292552948
vn 0.60680073499679565 0.022470336407423019 0.794536292552948
vn 0.9200434684753418 0.09376971423625946 0.38043028116226196
vn 0.9200434684753418 0.09376971423625946 0.38043028116226196
vn 0.9200434684753418 0.09376971423625946 0.38043028116226196
vn 0.78468888998031616 -0.014072113670408726 0.61972999572753906
vn 0.78468888998031616 -0.014072113670408726 0.61972999572753906
vn 0.78468888998031616 -0.014072113670408726 0.61972999572753906
vn 0.68057352304458618 -0.012035065330564976 -0.73258090019226074
vn 0.68057352304458618 -0.012035065330564976 -0.73258090019226074
vn 0.68057352304458618 -0.012035065330564976 -0.73258090019226074
vn -0.02684490941464901 0.48736163973808289 -0.8727874755859375
vn -0.02684490941464901 0.48736163973808289 -0.8727874755859375
vn -0.02684490941464901 0.48736163973808289 -0.8727874755859375
vn -0.64084690809249878 -0.14071474969387054 -0.7546619176864624
vn -0.64084690809249878 -0.14071474969387054 -0.7546619176864624
vn -0.64084690809249878 -0.14071474969387054 -0.7546619176864624
vn -0.91964715719223022 0.34819218516349792 -0.18169009685516357
vn -0.91964715719223022 0.34819218516349792 -0.18169009685516357
vn -0.91964715719223022 0.34819218516349792 -0.18169009685516357
vn -0.90990614891052246 0.36550760269165039 -0.1961505264043808
vn -0.90990614891052246 0.36550760269165039 -0.1961505264043808
vn -0.90990614891052246 0.36550760269165039 -0.1961505264043808
vn 0.77063477039337158 0.59692490100860596 -0.22316527366638184
vn 0.77063477039337158 0.59692490100860596 -0.22316527366638184
vn 0.77063477039337158 0.59692490100860596 -0.22316527366638184
vn 0.52510422468185425 0.60405588150024414 -0.59948486089706421
vn 0.52510422468185425 0.60405588150024414 -0.59948486089706421
vn 0.52510422468185425 0.60405588150024414 -0.59948486089706421
vn -0.66685342788696289 0.15344786643981934 -0.72921895980834961
vn -0.66685342788696289 0.15344786643981934 -0.72921895980834961
vn -0.66685342788696289 0.15344786643981934 -0.72921895980834961
vn -0.64936703443527222 -0.1657743901014328 -0.74218684434890747
vn -0.64936703443527222 -0.1657743901014328 -0.74218684434890747
vn -0.64936703443527222 -0.1657743901014328 -0.74218684434890747
vn -0.91583901643753052 -0.38775596022605896 -0.10432734340429306
vn -0.91583901643753052 -0.38775596022605896 -0.10432734340429306
vn -0.91583901643753052 -0.38775596022605896 -0.10432734340429306
vn -0.91440516710281372 0.08791176974773407 -0.39513891935348511
vn -0.91440516710281372 0.08791176974773407 -0.39513891935348511
vn -0.91440516710281372 0.08791176974773407 -0.39513891935348511
vn 0.9427945613861084 0.001228845096193254 -0.33337211608886719
vn 0.9427945613861084 0.001228845096193254 -0.33337211608886719
vn 0.9427945613861084 0.001228845096193254 -0.33337211608886719
vn 0.77231311798095703 0.062442597001791 -0.63216561079025269
vn 0.77231311798095703 0.062442597001791 -0.63216561079025269
vn 0.77231311798095703 0.062442597001791 -0.63216561079025269
vn 0.005350036546587944 -0.47518724203109741 0.87986844778060913
vn 0.005350036546587944 -0.47518724203109741 0.87986844778060913
vn 0.005350036546587944 -0.47518724203109741 0.87986844778060913
vn -0.047182321548461914 -0.5512043833732605 0.8330351710319519
vn -0.047182321548461914 -0.5512043833732605 0.8330351710319519
vn -0.047182321548461914 -0.5512043833732605 0.8330351710319519
vn 0.84904932975769043 0.46545222401618958 0.24993892014026642
vn 0.84904932975769043 0.46545222401618958 0.24993892014026642
vn 0.84904932975769043 0.46545222401618958 0.24993892014026642
vn 0.81472897529602051 0.22364313900470734 0.5349770188331604
vn 0.81472897529602051 0.22364313900470734 0.5349770188331604
vn 0.81472897529602051 0.22364313900470734 0.5349770188331604
vn 0.096462555229663849 0.98922890424728394 -0.11009586602449417
vn 0.096462555229663849 0.98922890424728394 -0.11009586602449417
vn 0.096462555229663849 0.98922890424728394 -0.11009586602449417
vn -0.62023466825485229 0.31094127893447876 -0.72015589475631714
vn -0.62023466825485229 0.31094127893447876 -0.72015589475631714
vn -0.62023466825485229 0.31094127893447876 -0.72015589475631714
vn -0.60971707105636597 0.69985044002532959 -0.37209466099739075
vn -0.60971707105636597 0.69985044002532959 -0.37209466099739075
vn -0.60971707105636597 0.69985044002532959 -0.37209466099739075
vn -0.80533105134963989 0.28235194087028503 0.52126699686050415
vn -0.80533105134963989 0.28235194087028503 0.52126699686050415
vn -0.80533105134963989 0.28235194087028503 0.52126699686050415
vn 0.23357477784156799 0.60855305194854736 0.75835740566253662
vn 0.23357477784156799 0.60855305194854736 0.75835740566253662
vn 0.23357477784156799 0.60855305194854736 0.75835740566253662
vn 0.040095150470733643 0.86966890096664429 0.49200445413589478
vn 0.040095150470733643 0.86966890096664429 0.49200445413589478
vn 0.040095150470733643 0.86966890096664429 0.49200445413589478
vn -0.043475404381752014 -0.0059176781214773655 -0.99903696775436401
vn -0.043475404381752014 -0.0059176781214773655 -0.99903696775436401
vn -0.043475404381752014 -0.0059176781214773655 -0.99903696775436401
vn -0.33814311027526855 -0.025884367525577545 -0.94073867797851562
vn -0.33814311027526855 -0.025884367525577545 -0.94073867797851562
vn -0.33814311027526855 -0.025884367525577545 -0.94073867797851562
vn -0.12295972555875778 0.38900870084762573 -0.91299128532409668
vn -0.12295972555875778 0.38900870084762573 -0.91299128532409668
vn -0.12295972555875778 0.38900870084762573 -0.91299128532409668
vn -0.17799556255340576 0.28352817893028259 -0.94230002164840698
vn -0.17799556255340576 0.28352817893028259 -0.94230002164840698
vn -0.17799556255340576 0.28352817893028259 -0.94230002164840698
vn 0.26040348410606384 0.025260331109166145 -0.96516937017440796
vn 0.26040348410606384 0.025260331109166145 -0.96516937017440796
vn 0.26040348410606384 0.025260331109166145 -0.96516937017440796
vn 0.25425416231155396 0.11406451463699341 -0.9603874683380127
vn 0.25425416231155396 0.11406451463699341 -0.9603874683380127
vn 0.25425416231155396 0.11406451463699341 -0.9603874683380127
vn 0.96627599000930786 -0.040299519896507263 -0.25433564186096191
vn 0.96627599000930786 -0.040299519896507263 -0.25433564186096191
vn 0.96627599000930786 -0.040299519896507263 -0.25433564186096191
vn 0.99324536323547363 0.015499989502131939 0.11499315500259399
vn 0.99324536323547363 0.015499989502131939 0.11499315500259399
vn 0.99324536323547363 0.015499989502131939 0.11499315500259399
vn 0.65901148319244385 0.60522240400314331 -0.44655314087867737
vn 0.65901148319244385 0.60522240400314331 -0.44655314087867737
vn 0.65901148319244385 0.60522240400314331 -0.44655314087867737
vn 0.23438200354576111 0.61786103248596191 -0.75054168701171875
vn 0.23438200354576111 0.61786103248596191 -0.75054168701171875
vn 0.23438200354576111 0.61786103248596191 -0.75054168701171875
vn 0.88472211360931396 0.44224816560745239 -0.14725270867347717
vn 0.88472211360931396 0.44224816560745239 -0.14725270867347717
vn 0.88472211360931396 0.44224816560745239 -0.14725270867347717
vn 0.90894705057144165 0.22639612853527069 -0.35008570551872253
vn 0.90894705057144165 0.22639612853527069 -0.35008570551872253
vn 0.90894705057144165 0.22639612853527069 -0.35008570551872253
vn 0.40082323551177979 0.34610223770141602 0.84826529026031494
vn 0.40082323551177979 0.34610223770141602 0.84826529026031494
vn 0.40082323551177979 0.34610223770141602 0.84826529026031494
vn 0.48018333315849304 0.47698906064033508 0.73614221811294556
vn 0.48018333315849304 0.47698906064033508 0.73614221811294556
vn 0.48018333315849304 0.47698906064033508 0.73614221811294556
vn 0.37552228569984436 0.15322934091091156 0.91405898332595825
vn 0.37552228569984436 0.15322934091091156 0.91405898332595825
vn 0.37552228569984436 0.15322934091091156 0.91405898332595825
vn 0.94990187883377075 0.25203928351402283 0.18483124673366547
vn 0.94990187883377075 0.25203928351402283 0.18483124673366547
vn 0.94990187883377075 0.25203928351402283 0.18483124673366547
vn 0.95856142044067383 -0.0080869626253843307 0.28477120399475098
vn 0.95856142044067383 -0.0080869626253843307 0.28477120399475098
vn 0.95856142044067383 -0.0080869626253843307 0.28477120399475098
vn 0.98301047086715698 0.074222229421138763 -0.16787326335906982
vn 0.98301047086715698 0.074222229421138763 -0.16787326335906982
vn 0.98301047086715698 0.074222229421138763 -0.16787326335906982
vn 0.95906662940979004 0.040353372693061829 0.28029057383537292
vn 0.95906662940979004 0.040353372693061829 0.28029057383537292
vn 0.95906662940979004 0.040353372693061829 0.28029057383537292
vn 0.78539633750915527 -0.10191660374403 0.61054533720016479
vn 0.78539633750915527 -0.10191660374403 0.61054533720016479
vn 0.78539633750915527 -0.10191660374403 0.61054533720016479
vn -0.74937725067138672 -0.19621928036212921 -0.63240158557891846
vn -0.74937725067138672 -0.19621928036212921 -0.63240158557891846
vn -0.74937725067138672 -0.19621928036212921 -0.63240158557891846
vn 0.091418325901031494 -0.070520132780075073 -0.99331241846084595
vn 0.091418325901031494 -0.070520132780075073 -0.99331241846084595
vn 0.091418325901031494 -0.070520132780075073 -0.99331241846084595
vn -0.51134151220321655 -0.062633372843265533 -0.85709214210510254
vn -0.51134151220321655 -0.062633372843265533 -0.85709214210510254
vn -0.51134151220321655 -0.062633372843265533 -0.85709214210510254
vn -0.78215312957763672 -0.045535121113061905 -0.62142020463943481
vn -0.78215312957763672 -0.045535121113061905 -0.62142020463943481
vn -0.78215312957763672 -0.045535121113061905 -0.62142020463943481
vn -0.8061249852180481 -0.2427619993686676 0.53965646028518677
vn -0.8061249852180481 -0.2427619993686676 0.53965646028518677
vn -0.8061249852180481 -0.2427619993686676 0.53965646028518677
vn -0.84598410129547119 -0.055242802947759628 0.53033870458602905
vn -0.84598410129547119 -0.055242802947759628 0.53033870458602905
vn -0.84598410129547119 -0.055242802947759628 0.53033870458602905
vn -0.96280407905578613 -0.10607941448688507 0.24850654602050781
vn -0.96280407905578613 -0.10607941448688507 0.24850654602050781
vn -0.96280407905578613 -0.10607941448688507 0.24850654602050781
vn -0.79377323389053345 -0.14797049760818481 0.58993959426879883
vn -0.79377323389053345 -0.14797049760818481 0.58993959426879883
vn -0.79377323389053345 -0.14797049760818481 0.58993959426879883
vn -0.52591484785079956 0.64151012897491455 0.55846071243286133
vn -0.52591484785079956 0.64151012897491455 0.55846071243286133
vn -0.52591484785079956 0.64151012897491455 0.55846071243286133
vn -0.33005592226982117 0.5283469557762146 0.78224843740463257
vn -0.33005592226982117 0.5283469557762146 0.78224843740463257
vn -0.33005592226982117 0.5283469557762146 0.78224843740463257
vn 0.69427818059921265 -0.18745413422584534 -0.69486600160598755
vn 0.69427818059921265 -0.18745413422584534 -0.69486600160598755
vn 0.69427818059921265 -0.18745413422584534 -0.69486600160598755
vn 0.94886618852615356 -0.084142804145812988 -0.30425801873207092
vn 0.94886618852615356 -0.084142804145812988 -0.30425801873207092
vn 0.94886618852615356 -0.084142804145812988 -0.30425801873207092
vn -0.93575495481491089 -0.3002350926399231 -0.18499056994915009
vn -0.93575495481491089 -0.3002350926399231 -0.18499056994915009
vn -0.93575495481491089 -0.3002350926399231 -0.18499056994915009
vn -0.91264307498931885 -0.2976023256778717 0.28020617365837097
vn -0.91264307498931885 -0.2976023256778717 0.28020617365837097
vn -0.91264307498931885 -0.2976023256778717 0.28020617365837097
vn 0.21166594326496124 0.083109922707080841 0.97380197048187256
vn 0.21166594326496124 0.083109922707080841 0.97380197048187256
vn 0.21166594326496124 0.083109922707080841 0.97380197048187256
vn 0.23538599908351898 0.28357893228530884 0.92961090803146362
vn 0.23538599908351898 0.28357893228530884 0.92961090803146362
vn 0.23538599908351898 0.28357893228530884 0.92961090803146362
vn -0.65918976068496704 0.60521012544631958 -0.44630652666091919
vn -0.65918976068496704 0.60521012544631958 -0.44630652666091919
vn -0.65918976068496704 0.60521012544631958 -0.44630652666091919
vn -0.83071810007095337 0.10887753963470459 -0.54594242572784424
vn -0.83071810007095337 0.10887753963470459 -0.54594242572784424
vn -0.83071810007095337 0.10887753963470459 -0.54594242572784424
vn -0.22987690567970276 0.83176606893539429 0.50529384613037109
vn -0.22987690567970276 0.83176606893539429 0.50529384613037109
vn -0.22987690567970276 0.83176606893539429 0.50529384613037109
vn -0.91517466306686401 0.27920764684677124 0.29068619012832642
vn -0.91517466306686401 0.27920764684677124 0.29068619012832642
vn -0.91517466306686401 0.27920764684677124 0.29068619012832642
vn -0.22513428330421448 -0.96553826332092285 -0.13057710230350494
vn -0.22513428330421448 -0.96553826332092285 -0.13057710230350494
vn -0.22513428330421448 -0.96553826332092285 -0.13057710230350494
vn -0.26373106241226196 -0.094344690442085266 0.95997136831283569
vn -0.26373106241226196 -0.094344690442085266 0.95997136831283569
vn -0.26373106241226196 -0.094344690442085266 0.95997136831283569
vn 0.94564318656921387 -0.32520207762718201 0.0015879010315984488
vn 0.94564318656921387 -0.32520207762718201 0.0015879010315984488
vn 0.94564318656921387 -0.32520207762718201 0.0015879010315984488
vn 0.75834226608276367 -0.52467638254165649 0.38682261109352112
vn 0.75834226608276367 -0.52467638254165649 0.38682261109352112
vn 0.75834226608276367 -0.52467638254165649 0.38682261109352112
vn -0.29426217079162598 -0.16559004783630371 0.94127023220062256
vn -0.29426217079162598 -0.16559004783630371 0.94127023220062256
vn -0.29426217079162598 -0.16559004783630371 0.94127023220062256
vn -0.8249019980430603 -0.16739481687545776 0.53992193937301636
vn -0.8249019980430603 -0.16739481687545776 0.53992193937301636
vn -0.8249019980430603 -0.16739481687545776 0.53992193937301636
vn -0.78687489032745361 -0.35388588905334473 -0.5055617094039917
vn -0.78687489032745361 -0.35388588905334473 -0.5055617094039917
vn -0.78687489032745361 -0.35388588905334473 -0.5055617094039917
vn -0.71795785427093506 -0.057179544121026993 -0.69373410940170288
vn -0.71795785427093506 -0.057179544121026993 -0.69373410940170288
vn -0.71795785427093506 -0.057179544121026993 -0.69373410940170288
vn -0.37501895427703857 -0.35106804966926575 -0.85796970129013062
vn -0.37501895427703857 -0.35106804966926575 -0.85796970129013062
vn -0.37501895427703857 -0.35106804966926575 -0.85796970129013062
vn -0.15864346921443939 -0.55239611864089966 -0.81834638118743896
vn -0.15864346921443939 -0.55239611864089966 -0.81834638118743896
vn -0.15864346921443939 -0.55239611864089966 -0.81834638118743896
vn 0.5586012601852417 0.2221137136220932 -0.79914337396621704
vn 0.5586012601852417 0.2221137136220932 -0.79914337396621704
vn 0.5586012601852417 0.2221137136220932 -0.79914337396621704
vn 0.47711473703384399 -0.81219470500946045 -0.3357100784778595
vn 0.47711473703384399 -0.81219470500946045 -0.3357100784778595
vn 0.47711473703384399 -0.81219470500946045 -0.3357100784778595
vn 0.93457186222076416 0.34060823917388916 0.1027689129114151
vn 0.93457186222076416 0.34060823917388916 0.1027689129114151
vn 0.93457186222076416 0.34060823917388916 0.1027689129114151
vn 0.86686182022094727 0.39293199777603149 -0.30684694647789001
vn 0.86686182022094727 0.39293199777603149 -0.30684694647789001
vn 0.86686182022094727 0.39293199777603149 -0.30684694647789001
vn -0.88815838098526001 -0.43002128601074219 -0.16203810274600983
vn -0.88815838098526001 -0.43002128601074219 -0.16203810274600983
vn -0.88815838098526001 -0.43002128601074219 -0.16203810274600983
vn -0.89441525936126709 -0.32176360487937927 -0.31062769889831543
vn -0.89441525936126709 -0.32176360487937927 -0.31062769889831543
vn -0.89441525936126709 -0.32176360487937927 -0.31062769889831543
vn 0.24261754751205444 0.57132935523986816 -0.78404051065444946
vn 0.24261754751205444 0.57132935523986816 -0.78404051065444946
vn 0.24261754751205444 0.57132935523986816 -0.78404051065444946
vn -0.35953658819198608 0.52115833759307861 -0.77403324842453003
vn -0.35953658819198608 0.52115833759307861 -0.77403324842453003
vn -0.35953658819198608 0.52115833759307861 -0.77403324842453003
vn -0.9334903359413147 0.017135413363575935 0.35819289088249207
vn -0.9334903359413147 0.017135413363575935 0.35819289088249207
vn -0.9334903359413147 0.017135413363575935 0.35819289088249207
vn -0.75606447458267212 -0.02401251345872879 0.65405654907226562
vn -0.75606447458267212 -0.02401251345872879 0.65405654907226562
vn -0.75606447458267212 -0.02401251345872879 0.65405654907226562
vn 0.7746046781539917 0.13921265304088593 0.61693388223648071
vn 0.7746046781539917 0.13921265304088593 0.61693388223648071
vn 0.7746046781539917 0.13921265304088593 0.61693388223648071
vn 0.21414463222026825 0.094123803079128265 0.97225654125213623
vn 0.21414463222026825 0.094123803079128265 0.97225654125213623
vn 0.21414463222026825 0.094123803079128265 0.97225654125213623
vn 0.1197674572467804 0.96364784240722656 -0.23882754147052765
vn 0.1197674572467804 0.96364784240722656 -0.23882754147052765
vn 0.1197674572467804 0.96364784240722656 -0.23882754147052765
vn 0.93981802463531494 0.094663344323635101 0.32829999923706055
vn 0.93981802463531494 0.094663344323635101 0.32829999923706055
vn 0.93981802463531494 0.094663344323635101 0.32829999923706055
vn -0.056128267198801041 -0.50122535228729248 -0.86349451541900635
vn -0.056128267198801041 -0.50122535228729248 -0.86349451541900635
vn -0.056128267198801041 -0.50122535228729248 -0.86349451541900635
vn 0.16239252686500549 -0.86933833360671997 -0.46677568554878235
vn 0.16239252686500549 -0.86933833360671997 -0.46677568554878235
vn 0.16239252686500549 -0.86933833360671997 -0.46677568554878235
vn -0.63126224279403687 -0.43223032355308533 -0.64396035671234131
vn -0.63126224279403687 -0.43223032355308533 -0.64396035671234131
vn -0.63126224279403687 -0.43223032355308533 -0.64396035671234131
vn -0.72451126575469971 0.068437136709690094 -0.68585699796676636
vn -0.72451126575469971 0.068437136709690094 -0.68585699796676636
vn -0.72451126575469971 0.068437136709690094 -0.68585699796676636
f 3/3/3 1/1/1 2/2/2
f 6/6/6 4/4/4 5/5/5
f 9/9/9 7/7/7 8/8/8
f 12/12/12 10/10/10 11/11/11
f 15/15/15 13/13/13 14/14/14
f 18/18/18 16/16/16 17/17/17
f 20/21/21 19/19/19 12/20/20
f 21/24/24 11/22/22 10/23/23
f 24/27/27 22/25/25 23/26/26
f 27/30/30 25/28/28 26/29/29
f 30/33/33 28/31/31 29/32/32
f 33/36/36 31/34/34 32/35/35
f 36/39/39 34/37/37 35/38/38
f 29/42/42 37/40/40 38/41/41
f 41/45/45 39/43/43 40/44/44
f 42/48/48 5/46/46 4/47/47
f 19/51/51 43/49/49 44/50/50
f 46/54/54 27/52/52 45/53/53
f 49/57/57 47/55/55 48/56/56
f 37/60/60 50/58/58 38/59/59
f 53/63/63 51/61/61 52/62/62
f 56/66/66 54/64/64 55/65/65
f 59/69/69 57/67/67 58/68/68
f 62/72/72 60/70/70 61/71/71
f 65/75/75 63/73/73 64/74/74
f 68/78/78 66/76/76 67/77/77
f 71/81/81 69/79/79 70/80/80
f 74/84/84 72/82/82 73/83/83
f 77/87/87 75/85/85 76/86/86
f 80/90/90 78/88/88 79/89/89
f 83/93/93 81/91/91 82/92/92
f 45/96/96 27/94/94 26/95/95
f 25/99/99 27/97/97 84/98/98
f 86/102/102 8/100/100 85/101/101
f 88/105/105 41/103/103 87/104/104
f 91/108/108 89/106/106 90/107/107
f 39/111/111 41/109/109 92/110/110
f 94/114/114 6/112/112 93/113/113
f 95/117/117 17/115/115 16/116/116
f 98/120/120 96/118/118 97/119/119
f 101/123/123 99/121/121 100/122/122
f 104/126/126 102/124/124 103/125/125
f 107/129/129 105/127/127 106/128/128
f 110/132/132 108/130/130 109/131/131
f 113/135/135 111/133/133 112/134/134
f 116/138/138 114/136/136 115/137/137
f 108/141/141 110/139/139 117/140/140
f 28/144/144 30/142/142 118/143/143
f 88/147/147 119/145/145 120/146/146
f 123/150/150 121/148/148 122/149/149
f 124/153/153 77/151/151 76/152/152
f 125/156/156 104/154/154 103/155/155
f 127/159/159 126/157/157 62/158/158
f 130/162/162 128/160/160 129/161/161
f 132/165/165 21/163/163 131/164/164
f 135/168/168 133/166/166 134/167/167
f 138/171/171 136/169/169 137/170/170
f 140/174/174 137/172/172 139/173/173
f 143/177/177 141/175/175 142/176/176
f 145/180/180 105/178/178 144/179/179
f 126/183/183 146/181/181 62/182/182
f 149/186/186 147/184/184 148/185/185
f 151/189/189 2/187/187 150/188/188
f 152/192/192 142/190/190 141/191/191
f 52/195/195 153/193/193 53/194/194
f 86/198/198 153/196/196 8/197/197
f 155/201/201 42/199/199 154/200/200
f 157/204/204 112/202/202 156/203/203
f 78/207/207 158/205/205 159/206/206
f 158/210/210 131/208/208 134/209/209
f 161/213/213 160/211/211 111/212/212
f 162/216/216 111/214/214 160/215/215
f 18/219/219 22/217/217 7/218/218
f 85/222/222 8/220/220 163/221/221
f 32/225/225 20/223/223 33/224/224
f 166/228/228 164/226/226 165/227/227
f 169/231/231 167/229/229 168/230/230
f 168/234/234 129/232/232 128/233/233
f 95/237/237 7/235/235 9/236/236
f 172/240/240 170/238/238 171/239/239
f 174/243/243 173/241/241 57/242/242
f 115/246/246 175/244/244 116/245/245
f 176/249/249 121/247/247 83/248/248
f 94/252/252 177/250/250 178/251/251
f 181/255/255 179/253/253 180/254/254
f 183/258/258 74/256/256 182/257/257
f 184/261/261 55/259/259 54/260/260
f 109/264/264 107/262/262 110/263/263
f 81/267/267 83/265/265 121/266/266
f 21/270/270 185/268/268 186/269/269
f 189/273/273 187/271/271 188/272/272
f 35/276/276 190/274/274 36/275/275
f 114/279/279 18/277/277 115/278/278
f 23/282/282 191/280/280 24/281/281
f 141/285/285 143/283/283 192/284/284
f 194/288/288 193/286/286 28/287/287
f 55/291/291 195/289/289 56/290/290
f 196/294/294 56/292/292 195/293/293
f 111/297/297 197/295/295 161/296/296
f 197/300/300 111/298/298 198/299/299
f 201/303/303 199/301/301 200/302/302
f 178/306/306 177/304/304 199/305/305
f 202/309/309 120/307/307 119/308/308
f 170/312/312 172/310/310 203/311/311
f 140/315/315 165/313/313 164/314/314
f 140/318/318 138/316/316 137/317/317
f 118/321/321 52/319/319 51/320/320
f 194/324/324 108/322/322 117/323/323
f 64/327/327 68/325/325 65/326/326
f 205/330/330 204/328/328 147/329/329
f 206/333/333 182/331/331 74/332/332
f 207/336/336 155/334/334 157/335/335
f 181/339/339 15/337/337 179/338/338
f 204/342/342 205/340/340 208/341/341
f 57/345/345 61/343/343 174/344/344
f 209/348/348 35/346/346 34/347/347
f 136/351/351 138/349/349 46/350/350
f 131/354/354 158/352/352 132/353/353
f 58/357/357 210/355/355 59/356/356
f 18/360/360 17/358/358 115/359/359
f 106/363/363 110/361/361 107/362/362
f 144/366/366 211/364/364 145/365/365
f 133/369/369 135/367/367 212/368/368
f 44/372/372 213/370/370 77/371/371
f 54/375/375 214/373/373 184/374/374
f 215/378/378 184/376/376 214/377/377
f 102/381/381 216/379/379 217/380/380
f 104/384/384 125/382/382 218/383/383
f 85/387/387 219/385/385 86/386/386
f 221/390/390 166/388/388 220/389/389
f 125/393/393 80/391/391 79/392/392
f 76/396/396 139/394/394 124/395/395
f 222/399/399 188/397/397 187/398/398
f 96/402/402 59/400/400 97/401/401
f 10/405/405 131/403/403 21/404/404
f 10/408/408 212/406/406 223/407/407
f 100/411/411 102/409/409 101/410/410
f 159/414/414 158/412/412 134/413/413
f 220/417/417 20/415/415 221/416/416
f 43/420/420 213/418/418 44/419/419
f 193/423/423 192/421/421 143/422/422
f 211/426/426 144/424/424 117/425/425
f 31/429/429 53/427/427 153/428/428
f 153/432/432 32/430/430 31/431/431
f 226/435/435 224/433/433 225/434/434
f 171/438/438 224/436/436 172/437/437
f 56/441/441 196/439/439 152/440/440
f 48/444/444 152/442/442 49/443/443
f 92/447/447 41/445/445 88/446/446
f 122/450/450 227/448/448 92/449/449
f 129/453/453 168/451/451 167/452/452
f 5/456/456 42/454/454 201/455/455
f 205/459/459 228/457/457 208/458/458
f 62/462/462 205/460/460 60/461/461
f 161/465/465 82/463/463 81/464/464
f 45/468/468 186/466/466 185/467/467
f 101/471/471 218/469/469 99/470/470
f 218/474/474 229/472/472 216/473/473
f 94/477/477 82/475/475 6/476/476
f 6/480/480 197/478/478 198/479/479
f 109/483/483 54/481/481 107/482/482
f 54/486/486 48/484/484 47/485/485
f 22/489/489 24/487/487 162/488/488
f 219/492/492 85/490/490 25/491/491
f 84/495/495 27/493/493 164/494/494
f 27/498/498 46/496/496 138/497/497
f 50/501/501 2/499/499 1/500/500
f 50/504/504 152/502/502 196/503/503
f 5/507/507 93/505/505 6/506/506
f 177/510/510 200/508/508 199/509/509
f 2/513/513 151/511/511 3/512/512
f 122/516/516 120/514/514 123/515/515
f 230/519/519 183/517/517 182/518/518
f 71/522/522 14/520/520 13/521/521
f 199/525/525 201/523/523 169/524/524
f 169/528/528 40/526/526 39/527/527
f 89/531/531 98/529/529 90/530/530
f 231/534/534 95/532/532 9/533/533
f 233/537/537 232/535/535 77/536/536
f 77/540/540 232/538/538 44/539/539
f 170/543/543 91/541/541 171/542/542
f 234/546/546 88/544/544 87/545/545
f 184/549/549 215/547/547 51/548/548
f 194/552/552 51/550/550 215/551/551
f 78/555/555 137/553/553 235/554/554
f 78/558/558 80/556/556 137/557/557
f 147/561/561 149/559/559 66/560/560
f 182/564/564 180/562/562 230/563/563
f 42/567/567 236/565/565 201/566/566
f 73/570/570 71/568/568 70/569/569
f 186/573/573 121/571/571 21/572/572
f 237/576/576 21/574/574 121/575/575
f 34/579/579 168/577/577 209/578/578
f 40/582/582 169/580/580 238/581/581
f 225/585/585 9/583/583 239/584/584
f 52/588/588 118/586/586 30/587/587
f 241/591/591 61/589/589 240/590/590
f 126/594/594 127/592/592 128/593/593
f 143/597/597 28/595/595 193/596/596
f 37/600/600 29/598/598 28/599/599
f 63/603/603 65/601/601 156/602/602
f 182/606/606 206/604/604 67/605/605
f 165/609/609 220/607/607 166/608/608
f 213/612/612 75/610/610 77/611/611
f 222/615/615 36/613/613 190/614/614
f 59/618/618 96/616/616 222/617/617
f 244/621/621 242/619/619 243/620/620
f 110/624/624 211/622/622 117/623/623
f 40/627/627 36/625/625 41/626/626
f 36/630/630 222/628/628 187/629/629
f 4/633/633 6/631/631 198/632/632
f 154/636/636 157/634/634 155/635/635
f 242/639/639 244/637/637 245/638/638
f 105/642/642 145/640/640 246/641/641
f 146/645/645 126/643/643 247/644/644
f 15/648/648 181/646/646 208/647/647
f 1/651/651 38/649/649 50/650/650
f 234/654/654 203/652/652 1/653/653
f 89/657/657 91/655/655 188/656/656
f 188/660/660 222/658/658 89/659/659
f 60/663/663 64/661/661 63/662/662
f 173/666/666 174/664/664 175/665/665
f 81/669/669 248/667/667 249/668/668
f 26/672/672 249/670/670 248/671/671
f 137/675/675 136/673/673 235/674/674
f 158/678/678 136/676/676 132/677/677
f 131/681/681 135/679/679 134/680/680
f 131/684/684 10/682/682 223/683/683
f 241/687/687 128/685/685 127/686/686
f 128/690/690 209/688/688 168/689/689
f 33/693/693 250/691/691 195/692/692
f 31/696/696 33/694/694 195/695/695
f 10/699/699 12/697/697 19/698/698
f 212/702/702 10/700/700 19/701/701
f 190/705/705 35/703/703 57/704/704
f 61/708/708 57/706/706 240/707/707
f 251/711/711 125/709/709 233/710/710
f 125/714/714 103/712/712 233/713/713
f 163/717/717 8/715/715 7/716/716
f 7/720/720 22/718/718 163/719/719
f 132/723/723 136/721/721 46/722/722
f 45/726/726 185/724/724 46/725/725
f 120/729/729 122/727/727 88/728/728
f 92/732/732 88/730/730 122/731/731
f 193/735/735 117/733/733 144/734/734
f 117/738/738 193/736/736 194/737/737
f 73/741/741 70/739/739 236/740/740
f 130/744/744 129/742/742 70/743/743
f 123/747/747 3/745/745 151/746/746
f 21/750/750 237/748/748 11/749/749
f 133/753/753 103/751/751 102/752/752
f 212/756/756 232/754/754 133/755/755
f 47/759/759 49/757/757 105/758/758
f 49/762/762 192/760/760 105/761/761
f 130/765/765 70/763/763 69/764/764
f 69/768/768 247/766/766 126/767/767
f 156/771/771 207/769/769 157/770/770
f 206/774/774 156/772/772 65/773/773
f 79/777/777 218/775/775 125/776/776
f 218/780/780 79/778/778 99/779/779
f 138/783/783 164/781/781 27/782/782
f 164/786/786 138/784/784 140/785/785
f 9/789/789 225/787/787 224/788/788
f 9/792/792 224/790/790 231/791/791
f 153/795/795 86/793/793 32/794/794
f 20/798/798 32/796/796 221/797/797
f 38/801/801 226/799/799 29/800/800
f 225/804/804 29/802/802 226/803/803
f 246/807/807 106/805/805 105/806/806
f 106/810/810 244/808/808 243/809/809
f 14/813/813 179/811/811 15/812/812
f 230/816/816 180/814/814 179/815/815
f 178/819/819 83/817/817 94/818/818
f 82/822/822 94/820/820 83/821/821
f 64/825/825 205/823/823 147/824/824
f 205/828/828 64/826/826 60/827/827
f 22/831/831 18/829/829 23/830/830
f 18/834/834 114/832/832 23/833/833
f 208/837/837 181/835/835 204/836/836
f 181/840/840 149/838/838 148/839/839
f 17/843/843 98/841/841 97/842/842
f 115/846/846 17/844/844 210/845/845
f 229/849/849 217/847/847 216/848/848
f 217/852/852 101/850/850 102/851/851
f 75/855/855 140/853/853 76/854/854
f 139/858/858 76/856/856 140/857/857
f 110/861/861 106/859/859 243/860/860
f 243/864/864 211/862/862 110/863/863
f 183/867/867 230/865/865 252/866/866
f 71/870/870 73/868/868 72/869/869
f 164/873/873 166/871/871 84/872/872
f 166/876/876 221/874/874 219/875/875
f 111/879/879 24/877/877 191/878/878
f 111/882/882 162/880/880 24/881/881
f 8/885/885 239/883/883 9/884/884
f 52/888/888 8/886/886 153/887/887
f 195/891/891 250/889/889 196/890/890
f 250/894/894 50/892/892 196/893/893
f 49/897/897 141/895/895 192/896/896
f 141/900/900 49/898/898 152/899/899
f 178/903/903 39/901/901 92/902/902
f 227/906/906 178/904/904 92/905/905
f 51/909/909 53/907/907 184/908/908
f 55/912/912 184/910/910 53/911/911
f 150/915/915 2/913/913 33/914/914
f 12/918/918 33/916/916 20/917/917
f 80/921/921 253/919/919 137/920/920
f 233/924/924 253/922/922 251/923/923
f 22/927/927 162/925/925 85/926/926
f 163/930/930 22/928/928 85/929/929
f 169/933/933 39/931/931 199/932/932
f 39/936/936 178/934/934 199/935/935
f 102/939/939 134/937/937 133/938/938
f 134/942/942 102/940/940 100/941/941
f 21/945/945 132/943/943 185/944/944
f 132/948/948 46/946/946 185/947/947
f 175/951/951 115/949/949 173/950/950
f 210/954/954 173/952/952 115/953/953
f 17/957/957 95/955/955 98/956/956
f 98/960/960 95/958/958 90/959/959
f 113/963/963 4/961/961 198/962/962
f 111/966/966 113/964/964 198/965/965
f 224/969/969 171/967/967 231/968/968
f 90/972/972 171/970/970 91/971/971
f 19/975/975 44/973/973 212/974/974
f 232/978/978 212/976/976 44/977/977
f 28/981/981 118/979/979 194/980/980
f 51/984/984 194/982/982 118/983/983
f 47/987/987 107/985/985 54/986/986
f 105/990/990 107/988/988 47/989/989
f 69/993/993 126/991/991 130/992/992
f 128/996/996 130/994/994 126/995/995
f 189/999/999 41/997/997 187/998/998
f 187/1002/1002 41/1000/1000 36/1001/1001
f 236/1005/1005 42/1003/1003 73/1004/1004
f 42/1008/1008 155/1006/1006 73/1007/1007
f 195/1011/1011 55/1009/1009 31/1010/1010
f 53/1014/1014 31/1012/1012 55/1013/1013
f 249/1017/1017 26/1015/1015 160/1016/1016
f 26/1020/1020 162/1018/1018 160/1019/1019
f 192/1023/1023 193/1021/1021 144/1022/1022
f 144/1026/1026 105/1024/1024 192/1025/1025
f 142/1029/1029 37/1027/1027 143/1028/1028
f 28/1032/1032 143/1030/1030 37/1031/1031
f 83/1035/1035 227/1033/1033 176/1034/1034
f 83/1038/1038 178/1036/1036 227/1037/1037
f 93/1041/1041 5/1039/1039 200/1040/1040
f 201/1044/1044 200/1042/1042 5/1043/1043
f 82/1047/1047 161/1045/1045 197/1046/1046
f 197/1050/1050 6/1048/1048 82/1049/1049
f 203/1053/1053 234/1051/1051 170/1052/1052
f 234/1056/1056 87/1054/1054 170/1055/1055
f 25/1059/1059 85/1057/1057 162/1058/1058
f 26/1062/1062 25/1060/1060 162/1061/1061
f 189/1065/1065 188/1063/1063 91/1064/1064
f 91/1068/1068 170/1066/1066 87/1067/1067
f 182/1071/1071 67/1069/1069 66/1070/1070
f 149/1074/1074 182/1072/1072 66/1073/1073
f 229/1077/1077 218/1075/1075 101/1076/1076
f 101/1080/1080 217/1078/1078 229/1079/1079
f 226/1083/1083 38/1081/1081 203/1082/1082
f 38/1086/1086 1/1084/1084 203/1085/1085
f 151/1089/1089 11/1087/1087 237/1088/1088
f 11/1092/1092 151/1090/1090 12/1091/1091
f 78/1095/1095 99/1093/1093 79/1094/1094
f 99/1098/1098 78/1096/1096 159/1097/1097
f 220/1101/1101 165/1099/1099 213/1100/1100
f 213/1104/1104 43/1102/1102 220/1103/1103
f 191/1107/1107 156/1105/1105 112/1106/1106
f 191/1110/1110 112/1108/1108 111/1109/1109
f 240/1113/1113 209/1111/1111 241/1112/1112
f 128/1116/1116 241/1114/1114 209/1115/1115
f 156/1119/1119 191/1117/1117 116/1118/1118
f 156/1122/1122 116/1120/1120 63/1121/1121
f 60/1125/1125 175/1123/1123 174/1124/1124
f 174/1128/1128 61/1126/1126 60/1127/1127
f 57/1131/1131 59/1129/1129 190/1130/1130
f 222/1134/1134 190/1132/1132 59/1133/1133
f 248/1137/1137 81/1135/1135 254/1136/1136
f 121/1140/1140 254/1138/1138 81/1139/1139
f 74/1143/1143 73/1141/1141 155/1142/1142
f 155/1146/1146 207/1144/1144 74/1145/1145
f 246/1149/1149 245/1147/1147 244/1148/1148
f 244/1152/1152 106/1150/1150 246/1151/1151
f 37/1155/1155 142/1153/1153 50/1154/1154
f 152/1158/1158 50/1156/1156 142/1157/1157
f 168/1161/1161 34/1159/1159 238/1160/1160
f 168/1164/1164 238/1162/1162 169/1163/1163
f 219/1167/1167 84/1165/1165 166/1166/1166
f 84/1170/1170 219/1168/1168 25/1169/1169
f 86/1173/1173 219/1171/1171 221/1172/1172
f 86/1176/1176 221/1174/1174 32/1175/1175
f 103/1179/1179 133/1177/1177 232/1178/1178
f 232/1182/1182 233/1180/1180 103/1181/1181
f 202/1185/1185 1/1183/1183 3/1184/1184
f 1/1188/1188 202/1186/1186 234/1187/1187
f 54/1191/1191 109/1189/1189 214/1190/1190
f 108/1194/1194 214/1192/1192 109/1193/1193
f 7/1197/1197 16/1195/1195 18/1196/1196
f 7/1200/1200 95/1198/1198 16/1199/1199
f 13/1203/1203 15/1201/1201 247/1202/1202
f 208/1206/1206 247/1204/1204 15/1205/1205
f 8/1209/1209 52/1207/1207 239/1208/1208
f 30/1212/1212 239/1210/1210 52/1211/1211
f 54/1215/1215 56/1213/1213 48/1214/1214
f 152/1218/1218 48/1216/1216 56/1217/1217
f 236/1221/1221 129/1219/1219 167/1220/1220
f 70/1224/1224 129/1222/1222 236/1223/1223
f 66/1227/1227 68/1225/1225 147/1226/1226
f 64/1230/1230 147/1228/1228 68/1229/1229
f 214/1233/1233 108/1231/1231 215/1232/1232
f 108/1236/1236 194/1234/1234 215/1235/1235
f 253/1239/1239 233/1237/1237 124/1238/1238
f 77/1242/1242 124/1240/1240 233/1241/1241
f 247/1245/1245 69/1243/1243 13/1244/1244
f 69/1248/1248 71/1246/1246 13/1247/1247
f 159/1251/1251 100/1249/1249 99/1250/1250
f 159/1254/1254 134/1252/1252 100/1253/1253
f 146/1257/1257 208/1255/1255 228/1256/1256
f 247/1260/1260 208/1258/1258 146/1259/1259
f 123/1263/1263 237/1261/1261 121/1262/1262
f 237/1266/1266 123/1264/1264 151/1265/1265
f 177/1269/1269 94/1267/1267 93/1268/1268
f 200/1272/1272 177/1270/1270 93/1271/1271
f 224/1275/1275 226/1273/1273 172/1274/1274
f 226/1278/1278 203/1276/1276 172/1277/1277
f 67/1281/1281 65/1279/1279 68/1280/1280
f 65/1284/1284 67/1282/1282 206/1283/1283
f 58/1287/1287 57/1285/1285 173/1286/1286
f 173/1290/1290 210/1288/1288 58/1289/1289
f 145/1293/1293 242/1291/1291 245/1292/1292
f 245/1296/1296 246/1294/1294 145/1295/1295
f 42/1299/1299 4/1297/1297 154/1298/1298
f 4/1302/1302 113/1300/1300 154/1301/1301
f 148/1305/1305 147/1303/1303 204/1304/1304
f 204/1308/1308 181/1306/1306 148/1307/1307
f 120/1311/1311 202/1309/1309 3/1310/1310
f 3/1314/1314 123/1312/1312 120/1313/1313
f 201/1317/1317 167/1315/1315 169/1316/1316
f 167/1320/1320 201/1318/1318 236/1319/1319
f 88/1323/1323 234/1321/1321 119/1322/1322
f 119/1326/1326 234/1324/1324 202/1325/1325
f 171/1329/1329 90/1327/1327 231/1328/1328
f 95/1332/1332 231/1330/1330 90/1331/1331
f 240/1335/1335 57/1333/1333 35/1334/1334
f 209/1338/1338 240/1336/1336 35/1337/1337
f 127/1341/1341 61/1339/1339 241/1340/1340
f 62/1344/1344 61/1342/1342 127/1343/1343
f 63/1347/1347 116/1345/1345 175/1346/1346
f 175/1350/1350 60/1348/1348 63/1349/1349
f 165/1353/1353 140/1351/1351 75/1352/1352
f 75/1356/1356 213/1354/1354 165/1355/1355
f 239/1359/1359 30/1357/1357 225/1358/1358
f 29/1362/1362 225/1360/1360 30/1361/1361
f 97/1365/1365 59/1363/1363 210/1364/1364
f 210/1368/1368 17/1366/1366 97/1367/1367
f 135/1371/1371 131/1369/1369 223/1370/1370
f 223/1374/1374 212/1372/1372 135/1373/1373
f 2/1377/1377 50/1375/1375 250/1376/1376
f 250/1380/1380 33/1378/1378 2/1379/1379
f 136/1383/1383 158/1381/1381 235/1382/1382
f 158/1386/1386 78/1384/1384 235/1385/1385
f 186/1389/1389 45/1387/1387 248/1388/1388
f 26/1392/1392 248/1390/1390 45/1391/1391
f 157/1395/1395 154/1393/1393 113/1394/1394
f 112/1398/1398 157/1396/1396 113/1397/1397
f 19/1401/1401 20/1399/1399 43/1400/1400
f 20/1404/1404 220/1402/1402 43/1403/1403
f 121/1407/1407 186/1405/1405 254/1406/1406
f 248/1410/1410 254/1408/1408 186/1409/1409
f 23/1413/1413 114/1411/1411 191/1412/1412
f 114/1416/1416 116/1414/1414 191/1415/1415
f 179/1419/1419 14/1417/1417 230/1418/1418
f 252/1422/1422 230/1420/1420 14/1421/1421
f 149/1425/1425 181/1423/1423 180/1424/1424
f 180/1428/1428 182/1426/1426 149/1427/1427
f 125/1431/1431 251/1429/1429 80/1430/1430
f 253/1434/1434 80/1432/1432 251/1433/1433
f 89/1437/1437 222/1435/1435 96/1436/1436
f 98/1440/1440 89/1438/1438 96/1439/1439
f 156/1443/1443 206/1441/1441 207/1442/1442
f 74/1446/1446 207/1444/1444 206/1445/1445
f 72/1449/1449 252/1447/1447 71/1448/1448
f 14/1452/1452 71/1450/1450 252/1451/1451
f 151/1455/1455 150/1453/1453 12/1454/1454
f 33/1458/1458 12/1456/1456 150/1457/1457
f 216/1461/1461 102/1459/1459 104/1460/1460
f 104/1464/1464 218/1462/1462 216/1463/1463
f 205/1467/1467 62/1465/1465 228/1466/1466
f 228/1470/1470 62/1468/1468 146/1469/1469
f 74/1473/1473 183/1471/1471 72/1472/1472
f 252/1476/1476 72/1474/1474 183/1475/1475
f 34/1479/1479 36/1477/1477 40/1478/1478
f 40/1482/1482 238/1480/1480 34/1481/1481
f 81/1485/1485 249/1483/1483 161/1484/1484
f 160/1488/1488 161/1486/1486 249/1487/1487
f 253/1491/1491 124/1489/1489 139/1490/1490
f 137/1494/1494 253/1492/1492 139/1493/1493
f 242/1497/1497 145/1495/1495 211/1496/1496
f 211/1500/1500 243/1498/1498 242/1499/1499
f 41/1503/1503 189/1501/1501 87/1502/1502
f 91/1506/1506 87/1504/1504 189/1505/1505
f 227/1509/1509 122/1507/1507 176/1508/1508
f 176/1512/1512 122/1510/1510 121/1511/1511
v -1.9303673505783081 0.26857662200927734 0.83179646730422974
v -1.921889066696167 0.19838261604309082 0.83361470699310303
v -1.9095015525817871 0.24532285332679749 0.82441526651382446
v -1.9931553602218628 0.14706641435623169 0.83658450841903687
v -1.992876410484314 0.095723845064640045 0.83570253849029541
v -1.9852391481399536 0.11356929689645767 0.85309183597564697
v -1.941170334815979 0.14354802668094635 0.85333997011184692
v -1.918682336807251 0.11604756116867065 0.83217227458953857
v -1.9049160480499268 0.15386174619197845 0.81815701723098755
v -1.9518224000930786 0.20647229254245758 0.78347688913345337
v -1.9562332630157471 0.24531979858875275 0.79125326871871948
v -1.9332414865493774 0.22894810140132904 0.78425264358520508
v -1.9434963464736938 0.261932373046875 0.84372538328170776
v -1.9605505466461182 0.28627043962478638 0.78661710023880005
v -1.9452090263366699 0.29413872957229614 0.78730875253677368
v -1.9483888149261475 0.27436980605125427 0.78768467903137207
v -1.97662353515625 0.070725217461585999 0.82492929697036743
v -1.9608497619628906 0.070850208401679993 0.83699893951416016
v -1.9688844680786133 0.072428144514560699 0.85593932867050171
v -1.9300904273986816 0.15043234825134277 0.7713932991027832
v -1.9162248373031616 0.18477381765842438 0.78035616874694824
v -1.9130117893218994 0.14921393990516663 0.77965211868286133
v -1.9913516044616699 0.3220272958278656 0.85409349203109741
v -1.9971843957901001 0.30248957872390747 0.85621732473373413
v -1.9898718595504761 0.29901823401451111 0.87462663650512695
v -1.9778417348861694 0.18277727067470551 0.8575584888458252
v -1.9729368686676025 0.23424303531646729 0.85369879007339478
v -1.9843698740005493 0.23387172818183899 0.84186071157455444
v -1.9352425336837769 0.20546628534793854 0.78301888704299927
v -1.8780517578125 0.22668659687042236 0.78399044275283813
v -1.8883882761001587 0.25918680429458618 0.7920418381690979
v -1.8765349388122559 0.2498490959405899 0.80722886323928833
v -1.9395133256912231 0.064964607357978821 0.85193544626235962
v -1.9379770755767822 0.030918288975954056 0.84443140029907227
v -1.9344040155410767 0.048576347529888153 0.83394920825958252
v -1.9494119882583618 0.030569180846214294 0.83918285369873047
v -1.992786169052124 0.2769370973110199 0.87370491027832031
v -1.998786449432373 0.28512519598007202 0.85595142841339111
v -1.9994491338729858 0.26409745216369629 0.85965007543563843
v -1.9794526100158691 0.28165146708488464 0.86493605375289917
v -1.9303034543991089 0.0764450803399086 0.77224266529083252
v -1.9415766000747681 0.076690569519996643 0.78764832019805908
v -1.9699188470840454 0.072945542633533478 0.80321222543716431
v -1.9707845449447632 0.24003158509731293 0.79910629987716675
v -1.9650862216949463 0.18657413125038147 0.79136848449707031
v -1.9781965017318726 0.20155021548271179 0.80848914384841919
v -1.8849390745162964 0.24463066458702087 0.8239632248878479
v -1.8985291719436646 0.27187976241111755 0.82232731580734253
v -1.8685010671615601 0.23581893742084503 0.80387955904006958
v -1.9729244709014893 0.34102490544319153 0.8250231146812439
v -1.9917383193969727 0.31347405910491943 0.8301081657409668
v -1.9797594547271729 0.33367443084716797 0.84364980459213257
v -1.9209496974945068 0.31472223997116089 0.78682404756546021
v -1.9108297824859619 0.29743620753288269 0.81044256687164307
v -1.914263129234314 0.2926880419254303 0.78753829002380371
v -1.9803173542022705 0.38311406970024109 0.84318190813064575
v -1.975650429725647 0.34857076406478882 0.8339543342590332
v -1.9637413024902344 0.35962983965873718 0.84360957145690918
v -1.966718316078186 0.33757466077804565 0.81887835264205933
v -1.9595733880996704 0.37273487448692322 0.80657744407653809
v -1.9518316984176636 0.35970911383628845 0.82136726379394531
v -1.9190266132354736 0.07337486743927002 0.82736331224441528
v -1.9058423042297363 0.095200195908546448 0.82883238792419434
v -1.9356684684753418 0.093708470463752747 0.8512236475944519
v -1.9452129602432251 0.068445749580860138 0.80839866399765015
v -1.8798872232437134 0.19507049024105072 0.80887913703918457
v -1.8702431917190552 0.19903701543807983 0.79911911487579346
v -1.8586074113845825 0.2097247987985611 0.81433236598968506
v -1.9047461748123169 0.16658332943916321 0.79751425981521606
v -1.9368886947631836 0.1786143034696579 0.85120034217834473
v -1.9538131952285767 0.1997465193271637 0.85909372568130493
v -1.9595712423324585 0.16334459185600281 0.86105513572692871
v -1.9726828336715698 0.29595094919204712 0.79232656955718994
v -1.986270546913147 0.2982146143913269 0.80383503437042236
v -1.9886021614074707 0.21796843409538269 0.8239438533782959
v -1.9880266189575195 0.24977625906467438 0.82744038105010986
v -1.9811348915100098 0.23560352623462677 0.81062841415405273
v -1.9438198804855347 0.29754939675331116 0.8509032130241394
v -1.9211825132369995 0.3192865252494812 0.81250983476638794
v -1.9479258060455322 0.3387836217880249 0.83721518516540527
v -1.9258887767791748 0.33088928461074829 0.79735702276229858
v -1.9470572471618652 0.3435940146446228 0.82172119617462158
v -1.9508174657821655 0.31979525089263916 0.85623973608016968
v -1.9667268991470337 0.33448991179466248 0.85911339521408081
v -1.9791046380996704 0.3211304247379303 0.87126564979553223
v -1.9730907678604126 0.26528015732765198 0.85483402013778687
v -1.9761009216308594 0.27720168232917786 0.85950487852096558
v -1.9953024387359619 0.28092443943023682 0.84613972902297974
v -1.9899036884307861 0.3892703652381897 0.8227616548538208
v -1.9916256666183472 0.37044471502304077 0.8216584324836731
v -1.9390960931777954 0.39101085066795349 0.82800120115280151
v -1.9441920518875122 0.37269887328147888 0.82318872213363647
v -1.9412980079650879 0.3246801495552063 0.79184061288833618
v -1.9513037204742432 0.31440871953964233 0.79009848833084106
v -1.9153139591217041 0.071915261447429657 0.80362290143966675
v -1.8985499143600464 0.095473729074001312 0.81040513515472412
v -1.9322395324707031 0.036119174212217331 0.81643342971801758
v -1.9441399574279785 0.038642026484012604 0.80887579917907715
v -1.946008563041687 0.011569103226065636 0.80463975667953491
v -1.9232274293899536 0.076742067933082581 0.78901940584182739
v -1.9414727687835693 0.059479895979166031 0.80213266611099243
v -1.9219661951065063 0.035796388983726501 0.80943834781646729
v -1.9288965463638306 0.013771405443549156 0.81581723690032959
v -1.9192724227905273 0.22183898091316223 0.78136754035949707
v -1.8937370777130127 0.24427065253257751 0.780597984790802
v -1.8949956893920898 0.21311473846435547 0.7771415114402771
v -1.9216126203536987 0.29554551839828491 0.77946162223815918
v -1.904299259185791 0.093979358673095703 0.7931026816368103
v -1.8709793090820312 0.21242994070053101 0.81963998079299927
v -1.8865717649459839 0.21794089674949646 0.82231509685516357
v -1.9355760812759399 0.0098997540771961212 0.83390289545059204
v -1.9513682126998901 0.009549308568239212 0.82699388265609741
v -1.9856476783752441 0.24960769712924957 0.84256100654602051
v -1.9957602024078369 0.28150838613510132 0.81265681982040405
v -1.9095509052276611 0.074070774018764496 0.77942478656768799
v -1.9101922512054443 0.27048563957214355 0.78620755672454834
v -1.9131659269332886 0.24882324039936066 0.77868759632110596
v -1.9111459255218506 0.24012754857540131 0.76899963617324829
v -1.934279203414917 0.27469375729560852 0.78106844425201416
v -1.9329749345779419 0.29427948594093323 0.78205102682113647
v -1.9539391994476318 0.00075313542038202286 0.79293495416641235
v -1.94798743724823 0.011846829205751419 0.78628790378570557
v -1.9593968391418457 0.0031998981721699238 0.77366125583648682
v -1.9320144653320312 0.0053518177010118961 0.7896915078163147
v -1.9585249423980713 0.28657576441764832 0.86033767461776733
v -1.9798122644424438 0.095987163484096527 0.78959333896636963
v -1.9817918539047241 0.15052290260791779 0.80059552192687988
v -1.9599366188049316 0.097974672913551331 0.76969397068023682
v -1.9911304712295532 0.11198734492063522 0.81142795085906982
v -1.9193223714828491 0.055734332650899887 0.81512093544006348
v -1.925470232963562 0.058598209172487259 0.80116558074951172
v -1.9387892484664917 0.019833013415336609 0.79591095447540283
v -1.9486720561981201 0.39623722434043884 0.8404279351234436
v -1.9598392248153687 0.40841078758239746 0.82249021530151367
v -1.9732927083969116 0.40261489152908325 0.84097617864608765
v -1.9406787157058716 0.38747024536132812 0.84664672613143921
v -1.9565116167068481 0.39114993810653687 0.85157543420791626
v -1.9618487358093262 0.37476053833961487 0.85090780258178711
v -1.9414502382278442 0.36941236257553101 0.84414863586425781
v -1.9679757356643677 0.15228806436061859 0.78539168834686279
v -1.9502929449081421 0.17039775848388672 0.77938312292098999
v -1.9409880638122559 -0.0052801468409597874 0.83779865503311157
v -1.9681261777877808 -0.0053323898464441299 0.82749879360198975
v -1.9553624391555786 0.013767357915639877 0.8368944525718689
v -1.9567064046859741 0.00053687917534261942 0.84573006629943848
v -1.9337315559387207 -0.0031313835643231869 0.84588688611984253
v -1.9030458927154541 0.18201437592506409 0.79510349035263062
v -1.9060389995574951 0.18950648605823517 0.77679902315139771
v -1.885098934173584 0.19080594182014465 0.78836739063262939
v -1.9810943603515625 0.35069888830184937 0.81118482351303101
v -1.9353138208389282 0.074226625263690948 0.82367908954620361
v -1.9436150789260864 0.031149275600910187 0.82845163345336914
v -1.9513585567474365 0.065592318773269653 0.82264000177383423
v -1.9649046659469604 0.1284809410572052 0.86062860488891602
v -1.9444622993469238 0.11200721561908722 0.85911500453948975
v -1.953548789024353 0.39139193296432495 0.80925023555755615
v -1.9820048809051514 0.37134331464767456 0.80416601896286011
v -1.9786568880081177 0.38845616579055786 0.80216920375823975
v -1.9972075223922729 0.21834994852542877 0.84752905368804932
v -2.009476900100708 0.19686740636825562 0.84490734338760376
v -2.0041115283966064 0.2301982045173645 0.85430049896240234
v -1.9930413961410522 0.25672760605812073 0.87165862321853638
v -2.0018775463104248 0.2042277455329895 0.85127508640289307
v -1.9821878671646118 0.1467360258102417 0.85565841197967529
v -1.9724820852279663 0.096170000731945038 0.86315703392028809
v -1.9621336460113525 0.3031068742275238 0.86791700124740601
v -1.986383318901062 0.25111332535743713 0.86045324802398682
v -1.9765410423278809 0.28582170605659485 0.79166704416275024
v -1.9750100374221802 0.25628232955932617 0.8014911413192749
v -1.9630759954452515 0.26270425319671631 0.79258477687835693
v -1.9495474100112915 -0.0053871823474764824 0.77680164575576782
v -1.9353185892105103 -0.0054227933287620544 0.8065754771232605
v -1.9300388097763062 0.28579270839691162 0.83155065774917603
v -1.8681342601776123 0.2128562331199646 0.79177755117416382
v -1.9119424819946289 0.27624362707138062 0.77824705839157104
v -1.9188661575317383 0.23479054868221283 0.75774705410003662
v -1.9202451705932617 0.19935144484043121 0.75651097297668457
v -1.9230726957321167 0.19905532896518707 0.7454378604888916
v -1.9183551073074341 0.2221168726682663 0.75283020734786987
v -1.92786705493927 0.22233562171459198 0.76238024234771729
v -1.9235994815826416 0.23407773673534393 0.76980125904083252
v -1.9287862777709961 0.21235710382461548 0.75608104467391968
v -2.0032126903533936 0.29270181059837341 0.82638061046600342
v -1.9211441278457642 0.095348477363586426 0.76869237422943115
v -1.9448256492614746 0.11893831938505173 0.76450121402740479
v -1.9745610952377319 0.0028770514763891697 0.81997388601303101
v -1.9260733127593994 0.18959406018257141 0.7546391487121582
v -1.9320970773696899 0.19215492904186249 0.74736064672470093
v -1.915736198425293 0.18573310971260071 0.75059455633163452
v -1.99117112159729 0.18220314383506775 0.84224754571914673
v -1.9066911935806274 0.19455559551715851 0.81380915641784668
v -1.9011260271072388 0.22876465320587158 0.82279324531555176
v -1.9003292322158813 0.25258433818817139 0.78326267004013062
v -1.8931236267089844 0.28101450204849243 0.81202304363250732
v -1.9539676904678345 0.21973302960395813 0.85629385709762573
v -1.9571359157562256 0.25548091530799866 0.8517681360244751
v -1.963529109954834 0.34634369611740112 0.84414070844650269
v -1.9742816686630249 0.40070059895515442 0.80639612674713135
v -1.98305344581604 0.40293750166893005 0.82426911592483521
v -1.9465354681015015 0.080357834696769714 0.86011546850204468
v -1.9623674154281616 0.080932974815368652 0.86517345905303955
v -1.9804894924163818 0.070586562156677246 0.85194152593612671
v -1.9881895780563354 0.077742382884025574 0.85448205471038818
v -1.9938427209854126 0.079653404653072357 0.83801937103271484
v -1.9458862543106079 0.004869652446359396 0.77297145128250122
v -2.0015010833740234 0.20275530219078064 0.83804166316986084
v -1.9986718893051147 0.18386413156986237 0.83397889137268066
v -2.0101747512817383 0.17657642066478729 0.83989644050598145
v -1.9942982196807861 0.14894701540470123 0.81671643257141113
v -1.9205887317657471 0.24038137495517731 0.78061789274215698
v -1.926874041557312 0.2594657838344574 0.77815288305282593
v -1.9220825433731079 0.26348748803138733 0.76711422204971313
v -1.9861581325531006 0.35516399145126343 0.82279694080352783
v -1.9572466611862183 0.069956235587596893 0.8581920862197876
v -1.866426944732666 0.22478803992271423 0.82039374113082886
v -1.9745879173278809 0.0031343819573521614 0.82793760299682617
v -1.9257290363311768 0.11594057828187943 0.77027827501296997
v -1.9503922462463379 0.13631711900234222 0.77085161209106445
v -1.9103132486343384 0.11355847865343094 0.77991867065429688
v -1.9159306287765503 0.27694597840309143 0.82176470756530762
v -1.911927342414856 0.2916034460067749 0.82103908061981201
v -1.9431250095367432 0.073789931833744049 0.76051932573318481
v -1.9794607162475586 0.077034100890159607 0.79231017827987671
v -1.9956750869750977 0.074449896812438965 0.81680452823638916
v -1.9304603338241577 0.056661795824766159 0.81926059722900391
v -1.9567735195159912 -0.0055664516985416412 0.77711111307144165
v -1.8934719562530518 0.19459772109985352 0.77683311700820923
v -1.8789193630218506 0.2007586658000946 0.78552091121673584
v -1.9129912853240967 0.22665403783321381 0.7659379243850708
v -1.9158089160919189 0.21461936831474304 0.76064491271972656
v -1.9572572708129883 0.23737947642803192 0.85214048624038696
v -1.9374899864196777 0.22109025716781616 0.8482939600944519
v -1.858109712600708 0.22293910384178162 0.80796456336975098
v -1.9501957893371582 0.35617825388908386 0.83637309074401855
v -1.9392117261886597 0.10015624761581421 0.76191878318786621
v -1.9548892974853516 0.096444994211196899 0.86327546834945679
v -1.9227931499481201 0.27912062406539917 0.77342790365219116
v -1.9381146430969238 0.2525608241558075 0.78755652904510498
v -1.9990378618240356 0.29913488030433655 0.84010982513427734
v -1.8929414749145508 0.18372794985771179 0.79880386590957642
v -1.9975641965866089 0.29802390933036804 0.81583762168884277
v -1.9334310293197632 0.31380438804626465 0.78551757335662842
v -1.8844648599624634 0.20810189843177795 0.77832627296447754
v -1.9258134365081787 -0.0053908242844045162 0.81283789873123169
v -1.9295439720153809 0.13438047468662262 0.7720072865486145
v -1.9761509895324707 0.070968165993690491 0.85897058248519897
v -1.979175329208374 0.077955715358257294 0.86471223831176758
v -2.0051441192626953 0.18708950281143188 0.84776425361633301
v -1.9221248626708984 0.18951921164989471 0.74282509088516235
vt 0.53471434116363525 0.76915109157562256
vt 0.62464213371276855 0.76915109157562256
vt 0.62464213371276855 0.83261126279830933
vt 0.38455680012702942 0.76070708036422729
vt 0.44956782460212708 0.76070708036422729
vt 0.44956782460212708 0.79417794942855835
vt 0.41327881813049316 0
vt 0.41327881813049316 0.051645796746015549
vt 0.35855004191398621 0.051645796746015549
vt 0.54139739274978638 0.28741365671157837
vt 0.59259450435638428 0.28741365671157837
vt 0.59259450435638428 0.32476228475570679
vt 0.38309195637702942 0.7078850269317627
vt 0.38309195637702942 0.79872244596481323
vt 0.36022841930389404 0.79872244596481323
vt 0.97783827781677246 0.5595470666885376
vt 0.99853515625 0.5595470666885376
vt 0.99853515625 0.58526778221130371
vt 0.12939924001693726 0.41945868730545044
vt 0.12939924001693726 0.44496816396713257
vt 0.10289765894412994 0.44496816396713257
vt 0.38455680012702942 0.7078850269317627
vt 0.43349498510360718 0.7078850269317627
vt 0.43349498510360718 0.7537505030632019
vt 0.0720815509557724 0.037714030593633652
vt 0.098410427570343018 0.037714030593633652
vt 0.098410427570343018 0.063542276620864868
vt 0 0.57526087760925293
vt 0.066345930099487305 0.57526087760925293
vt 0.066345930099487305 0.59640318155288696
vt 0.81226992607116699 0.72828686237335205
vt 0.81226992607116699 0.75859600305557251
vt 0.79239344596862793 0.75859600305557251
vt 0.91333752870559692 0.50451874732971191
vt 0.95687800645828247 0.50451874732971191
vt 0.95687800645828247 0.53201484680175781
vt 0.85574811697006226 0.091482296586036682
vt 0.90056771039962769 0.091482296586036682
vt 0.90056771039962769 0.11825212836265564
vt 0.31079795956611633 0.25886788964271545
vt 0.34509176015853882 0.25886788964271545
vt 0.34509176015853882 0.31272017955780029
vt 0.23226934671401978 0.4804251492023468
vt 0.23226934671401978 0.50669068098068237
vt 0.20483504235744476 0.50669068098068237
vt 0.13025197386741638 0.67271631956100464
vt 0.13025197386741638 0.70015060901641846
vt 0.10250956565141678 0.70015060901641846
vt 0.61645722389221191 0.6263962984085083
vt 0.61645722389221191 0.65091580152511597
vt 0.57465147972106934 0.65091580152511597
vt 0.56843322515487671 0.69337379932403564
vt 0.56843322515487671 0.76313120126724243
vt 0.53471434116363525 0.76313120126724243
vt 0.23935492336750031 0.39417099952697754
vt 0.23935492336750031 0.43333530426025391
vt 0.20270170271396637 0.43333530426025391
vt 0.67293465137481689 0.78546720743179321
vt 0.69267505407333374 0.78546720743179321
vt 0.69267505407333374 0.81613528728485107
vt 0.1710280179977417 0.45300653576850891
vt 0.1710280179977417 0.49634888768196106
vt 0.13767535984516144 0.49634888768196106
vt 0.96509987115859985 0.32073691487312317
vt 0.96509987115859985 0.36051073670387268
vt 0.93473589420318604 0.36051073670387268
vt 0.76001256704330444 0.45036736130714417
vt 0.80632269382476807 0.45036736130714417
vt 0.80632269382476807 0.47464609146118164
vt 0.90081864595413208 0.18974612653255463
vt 0.94924616813659668 0.18974612653255463
vt 0.94924616813659668 0.21694059669971466
vt 0.20528008043766022 0
vt 0.23808278143405914 0
vt 0.23808278143405914 0.047938220202922821
vt 0.71082550287246704 0.28525632619857788
vt 0.75263124704360962 0.28525632619857788
vt 0.75263124704360962 0.31431102752685547
vt 0.76001256704330444 0.38722306489944458
vt 0.77835631370544434 0.38722306489944458
vt 0.77835631370544434 0.4153924286365509
vt 0.18354088068008423 0.41102439165115356
vt 0.18354088068008423 0.44473826885223389
vt 0.13767535984516144 0.44473826885223389
vt 0.077874086797237396 0.27484580874443054
vt 0.11409386247396469 0.27484580874443054
vt 0.11409386247396469 0.32224607467651367
vt 0.5648270845413208 0.41684436798095703
vt 0.59132868051528931 0.41684436798095703
vt 0.59132868051528931 0.45113816857337952
vt 0.061551053076982498 0.70687884092330933
vt 0.083238966763019562 0.70687884092330933
vt 0.083238966763019562 0.76653861999511719
vt 0.91333752870559692 0.38722306489944458
vt 0.95444196462631226 0.38722306489944458
vt 0.95444196462631226 0.41681849956512451
vt 0.067810773849487305 0.57526087760925293
vt 0.13149845600128174 0.57526087760925293
vt 0.13149845600128174 0.6283036470413208
vt 0.5215410590171814 0.36742287874221802
vt 0.5215410590171814 0.41050639748573303
vt 0.47443577647209167 0.41050639748573303
vt 0.13317152857780457 0.66352736949920654
vt 0.15999743342399597 0.66352736949920654
vt 0.15999743342399597 0.69164693355560303
vt 0.78473347425460815 0.048379376530647278
vt 0.80162620544433594 0.048379376530647278
vt 0.80162620544433594 0.078804276883602142
vt 0.03138970211148262 0.77543348073959351
vt 0.060086209326982498 0.77543348073959351
vt 0.060086209326982498 0.79975408315658569
vt 0.10788045823574066 0.75763273239135742
vt 0.13170668482780457 0.75763273239135742
vt 0.13170668482780457 0.7867085337638855
vt 0.13441723585128784 0.45319610834121704
vt 0.13441723585128784 0.50365406274795532
vt 0.1077578142285347 0.50365406274795532
vt 0.51490271091461182 0.6569858193397522
vt 0.51490271091461182 0.69190895557403564
vt 0.45103266835212708 0.69190895557403564
vt 0.84449636936187744 0.091482296586036682
vt 0.84449636936187744 0.1224001944065094
vt 0.80635303258895874 0.1224001944065094
vt 0.18375334143638611 0.36709791421890259
vt 0.20123685896396637 0.36709791421890259
vt 0.20123685896396637 0.40237319469451904
vt 0.6894802451133728 0.61222803592681885
vt 0.6894802451133728 0.64861857891082764
vt 0.67546069622039795 0.64861857891082764
vt 0.78684765100479126 0
vt 0.80281561613082886 0
vt 0.80281561613082886 0.029032003134489059
vt 0.23420949280261993 0.20112316310405731
vt 0.27787330746650696 0.20112316310405731
vt 0.27787330746650696 0.24141551554203033
vt 0.25944232940673828 0.80322742462158203
vt 0.27393943071365356 0.80322742462158203
vt 0.27393943071365356 0.82962316274642944
vt 0.34194102883338928 0
vt 0.34194102883338928 0.09342106431722641
vt 0.31079795956611633 0.09342106431722641
vt 0.18169108033180237 0.66352736949920654
vt 0.18169108033180237 0.69214504957199097
vt 0.16146227717399597 0.69214504957199097
vt 0.73203957080841064 0.1914992481470108
vt 0.73203957080841064 0.24119551479816437
vt 0.71082550287246704 0.24119551479816437
vt 0.22932632267475128 0.06026044487953186
vt 0.2454918771982193 0.06026044487953186
vt 0.2454918771982193 0.10508003085851669
vt 0.95373493432998657 0.14140304923057556
vt 0.99607419967651367 0.14140304923057556
vt 0.99607419967651367 0.1716306060552597
vt 0.61990219354629517 0.45620828866958618
vt 0.61990219354629517 0.51667511463165283
vt 0.59030675888061523 0.51667511463165283
vt 0.85637944936752319 0
vt 0.88844674825668335 0
vt 0.88844674825668335 0.03174692764878273
vt 0.15358614921569824 0
vt 0.18730002641677856 0
vt 0.18730002641677856 0.09342106431722641
vt 0.73149263858795166 0.44847726821899414
vt 0.73149263858795166 0.47817423939704895
vt 0.71457302570343018 0.47817423939704895
vt 0.25767534971237183 0.80322742462158203
vt 0.25767534971237183 0.82846921682357788
vt 0.24262030422687531 0.82846921682357788
vt 0.48337486386299133 0.57207989692687988
vt 0.501659095287323 0.57207989692687988
vt 0.501659095287323 0.59513109922409058
vt 0 0.27484580874443054
vt 0.035480085760354996 0.27484580874443054
vt 0.035480085760354996 0.32320508360862732
vt 0.19394116103649139 0.1829199343919754
vt 0.21954680979251862 0.1829199343919754
vt 0.21954680979251862 0.19981266558170319
vt 0.62610697746276855 0.56018179655075073
vt 0.67277240753173828 0.56018179655075073
vt 0.67277240753173828 0.58451014757156372
vt 0.53324949741363525 0.69337379932403564
vt 0.53324949741363525 0.76340711116790771
vt 0.45103266835212708 0.76340711116790771
vt 0.67510223388671875 0.49906823039054871
vt 0.71269607543945312 0.49906823039054871
vt 0.71269607543945312 0.56501966714859009
vt 0.90081864595413208 0.32073691487312317
vt 0.92839884757995605 0.32073691487312317
vt 0.92839884757995605 0.34066471457481384
vt 0.48337486386299133 0.59659594297409058
vt 0.53521156311035156 0.59659594297409058
vt 0.53521156311035156 0.61313933134078979
vt 0.4065496027469635 0.48027297854423523
vt 0.4378688633441925 0.48027297854423523
vt 0.4378688633441925 0.51056569814682007
vt 0.69095063209533691 0.14246350526809692
vt 0.71276581287384033 0.14246350526809692
vt 0.71276581287384033 0.16461744904518127
vt 0.30696168541908264 0.37607213854789734
vt 0.33502066135406494 0.37607213854789734
vt 0.33502066135406494 0.41079303622245789
vt 0.073341652750968933 0.51763606071472168
vt 0.10178264975547791 0.51763606071472168
vt 0.10178264975547791 0.54107010364532471
vt 0 0.45319610834121704
vt 0.071876809000968933 0.45319610834121704
vt 0.071876809000968933 0.5363694429397583
vt 0.99837249517440796 0.60604822635650635
vt 0.99837249517440796 0.67859208583831787
vt 0.96047729253768921 0.67859208583831787
vt 0.39590200781822205 0.61600375175476074
vt 0.42297670245170593 0.61600375175476074
vt 0.42297670245170593 0.65328395366668701
vt 0.81164592504501343 0.65426480770111084
vt 0.81164592504501343 0.67477065324783325
vt 0.78176426887512207 0.67477065324783325
vt 0.055285792797803879 0.030004870146512985
vt 0.055285792797803879 0.055696077644824982
vt 0.02451549656689167 0.055696077644824982
vt 0.13317152857780457 0.76780408620834351
vt 0.16664846241474152 0.76780408620834351
vt 0.16664846241474152 0.81305515766143799
vt 0.32086220383644104 0.45022973418235779
vt 0.36086168885231018 0.45022973418235779
vt 0.36086168885231018 0.49894291162490845
vt 0.10104472190141678 0.64131230115890503
vt 0.10104472190141678 0.66474157571792603
vt 0.086503863334655762 0.66474157571792603
vt 0.27370166778564453 0.51500242948532104
vt 0.27370166778564453 0.5395362377166748
vt 0.25885456800460815 0.5395362377166748
vt 0.9697192907333374 0.28252294659614563
vt 0.99600154161453247 0.28252294659614563
vt 0.99600154161453247 0.3284735381603241
vt 0.71433329582214355 0.72751623392105103
vt 0.71433329582214355 0.7612910270690918
vt 0.67293465137481689 0.7612910270690918
vt 0.50986480712890625 0.28552591800689697
vt 0.50986480712890625 0.32692456245422363
vt 0.46169233322143555 0.32692456245422363
vt 0.54870378971099854 0.18045172095298767
vt 0.54870378971099854 0.20929931104183197
vt 0.51738452911376953 0.20929931104183197
vt 0.67146980762481689 0.72751623392105103
vt 0.67146980762481689 0.7565467357635498
vt 0.65039306879043579 0.7565467357635498
vt 0.76358616352081299 0.61222803592681885
vt 0.76358616352081299 0.64417952299118042
vt 0.71858036518096924 0.64417952299118042
vt 0.33049798011779785 0.15201018750667572
vt 0.33049798011779785 0.22522592544555664
vt 0.31079795956611633 0.22522592544555664
vt 0.58282631635665894 0.51813995838165283
vt 0.58282631635665894 0.56716728210449219
vt 0.53992265462875366 0.56716728210449219
vt 0.41563361883163452 0.25886788964271545
vt 0.41563361883163452 0.29117786884307861
vt 0.37288638949394226 0.29117786884307861
vt 0.86214041709899902 0.54358941316604614
vt 0.89775979518890381 0.54358941316604614
vt 0.89775979518890381 0.57567393779754639
vt 0.66789871454238892 0.14147110283374786
vt 0.66789871454238892 0.16756147146224976
vt 0.64967161417007446 0.16756147146224976
vt 0.25411319732666016 0.06026044487953186
vt 0.2910819947719574 0.06026044487953186
vt 0.2910819947719574 0.10029011219739914
vt 0.39292991161346436 0.053110640496015549
vt 0.39292991161346436 0.077892109751701355
vt 0.35855004191398621 0.077892109751701355
vt 0.20053437352180481 0.54238331317901611
vt 0.20053437352180481 0.56878572702407837
vt 0.17150236666202545 0.56878572702407837
vt 0.48337486386299133 0.61460417509078979
vt 0.50478667020797729 0.61460417509078979
vt 0.50478667020797729 0.6555209755897522
vt 0.39590200781822205 0.57207989692687988
vt 0.44033798575401306 0.57207989692687988
vt 0.44033798575401306 0.61124414205551147
vt 0.10411686450242996 0.21659733355045319
vt 0.13816145062446594 0.21659733355045319
vt 0.13816145062446594 0.26737013459205627
vt 0.71457302570343018 0.55424970388412476
vt 0.75486534833908081 0.55424970388412476
vt 0.75486534833908081 0.58482480049133301
vt 0.77876603603363037 0.28525632619857788
vt 0.77876603603363037 0.3134256899356842
vt 0.75848674774169922 0.3134256899356842
vt 0.46169233322143555 0.26516097784042358
vt 0.50958454608917236 0.26516097784042358
vt 0.50958454608917236 0.28397998213768005
vt 0.90593874454498291 0.09446600079536438
vt 0.92062151432037354 0.09446600079536438
vt 0.92062151432037354 0.12615372240543365
vt 0.095938146114349365 0.16138754785060883
vt 0.095938146114349365 0.1800505667924881
vt 0.079280667006969452 0.1800505667924881
vt 0.83747804164886475 0.74020212888717651
vt 0.85267961025238037 0.74020212888717651
vt 0.85267961025238037 0.75751572847366333
vt 0.32875660061836243 0.6341281533241272
vt 0.35999780893325806 0.6341281533241272
vt 0.35999780893325806 0.6926228404045105
vt 0.4944012463092804 0.18045172095298767
vt 0.4944012463092804 0.20678059756755829
vt 0.46169233322143555 0.20678059756755829
vt 0.49809932708740234 0.034898072481155396
vt 0.52646791934967041 0.034898072481155396
vt 0.52646791934967041 0.06225869432091713
vt 0.96086055040359497 0.38722306489944458
vt 0.99471372365951538 0.38722306489944458
vt 0.99471372365951538 0.46056473255157471
vt 0.22096261382102966 0.06026044487953186
vt 0.22096261382102966 0.10621102154254913
vt 0.20528008043766022 0.10621102154254913
vt 0.71457302570343018 0.38722306489944458
vt 0.75029242038726807 0.38722306489944458
vt 0.75029242038726807 0.40196588635444641
vt 0.83507102727890015 0.4148523211479187
vt 0.83507102727890015 0.42964592576026917
vt 0.81373476982116699 0.42964592576026917
vt 0.36466321349143982 0.36237841844558716
vt 0.38459283113479614 0.36237841844558716
vt 0.38459283113479614 0.38300371170043945
vt 0.44416174292564392 0.39069655537605286
vt 0.44416174292564392 0.41217091679573059
vt 0.40167737007141113 0.41217091679573059
vt 0.69248384237289429 0.44753929972648621
vt 0.69248384237289429 0.47511950135231018
vt 0.67150062322616577 0.47511950135231018
vt 0.30542099475860596 0.7078850269317627
vt 0.30542099475860596 0.77481871843338013
vt 0.27564093470573425 0.77481871843338013
vt 0.39403203129768372 0.57207989692687988
vt 0.39403203129768372 0.63901358842849731
vt 0.36794951558113098 0.63901358842849731
vt 0.34234818816184998 0.80170828104019165
vt 0.34234818816184998 0.83414560556411743
vt 0.27564093470573425 0.83414560556411743
vt 0.27564093470573425 0.33032539486885071
vt 0.30494141578674316 0.33032539486885071
vt 0.30494141578674316 0.40015313029289246
vt 0.26066070795059204 0
vt 0.29035767912864685 0
vt 0.29035767912864685 0.026520950719714165
vt 0.81373476982116699 0.65771597623825073
vt 0.85222434997558594 0.65771597623825073
vt 0.85222434997558594 0.69013386964797974
vt 0.54438704252243042 0.092599868774414062
vt 0.57078278064727783 0.092599868774414062
vt 0.57078278064727783 0.10765489935874939
vt 0.36475560069084167 0.57207989692687988
vt 0.36475560069084167 0.61809670925140381
vt 0.32020726799964905 0.61809670925140381
vt 0.53667640686035156 0.6263962984085083
vt 0.56752979755401611 0.6263962984085083
vt 0.56752979755401611 0.69190895557403564
vt 0.42491784691810608 0.61600375175476074
vt 0.44928562641143799 0.61600375175476074
vt 0.44928562641143799 0.65746700763702393
vt 0.66672432422637939 0
vt 0.6872594952583313 0
vt 0.6872594952583313 0.023429285734891891
vt 0.03138970211148262 0.80571866035461426
vt 0.059509247541427612 0.80571866035461426
vt 0.059509247541427612 0.83171272277832031
vt 0.85345834493637085 0
vt 0.85345834493637085 0.053042814135551453
vt 0.80635303258895874 0.053042814135551453
vt 0.92647916078567505 0.23589660227298737
vt 0.94924616813659668 0.23589660227298737
vt 0.94924616813659668 0.26337146759033203
vt 0.83712434768676758 0.50018560886383057
vt 0.83712434768676758 0.52591681480407715
vt 0.81373476982116699 0.52591681480407715
vt 0.0720815509557724 0
vt 0.10223458707332611 0
vt 0.10223458707332611 0.022541560232639313
vt 0.11611133813858032 0.099333561956882477
vt 0.13746996223926544 0.099333561956882477
vt 0.13746996223926544 0.11750005185604095
vt 0.71662956476211548 0.78546720743179321
vt 0.71662956476211548 0.79935646057128906
vt 0.69413989782333374 0.79935646057128906
vt 0.7033698558807373 0.68878525495529175
vt 0.7033698558807373 0.71135830879211426
vt 0.67546069622039795 0.71135830879211426
vt 0.62610697746276855 0.38722306489944458
vt 0.66848862171173096 0.38722306489944458
vt 0.66848862171173096 0.41838961839675903
vt 0.68927031755447388 0.23820741474628448
vt 0.68927031755447388 0.26328921318054199
vt 0.67020136117935181 0.26328921318054199
vt 0.38455680012702942 0.79925459623336792
vt 0.44956782460212708 0.79925459623336792
vt 0.44956782460212708 0.83297348022460938
vt 0.53667640686035156 0.57207989692687988
vt 0.62464213371276855 0.57207989692687988
vt 0.62464213371276855 0.6249314546585083
vt 0.29934835433959961 0.45022973418235779
vt 0.31939736008644104 0.45022973418235779
vt 0.31939736008644104 0.49548083543777466
vt 0.39187115430831909 0.17894800007343292
vt 0.39187115430831909 0.20461201667785645
vt 0.37557563185691833 0.20461201667785645
vt 0.23209589719772339 0.11221936345100403
vt 0.26848644018173218 0.11221936345100403
vt 0.26848644018173218 0.13443422317504883
vt 0.85020279884338379 0.77266854047775269
vt 0.85020279884338379 0.80794382095336914
vt 0.81373476982116699 0.80794382095336914
vt 0.27417609095573425 0.39417099952697754
vt 0.27417609095573425 0.43707466125488281
vt 0.24081976711750031 0.43707466125488281
vt 0.30696168541908264 0.33032539486885071
vt 0.35436195135116577 0.33032539486885071
vt 0.35436195135116577 0.36815714836120605
vt 0.9608231782913208 0.72206795215606689
vt 0.9608231782913208 0.7477337121963501
vt 0.93699133396148682 0.7477337121963501
vt 0.049890514463186264 0.24652367830276489
vt 0.067141629755496979 0.24652367830276489
vt 0.067141629755496979 0.27061405777931213
vt 0.57515430450439453 0.69337379932403564
vt 0.61763864755630493 0.69337379932403564
vt 0.61763864755630493 0.7490343451499939
vt 0.66978132724761963 0.14246350526809692
vt 0.68911552429199219 0.14246350526809692
vt 0.68911552429199219 0.16745132207870483
vt 0.13518345355987549 0.33032539486885071
vt 0.13518345355987549 0.37688249349594116
vt 0.10410168766975403 0.37688249349594116
vt 0.047207947820425034 0.37508335709571838
vt 0.066125646233558655 0.37508335709571838
vt 0.066125646233558655 0.40616512298583984
vt 0.23829430341720581 0.24585463106632233
vt 0.28464421629905701 0.24585463106632233
vt 0.28464421629905701 0.32194259762763977
vt 0.35482406616210938 0.7078850269317627
vt 0.35482406616210938 0.75144857168197632
vt 0.30688583850860596 0.75144857168197632
vt 0.031907834112644196 0.67590045928955078
vt 0.066345930099487305 0.67590045928955078
vt 0.066345930099487305 0.69710570573806763
vt 0.23420949280261993 0.16138754785060883
vt 0.25572541356086731 0.16138754785060883
vt 0.25572541356086731 0.17832973599433899
vt 0.31114605069160461 0.6341281533241272
vt 0.31114605069160461 0.65756720304489136
vt 0.27564093470573425 0.65756720304489136
vt 0.12327305227518082 0.70687884092330933
vt 0.12327305227518082 0.74238389730453491
vt 0.084703810513019562 0.74238389730453491
vt 0.44709107279777527 0.51526445150375366
vt 0.4860805869102478 0.51526445150375366
vt 0.4860805869102478 0.5406109094619751
vt 0.76337796449661255 0.50479048490524292
vt 0.80236750841140747 0.50479048490524292
vt 0.80236750841140747 0.53510981798171997
vt 0.073341652750968933 0.54836857318878174
vt 0.10444581508636475 0.54836857318878174
vt 0.10444581508636475 0.56887441873550415
vt 0.60990267992019653 0.11272743344306946
vt 0.60990267992019653 0.15000760555267334
vt 0.58608853816986084 0.15000760555267334
vt 0.92501431703567505 0.23589660227298737
vt 0.92501431703567505 0.26180821657180786
vt 0.90081864595413208 0.26180821657180786
vt 0.86067557334899902 0.50018560886383057
vt 0.86067557334899902 0.52735668420791626
vt 0.83858919143676758 0.52735668420791626
vt 0.45103266835212708 0.80546802282333374
vt 0.49888172745704651 0.80546802282333374
vt 0.49888172745704651 0.82750034332275391
vt 0.54472678899765015 0
vt 0.59780150651931763 0
vt 0.59780150651931763 0.031476233154535294
vt 0.57465147972106934 0.65955579280853271
vt 0.61623638868331909 0.65955579280853271
vt 0.61623638868331909 0.68456226587295532
vt 0.33568206429481506 0.50857037305831909
vt 0.33568206429481506 0.53648144006729126
vt 0.32008332014083862 0.53648144006729126
vt 0.15612789988517761 0.33032539486885071
vt 0.15612789988517761 0.39507016539573669
vt 0.13767535984516144 0.39507016539573669
vt 0.37288638949394226 0.29264271259307861
vt 0.42193731665611267 0.29264271259307861
vt 0.42193731665611267 0.32886055111885071
vt 0.10641561448574066 0.75763273239135742
vt 0.10641561448574066 0.78932040929794312
vt 0.084703810513019562 0.78932040929794312
vt 0.030442990362644196 0.64078521728515625
vt 0.030442990362644196 0.69151383638381958
vt 0 0.69151383638381958
vt 0.13767535984516144 0.51112258434295654
vt 0.16847088932991028 0.51112258434295654
vt 0.16847088932991028 0.5618511438369751
vt 0.10139176249504089 0.33032539486885071
vt 0.10139176249504089 0.37307265400886536
vt 0.067590489983558655 0.37307265400886536
vt 0.23869186639785767 0.76851701736450195
vt 0.23869186639785767 0.81472080945968628
vt 0.20522098243236542 0.81472080945968628
vt 0.45103266835212708 0.57207989692687988
vt 0.48191002011299133 0.57207989692687988
vt 0.48191002011299133 0.64183723926544189
vt 0.56920278072357178 0.11272743344306946
vt 0.56920278072357178 0.14849688112735748
vt 0.54438704252243042 0.14849688112735748
vt 0.40167737007141113 0.41989347338676453
vt 0.42254358530044556 0.41989347338676453
vt 0.42254358530044556 0.44148457050323486
vt 0.78338271379470825 0.1914992481470108
vt 0.80488818883895874 0.1914992481470108
vt 0.80488818883895874 0.21815867722034454
vt 0.76606035232543945 0.78639525175094604
vt 0.76606035232543945 0.81316643953323364
vt 0.74267071485519409 0.81316643953323364
vt 0.83531302213668823 0.60604822635650635
vt 0.83531302213668823 0.63390851020812988
vt 0.81373476982116699 0.63390851020812988
vt 0.62610697746276855 0.28931325674057007
vt 0.64598619937896729 0.28931325674057007
vt 0.64598619937896729 0.31540361046791077
vt 0.50034654140472412 0.76487195491790771
vt 0.53324949741363525 0.76487195491790771
vt 0.53324949741363525 0.83662289381027222
vt 0.85365968942642212 0.18974612653255463
vt 0.89935380220413208 0.18974612653255463
vt 0.89935380220413208 0.24824081361293793
vt 0.86274230480194092 0.38722306489944458
vt 0.90963250398635864 0.38722306489944458
vt 0.90963250398635864 0.44688290357589722
vt 0.23666693270206451 0.33032539486885071
vt 0.2715086042881012 0.33032539486885071
vt 0.2715086042881012 0.37095382809638977
vt 0.56276911497116089 0.24073357880115509
vt 0.56276911497116089 0.28136202692985535
vt 0.54139739274978638 0.28136202692985535
vt 0.35684046149253845 0.50857037305831909
vt 0.35684046149253845 0.53810417652130127
vt 0.34209766983985901 0.53810417652130127
vt 0.24262030422687531 0.76851701736450195
vt 0.27215412259101868 0.76851701736450195
vt 0.27215412259101868 0.79479926824569702
vt 0.36466321349143982 0.41920611262321472
vt 0.38177096843719482 0.41920611262321472
vt 0.38177096843719482 0.44328981637954712
vt 0.015858979895710945 0
vt 0.015858979895710945 0.04500579833984375
vt 0 0.04500579833984375
vt 0.51211333274841309 0.45620828866958618
vt 0.53719508647918701 0.45620828866958618
vt 0.53719508647918701 0.47331604361534119
vt 0.95094406604766846 0.14762882888317108
vt 0.95094406604766846 0.17273285984992981
vt 0.90593874454498291 0.17273285984992981
vt 0.10289765894412994 0.39189919829368591
vt 0.13531552255153656 0.39189919829368591
vt 0.13531552255153656 0.41273742914199829
vt 0.51854497194290161 0.33032539486885071
vt 0.51854497194290161 0.36595803499221802
vt 0.47443577647209167 0.36595803499221802
vt 0.85046225786209106 0.14414706826210022
vt 0.85046225786209106 0.17091690003871918
vt 0.80635303258895874 0.17091690003871918
vt 0.023114653304219246 0.33032539486885071
vt 0.023114653304219246 0.38417768478393555
vt 0 0.38417768478393555
vt 0.1037839949131012 0.080926977097988129
vt 0.1037839949131012 0.11670411378145218
vt 0.080669336020946503 0.11670411378145218
vt 0.86083942651748657 0.38722306489944458
vt 0.86083942651748657 0.41362479329109192
vt 0.83675688505172729 0.41362479329109192
vt 0.41447016596794128 0.12547697126865387
vt 0.43855267763137817 0.12547697126865387
vt 0.43855267763137817 0.13991425931453705
vt 0.67003577947616577 0.44376459717750549
vt 0.67003577947616577 0.45632427930831909
vt 0.64831018447875977 0.45632427930831909
vt 0.38449203968048096 0.41920611262321472
vt 0.39931905269622803 0.41920611262321472
vt 0.39931905269622803 0.44711530208587646
vt 0.91333752870559692 0.44472947716712952
vt 0.93227964639663696 0.44472947716712952
vt 0.93227964639663696 0.47549977898597717
vt 0.73752248287200928 0.80902892351150513
vt 0.73752248287200928 0.824512779712677
vt 0.71858036518096924 0.824512779712677
vt 0.082693204283714294 0.21659733355045319
vt 0.082693204283714294 0.24205224215984344
vt 0.049890514463186264 0.24205224215984344
vt 0.22393094003200531 0.29080584645271301
vt 0.22393094003200531 0.32254284620285034
vt 0.19847603142261505 0.32254284620285034
vt 0.66557890176773071 0.46755468845367432
vt 0.66557890176773071 0.48419186472892761
vt 0.64831018447875977 0.48419186472892761
vt 0.78854161500930786 0.69046175479888916
vt 0.80635321140289307 0.69046175479888916
vt 0.80635321140289307 0.70912480354309082
vt 0.36290401220321655 0.45022973418235779
vt 0.40063396096229553 0.45022973418235779
vt 0.40063396096229553 0.47389307618141174
vt 0.8888554573059082 0.60604822635650635
vt 0.9119269847869873 0.60604822635650635
vt 0.9119269847869873 0.65939080715179443
vt 0.25356319546699524 0.18019630014896393
vt 0.25356319546699524 0.19904640316963196
vt 0.23420949280261993 0.19904640316963196
vt 0.66673386096954346 0.1914992481470108
vt 0.66673386096954346 0.2191697359085083
vt 0.64788377285003662 0.2191697359085083
vt 0.067810773849487305 0.67434155941009521
vt 0.082809530198574066 0.67434155941009521
vt 0.082809530198574066 0.6974218487739563
vt 0.59972566366195679 0.54397845268249512
vt 0.6228058934211731 0.54397845268249512
vt 0.6228058934211731 0.55966097116470337
vt 0.20642261207103729 0.20369739830493927
vt 0.20642261207103729 0.24129125475883484
vt 0.15737169981002808 0.24129125475883484
vt 0.26791396737098694 0.16138754785060883
vt 0.29528981447219849 0.16138754785060883
vt 0.29528981447219849 0.18954050540924072
vt 0.31798017024993896 0.67424023151397705
vt 0.31798017024993896 0.69390016794204712
vt 0.27564093470573425 0.69390016794204712
vt 0.80063855648040771 0.099079899489879608
vt 0.80063855648040771 0.12704972922801971
vt 0.75953412055969238 0.12704972922801971
vt 0.40375953912734985 0.17722927033901215
vt 0.43324467539787292 0.17722927033901215
vt 0.43324467539787292 0.20461201667785645
vt 0.36290401220321655 0.47859823703765869
vt 0.39319673180580139 0.47859823703765869
vt 0.39319673180580139 0.50808334350585938
vt 0.36466321349143982 0.33032539486885071
vt 0.39654403924942017 0.33032539486885071
vt 0.39654403924942017 0.35916063189506531
vt 0.46169233322143555 0.21015015244483948
vt 0.49357315897941589 0.21015015244483948
vt 0.49357315897941589 0.23726361989974976
vt 0.27564093470573425 0.4798349142074585
vt 0.29788351058959961 0.4798349142074585
vt 0.29788351058959961 0.50005072355270386
vt 0.46169233322143555 0.24073357880115509
vt 0.4816022515296936 0.24073357880115509
vt 0.4816022515296936 0.26328936219215393
vt 0.82993978261947632 0.23776803910732269
vt 0.82993978261947632 0.26295056939125061
vt 0.80635303258895874 0.26295056939125061
vt 0.88982981443405151 0.77812618017196655
vt 0.91106730699539185 0.77812618017196655
vt 0.91106730699539185 0.80853581428527832
vt 0.13317152857780457 0.57526087760925293
vt 0.16938360035419464 0.57526087760925293
vt 0.16938360035419464 0.61488193273544312
vt 0.62610697746276855 0.49906823039054871
vt 0.66572803258895874 0.49906823039054871
vt 0.66572803258895874 0.52763503789901733
vt 0.55963671207427979 0.41684436798095703
vt 0.55963671207427979 0.44892889261245728
vt 0.52971118688583374 0.44892889261245728
vt 0.99709749221801758 0.052087772637605667
vt 0.99709749221801758 0.078585676848888397
vt 0.95563423633575439 0.078585676848888397
vt 0.99729853868484497 0.09446600079536438
vt 0.99729853868484497 0.12381440401077271
vt 0.95373493432998657 0.12381440401077271
vt 0.64746558666229248 0.14147110283374786
vt 0.64746558666229248 0.16372174024581909
vt 0.62610697746276855 0.16372174024581909
vt 0.52971118688583374 0.3930964469909668
vt 0.57369518280029297 0.3930964469909668
vt 0.57369518280029297 0.41378560662269592
vt 0.20483504235744476 0.45300653576850891
vt 0.23894663155078888 0.45300653576850891
vt 0.23894663155078888 0.47383424639701843
vt 0.41447016596794128 0.10614639520645142
vt 0.43653777241706848 0.10614639520645142
vt 0.43653777241706848 0.12401213496923447
vt 0.20740726590156555 0.64426887035369873
vt 0.20740726590156555 0.6752316951751709
vt 0.18315592408180237 0.6752316951751709
vt 0.43744847178459167 0.68492871522903442
vt 0.43744847178459167 0.70539748668670654
vt 0.41505467891693115 0.70539748668670654
vt 0.90593874454498291 0.051502633839845657
vt 0.95238304138183594 0.051502633839845657
vt 0.95238304138183594 0.075396500527858734
vt 0.48539689183235168 0.092560969293117523
vt 0.48539689183235168 0.10946247726678848
vt 0.46141815185546875 0.10946247726678848
vt 0.22090932726860046 0.70652848482131958
vt 0.22090932726860046 0.72706365585327148
vt 0.20522098243236542 0.72706365585327148
vt 0.82177925109863281 0.20578290522098541
vt 0.83669191598892212 0.20578290522098541
vt 0.83669191598892212 0.22571250796318054
vt 0.53521156311035156 0.63784843683242798
vt 0.53521156311035156 0.65226805210113525
vt 0.50625151395797729 0.65226805210113525
vt 0.68997865915298462 0.091968923807144165
vt 0.68997865915298462 0.11706867814064026
vt 0.66978132724761963 0.11706867814064026
vt 0.50772827863693237 0.11092732101678848
vt 0.50772827863693237 0.14913187921047211
vt 0.46141815185546875 0.14913187921047211
vt 0.76673215627670288 0.69046175479888916
vt 0.78215146064758301 0.69046175479888916
vt 0.78215146064758301 0.71188998222351074
vt 0.83798456192016602 0.44209802150726318
vt 0.85972470045089722 0.44209802150726318
vt 0.85972470045089722 0.47301593422889709
vt 0.52904593944549561 0.57207989692687988
vt 0.52904593944549561 0.59381997585296631
vt 0.50842481851577759 0.59381997585296631
vt 0.52850896120071411 0
vt 0.52850896120071411 0.025413038209080696
vt 0.49809932708740234 0.025413038209080696
vt 0.35855004191398621 0.079356953501701355
vt 0.39226648211479187 0.079356953501701355
vt 0.39226648211479187 0.10468155145645142
vt 0.20270170271396637 0.33032539486885071
vt 0.23306566476821899 0.33032539486885071
vt 0.23306566476821899 0.37688249349594116
vt 0.13317152857780457 0.64426887035369873
vt 0.18106372654438019 0.64426887035369873
vt 0.18106372654438019 0.6570855975151062
vt 0.71182990074157715 0
vt 0.71182990074157715 0.022214869037270546
vt 0.69010084867477417 0.022214869037270546
vt 0.85219484567642212 0.23776803910732269
vt 0.85219484567642212 0.26613664627075195
vt 0.83140462636947632 0.26613664627075195
vt 0.30688583850860596 0.75674283504486084
vt 0.35876357555389404 0.75674283504486084
vt 0.35876357555389404 0.79683578014373779
vt 0.95245373249053955 0.65982925891876221
vt 0.95245373249053955 0.69226664304733276
vt 0.9133918285369873 0.69226664304733276
vt 0.58501690626144409 0.51813995838165283
vt 0.59826081991195679 0.51813995838165283
vt 0.59826081991195679 0.57061505317687988
vt 0.93108540773391724 0.026339700445532799
vt 0.95015770196914673 0.026339700445532799
vt 0.95015770196914673 0.040333941578865051
vt 0.62610697746276855 0.091968923807144165
vt 0.6476515531539917 0.091968923807144165
vt 0.6476515531539917 0.11386565864086151
vt 0.23209589719772339 0.13735489547252655
vt 0.27039790153503418 0.13735489547252655
vt 0.27039790153503418 0.15859502553939819
vt 0.41489133238792419 0.20607686042785645
vt 0.41489133238792419 0.25740304589271545
vt 0.34339317679405212 0.25740304589271545
vt 0.95071101188659668 0.18974612653255463
vt 0.99853515625 0.18974612653255463
vt 0.99853515625 0.24524770677089691
vt 0.49614423513412476 0.51526445150375366
vt 0.53779596090316772 0.51526445150375366
vt 0.53779596090316772 0.56787562370300293
vt 0 0.080926977097988129
vt 0.052611134946346283 0.080926977097988129
vt 0.052611134946346283 0.14596155285835266
vt 0.81373476982116699 0.55022722482681274
vt 0.85721731185913086 0.55022722482681274
vt 0.85721731185913086 0.5805363655090332
vt 0.37937289476394653 0.39069655537605286
vt 0.37937289476394653 0.4163440465927124
vt 0.36466321349143982 0.4163440465927124
vt 0.44520348310470581 0.5436590313911438
vt 0.44520348310470581 0.56922674179077148
vt 0.40823468565940857 0.56922674179077148
vt 0.24092413485050201 0.54696100950241089
vt 0.25627297163009644 0.54696100950241089
vt 0.25627297163009644 0.56868606805801392
vt 0.31522884964942932 0.50857037305831909
vt 0.31522884964942932 0.55934309959411621
vt 0.27564093470573425 0.55934309959411621
vt 0.95311135053634644 0.55210691690444946
vt 0.95311135053634644 0.58327382802963257
vt 0.91333752870559692 0.58327382802963257
vt 0.26066070795059204 0.029988739639520645
vt 0.29009935259819031 0.029988739639520645
vt 0.29009935259819031 0.05675993487238884
vt 0.90081864595413208 0.35505193471908569
vt 0.93025732040405273 0.35505193471908569
vt 0.93025732040405273 0.37373471260070801
vt 0.17790970206260681 0.33032539486885071
vt 0.20116332173347473 0.33032539486885071
vt 0.20116332173347473 0.354693204164505
vt 0.85574811697006226 0.13763363659381866
vt 0.8956371545791626 0.13763363659381866
vt 0.8956371545791626 0.16786119341850281
vt 0.54375505447387695 0.21166910231113434
vt 0.56203931570053101 0.21166910231113434
vt 0.56203931570053101 0.23453164100646973
vt 0.66931182146072388 0.77867329120635986
vt 0.66931182146072388 0.80457562208175659
vt 0.64644932746887207 0.80457562208175659
vt 0.31079795956611633 0.10614639520645142
vt 0.34867054224014282 0.10614639520645142
vt 0.34867054224014282 0.12401556968688965
vt 0.44159612059593201 0.45022973418235779
vt 0.44159612059593201 0.47725695371627808
vt 0.4065496027469635 0.47725695371627808
vt 0.95051491260528564 0.28252294659614563
vt 0.95051491260528564 0.30538356304168701
vt 0.90081864595413208 0.30538356304168701
vt 0.78176426887512207 0.61222803592681885
vt 0.81164592504501343 0.61222803592681885
vt 0.81164592504501343 0.63604217767715454
vt 0.16763800382614136 0.70652848482131958
vt 0.16763800382614136 0.7267836332321167
vt 0.13317152857780457 0.7267836332321167
vt 0.66672432422637939 0.044925522059202194
vt 0.68697947263717651 0.044925522059202194
vt 0.68697947263717651 0.069459311664104462
vt 0.60552871227264404 0.24073357880115509
vt 0.60552871227264404 0.27501469850540161
vt 0.57998919486999512 0.27501469850540161
vt 0.027171088382601738 0.80447924137115479
vt 0.027171088382601738 0.83039087057113647
vt 0 0.83039087057113647
vt 0.59592521190643311 0.42728441953659058
vt 0.62164586782455444 0.42728441953659058
vt 0.62164586782455444 0.4443875253200531
vt 0.049890514463186264 0.16138754785060883
vt 0.066051289439201355 0.16138754785060883
vt 0.066051289439201355 0.18044380843639374
vt 0.10591065883636475 0.51763606071472168
vt 0.13621051609516144 0.51763606071472168
vt 0.13621051609516144 0.56275761127471924
vt 0.27417609095573425 0.70652848482131958
vt 0.27417609095573425 0.75165003538131714
vt 0.23971733450889587 0.75165003538131714
vt 0.73135524988174438 0.049664519727230072
vt 0.73135524988174438 0.078456155955791473
vt 0.71483641862869263 0.078456155955791473
vt 0.99567222595214844 0
vt 0.99567222595214844 0.032569009810686111
vt 0.98198145627975464 0.032569009810686111
vt 0.95671176910400391 0.44472947716712952
vt 0.95671176910400391 0.47306632995605469
vt 0.93609064817428589 0.47306632995605469
vt 0.64450031518936157 0.1914992481470108
vt 0.64450031518936157 0.21983608603477478
vt 0.62610697746276855 0.21983608603477478
vt 0.062575951218605042 0.64078521728515625
vt 0.062575951218605042 0.66482222080230713
vt 0.031907834112644196 0.66482222080230713
vt 0.18364875018596649 0.310921311378479
vt 0.18364875018596649 0.32592314481735229
vt 0.15737169981002808 0.32592314481735229
vt 0.43748658895492554 0.15201018750667572
vt 0.43748658895492554 0.17576442658901215
vt 0.40375953912734985 0.17576442658901215
vt 0.16910284757614136 0.70652848482131958
vt 0.19550527632236481 0.70652848482131958
vt 0.19550527632236481 0.73243081569671631
vt 0.9133918285369873 0.7792593240737915
vt 0.95917230844497681 0.7792593240737915
vt 0.95917230844497681 0.80752062797546387
vt 0.80488818883895874 0.23926128447055817
vt 0.80488818883895874 0.26493442058563232
vt 0.75946438312530518 0.26493442058563232
vt 0.78375077247619629 0.14616289734840393
vt 0.8043937087059021 0.14616289734840393
vt 0.8043937087059021 0.17309512197971344
vt 0.71483641862869263 0.099079899489879608
vt 0.73547929525375366 0.099079899489879608
vt 0.73547929525375366 0.12349461019039154
vt 0.82875192165374756 0.33590951561927795
vt 0.82875192165374756 0.36173775792121887
vt 0.80635303258895874 0.36173775792121887
vt 0.59972566366195679 0.51813995838165283
vt 0.62464213371276855 0.51813995838165283
vt 0.62464213371276855 0.53255957365036011
vt 0.67179524898529053 0.28931325674057007
vt 0.70651620626449585 0.28931325674057007
vt 0.70651620626449585 0.32003858685493469
vt 0.39787507057189941 0.66250604391098022
vt 0.39787507057189941 0.69323134422302246
vt 0.36794951558113098 0.69323134422302246
vt 0.27564093470573425 0.42181885242462158
vt 0.35172891616821289 0.42181885242462158
vt 0.35172891616821289 0.44531416893005371
vt 0.35822668671607971 0.54394108057022095
vt 0.35822668671607971 0.56743639707565308
vt 0.32008332014083862 0.56743639707565308
vt 0.66430103778839111 0.067980334162712097
vt 0.66430103778839111 0.080227963626384735
vt 0.64678698778152466 0.080227963626384735
vt 0.90802490711212158 0.71783596277236938
vt 0.90802490711212158 0.74841231107711792
vt 0.86182111501693726 0.74841231107711792
vt 0.20775459706783295 0.11221936345100403
vt 0.20775459706783295 0.14079773426055908
vt 0.18467740714550018 0.14079773426055908
vt 0.80406397581100464 0.33587223291397095
vt 0.80406397581100464 0.364450603723526
vt 0.78272771835327148 0.364450603723526
vt 0.27564093470573425 0.45022973418235779
vt 0.29742270708084106 0.45022973418235779
vt 0.29742270708084106 0.47105744481086731
vt 0.91187268495559692 0.50018560886383057
vt 0.91187268495559692 0.52248173952102661
vt 0.86214041709899902 0.52248173952102661
vt 0.85850429534912109 0.33328324556350708
vt 0.87870156764984131 0.33328324556350708
vt 0.87870156764984131 0.35761538147926331
vt 0.68755108118057251 0.3405144214630127
vt 0.68755108118057251 0.3685438334941864
vt 0.67179524898529053 0.3685438334941864
vt 0.83815675973892212 0.18974612653255463
vt 0.85219484567642212 0.18974612653255463
vt 0.85219484567642212 0.21084506809711456
vt 0.10104472190141678 0.67434155941009521
vt 0.10104472190141678 0.69544053077697754
vt 0.084274373948574066 0.69544053077697754
vt 0.53992265462875366 0.45620828866958618
vt 0.58157438039779663 0.45620828866958618
vt 0.58157438039779663 0.47638574242591858
vt 0.035337790846824646 0.058526545763015747
vt 0.035337790846824646 0.078703977167606354
vt 0 0.078703977167606354
vt 0.31079795956611633 0.12548041343688965
vt 0.32745543122291565 0.12548041343688965
vt 0.32745543122291565 0.14055298268795013
vt 0.64391857385635376 0.44376459717750549
vt 0.64391857385635376 0.46030202507972717
vt 0.62610697746276855 0.46030202507972717
vt 0.67342948913574219 0.61222803592681885
vt 0.67342948913574219 0.67069584131240845
vt 0.62610697746276855 0.67069584131240845
vt 0.44709107279777527 0.41197124123573303
vt 0.4944135844707489 0.41197124123573303
vt 0.4944135844707489 0.43014854192733765
vt 0.9030449390411377 0.054076924920082092
vt 0.9030449390411377 0.076036490499973297
vt 0.85637944936752319 0.076036490499973297
vt 0.15737169981002808 0.16138754785060883
vt 0.18062533438205719 0.16138754785060883
vt 0.18062533438205719 0.19911749660968781
vt 0.69254666566848755 0.23820741474628448
vt 0.70814543962478638 0.23820741474628448
vt 0.70814543962478638 0.26887553930282593
vt 0.31722581386566162 0.60476362705230713
vt 0.31722581386566162 0.62805187702178955
vt 0.27564093470573425 0.62805187702178955
vt 0.23802147805690765 0.61066186428070068
vt 0.23802147805690765 0.63458466529846191
vt 0.20887210965156555 0.63458466529846191
vt 0.46141815185546875 0
vt 0.48534095287322998 0
vt 0.48534095287322998 0.066707238554954529
vt 0.21845720708370209 0.16138754785060883
vt 0.21845720708370209 0.17889405786991119
vt 0.19394116103649139 0.17889405786991119
vt 0.82856178283691406 0.74020212888717651
vt 0.82856178283691406 0.75770866870880127
vt 0.81373476982116699 0.75770866870880127
vt 0.71858036518096924 0.72828686237335205
vt 0.73938721418380737 0.72828686237335205
vt 0.73938721418380737 0.75924968719482422
vt 0.71694427728652954 0.61222803592681885
vt 0.71694427728652954 0.63303488492965698
vt 0.6909450888633728 0.63303488492965698
vt 0.88706660270690918 0.77812618017196655
vt 0.88706660270690918 0.80370688438415527
vt 0.86182111501693726 0.80370688438415527
vt 0.75946438312530518 0.1914992481470108
vt 0.78191787004470825 0.1914992481470108
vt 0.78191787004470825 0.21707995235919952
vt 0.99853515625 0.72206795215606689
vt 0.99853515625 0.79461181163787842
vt 0.9622880220413208 0.79461181163787842
vt 0.16871735453605652 0.11221936345100403
vt 0.16871735453605652 0.15570192039012909
vt 0.15358614921569824 0.15570192039012909
vt 0.59592521190643311 0.3930964469909668
vt 0.61763697862625122 0.3930964469909668
vt 0.61763697862625122 0.41331228613853455
vt 0.7347758412361145 0.33730965852737427
vt 0.75648760795593262 0.33730965852737427
vt 0.75648760795593262 0.36516991257667542
vt 0.256783127784729 0.51500242948532104
vt 0.256783127784729 0.53785896301269531
vt 0.24092413485050201 0.53785896301269531
vt 0.41505467891693115 0.66250604391098022
vt 0.43791121244430542 0.66250604391098022
vt 0.43791121244430542 0.6824989914894104
vt 0.74199390411376953 0.72828686237335205
vt 0.76468271017074585 0.72828686237335205
vt 0.76468271017074585 0.75672787427902222
vt 0.93552649021148682 0.72206795215606689
vt 0.93552649021148682 0.74954283237457275
vt 0.9133918285369873 0.74954283237457275
vt 0.049890108406543732 0.33032539486885071
vt 0.065830759704113007 0.33032539486885071
vt 0.065830759704113007 0.36537191271781921
vt 0.64427345991134644 0.069194391369819641
vt 0.64427345991134644 0.079478763043880463
vt 0.62610697746276855 0.079478763043880463
vt 0.61937874555587769 0.33032539486885071
vt 0.61937874555587769 0.3850114643573761
vt 0.58218556642532349 0.3850114643573761
vt 0.44709107279777527 0.45620828866958618
vt 0.48718401789665222 0.45620828866958618
vt 0.48718401789665222 0.51089435815811157
vt 0.18547055125236511 0.51112258434295654
vt 0.18547055125236511 0.53622657060623169
vt 0.17150236666202545 0.53622657060623169
vt 0.76673215627670288 0.61222803592681885
vt 0.78029942512512207 0.61222803592681885
vt 0.78029942512512207 0.65589183568954468
vt 0.70936065912246704 0.3405144214630127
vt 0.70936065912246704 0.36265730857849121
vt 0.68901592493057251 0.36265730857849121
vt 0.83502888679504395 0.47398486733436584
vt 0.83502888679504395 0.48821106553077698
vt 0.81373476982116699 0.48821106553077698
vt 0.13170668482780457 0.64131230115890503
vt 0.13170668482780457 0.66539603471755981
vt 0.11739816516637802 0.66539603471755981
vt 0.53287237882614136 0.21166910231113434
vt 0.53287237882614136 0.23852722346782684
vt 0.51738452911376953 0.23852722346782684
vt 0.44029572606086731 0.053110640496015549
vt 0.44029572606086731 0.079674921929836273
vt 0.41126516461372375 0.079674921929836273
vt 0.68723487854003906 0.1914992481470108
vt 0.68723487854003906 0.21952837705612183
vt 0.67020136117935181 0.21952837705612183
vt 0.20483504235744476 0.51500242948532104
vt 0.23945929110050201 0.51500242948532104
vt 0.23945929110050201 0.55948388576507568
vt 0.40603262186050415 0.51394611597061157
vt 0.40603262186050415 0.55842757225036621
vt 0.36290401220321655 0.55842757225036621
vt 0.53325563669204712 0.48321899771690369
vt 0.53325563669204712 0.50351560115814209
vt 0.51211333274841309 0.50351560115814209
vt 0.3630530834197998 0.15201018750667572
vt 0.3630530834197998 0.17230677604675293
vt 0.34339317679405212 0.17230677604675293
vt 0.41126516461372375 0.081139765679836273
vt 0.4439740777015686 0.081139765679836273
vt 0.4439740777015686 0.10468155145645142
vt 0 0.60280692577362061
vt 0.025006629526615143 0.60280692577362061
vt 0.025006629526615143 0.62992042303085327
vt 0.1412653923034668 0
vt 0.1412653923034668 0.064744748175144196
vt 0.11869341880083084 0.064744748175144196
vt 0.85879093408584595 0.60604822635650635
vt 0.85879093408584595 0.63340884447097778
vt 0.83677786588668823 0.63340884447097778
vt 0.71457302570343018 0.50479048490524292
vt 0.761260986328125 0.50479048490524292
vt 0.761260986328125 0.53087300062179565
vt 0.080669336020946503 0.12064577639102936
vt 0.12735728919506073 0.12064577639102936
vt 0.12735728919506073 0.15734437108039856
vt 0.15759274363517761 0.33032539486885071
vt 0.17644485831260681 0.33032539486885071
vt 0.17644485831260681 0.35985568165779114
vt 0.45103266835212708 0.76487195491790771
vt 0.48933467268943787 0.76487195491790771
vt 0.48933467268943787 0.79229176044464111
vt 0.73350441455841064 0.23865526914596558
vt 0.75799953937530518 0.23865526914596558
vt 0.75799953937530518 0.26032817363739014
vt 0.20323091745376587 0.51112258434295654
vt 0.20323091745376587 0.5327954888343811
vt 0.18693539500236511 0.5327954888343811
vt 0.46169233322143555 0.15201018750667572
vt 0.5281682014465332 0.15201018750667572
vt 0.5281682014465332 0.1782926470041275
vt 0.13585659861564636 0.16138754785060883
vt 0.13585659861564636 0.20951163768768311
vt 0.10957413166761398 0.20951163768768311
vt 0.18708314001560211 0.74182164669036865
vt 0.20375613868236542 0.74182164669036865
vt 0.20375613868236542 0.7608906626701355
vt 0.024797271937131882 0.33032539486885071
vt 0.047395430505275726 0.33032539486885071
vt 0.047395430505275726 0.3549703061580658
vt 0.76337796449661255 0.56405508518218994
vt 0.81155043840408325 0.56405508518218994
vt 0.81155043840408325 0.58869999647140503
vt 0.39993646740913391 0.10614639520645142
vt 0.39993646740913391 0.13298866152763367
vt 0.38462921977043152 0.13298866152763367
vt 0.71483641862869263 0.14676888287067413
vt 0.7347642183303833 0.14676888287067413
vt 0.7347642183303833 0.17361114919185638
vt 0.8873906135559082 0.60604822635650635
vt 0.8873906135559082 0.65180802345275879
vt 0.86025577783584595 0.65180802345275879
vt 0.52971118688583374 0.33032539486885071
vt 0.57414716482162476 0.33032539486885071
vt 0.57414716482162476 0.37608522176742554
vt 0.032836735248565674 0.41477793455123901
vt 0.055890142917633057 0.41477793455123901
vt 0.055890142917633057 0.4287247359752655
vt 0.64684534072875977 0.47376635670661926
vt 0.64684534072875977 0.48771312832832336
vt 0.62610697746276855 0.48771312832832336
vt 0.81373476982116699 0.71783596277236938
vt 0.85707712173461914 0.71783596277236938
vt 0.85707712173461914 0.72989624738693237
vt 0.74120587110519409 0.78639525175094604
vt 0.74120587110519409 0.79845547676086426
vt 0.71858036518096924 0.79845547676086426
vt 0.67150062322616577 0.38722306489944458
vt 0.70670169591903687 0.38722306489944458
vt 0.70670169591903687 0.4223763644695282
vt 0.95834285020828247 0.50451874732971191
vt 0.99349617958068848 0.50451874732971191
vt 0.99349617958068848 0.53892642259597778
vt 0.71082550287246704 0.33730965852737427
vt 0.73275649547576904 0.33730965852737427
vt 0.73275649547576904 0.34955728054046631
vt 0.73420065641403198 0.44847726821899414
vt 0.7564513087272644 0.44847726821899414
vt 0.7564513087272644 0.47107544541358948
vt 0.40021252632141113 0.39069655537605286
vt 0.40021252632141113 0.41060644388198853
vt 0.38083773851394653 0.41060644388198853
vt 0.97637343406677246 0.5595470666885376
vt 0.97637343406677246 0.58862292766571045
vt 0.95834285020828247 0.58862292766571045
vt 0.81373476982116699 0.44209802150726318
vt 0.83120626211166382 0.44209802150726318
vt 0.83120626211166382 0.45941162109375
vt 0.75695306062698364 0.025141704827547073
vt 0.75695306062698364 0.039429806172847748
vt 0.73948150873184204 0.039429806172847748
vt 0.61089473962783813 0.072470635175704956
vt 0.61089473962783813 0.11067519336938858
vt 0.58999955654144287 0.11067519336938858
vt 0.73665565252304077 0.14676888287067413
vt 0.75755083560943604 0.14676888287067413
vt 0.75755083560943604 0.17243464291095734
vt 0.69394868612289429 0.44753929972648621
vt 0.71310818195343018 0.44753929972648621
vt 0.71310818195343018 0.47757121920585632
vt 0.69257271289825439 0.091968923807144165
vt 0.71230238676071167 0.091968923807144165
vt 0.71230238676071167 0.11770013719797134
vt 0.045925557613372803 0.73786556720733643
vt 0.045925557613372803 0.76803463697433472
vt 0 0.76803463697433472
vt 0.17378532886505127 0.57526087760925293
vt 0.20506939291954041 0.57526087760925293
vt 0.20506939291954041 0.62118643522262573
vt 0.54438704252243042 0.072470635175704956
vt 0.57066410779953003 0.072470635175704956
vt 0.57066410779953003 0.087526917457580566
vt 0.81373476982116699 0.38722306489944458
vt 0.83467042446136475 0.38722306489944458
vt 0.83467042446136475 0.40222492814064026
vt 0.75953412055969238 0.14616289734840393
vt 0.78165149688720703 0.14616289734840393
vt 0.78165149688720703 0.17116937041282654
vt 0.27417609095573425 0.48619154095649719
vt 0.27417609095573425 0.50830888748168945
vt 0.24041147530078888 0.50830888748168945
vt 0.66943395137786865 0.28931325674057007
vt 0.66943395137786865 0.31377273797988892
vt 0.64819645881652832 0.31377273797988892
vt 0.48323330283164978 0.072470635175704956
vt 0.48323330283164978 0.091096125543117523
vt 0.46141815185546875 0.091096125543117523
vt 0.061551053076982498 0.80292975902557373
vt 0.1236979216337204 0.80292975902557373
vt 0.1236979216337204 0.82752466201782227
vt 0.48496365547180176 0.43161338567733765
vt 0.48496365547180176 0.45474344491958618
vt 0.44709107279777527 0.45474344491958618
vt 0.71858036518096924 0.67013484239578247
vt 0.76343274116516113 0.67013484239578247
vt 0.76343274116516113 0.70222163200378418
vt 0.80635303258895874 0.28329697251319885
vt 0.85120540857315063 0.28329697251319885
vt 0.85120540857315063 0.30977904796600342
vt 0.44549310207366943 0.51394611597061157
vt 0.44549310207366943 0.54067617654800415
vt 0.42952519655227661 0.54067617654800415
vt 0.20522098243236542 0.73364883661270142
vt 0.23195099830627441 0.73364883661270142
vt 0.23195099830627441 0.76005053520202637
vt 0.63832151889801025 0.24278788268566132
vt 0.63832151889801025 0.25758561491966248
vt 0.62610697746276855 0.25758561491966248
vt 0.62610697746276855 0.040944095700979233
vt 0.63991057872772217 0.040944095700979233
vt 0.63991057872772217 0.053701173514127731
vt 0.067810773849487305 0.64131230115890503
vt 0.085039019584655762 0.64131230115890503
vt 0.085039019584655762 0.66125005483627319
vt 0.52145475149154663 0.24073357880115509
vt 0.52145475149154663 0.26330661773681641
vt 0.50151699781417847 0.26330661773681641
vt 0.058404047042131424 0.60280692577362061
vt 0.058404047042131424 0.63195627927780151
vt 0.035101063549518585 0.63195627927780151
vt 0.44709107279777527 0.33032539486885071
vt 0.47039404511451721 0.33032539486885071
vt 0.47039404511451721 0.40015313029289246
vt 0.79092860221862793 0.72828686237335205
vt 0.79092860221862793 0.75428098440170288
vt 0.76752519607543945 0.75428098440170288
vt 0.93546873331069946 0.60604822635650635
vt 0.95901244878768921 0.60604822635650635
vt 0.95901244878768921 0.63091647624969482
vt 0.073341652750968933 0.48875603079795837
vt 0.10400977730751038 0.48875603079795837
vt 0.10400977730751038 0.5082927942276001
vt 0.90593874454498291 0
vt 0.92547547817230225 0
vt 0.92547547817230225 0.027911070734262466
vt 0.74472606182098389 0.41517925262451172
vt 0.74472606182098389 0.43273910880088806
vt 0.71457302570343018 0.43273910880088806
vt 0.64366680383682251 0.77867329120635986
vt 0.64366680383682251 0.81238973140716553
vt 0.62610697746276855 0.81238973140716553
vt 0.055660516023635864 0.70687884092330933
vt 0.055660516023635864 0.73176282644271851
vt 0 0.73176282644271851
vt 0.16251993179321289 0.73402446508407593
vt 0.16251993179321289 0.75890851020812988
vt 0.13317152857780457 0.75890851020812988
vt 0.64828532934188843 0.24278788268566132
vt 0.64828532934188843 0.26497238874435425
vt 0.63978636264801025 0.26497238874435425
vt 0.63866662979125977 0
vt 0.63866662979125977 0.0092920027673244476
vt 0.62610697746276855 0.0092920027673244476
vt 0.57488691806793213 0.15201018750667572
vt 0.60496926307678223 0.15201018750667572
vt 0.60496926307678223 0.21394185721874237
vt 0.021781777963042259 0.41477793455123901
vt 0.021781777963042259 0.44486024975776672
vt 0 0.44486024975776672
vt 0.82031440734863281 0.20578290522098541
vt 0.82031440734863281 0.22384291887283325
vt 0.80635303258895874 0.22384291887283325
vt 0.7562795877456665 0.049664519727230072
vt 0.7562795877456665 0.072063401341438293
vt 0.73501473665237427 0.072063401341438293
vt 0.80615752935409546 0.38722306489944458
vt 0.80615752935409546 0.41155520081520081
vt 0.78489267826080322 0.41155520081520081
vt 0.71711552143096924 0.81283408403396606
vt 0.71711552143096924 0.82565087080001831
vt 0.69413989782333374 0.82565087080001831
vt 0.11611133813858032 0.080926977097988129
vt 0.14055176079273224 0.080926977097988129
vt 0.14055176079273224 0.0966167151927948
vt 0.62610697746276855 0.019485024735331535
vt 0.63979768753051758 0.019485024735331535
vt 0.63979768753051758 0.029718408361077309
vt 0.38462921977043152 0.14137910306453705
vt 0.42034867405891418 0.14137910306453705
vt 0.42034867405891418 0.15054534375667572
vt 0.22237417101860046 0.70652848482131958
vt 0.23825249075889587 0.70652848482131958
vt 0.23825249075889587 0.7269405722618103
vt 0.72873061895370483 0.3595806360244751
vt 0.72873061895370483 0.37478223443031311
vt 0.71082550287246704 0.37478223443031311
vt 0.66873651742935181 0.24278788268566132
vt 0.66873651742935181 0.26849302649497986
vt 0.64975017309188843 0.26849302649497986
vt 0.27005782723426819 0.57526087760925293
vt 0.27005782723426819 0.62920075654983521
vt 0.24435266852378845 0.62920075654983521
vt 0.44709107279777527 0.54610913991928101
vt 0.4937613308429718 0.54610913991928101
vt 0.4937613308429718 0.56745046377182007
vt 0.1724928617477417 0.45300653576850891
vt 0.20337019860744476 0.45300653576850891
vt 0.20337019860744476 0.49967679381370544
vt 0.77954238653182983 0.048379376530647278
vt 0.77954238653182983 0.075799167156219482
vt 0.76099050045013428 0.075799167156219482
vt 0.51009589433670044 0.45620828866958618
vt 0.51009589433670044 0.50666624307632446
vt 0.4915439784526825 0.50666624307632446
vt 0.66804021596908569 0.091968923807144165
vt 0.66804021596908569 0.1177850067615509
vt 0.6496964693069458 0.1177850067615509
vt 0.39264681935310364 0.15201018750667572
vt 0.39264681935310364 0.17748315632343292
vt 0.37716293334960938 0.17748315632343292
vt 0.71711552143096924 0.64792859554290771
vt 0.71711552143096924 0.67174053192138672
vt 0.6909450888633728 0.67174053192138672
vt 0.57554203271865845 0.48461565375328064
vt 0.57554203271865845 0.50842761993408203
vt 0.53992265462875366 0.50842761993408203
vt 0.18228849768638611 0.36709791421890259
vt 0.18228849768638611 0.39263743162155151
vt 0.15759274363517761 0.39263743162155151
vt 0.52710747718811035 0.072470635175704956
vt 0.52710747718811035 0.10632380843162537
vt 0.50171315670013428 0.10632380843162537
vt 0.031893856823444366 0.16138754785060883
vt 0.031893856823444366 0.25081807374954224
vt 0 0.25081807374954224
vt 0.76752519607543945 0.78178858757019043
vt 0.81150925159454346 0.78178858757019043
vt 0.81150925159454346 0.8136824369430542
vt 0.70933371782302856 0.1914992481470108
vt 0.70933371782302856 0.21516257524490356
vt 0.68869972229003906 0.21516257524490356
vt 0.40381661057472229 0.33032539486885071
vt 0.44370564818382263 0.33032539486885071
vt 0.44370564818382263 0.35095939040184021
vt 0.94924211502075195 0
vt 0.94924211502075195 0.014648693613708019
vt 0.93108540773391724 0.014648693613708019
vt 0.73948150873184204 0
vt 0.75640112161636353 0
vt 0.75640112161636353 0.014648693613708019
vt 0.6474946141242981 0.34025463461875916
vt 0.6474946141242981 0.36429163813591003
vt 0.62610697746276855 0.36429163813591003
vt 0.44498738646507263 0.41989347338676453
vt 0.44498738646507263 0.44220584630966187
vt 0.42470812797546387 0.44220584630966187
vt 0.40823468565940857 0.51394611597061157
vt 0.42758840322494507 0.51394611597061157
vt 0.42758840322494507 0.53583842515945435
vt 0.75848674774169922 0.33587223291397095
vt 0.78037905693054199 0.33587223291397095
vt 0.78037905693054199 0.36354273557662964
vt 0.53125399351119995 0.61460417509078979
vt 0.53125399351119995 0.63211816549301147
vt 0.50625151395797729 0.63211816549301147
vt 0.73350441455841064 0.1914992481470108
vt 0.75799953937530518 0.1914992481470108
vt 0.75799953937530518 0.21343024075031281
vt 0.0982394739985466 0.45319610834121704
vt 0.0982394739985466 0.47725167870521545
vt 0.073341652750968933 0.47725167870521545
vt 0.67033040523529053 0.34025463461875916
vt 0.67033040523529053 0.36431020498275757
vt 0.6489594578742981 0.36431020498275757
vt 0.20282591879367828 0.24585463106632233
vt 0.20282591879367828 0.28195363283157349
vt 0.15737169981002808 0.28195363283157349
vt 0.27417609095573425 0.64649808406829834
vt 0.27417609095573425 0.69195234775543213
vt 0.20887210965156555 0.69195234775543213
vt 0.067590489983558655 0.39189919829368591
vt 0.1005018875002861 0.39189919829368591
vt 0.1005018875002861 0.43719980120658875
vt 0.54472678899765015 0.033167049288749695
vt 0.59002739191055298 0.033167049288749695
vt 0.59002739191055298 0.070466987788677216
vt 0.69038289785385132 0.044925522059202194
vt 0.71131861209869385 0.044925522059202194
vt 0.71131861209869385 0.068791113793849945
vt 0.094290412962436676 0.24652367830276489
vt 0.094290412962436676 0.27038925886154175
vt 0.076875872910022736 0.27038925886154175
vt 0.89767032861709595 0.33328324556350708
vt 0.89767032861709595 0.36701029539108276
vt 0.88305121660232544 0.36701029539108276
vt 0.10250956565141678 0.64131230115890503
vt 0.11593332141637802 0.64131230115890503
vt 0.11593332141637802 0.66653138399124146
vt 0.40381661057472229 0.355611652135849
vt 0.43265184760093689 0.355611652135849
vt 0.43265184760093689 0.3842414915561676
vt 0.20020486414432526 0.80243271589279175
vt 0.20020486414432526 0.82869827747344971
vt 0.17157500982284546 0.82869827747344971
vt 0.081009216606616974 0.18879257142543793
vt 0.096561022102832794 0.18879257142543793
vt 0.096561022102832794 0.20812678337097168
vt 0.15737169981002808 0.29080584645271301
vt 0.18235950171947479 0.29080584645271301
vt 0.18235950171947479 0.30635768175125122
vt 0.33854034543037415 0.14201782643795013
vt 0.33854034543037415 0.15054534375667572
vt 0.31079795956611633 0.15054534375667572
vt 0.83195865154266357 0.18974612653255463
vt 0.83195865154266357 0.19973847270011902
vt 0.80635303258895874 0.19973847270011902
vt 0.73485541343688965 0
vt 0.73485541343688965 0.025241782888770103
vt 0.71483641862869263 0.025241782888770103
vt 0.95563423633575439 0
vt 0.97565323114395142 0
vt 0.97565323114395142 0.022067604586482048
vt 0.36200061440467834 0.17894800007343292
vt 0.36200061440467834 0.20147235691547394
vt 0.34339317679405212 0.20147235691547394
vt 0.032836735248565674 0.43361538648605347
vt 0.055361106991767883 0.43361538648605347
vt 0.055361106991767883 0.44811248779296875
vt 0.24041147530078888 0.45300653576850891
vt 0.26994174718856812 0.45300653576850891
vt 0.26994174718856812 0.47848179936408997
vt 0.40235176682472229 0.36237841844558716
vt 0.40235176682472229 0.3878537118434906
vt 0.38628426194190979 0.3878537118434906
vt 0.9133918285369873 0.60604822635650635
vt 0.93400388956069946 0.60604822635650635
vt 0.93400388956069946 0.63407766819000244
vt 0.78215831518173218 0
vt 0.78215831518173218 0.021725060418248177
vt 0.76099050045013428 0.021725060418248177
vt 0.31283408403396606 0.57207989692687988
vt 0.31283408403396606 0.59800052642822266
vt 0.27564093470573425 0.59800052642822266
vt 0.36287596821784973 0.37607213854789734
vt 0.36287596821784973 0.4139038622379303
vt 0.33695533871650696 0.4139038622379303
vt 0.20090474188327789 0.76780408620834351
vt 0.20090474188327789 0.79331356287002563
vt 0.17157500982284546 0.79331356287002563
vt 0.02451549656689167 0
vt 0.053845230489969254 0
vt 0.053845230489969254 0.027027212083339691
vt 0.89585292339324951 0.28329697251319885
vt 0.89585292339324951 0.31455197930335999
vt 0.85850429534912109 0.31455197930335999
vt 0.029924856498837471 0.77543348073959351
vt 0.029924856498837471 0.79782730340957642
vt 0 0.79782730340957642
vt 0.64892822504043579 0.72751623392105103
vt 0.64892822504043579 0.75444841384887695
vt 0.62610697746276855 0.75444841384887695
vt 0.78063327074050903 0.28525632619857788
vt 0.80418449640274048 0.28525632619857788
vt 0.80418449640274048 0.30954247713088989
vt 0.73894107341766357 0.099079899489879608
vt 0.75657665729522705 0.099079899489879608
vt 0.75657665729522705 0.12769760191440582
vt 0.049890514463186264 0.18879257142543793
vt 0.066832698881626129 0.18879257142543793
vt 0.066832698881626129 0.20642818510532379
vt 0.27417609095573425 0.54696100950241089
vt 0.27417609095573425 0.56737309694290161
vt 0.25773781538009644 0.56737309694290161
vt 0.18561829626560211 0.74182164669036865
vt 0.18561829626560211 0.76064068078994751
vt 0.16910284757614136 0.76064068078994751
vt 0.20887210965156555 0.57526087760925293
vt 0.23792681097984314 0.57526087760925293
vt 0.23792681097984314 0.59889310598373413
vt 0.83173000812530518 0.33590951561927795
vt 0.85536223649978638 0.33590951561927795
vt 0.85536223649978638 0.36042904853820801
vt 0.045687269419431686 0.37508335709571838
vt 0.045687269419431686 0.40323632955551147
vt 0.024797271937131882 0.40323632955551147
vt 0.92566674947738647 0.09446600079536438
vt 0.94655674695968628 0.09446600079536438
vt 0.94655674695968628 0.11695561558008194
vt 0.64487361907958984 0
vt 0.65876287221908569 0
vt 0.65876287221908569 0.010620077140629292
vt 0.64487361907958984 0.020800812169909477
vt 0.66081422567367554 0.020800812169909477
vt 0.66081422567367554 0.03108518198132515
vt 0.66188108921051025 0.040944095700979233
vt 0.64678698778152466 0.040944095700979233
vt 0.66188108921051025 0.054747737944126129
vt 0.64678698778152466 0.054747737944126129
vn 0.40330895781517029 0.072342194616794586 0.91219979524612427
vn 0.40330895781517029 0.072342194616794586 0.91219979524612427
vn 0.40330895781517029 0.072342194616794586 0.91219979524612427
vn -0.91091430187225342 -0.012033598497509956 0.4124201238155365
vn -0.91091430187225342 -0.012033598497509956 0.4124201238155365
vn -0.91091430187225342 -0.012033598497509956 0.4124201238155365
vn 0.69431483745574951 0.013921471312642097 0.71953672170639038
vn 0.69431483745574951 0.013921471312642097 0.71953672170639038
vn 0.69431483745574951 0.013921471312642097 0.71953672170639038
vn -0.17084887623786926 0.17470960319042206 -0.96968406438827515
vn -0.17084887623786926 0.17470960319042206 -0.96968406438827515
vn -0.17084887623786926 0.17470960319042206 -0.96968406438827515
vn 0.64188069105148315 0.097231224179267883 0.76061505079269409
vn 0.64188069105148315 0.097231224179267883 0.76061505079269409
vn 0.64188069105148315 0.097231224179267883 0.76061505079269409
vn 0.059635736048221588 -0.028566554188728333 -0.99781137704849243
vn 0.059635736048221588 -0.028566554188728333 -0.99781137704849243
vn 0.059635736048221588 -0.028566554188728333 -0.99781137704849243
vn -0.042016133666038513 -0.99698495864868164 0.065235503017902374
vn -0.042016133666038513 -0.99698495864868164 0.065235503017902374
vn -0.042016133666038513 -0.99698495864868164 0.065235503017902374
vn 0.4379417896270752 0.057332366704940796 -0.89717334508895874
vn 0.4379417896270752 0.057332366704940796 -0.89717334508895874
vn 0.4379417896270752 0.057332366704940796 -0.89717334508895874
vn -0.86513465642929077 0.30182021856307983 0.40055787563323975
vn -0.86513465642929077 0.30182021856307983 0.40055787563323975
vn -0.86513465642929077 0.30182021856307983 0.40055787563323975
vn -0.7159990668296814 0.11981484293937683 0.68774247169494629
vn -0.7159990668296814 0.11981484293937683 0.68774247169494629
vn -0.7159990668296814 0.11981484293937683 0.68774247169494629
vn -0.024267470464110374 0.054514192044734955 -0.99821805953979492
vn -0.024267470464110374 0.054514192044734955 -0.99821805953979492
vn -0.024267470464110374 0.054514192044734955 -0.99821805953979492
vn 0.82912832498550415 0.36796975135803223 -0.42088529467582703
vn 0.82912832498550415 0.36796975135803223 -0.42088529467582703
vn 0.82912832498550415 0.36796975135803223 -0.42088529467582703
vn 0.95655578374862671 -0.020931869745254517 0.29079693555831909
vn 0.95655578374862671 -0.020931869745254517 0.29079693555831909
vn 0.95655578374862671 -0.020931869745254517 0.29079693555831909
vn -0.59188753366470337 -0.12489273399114609 0.79628574848175049
vn -0.59188753366470337 -0.12489273399114609 0.79628574848175049
vn -0.59188753366470337 -0.12489273399114609 0.79628574848175049
vn -0.92968994379043579 0.092029280960559845 0.35666120052337646
vn -0.92968994379043579 0.092029280960559845 0.35666120052337646
vn -0.92968994379043579 0.092029280960559845 0.35666120052337646
vn 0.38968935608863831 -0.17143537104129791 -0.90484923124313354
vn 0.38968935608863831 -0.17143537104129791 -0.90484923124313354
vn 0.38968935608863831 -0.17143537104129791 -0.90484923124313354
vn 0.22550241649150848 -0.95741939544677734 0.18026861548423767
vn 0.22550241649150848 -0.95741939544677734 0.18026861548423767
vn 0.22550241649150848 -0.95741939544677734 0.18026861548423767
vn -0.79232043027877808 0.0038527823053300381 -0.61009299755096436
vn -0.79232043027877808 0.0038527823053300381 -0.61009299755096436
vn -0.79232043027877808 0.0038527823053300381 -0.61009299755096436
vn 0.020329141989350319 0.070013903081417084 0.99733883142471313
vn 0.020329141989350319 0.070013903081417084 0.99733883142471313
vn 0.020329141989350319 0.070013903081417084 0.99733883142471313
vn 0.66048407554626465 0.50979727506637573 -0.55124175548553467
vn 0.66048407554626465 0.50979727506637573 -0.55124175548553467
vn 0.66048407554626465 0.50979727506637573 -0.55124175548553467
vn -0.83009696006774902 0.55074870586395264 -0.087263211607933044
vn -0.83009696006774902 0.55074870586395264 -0.087263211607933044
vn -0.83009696006774902 0.55074870586395264 -0.087263211607933044
vn 0.93961495161056519 0.27869731187820435 -0.19862416386604309
vn 0.93961495161056519 0.27869731187820435 -0.19862416386604309
vn 0.93961495161056519 0.27869731187820435 -0.19862416386604309
vn -0.42839601635932922 -0.28677573800086975 0.85687601566314697
vn -0.42839601635932922 -0.28677573800086975 0.85687601566314697
vn -0.42839601635932922 -0.28677573800086975 0.85687601566314697
vn 0.65336763858795166 -0.36483895778656006 -0.66332739591598511
vn 0.65336763858795166 -0.36483895778656006 -0.66332739591598511
vn 0.65336763858795166 -0.36483895778656006 -0.66332739591598511
vn 0.5651545524597168 -0.39032289385795593 0.72680693864822388
vn 0.5651545524597168 -0.39032289385795593 0.72680693864822388
vn 0.5651545524597168 -0.39032289385795593 0.72680693864822388
vn -0.087639413774013519 -0.92038756608963013 -0.38105916976928711
vn -0.087639413774013519 -0.92038756608963013 -0.38105916976928711
vn -0.087639413774013519 -0.92038756608963013 -0.38105916976928711
vn 0.52571350336074829 -0.83102297782897949 0.18173086643218994
vn 0.52571350336074829 -0.83102297782897949 0.18173086643218994
vn 0.52571350336074829 -0.83102297782897949 0.18173086643218994
vn 0.86858463287353516 0.088134348392486572 -0.48764026165008545
vn 0.86858463287353516 0.088134348392486572 -0.48764026165008545
vn 0.86858463287353516 0.088134348392486572 -0.48764026165008545
vn 0.40700837969779968 -0.015169527381658554 0.91329848766326904
vn 0.40700837969779968 -0.015169527381658554 0.91329848766326904
vn 0.40700837969779968 -0.015169527381658554 0.91329848766326904
vn -0.24942564964294434 -0.96806704998016357 -0.025159360840916634
vn -0.24942564964294434 -0.96806704998016357 -0.025159360840916634
vn -0.24942564964294434 -0.96806704998016357 -0.025159360840916634
vn -0.5024217963218689 0.51501673460006714 -0.6944999098777771
vn -0.5024217963218689 0.51501673460006714 -0.6944999098777771
vn -0.5024217963218689 0.51501673460006714 -0.6944999098777771
vn -0.90371382236480713 0.062904037535190582 -0.42349079251289368
vn -0.90371382236480713 0.062904037535190582 -0.42349079251289368
vn -0.90371382236480713 0.062904037535190582 -0.42349079251289368
vn 0.75269591808319092 0.27371802926063538 0.59877151250839233
vn 0.75269591808319092 0.27371802926063538 0.59877151250839233
vn 0.75269591808319092 0.27371802926063538 0.59877151250839233
vn 0.70843672752380371 0.64913481473922729 0.27702224254608154
vn 0.70843672752380371 0.64913481473922729 0.27702224254608154
vn 0.70843672752380371 0.64913481473922729 0.27702224254608154
vn 0.45484212040901184 0.33074203133583069 0.82687866687774658
vn 0.45484212040901184 0.33074203133583069 0.82687866687774658
vn 0.45484212040901184 0.33074203133583069 0.82687866687774658
vn -0.57184207439422607 -0.42039790749549866 0.70445883274078369
vn -0.57184207439422607 -0.42039790749549866 0.70445883274078369
vn -0.57184207439422607 -0.42039790749549866 0.70445883274078369
vn -0.89712858200073242 0.056387413293123245 0.43815606832504272
vn -0.89712858200073242 0.056387413293123245 0.43815606832504272
vn -0.89712858200073242 0.056387413293123245 0.43815606832504272
vn 0.73348009586334229 -0.025609707459807396 -0.67922830581665039
vn 0.73348009586334229 -0.025609707459807396 -0.67922830581665039
vn 0.73348009586334229 -0.025609707459807396 -0.67922830581665039
vn -0.17067521810531616 0.81735777854919434 -0.55026924610137939
vn -0.17067521810531616 0.81735777854919434 -0.55026924610137939
vn -0.17067521810531616 0.81735777854919434 -0.55026924610137939
vn -0.51410019397735596 0.5124356746673584 -0.68783038854598999
vn -0.51410019397735596 0.5124356746673584 -0.68783038854598999
vn -0.51410019397735596 0.5124356746673584 -0.68783038854598999
vn 0.78211009502410889 -0.60242146253585815 0.15934933722019196
vn 0.78211009502410889 -0.60242146253585815 0.15934933722019196
vn 0.78211009502410889 -0.60242146253585815 0.15934933722019196
vn -0.5476837158203125 -0.092312291264533997 0.83157742023468018
vn -0.5476837158203125 -0.092312291264533997 0.83157742023468018
vn -0.5476837158203125 -0.092312291264533997 0.83157742023468018
vn -0.68922615051269531 0.19931651651859283 -0.69659191370010376
vn -0.68922615051269531 0.19931651651859283 -0.69659191370010376
vn -0.68922615051269531 0.19931651651859283 -0.69659191370010376
vn 0.56307178735733032 0.06150485947728157 0.824116051197052
vn 0.56307178735733032 0.06150485947728157 0.824116051197052
vn 0.56307178735733032 0.06150485947728157 0.824116051197052
vn -0.13028405606746674 0.11452330648899078 -0.98484033346176147
vn -0.13028405606746674 0.11452330648899078 -0.98484033346176147
vn -0.13028405606746674 0.11452330648899078 -0.98484033346176147
vn 0.75896590948104858 0.21034224331378937 -0.61621981859207153
vn 0.75896590948104858 0.21034224331378937 -0.61621981859207153
vn 0.75896590948104858 0.21034224331378937 -0.61621981859207153
vn 0.99991798400878906 0.0054497756063938141 0.011590395122766495
vn 0.99991798400878906 0.0054497756063938141 0.011590395122766495
vn 0.99991798400878906 0.0054497756063938141 0.011590395122766495
vn -0.034489855170249939 -0.51371181011199951 0.857269287109375
vn -0.034489855170249939 -0.51371181011199951 0.857269287109375
vn -0.034489855170249939 -0.51371181011199951 0.857269287109375
vn 0.40100193023681641 -0.011055584996938705 -0.91601049900054932
vn 0.40100193023681641 -0.011055584996938705 -0.91601049900054932
vn 0.40100193023681641 -0.011055584996938705 -0.91601049900054932
vn -0.40203964710235596 -0.21434217691421509 0.89018064737319946
vn -0.40203964710235596 -0.21434217691421509 0.89018064737319946
vn -0.40203964710235596 -0.21434217691421509 0.89018064737319946
vn -0.50001060962677002 -0.24893799424171448 0.82946926355361938
vn -0.50001060962677002 -0.24893799424171448 0.82946926355361938
vn -0.50001060962677002 -0.24893799424171448 0.82946926355361938
vn -0.94534605741500854 -0.29505547881126404 -0.13879154622554779
vn -0.94534605741500854 -0.29505547881126404 -0.13879154622554779
vn -0.94534605741500854 -0.29505547881126404 -0.13879154622554779
vn 0.91168004274368286 -0.36718955636024475 0.18442174792289734
vn 0.91168004274368286 -0.36718955636024475 0.18442174792289734
vn 0.91168004274368286 -0.36718955636024475 0.18442174792289734
vn 0.89460641145706177 0.032585524022579193 -0.44566532969474792
vn 0.89460641145706177 0.032585524022579193 -0.44566532969474792
vn 0.89460641145706177 0.032585524022579193 -0.44566532969474792
vn 0.86876749992370605 -0.26457872986793518 0.41861817240715027
vn 0.86876749992370605 -0.26457872986793518 0.41861817240715027
vn 0.86876749992370605 -0.26457872986793518 0.41861817240715027
vn -0.22850888967514038 0.063952311873435974 -0.97143900394439697
vn -0.22850888967514038 0.063952311873435974 -0.97143900394439697
vn -0.22850888967514038 0.063952311873435974 -0.97143900394439697
vn -0.76057374477386475 0.58130156993865967 0.28916439414024353
vn -0.76057374477386475 0.58130156993865967 0.28916439414024353
vn -0.76057374477386475 0.58130156993865967 0.28916439414024353
vn 0.95247083902359009 -0.30422896146774292 -0.015623082406818867
vn 0.95247083902359009 -0.30422896146774292 -0.015623082406818867
vn 0.95247083902359009 -0.30422896146774292 -0.015623082406818867
vn 0.13297519087791443 -0.33227697014808655 0.93376100063323975
vn 0.13297519087791443 -0.33227697014808655 0.93376100063323975
vn 0.13297519087791443 -0.33227697014808655 0.93376100063323975
vn 0.70276725292205811 -0.13440605998039246 0.69860804080963135
vn 0.70276725292205811 -0.13440605998039246 0.69860804080963135
vn 0.70276725292205811 -0.13440605998039246 0.69860804080963135
vn -0.70856112241744995 0.11474461108446121 -0.69625771045684814
vn -0.70856112241744995 0.11474461108446121 -0.69625771045684814
vn -0.70856112241744995 0.11474461108446121 -0.69625771045684814
vn -0.99721246957778931 -0.0041382526978850365 -0.074499152600765228
vn -0.99721246957778931 -0.0041382526978850365 -0.074499152600765228
vn -0.99721246957778931 -0.0041382526978850365 -0.074499152600765228
vn 0.90721368789672852 0.22947245836257935 -0.35257014632225037
vn 0.90721368789672852 0.22947245836257935 -0.35257014632225037
vn 0.90721368789672852 0.22947245836257935 -0.35257014632225037
vn -0.85721439123153687 0.34619748592376709 -0.38122275471687317
vn -0.85721439123153687 0.34619748592376709 -0.38122275471687317
vn -0.85721439123153687 0.34619748592376709 -0.38122275471687317
vn 0.2341558039188385 0.86595785617828369 0.44191405177116394
vn 0.2341558039188385 0.86595785617828369 0.44191405177116394
vn 0.2341558039188385 0.86595785617828369 0.44191405177116394
vn 0.26800000667572021 -0.12617969512939453 0.9551202654838562
vn 0.26800000667572021 -0.12617969512939453 0.9551202654838562
vn 0.26800000667572021 -0.12617969512939453 0.9551202654838562
vn 0.59341847896575928 0.52279579639434814 0.61199599504470825
vn 0.59341847896575928 0.52279579639434814 0.61199599504470825
vn 0.59341847896575928 0.52279579639434814 0.61199599504470825
vn 0.27724450826644897 -0.14327545464038849 0.95005661249160767
vn 0.27724450826644897 -0.14327545464038849 0.95005661249160767
vn 0.27724450826644897 -0.14327545464038849 0.95005661249160767
vn -0.74229890108108521 0.082326747477054596 -0.66499221324920654
vn -0.74229890108108521 0.082326747477054596 -0.66499221324920654
vn -0.74229890108108521 0.082326747477054596 -0.66499221324920654
vn -0.19806553423404694 0.18480296432971954 -0.96260994672775269
vn -0.19806553423404694 0.18480296432971954 -0.96260994672775269
vn -0.19806553423404694 0.18480296432971954 -0.96260994672775269
vn 0.32639586925506592 -0.39665940403938293 -0.8579784631729126
vn 0.32639586925506592 -0.39665940403938293 -0.8579784631729126
vn 0.32639586925506592 -0.39665940403938293 -0.8579784631729126
vn 0.081771783530712128 0.54774749279022217 0.83263802528381348
vn 0.081771783530712128 0.54774749279022217 0.83263802528381348
vn 0.081771783530712128 0.54774749279022217 0.83263802528381348
vn 0.27647128701210022 -0.87271219491958618 -0.40241411328315735
vn 0.27647128701210022 -0.87271219491958618 -0.40241411328315735
vn 0.27647128701210022 -0.87271219491958618 -0.40241411328315735
vn -0.14260657131671906 0.081017382442951202 -0.98645806312561035
vn -0.14260657131671906 0.081017382442951202 -0.98645806312561035
vn -0.14260657131671906 0.081017382442951202 -0.98645806312561035
vn 0.16735552251338959 -0.35569664835929871 -0.91949552297592163
vn 0.16735552251338959 -0.35569664835929871 -0.91949552297592163
vn 0.16735552251338959 -0.35569664835929871 -0.91949552297592163
vn -0.94360929727554321 0.046989820897579193 -0.32770934700965881
vn -0.94360929727554321 0.046989820897579193 -0.32770934700965881
vn -0.94360929727554321 0.046989820897579193 -0.32770934700965881
vn -0.52718925476074219 -0.62344855070114136 0.57739365100860596
vn -0.52718925476074219 -0.62344855070114136 0.57739365100860596
vn -0.52718925476074219 -0.62344855070114136 0.57739365100860596
vn 0.5405573844909668 -0.020386405289173126 -0.8410601019859314
vn 0.5405573844909668 -0.020386405289173126 -0.8410601019859314
vn 0.5405573844909668 -0.020386405289173126 -0.8410601019859314
vn 0.19779019057750702 0.15653343498706818 0.96766537427902222
vn 0.19779019057750702 0.15653343498706818 0.96766537427902222
vn 0.19779019057750702 0.15653343498706818 0.96766537427902222
vn 0.71761208772659302 0.052259422838687897 0.69447952508926392
vn 0.71761208772659302 0.052259422838687897 0.69447952508926392
vn 0.71761208772659302 0.052259422838687897 0.69447952508926392
vn 0.85388481616973877 0.47721168398857117 -0.20772512257099152
vn 0.85388481616973877 0.47721168398857117 -0.20772512257099152
vn 0.85388481616973877 0.47721168398857117 -0.20772512257099152
vn 0.11428491771221161 -0.13716684281826019 -0.98393303155899048
vn 0.11428491771221161 -0.13716684281826019 -0.98393303155899048
vn 0.11428491771221161 -0.13716684281826019 -0.98393303155899048
vn -0.34560728073120117 0.30566239356994629 -0.88720124959945679
vn -0.34560728073120117 0.30566239356994629 -0.88720124959945679
vn -0.34560728073120117 0.30566239356994629 -0.88720124959945679
vn 0.93995440006256104 -0.24887911975383759 0.23354862630367279
vn 0.93995440006256104 -0.24887911975383759 0.23354862630367279
vn 0.93995440006256104 -0.24887911975383759 0.23354862630367279
vn -0.86586642265319824 0.041074972599744797 0.49858620762825012
vn -0.86586642265319824 0.041074972599744797 0.49858620762825012
vn -0.86586642265319824 0.041074972599744797 0.49858620762825012
vn 0.11440221220254898 0.050808444619178772 0.99213439226150513
vn 0.11440221220254898 0.050808444619178772 0.99213439226150513
vn 0.11440221220254898 0.050808444619178772 0.99213439226150513
vn 0.026445390656590462 -0.15847873687744141 0.98700815439224243
vn 0.026445390656590462 -0.15847873687744141 0.98700815439224243
vn 0.026445390656590462 -0.15847873687744141 0.98700815439224243
vn 0.8433271050453186 -0.064670026302337646 0.53349530696868896
vn 0.8433271050453186 -0.064670026302337646 0.53349530696868896
vn 0.8433271050453186 -0.064670026302337646 0.53349530696868896
vn -0.68441426753997803 -0.26178315281867981 -0.68047535419464111
vn -0.68441426753997803 -0.26178315281867981 -0.68047535419464111
vn -0.68441426753997803 -0.26178315281867981 -0.68047535419464111
vn -0.19983687996864319 -0.15480658411979675 -0.96752268075942993
vn -0.19983687996864319 -0.15480658411979675 -0.96752268075942993
vn -0.19983687996864319 -0.15480658411979675 -0.96752268075942993
vn -0.53461837768554688 -0.10310056805610657 0.83878093957901001
vn -0.53461837768554688 -0.10310056805610657 0.83878093957901001
vn -0.53461837768554688 -0.10310056805610657 0.83878093957901001
vn -0.44340741634368896 -0.87116432189941406 0.21086147427558899
vn -0.44340741634368896 -0.87116432189941406 0.21086147427558899
vn -0.44340741634368896 -0.87116432189941406 0.21086147427558899
vn 0.75814634561538696 0.40862542390823364 0.50817257165908813
vn 0.75814634561538696 0.40862542390823364 0.50817257165908813
vn 0.75814634561538696 0.40862542390823364 0.50817257165908813
vn 0.83574306964874268 0.087222307920455933 0.54214924573898315
vn 0.83574306964874268 0.087222307920455933 0.54214924573898315
vn 0.83574306964874268 0.087222307920455933 0.54214924573898315
vn 0.30852216482162476 0.092566348612308502 -0.94670248031616211
vn 0.30852216482162476 0.092566348612308502 -0.94670248031616211
vn 0.30852216482162476 0.092566348612308502 -0.94670248031616211
vn 0.84666383266448975 -0.34461721777915955 -0.40546181797981262
vn 0.84666383266448975 -0.34461721777915955 -0.40546181797981262
vn 0.84666383266448975 -0.34461721777915955 -0.40546181797981262
vn 0.77169537544250488 0.17367531359195709 -0.61181950569152832
vn 0.77169537544250488 0.17367531359195709 -0.61181950569152832
vn 0.77169537544250488 0.17367531359195709 -0.61181950569152832
vn 0.96276587247848511 -0.11916312575340271 -0.24265624582767487
vn 0.96276587247848511 -0.11916312575340271 -0.24265624582767487
vn 0.96276587247848511 -0.11916312575340271 -0.24265624582767487
vn -0.82321161031723022 0.48534655570983887 -0.29455283284187317
vn -0.82321161031723022 0.48534655570983887 -0.29455283284187317
vn -0.82321161031723022 0.48534655570983887 -0.29455283284187317
vn -0.62491202354431152 0.45709401369094849 -0.63289022445678711
vn -0.62491202354431152 0.45709401369094849 -0.63289022445678711
vn -0.62491202354431152 0.45709401369094849 -0.63289022445678711
vn -0.92895787954330444 -0.32423290610313416 0.1786346435546875
vn -0.92895787954330444 -0.32423290610313416 0.1786346435546875
vn -0.92895787954330444 -0.32423290610313416 0.1786346435546875
vn -0.9573284387588501 0.27675101161003113 -0.083253473043441772
vn -0.9573284387588501 0.27675101161003113 -0.083253473043441772
vn -0.9573284387588501 0.27675101161003113 -0.083253473043441772
vn 0.27981582283973694 -0.30645588040351868 -0.90982848405838013
vn 0.27981582283973694 -0.30645588040351868 -0.90982848405838013
vn 0.27981582283973694 -0.30645588040351868 -0.90982848405838013
vn -0.5182877779006958 0.16577140986919403 -0.83898603916168213
vn -0.5182877779006958 0.16577140986919403 -0.83898603916168213
vn -0.5182877779006958 0.16577140986919403 -0.83898603916168213
vn -0.84143078327178955 -0.26831293106079102 -0.46904414892196655
vn -0.84143078327178955 -0.26831293106079102 -0.46904414892196655
vn -0.84143078327178955 -0.26831293106079102 -0.46904414892196655
vn -0.12635207176208496 0.89321112632751465 -0.43151944875717163
vn -0.12635207176208496 0.89321112632751465 -0.43151944875717163
vn -0.12635207176208496 0.89321112632751465 -0.43151944875717163
vn -0.68780219554901123 0.28255710005760193 0.66864758729934692
vn -0.68780219554901123 0.28255710005760193 0.66864758729934692
vn -0.68780219554901123 0.28255710005760193 0.66864758729934692
vn 0.8868439793586731 0.39662206172943115 -0.23706264793872833
vn 0.8868439793586731 0.39662206172943115 -0.23706264793872833
vn 0.8868439793586731 0.39662206172943115 -0.23706264793872833
vn 0.020102424547076225 -0.95094150304794312 -0.30871695280075073
vn 0.020102424547076225 -0.95094150304794312 -0.30871695280075073
vn 0.020102424547076225 -0.95094150304794312 -0.30871695280075073
vn -0.21104452013969421 -0.55491173267364502 0.80469447374343872
vn -0.21104452013969421 -0.55491173267364502 0.80469447374343872
vn -0.21104452013969421 -0.55491173267364502 0.80469447374343872
vn -0.98455262184143066 0.13047313690185547 0.11676014959812164
vn -0.98455262184143066 0.13047313690185547 0.11676014959812164
vn -0.98455262184143066 0.13047313690185547 0.11676014959812164
vn -0.7520720362663269 0.10386981070041656 0.65084463357925415
vn -0.7520720362663269 0.10386981070041656 0.65084463357925415
vn -0.7520720362663269 0.10386981070041656 0.65084463357925415
vn 0.78238081932067871 -0.085569046437740326 0.61689400672912598
vn 0.78238081932067871 -0.085569046437740326 0.61689400672912598
vn 0.78238081932067871 -0.085569046437740326 0.61689400672912598
vn 0.91155487298965454 -0.23660878837108612 0.33627957105636597
vn 0.91155487298965454 -0.23660878837108612 0.33627957105636597
vn 0.91155487298965454 -0.23660878837108612 0.33627957105636597
vn 0.24565032124519348 0.28763201832771301 -0.92570173740386963
vn 0.24565032124519348 0.28763201832771301 -0.92570173740386963
vn 0.24565032124519348 0.28763201832771301 -0.92570173740386963
vn 0.49073019623756409 0.64385402202606201 -0.58705693483352661
vn 0.49073019623756409 0.64385402202606201 -0.58705693483352661
vn 0.49073019623756409 0.64385402202606201 -0.58705693483352661
vn -0.2451452910900116 0.35485619306564331 -0.90220886468887329
vn -0.2451452910900116 0.35485619306564331 -0.90220886468887329
vn -0.2451452910900116 0.35485619306564331 -0.90220886468887329
vn -0.13609927892684937 0.82502686977386475 -0.54845935106277466
vn -0.13609927892684937 0.82502686977386475 -0.54845935106277466
vn -0.13609927892684937 0.82502686977386475 -0.54845935106277466
vn -0.073592759668827057 0.081555463373661041 0.99394810199737549
vn -0.073592759668827057 0.081555463373661041 0.99394810199737549
vn -0.073592759668827057 0.081555463373661041 0.99394810199737549
vn 0.02269306592643261 -0.26467850804328918 0.964069664478302
vn 0.02269306592643261 -0.26467850804328918 0.964069664478302
vn 0.02269306592643261 -0.26467850804328918 0.964069664478302
vn -0.46501350402832031 0.56945657730102539 0.67785078287124634
vn -0.46501350402832031 0.56945657730102539 0.67785078287124634
vn -0.46501350402832031 0.56945657730102539 0.67785078287124634
vn -0.48886692523956299 0.78983700275421143 0.37036013603210449
vn -0.48886692523956299 0.78983700275421143 0.37036013603210449
vn -0.48886692523956299 0.78983700275421143 0.37036013603210449
vn 0.70872557163238525 0.66153305768966675 0.24511642754077911
vn 0.70872557163238525 0.66153305768966675 0.24511642754077911
vn 0.70872557163238525 0.66153305768966675 0.24511642754077911
vn 0.99078148603439331 -0.023883836343884468 -0.13334758579730988
vn 0.99078148603439331 -0.023883836343884468 -0.13334758579730988
vn 0.99078148603439331 -0.023883836343884468 -0.13334758579730988
vn 0.13295772671699524 0.98938935995101929 -0.05857376754283905
vn 0.13295772671699524 0.98938935995101929 -0.05857376754283905
vn 0.13295772671699524 0.98938935995101929 -0.05857376754283905
vn -0.86998212337493896 0.11423975229263306 -0.47966697812080383
vn -0.86998212337493896 0.11423975229263306 -0.47966697812080383
vn -0.86998212337493896 0.11423975229263306 -0.47966697812080383
vn 0.16429382562637329 -0.78062403202056885 0.60302042961120605
vn 0.16429382562637329 -0.78062403202056885 0.60302042961120605
vn 0.16429382562637329 -0.78062403202056885 0.60302042961120605
vn -0.64986908435821533 -0.74771380424499512 0.13636067509651184
vn -0.64986908435821533 -0.74771380424499512 0.13636067509651184
vn -0.64986908435821533 -0.74771380424499512 0.13636067509651184
vn 0.41650077700614929 0.8306586742401123 -0.36950406432151794
vn 0.41650077700614929 0.8306586742401123 -0.36950406432151794
vn 0.41650077700614929 0.8306586742401123 -0.36950406432151794
vn 0.65261560678482056 -0.69014924764633179 -0.31270900368690491
vn 0.65261560678482056 -0.69014924764633179 -0.31270900368690491
vn 0.65261560678482056 -0.69014924764633179 -0.31270900368690491
vn -0.50791347026824951 0.10773542523384094 -0.85464435815811157
vn -0.50791347026824951 0.10773542523384094 -0.85464435815811157
vn -0.50791347026824951 0.10773542523384094 -0.85464435815811157
vn -0.71367919445037842 0.15592630207538605 -0.68289750814437866
vn -0.71367919445037842 0.15592630207538605 -0.68289750814437866
vn -0.71367919445037842 0.15592630207538605 -0.68289750814437866
vn -0.99660980701446533 0.080435305833816528 0.017294593155384064
vn -0.99660980701446533 0.080435305833816528 0.017294593155384064
vn -0.99660980701446533 0.080435305833816528 0.017294593155384064
vn -0.16721859574317932 0.070511117577552795 -0.98339521884918213
vn -0.16721859574317932 0.070511117577552795 -0.98339521884918213
vn -0.16721859574317932 0.070511117577552795 -0.98339521884918213
vn -0.8160557746887207 -0.33004432916641235 -0.4744720458984375
vn -0.8160557746887207 -0.33004432916641235 -0.4744720458984375
vn -0.8160557746887207 -0.33004432916641235 -0.4744720458984375
vn 0.39963087439537048 -0.78366196155548096 -0.47557243704795837
vn 0.39963087439537048 -0.78366196155548096 -0.47557243704795837
vn 0.39963087439537048 -0.78366196155548096 -0.47557243704795837
vn -0.52343583106994629 0.16686750948429108 -0.83556580543518066
vn -0.52343583106994629 0.16686750948429108 -0.83556580543518066
vn -0.52343583106994629 0.16686750948429108 -0.83556580543518066
vn -0.31870493292808533 -0.043949451297521591 0.9468345046043396
vn -0.31870493292808533 -0.043949451297521591 0.9468345046043396
vn -0.31870493292808533 -0.043949451297521591 0.9468345046043396
vn -0.11372487246990204 0.071383826434612274 0.990944504737854
vn -0.11372487246990204 0.071383826434612274 0.990944504737854
vn -0.11372487246990204 0.071383826434612274 0.990944504737854
vn -0.87344449758529663 0.107725590467453 -0.47485771775245667
vn -0.87344449758529663 0.107725590467453 -0.47485771775245667
vn -0.87344449758529663 0.107725590467453 -0.47485771775245667
vn -0.72500485181808472 -0.68677252531051636 -0.052071712911128998
vn -0.72500485181808472 -0.68677252531051636 -0.052071712911128998
vn -0.72500485181808472 -0.68677252531051636 -0.052071712911128998
vn 0.76660555601119995 0.0085190702229738235 0.64206182956695557
vn 0.76660555601119995 0.0085190702229738235 0.64206182956695557
vn 0.76660555601119995 0.0085190702229738235 0.64206182956695557
vn 0.20982404053211212 -0.3824581503868103 0.89983314275741577
vn 0.20982404053211212 -0.3824581503868103 0.89983314275741577
vn 0.20982404053211212 -0.3824581503868103 0.89983314275741577
vn 0.5702369213104248 0.55670201778411865 -0.60408008098602295
vn 0.5702369213104248 0.55670201778411865 -0.60408008098602295
vn 0.5702369213104248 0.55670201778411865 -0.60408008098602295
vn 0.44097724556922913 0.54416358470916748 0.71374022960662842
vn 0.44097724556922913 0.54416358470916748 0.71374022960662842
vn 0.44097724556922913 0.54416358470916748 0.71374022960662842
vn 0.72866255044937134 -0.011465964838862419 0.6847769021987915
vn 0.72866255044937134 -0.011465964838862419 0.6847769021987915
vn 0.72866255044937134 -0.011465964838862419 0.6847769021987915
vn 0.57693403959274292 0.22976364195346832 0.78380852937698364
vn 0.57693403959274292 0.22976364195346832 0.78380852937698364
vn 0.57693403959274292 0.22976364195346832 0.78380852937698364
vn 0.79580885171890259 0.33532354235649109 0.50422853231430054
vn 0.79580885171890259 0.33532354235649109 0.50422853231430054
vn 0.79580885171890259 0.33532354235649109 0.50422853231430054
vn 0.13079835474491119 -0.10828579962253571 0.9854775071144104
vn 0.13079835474491119 -0.10828579962253571 0.9854775071144104
vn 0.13079835474491119 -0.10828579962253571 0.9854775071144104
vn 0.24812214076519012 -0.35248297452926636 -0.90232539176940918
vn 0.24812214076519012 -0.35248297452926636 -0.90232539176940918
vn 0.24812214076519012 -0.35248297452926636 -0.90232539176940918
vn 0.97777575254440308 0.10689182579517365 0.18035727739334106
vn 0.97777575254440308 0.10689182579517365 0.18035727739334106
vn 0.97777575254440308 0.10689182579517365 0.18035727739334106
vn 0.48889309167861938 0.31972751021385193 -0.81163901090621948
vn 0.48889309167861938 0.31972751021385193 -0.81163901090621948
vn 0.48889309167861938 0.31972751021385193 -0.81163901090621948
vn -0.9941750168800354 -0.094527125358581543 -0.051774937659502029
vn -0.9941750168800354 -0.094527125358581543 -0.051774937659502029
vn -0.9941750168800354 -0.094527125358581543 -0.051774937659502029
vn -0.57638776302337646 0.49351575970649719 0.65132123231887817
vn -0.57638776302337646 0.49351575970649719 0.65132123231887817
vn -0.57638776302337646 0.49351575970649719 0.65132123231887817
vn -0.14390526711940765 -0.91213870048522949 0.38378933072090149
vn -0.14390526711940765 -0.91213870048522949 0.38378933072090149
vn -0.14390526711940765 -0.91213870048522949 0.38378933072090149
vn 0.32250380516052246 0.41429758071899414 -0.85108685493469238
vn 0.32250380516052246 0.41429758071899414 -0.85108685493469238
vn 0.32250380516052246 0.41429758071899414 -0.85108685493469238
vn 0.54144227504730225 0.18373899161815643 -0.82041466236114502
vn 0.54144227504730225 0.18373899161815643 -0.82041466236114502
vn 0.54144227504730225 0.18373899161815643 -0.82041466236114502
vn 0.23321773111820221 0.47381791472434998 -0.84917962551116943
vn 0.23321773111820221 0.47381791472434998 -0.84917962551116943
vn 0.23321773111820221 0.47381791472434998 -0.84917962551116943
vn 0.70031791925430298 -0.14589899778366089 -0.69876199960708618
vn 0.70031791925430298 -0.14589899778366089 -0.69876199960708618
vn 0.70031791925430298 -0.14589899778366089 -0.69876199960708618
vn 0.49308153986930847 0.17172950506210327 0.85286551713943481
vn 0.49308153986930847 0.17172950506210327 0.85286551713943481
vn 0.49308153986930847 0.17172950506210327 0.85286551713943481
vn -0.0012741462560370564 0.87610793113708496 0.4821133017539978
vn -0.0012741462560370564 0.87610793113708496 0.4821133017539978
vn -0.0012741462560370564 0.87610793113708496 0.4821133017539978
vn -0.22702804207801819 -0.96040803194046021 -0.16147668659687042
vn -0.22702804207801819 -0.96040803194046021 -0.16147668659687042
vn -0.22702804207801819 -0.96040803194046021 -0.16147668659687042
vn -0.87582969665527344 0.037112738937139511 -0.48119118809700012
vn -0.87582969665527344 0.037112738937139511 -0.48119118809700012
vn -0.87582969665527344 0.037112738937139511 -0.48119118809700012
vn -0.56405854225158691 0.35444933176040649 -0.74579060077667236
vn -0.56405854225158691 0.35444933176040649 -0.74579060077667236
vn -0.56405854225158691 0.35444933176040649 -0.74579060077667236
vn 0.92184937000274658 0.022636132314801216 -0.38688674569129944
vn 0.92184937000274658 0.022636132314801216 -0.38688674569129944
vn 0.92184937000274658 0.022636132314801216 -0.38688674569129944
vn 0.70104223489761353 0.022448673844337463 -0.71276634931564331
vn 0.70104223489761353 0.022448673844337463 -0.71276634931564331
vn 0.70104223489761353 0.022448673844337463 -0.71276634931564331
vn -0.45215436816215515 0.17448617517948151 0.8747062087059021
vn -0.45215436816215515 0.17448617517948151 0.8747062087059021
vn -0.45215436816215515 0.17448617517948151 0.8747062087059021
vn -0.94260531663894653 0.090103700757026672 0.32152214646339417
vn -0.94260531663894653 0.090103700757026672 0.32152214646339417
vn -0.94260531663894653 0.090103700757026672 0.32152214646339417
vn -0.57260435819625854 0.057341832667589188 -0.81782400608062744
vn -0.57260435819625854 0.057341832667589188 -0.81782400608062744
vn -0.57260435819625854 0.057341832667589188 -0.81782400608062744
vn -0.56860494613647461 0.11548273265361786 -0.81446433067321777
vn -0.56860494613647461 0.11548273265361786 -0.81446433067321777
vn -0.56860494613647461 0.11548273265361786 -0.81446433067321777
vn 0.94832742214202881 0.28406572341918945 0.14135688543319702
vn 0.94832742214202881 0.28406572341918945 0.14135688543319702
vn 0.94832742214202881 0.28406572341918945 0.14135688543319702
vn 0.13739065825939178 0.018954651430249214 -0.99033558368682861
vn 0.13739065825939178 0.018954651430249214 -0.99033558368682861
vn 0.13739065825939178 0.018954651430249214 -0.99033558368682861
vn -0.80751001834869385 0.34500256180763245 0.47843578457832336
vn -0.80751001834869385 0.34500256180763245 0.47843578457832336
vn -0.80751001834869385 0.34500256180763245 0.47843578457832336
vn -0.35470139980316162 0.077549219131469727 0.93175804615020752
vn -0.35470139980316162 0.077549219131469727 0.93175804615020752
vn -0.35470139980316162 0.077549219131469727 0.93175804615020752
vn -0.89041686058044434 -0.034706305712461472 0.45382076501846313
vn -0.89041686058044434 -0.034706305712461472 0.45382076501846313
vn -0.89041686058044434 -0.034706305712461472 0.45382076501846313
vn -0.7228512167930603 -0.14098294079303741 0.67646872997283936
vn -0.7228512167930603 -0.14098294079303741 0.67646872997283936
vn -0.7228512167930603 -0.14098294079303741 0.67646872997283936
vn -0.9160119891166687 -0.32970491051673889 -0.22850979864597321
vn -0.9160119891166687 -0.32970491051673889 -0.22850979864597321
vn -0.9160119891166687 -0.32970491051673889 -0.22850979864597321
vn -0.71499389410018921 0.52960968017578125 -0.4563959538936615
vn -0.71499389410018921 0.52960968017578125 -0.4563959538936615
vn -0.71499389410018921 0.52960968017578125 -0.4563959538936615
vn 0.16587558388710022 0.10627192258834839 -0.98040378093719482
vn 0.16587558388710022 0.10627192258834839 -0.98040378093719482
vn 0.16587558388710022 0.10627192258834839 -0.98040378093719482
vn 0.59189850091934204 -0.24696135520935059 0.76724588871002197
vn 0.59189850091934204 -0.24696135520935059 0.76724588871002197
vn 0.59189850091934204 -0.24696135520935059 0.76724588871002197
vn -0.82027208805084229 0.32614195346832275 -0.46987777948379517
vn -0.82027208805084229 0.32614195346832275 -0.46987777948379517
vn -0.82027208805084229 0.32614195346832275 -0.46987777948379517
vn 0.79919886589050293 -0.24997462332248688 -0.54662042856216431
vn 0.79919886589050293 -0.24997462332248688 -0.54662042856216431
vn 0.79919886589050293 -0.24997462332248688 -0.54662042856216431
vn 0.95236623287200928 -0.2989240288734436 0.060356896370649338
vn 0.95236623287200928 -0.2989240288734436 0.060356896370649338
vn 0.95236623287200928 -0.2989240288734436 0.060356896370649338
vn -0.55049854516983032 -0.14316557347774506 0.82246881723403931
vn -0.55049854516983032 -0.14316557347774506 0.82246881723403931
vn -0.55049854516983032 -0.14316557347774506 0.82246881723403931
vn 0.9892735481262207 0.14558547735214233 0.011947746388614178
vn 0.9892735481262207 0.14558547735214233 0.011947746388614178
vn 0.9892735481262207 0.14558547735214233 0.011947746388614178
vn 0.56730782985687256 0.36349186301231384 -0.73894214630126953
vn 0.56730782985687256 0.36349186301231384 -0.73894214630126953
vn 0.56730782985687256 0.36349186301231384 -0.73894214630126953
vn 0.41230881214141846 0.36452430486679077 -0.83493918180465698
vn 0.41230881214141846 0.36452430486679077 -0.83493918180465698
vn 0.41230881214141846 0.36452430486679077 -0.83493918180465698
vn -0.39002299308776855 -0.0092723891139030457 0.92075842618942261
vn -0.39002299308776855 -0.0092723891139030457 0.92075842618942261
vn -0.39002299308776855 -0.0092723891139030457 0.92075842618942261
vn 0.85281747579574585 0.12797699868679047 0.50628471374511719
vn 0.85281747579574585 0.12797699868679047 0.50628471374511719
vn 0.85281747579574585 0.12797699868679047 0.50628471374511719
vn -0.84617161750793457 -0.26532655954360962 -0.46216383576393127
vn -0.84617161750793457 -0.26532655954360962 -0.46216383576393127
vn -0.84617161750793457 -0.26532655954360962 -0.46216383576393127
vn -0.41778114438056946 -0.90682613849639893 0.055903863161802292
vn -0.41778114438056946 -0.90682613849639893 0.055903863161802292
vn -0.41778114438056946 -0.90682613849639893 0.055903863161802292
vn -0.81483471393585205 -0.34275659918785095 0.46750646829605103
vn -0.81483471393585205 -0.34275659918785095 0.46750646829605103
vn -0.81483471393585205 -0.34275659918785095 0.46750646829605103
vn 0.3344513475894928 -0.14194774627685547 0.93166148662567139
vn 0.3344513475894928 -0.14194774627685547 0.93166148662567139
vn 0.3344513475894928 -0.14194774627685547 0.93166148662567139
vn -0.95100909471511841 -0.18800924718379974 0.24542662501335144
vn -0.95100909471511841 -0.18800924718379974 0.24542662501335144
vn -0.95100909471511841 -0.18800924718379974 0.24542662501335144
vn 0.69133913516998291 -0.45605021715164185 -0.56041806936264038
vn 0.69133913516998291 -0.45605021715164185 -0.56041806936264038
vn 0.69133913516998291 -0.45605021715164185 -0.56041806936264038
vn 0.3262430727481842 -0.80194079875946045 -0.50045621395111084
vn 0.3262430727481842 -0.80194079875946045 -0.50045621395111084
vn 0.3262430727481842 -0.80194079875946045 -0.50045621395111084
vn 0.58822596073150635 -0.53792691230773926 -0.60384172201156616
vn 0.58822596073150635 -0.53792691230773926 -0.60384172201156616
vn 0.58822596073150635 -0.53792691230773926 -0.60384172201156616
vn 0.8041762113571167 -0.50670504570007324 0.31072595715522766
vn 0.8041762113571167 -0.50670504570007324 0.31072595715522766
vn 0.8041762113571167 -0.50670504570007324 0.31072595715522766
vn 0.82563823461532593 0.45508462190628052 0.3334958553314209
vn 0.82563823461532593 0.45508462190628052 0.3334958553314209
vn 0.82563823461532593 0.45508462190628052 0.3334958553314209
vn 0.83329039812088013 0.04716341570019722 -0.550819993019104
vn 0.83329039812088013 0.04716341570019722 -0.550819993019104
vn 0.83329039812088013 0.04716341570019722 -0.550819993019104
vn 0.3327750563621521 -0.58725196123123169 0.73783189058303833
vn 0.3327750563621521 -0.58725196123123169 0.73783189058303833
vn 0.3327750563621521 -0.58725196123123169 0.73783189058303833
vn 0.13773410022258759 0.25117620825767517 0.95809179544448853
vn 0.13773410022258759 0.25117620825767517 0.95809179544448853
vn 0.13773410022258759 0.25117620825767517 0.95809179544448853
vn 0.42018938064575195 0.1616767942905426 0.89291739463806152
vn 0.42018938064575195 0.1616767942905426 0.89291739463806152
vn 0.42018938064575195 0.1616767942905426 0.89291739463806152
vn 0.82561087608337402 0.21940246224403381 0.51983582973480225
vn 0.82561087608337402 0.21940246224403381 0.51983582973480225
vn 0.82561087608337402 0.21940246224403381 0.51983582973480225
vn 0.88497662544250488 -0.22877207398414612 -0.40556097030639648
vn 0.88497662544250488 -0.22877207398414612 -0.40556097030639648
vn 0.88497662544250488 -0.22877207398414612 -0.40556097030639648
vn -0.41763538122177124 0.024195535108447075 0.90829247236251831
vn -0.41763538122177124 0.024195535108447075 0.90829247236251831
vn -0.41763538122177124 0.024195535108447075 0.90829247236251831
vn -0.83107692003250122 0.35287627577781677 -0.42987149953842163
vn -0.83107692003250122 0.35287627577781677 -0.42987149953842163
vn -0.83107692003250122 0.35287627577781677 -0.42987149953842163
vn -0.99252700805664062 0.12160768359899521 0.010085255838930607
vn -0.99252700805664062 0.12160768359899521 0.010085255838930607
vn -0.99252700805664062 0.12160768359899521 0.010085255838930607
vn -0.69785118103027344 -0.67935168743133545 0.22690299153327942
vn -0.69785118103027344 -0.67935168743133545 0.22690299153327942
vn -0.69785118103027344 -0.67935168743133545 0.22690299153327942
vn -0.94080168008804321 -0.30656686425209045 0.14459937810897827
vn -0.94080168008804321 -0.30656686425209045 0.14459937810897827
vn -0.94080168008804321 -0.30656686425209045 0.14459937810897827
vn -0.97147172689437866 -0.0084765078499913216 0.23700396716594696
vn -0.97147172689437866 -0.0084765078499913216 0.23700396716594696
vn -0.97147172689437866 -0.0084765078499913216 0.23700396716594696
vn 0.38261416554450989 0.65125161409378052 -0.65534549951553345
vn 0.38261416554450989 0.65125161409378052 -0.65534549951553345
vn 0.38261416554450989 0.65125161409378052 -0.65534549951553345
vn -0.43805128335952759 0.89818024635314941 -0.037192903459072113
vn -0.43805128335952759 0.89818024635314941 -0.037192903459072113
vn -0.43805128335952759 0.89818024635314941 -0.037192903459072113
vn 0.54167664051055908 -0.1377226859331131 0.82922786474227905
vn 0.54167664051055908 -0.1377226859331131 0.82922786474227905
vn 0.54167664051055908 -0.1377226859331131 0.82922786474227905
vn -0.72273457050323486 0.43371498584747314 0.53809481859207153
vn -0.72273457050323486 0.43371498584747314 0.53809481859207153
vn -0.72273457050323486 0.43371498584747314 0.53809481859207153
vn 0.48939827084541321 0.10577109456062317 0.86562222242355347
vn 0.48939827084541321 0.10577109456062317 0.86562222242355347
vn 0.48939827084541321 0.10577109456062317 0.86562222242355347
vn 0.98902440071105957 0.12527233362197876 -0.078342996537685394
vn 0.98902440071105957 0.12527233362197876 -0.078342996537685394
vn 0.98902440071105957 0.12527233362197876 -0.078342996537685394
vn 0.96096134185791016 -0.27512446045875549 0.029323022812604904
vn 0.96096134185791016 -0.27512446045875549 0.029323022812604904
vn 0.96096134185791016 -0.27512446045875549 0.029323022812604904
vn 0.27006077766418457 0.94411802291870117 -0.1889665424823761
vn 0.27006077766418457 0.94411802291870117 -0.1889665424823761
vn 0.27006077766418457 0.94411802291870117 -0.1889665424823761
vn -0.68165087699890137 -0.20768529176712036 -0.7015831470489502
vn -0.68165087699890137 -0.20768529176712036 -0.7015831470489502
vn -0.68165087699890137 -0.20768529176712036 -0.7015831470489502
vn -0.35884597897529602 0.10250388085842133 -0.92775130271911621
vn -0.35884597897529602 0.10250388085842133 -0.92775130271911621
vn -0.35884597897529602 0.10250388085842133 -0.92775130271911621
vn 0.46088859438896179 0.27734941244125366 0.8430059552192688
vn 0.46088859438896179 0.27734941244125366 0.8430059552192688
vn 0.46088859438896179 0.27734941244125366 0.8430059552192688
vn 0.62348353862762451 -0.18171954154968262 0.76042509078979492
vn 0.62348353862762451 -0.18171954154968262 0.76042509078979492
vn 0.62348353862762451 -0.18171954154968262 0.76042509078979492
vn 0.53876352310180664 0.27070334553718567 0.79778039455413818
vn 0.53876352310180664 0.27070334553718567 0.79778039455413818
vn 0.53876352310180664 0.27070334553718567 0.79778039455413818
vn 0.30321449041366577 -0.029636552557349205 0.9524613618850708
vn 0.30321449041366577 -0.029636552557349205 0.9524613618850708
vn 0.30321449041366577 -0.029636552557349205 0.9524613618850708
vn -0.73961335420608521 -0.021561255678534508 -0.67268657684326172
vn -0.73961335420608521 -0.021561255678534508 -0.67268657684326172
vn -0.73961335420608521 -0.021561255678534508 -0.67268657684326172
vn -0.46073657274246216 -0.30150029063224792 -0.83475708961486816
vn -0.46073657274246216 -0.30150029063224792 -0.83475708961486816
vn -0.46073657274246216 -0.30150029063224792 -0.83475708961486816
vn -0.52604210376739502 -0.093974903225898743 -0.84525048732757568
vn -0.52604210376739502 -0.093974903225898743 -0.84525048732757568
vn -0.52604210376739502 -0.093974903225898743 -0.84525048732757568
vn -0.17063923180103302 -0.074616275727748871 -0.98250430822372437
vn -0.17063923180103302 -0.074616275727748871 -0.98250430822372437
vn -0.17063923180103302 -0.074616275727748871 -0.98250430822372437
vn -0.22898727655410767 -0.05554937943816185 -0.97184312343597412
vn -0.22898727655410767 -0.05554937943816185 -0.97184312343597412
vn -0.22898727655410767 -0.05554937943816185 -0.97184312343597412
vn 0.14686888456344604 -0.029548285529017448 -0.98871451616287231
vn 0.14686888456344604 -0.029548285529017448 -0.98871451616287231
vn 0.14686888456344604 -0.029548285529017448 -0.98871451616287231
vn 0.42261949181556702 0.04294046014547348 0.9052894115447998
vn 0.42261949181556702 0.04294046014547348 0.9052894115447998
vn 0.42261949181556702 0.04294046014547348 0.9052894115447998
vn -0.64101707935333252 0.020434079691767693 0.76725459098815918
vn -0.64101707935333252 0.020434079691767693 0.76725459098815918
vn -0.64101707935333252 0.020434079691767693 0.76725459098815918
vn 0.23961634933948517 -0.31902685761451721 0.91695469617843628
vn 0.23961634933948517 -0.31902685761451721 0.91695469617843628
vn 0.23961634933948517 -0.31902685761451721 0.91695469617843628
vn -0.35439139604568481 -0.89855241775512695 0.25886350870132446
vn -0.35439139604568481 -0.89855241775512695 0.25886350870132446
vn -0.35439139604568481 -0.89855241775512695 0.25886350870132446
vn -0.9414713978767395 -0.085112959146499634 0.32617080211639404
vn -0.9414713978767395 -0.085112959146499634 0.32617080211639404
vn -0.9414713978767395 -0.085112959146499634 0.32617080211639404
vn -0.78517812490463257 -0.25663304328918457 0.56359100341796875
vn -0.78517812490463257 -0.25663304328918457 0.56359100341796875
vn -0.78517812490463257 -0.25663304328918457 0.56359100341796875
vn -0.71834343671798706 -0.62386947870254517 0.3078467845916748
vn -0.71834343671798706 -0.62386947870254517 0.3078467845916748
vn -0.71834343671798706 -0.62386947870254517 0.3078467845916748
vn 0.7707790732383728 -0.61707717180252075 0.15847839415073395
vn 0.7707790732383728 -0.61707717180252075 0.15847839415073395
vn 0.7707790732383728 -0.61707717180252075 0.15847839415073395
vn -0.047045912593603134 0.21584621071815491 -0.97529333829879761
vn -0.047045912593603134 0.21584621071815491 -0.97529333829879761
vn -0.047045912593603134 0.21584621071815491 -0.97529333829879761
vn 0.77953171730041504 -0.16516554355621338 -0.60419422388076782
vn 0.77953171730041504 -0.16516554355621338 -0.60419422388076782
vn 0.77953171730041504 -0.16516554355621338 -0.60419422388076782
vn 0.26540249586105347 0.052216444164514542 -0.96272265911102295
vn 0.26540249586105347 0.052216444164514542 -0.96272265911102295
vn 0.26540249586105347 0.052216444164514542 -0.96272265911102295
vn 0.96487361192703247 0.18791770935058594 -0.18359147012233734
vn 0.96487361192703247 0.18791770935058594 -0.18359147012233734
vn 0.96487361192703247 0.18791770935058594 -0.18359147012233734
vn 0.98343479633331299 0.065013952553272247 -0.16920171678066254
vn 0.98343479633331299 0.065013952553272247 -0.16920171678066254
vn 0.98343479633331299 0.065013952553272247 -0.16920171678066254
vn -0.29217475652694702 -0.94393831491470337 -0.15366949141025543
vn -0.29217475652694702 -0.94393831491470337 -0.15366949141025543
vn -0.29217475652694702 -0.94393831491470337 -0.15366949141025543
vn -0.13934655487537384 -0.98730355501174927 0.076250940561294556
vn -0.13934655487537384 -0.98730355501174927 0.076250940561294556
vn -0.13934655487537384 -0.98730355501174927 0.076250940561294556
vn 0.80103951692581177 0.18160957098007202 0.57039779424667358
vn 0.80103951692581177 0.18160957098007202 0.57039779424667358
vn 0.80103951692581177 0.18160957098007202 0.57039779424667358
vn 0.78750550746917725 -0.051170505583286285 0.61417967081069946
vn 0.78750550746917725 -0.051170505583286285 0.61417967081069946
vn 0.78750550746917725 -0.051170505583286285 0.61417967081069946
vn -0.21227513253688812 -0.52630352973937988 0.82337343692779541
vn -0.21227513253688812 -0.52630352973937988 0.82337343692779541
vn -0.21227513253688812 -0.52630352973937988 0.82337343692779541
vn 0.28813132643699646 -0.87910085916519165 -0.37968668341636658
vn 0.28813132643699646 -0.87910085916519165 -0.37968668341636658
vn 0.28813132643699646 -0.87910085916519165 -0.37968668341636658
vn -0.27202266454696655 -0.35811671614646912 -0.89317190647125244
vn -0.27202266454696655 -0.35811671614646912 -0.89317190647125244
vn -0.27202266454696655 -0.35811671614646912 -0.89317190647125244
vn -0.27649742364883423 0.20697322487831116 -0.93846219778060913
vn -0.27649742364883423 0.20697322487831116 -0.93846219778060913
vn -0.27649742364883423 0.20697322487831116 -0.93846219778060913
vn -0.86405187845230103 0.069228194653987885 -0.49861988425254822
vn -0.86405187845230103 0.069228194653987885 -0.49861988425254822
vn -0.86405187845230103 0.069228194653987885 -0.49861988425254822
vn -0.99456143379211426 -0.092179439961910248 0.048481769859790802
vn -0.99456143379211426 -0.092179439961910248 0.048481769859790802
vn -0.99456143379211426 -0.092179439961910248 0.048481769859790802
vn 0.99816387891769409 0.047550603747367859 0.037521570920944214
vn 0.99816387891769409 0.047550603747367859 0.037521570920944214
vn 0.99816387891769409 0.047550603747367859 0.037521570920944214
vn 0.75210249423980713 0.10236811637878418 0.65104728937149048
vn 0.75210249423980713 0.10236811637878418 0.65104728937149048
vn 0.75210249423980713 0.10236811637878418 0.65104728937149048
vn -0.17302072048187256 0.066374145448207855 -0.98267912864685059
vn -0.17302072048187256 0.066374145448207855 -0.98267912864685059
vn -0.17302072048187256 0.066374145448207855 -0.98267912864685059
vn 0.26656034588813782 -0.87592965364456177 -0.40211039781570435
vn 0.26656034588813782 -0.87592965364456177 -0.40211039781570435
vn 0.26656034588813782 -0.87592965364456177 -0.40211039781570435
vn -0.74286484718322754 0.070430658757686615 -0.6657261848449707
vn -0.74286484718322754 0.070430658757686615 -0.6657261848449707
vn -0.74286484718322754 0.070430658757686615 -0.6657261848449707
vn -0.88043040037155151 -0.0048456620424985886 -0.47415059804916382
vn -0.88043040037155151 -0.0048456620424985886 -0.47415059804916382
vn -0.88043040037155151 -0.0048456620424985886 -0.47415059804916382
vn 0.64886075258255005 0.23908907175064087 0.72236841917037964
vn 0.64886075258255005 0.23908907175064087 0.72236841917037964
vn 0.64886075258255005 0.23908907175064087 0.72236841917037964
vn 0.89903092384338379 0.43246302008628845 -0.068695999681949615
vn 0.89903092384338379 0.43246302008628845 -0.068695999681949615
vn 0.89903092384338379 0.43246302008628845 -0.068695999681949615
vn -0.39434224367141724 0.24231737852096558 0.88644033670425415
vn -0.39434224367141724 0.24231737852096558 0.88644033670425415
vn -0.39434224367141724 0.24231737852096558 0.88644033670425415
vn 0.22362633049488068 0.81769979000091553 0.53043216466903687
vn 0.22362633049488068 0.81769979000091553 0.53043216466903687
vn 0.22362633049488068 0.81769979000091553 0.53043216466903687
vn 0.19980566203594208 0.018814478069543839 0.97965490818023682
vn 0.19980566203594208 0.018814478069543839 0.97965490818023682
vn 0.19980566203594208 0.018814478069543839 0.97965490818023682
vn -0.67912924289703369 -0.030193792656064034 0.73339748382568359
vn -0.67912924289703369 -0.030193792656064034 0.73339748382568359
vn -0.67912924289703369 -0.030193792656064034 0.73339748382568359
vn -0.85074597597122192 0.51606392860412598 0.099545516073703766
vn -0.85074597597122192 0.51606392860412598 0.099545516073703766
vn -0.85074597597122192 0.51606392860412598 0.099545516073703766
vn -0.6266319751739502 -0.31292128562927246 0.71373146772384644
vn -0.6266319751739502 -0.31292128562927246 0.71373146772384644
vn -0.6266319751739502 -0.31292128562927246 0.71373146772384644
vn -0.1687295138835907 -0.96232414245605469 -0.21321965754032135
vn -0.1687295138835907 -0.96232414245605469 -0.21321965754032135
vn -0.1687295138835907 -0.96232414245605469 -0.21321965754032135
vn -0.1791616827249527 -0.98334085941314697 -0.030688691884279251
vn -0.1791616827249527 -0.98334085941314697 -0.030688691884279251
vn -0.1791616827249527 -0.98334085941314697 -0.030688691884279251
vn 0.98259651660919189 -0.029557909816503525 -0.18338610231876373
vn 0.98259651660919189 -0.029557909816503525 -0.18338610231876373
vn 0.98259651660919189 -0.029557909816503525 -0.18338610231876373
vn -0.14858478307723999 -0.91452109813690186 0.37626287341117859
vn -0.14858478307723999 -0.91452109813690186 0.37626287341117859
vn -0.14858478307723999 -0.91452109813690186 0.37626287341117859
vn -0.12347890436649323 -0.96139466762542725 -0.24591314792633057
vn -0.12347890436649323 -0.96139466762542725 -0.24591314792633057
vn -0.12347890436649323 -0.96139466762542725 -0.24591314792633057
vn 0.47233164310455322 -0.88099783658981323 0.027305558323860168
vn 0.47233164310455322 -0.88099783658981323 0.027305558323860168
vn 0.47233164310455322 -0.88099783658981323 0.027305558323860168
vn 0.35050240159034729 -0.0023121114354580641 -0.93655896186828613
vn 0.35050240159034729 -0.0023121114354580641 -0.93655896186828613
vn 0.35050240159034729 -0.0023121114354580641 -0.93655896186828613
vn 0.30685827136039734 0.14081570506095886 -0.94128048419952393
vn 0.30685827136039734 0.14081570506095886 -0.94128048419952393
vn 0.30685827136039734 0.14081570506095886 -0.94128048419952393
vn -0.39487022161483765 0.046064954251050949 -0.91758131980895996
vn -0.39487022161483765 0.046064954251050949 -0.91758131980895996
vn -0.39487022161483765 0.046064954251050949 -0.91758131980895996
vn 0.049820970743894577 0.5286821722984314 -0.84735649824142456
vn 0.049820970743894577 0.5286821722984314 -0.84735649824142456
vn 0.049820970743894577 0.5286821722984314 -0.84735649824142456
vn -0.14178402721881866 0.2407759428024292 -0.96016883850097656
vn -0.14178402721881866 0.2407759428024292 -0.96016883850097656
vn -0.14178402721881866 0.2407759428024292 -0.96016883850097656
vn -0.50160300731658936 0.21145647764205933 -0.83885669708251953
vn -0.50160300731658936 0.21145647764205933 -0.83885669708251953
vn -0.50160300731658936 0.21145647764205933 -0.83885669708251953
vn 0.374747633934021 -0.44950908422470093 -0.8108673095703125
vn 0.374747633934021 -0.44950908422470093 -0.8108673095703125
vn 0.374747633934021 -0.44950908422470093 -0.8108673095703125
vn -0.64001715183258057 -0.51786822080612183 0.56761831045150757
vn -0.64001715183258057 -0.51786822080612183 0.56761831045150757
vn -0.64001715183258057 -0.51786822080612183 0.56761831045150757
vn -0.073947735130786896 -0.2984575629234314 -0.95155388116836548
vn -0.073947735130786896 -0.2984575629234314 -0.95155388116836548
vn -0.073947735130786896 -0.2984575629234314 -0.95155388116836548
vn -0.45650151371955872 0.32628551125526428 0.82773435115814209
vn -0.45650151371955872 0.32628551125526428 0.82773435115814209
vn -0.45650151371955872 0.32628551125526428 0.82773435115814209
vn 0.80591297149658203 0.28605324029922485 -0.51834136247634888
vn 0.80591297149658203 0.28605324029922485 -0.51834136247634888
vn 0.80591297149658203 0.28605324029922485 -0.51834136247634888
vn 0.75793933868408203 -0.06368543952703476 -0.64920884370803833
vn 0.75793933868408203 -0.06368543952703476 -0.64920884370803833
vn 0.75793933868408203 -0.06368543952703476 -0.64920884370803833
vn 0.96756446361541748 0.18278889358043671 -0.17437659204006195
vn 0.96756446361541748 0.18278889358043671 -0.17437659204006195
vn 0.96756446361541748 0.18278889358043671 -0.17437659204006195
vn -0.51180934906005859 -0.22762063145637512 0.82839608192443848
vn -0.51180934906005859 -0.22762063145637512 0.82839608192443848
vn -0.51180934906005859 -0.22762063145637512 0.82839608192443848
vn -0.86671531200408936 -0.031288016587495804 0.49782085418701172
vn -0.86671531200408936 -0.031288016587495804 0.49782085418701172
vn -0.86671531200408936 -0.031288016587495804 0.49782085418701172
vn -0.99701547622680664 0.046355411410331726 0.061735812574625015
vn -0.99701547622680664 0.046355411410331726 0.061735812574625015
vn -0.99701547622680664 0.046355411410331726 0.061735812574625015
vn 0.051939882338047028 -0.03640458732843399 -0.99798643589019775
vn 0.051939882338047028 -0.03640458732843399 -0.99798643589019775
vn 0.051939882338047028 -0.03640458732843399 -0.99798643589019775
vn 0.43412384390830994 -0.019671354442834854 -0.9006384015083313
vn 0.43412384390830994 -0.019671354442834854 -0.9006384015083313
vn 0.43412384390830994 -0.019671354442834854 -0.9006384015083313
vn -0.92123818397521973 0.079165175557136536 0.38085839152336121
vn -0.92123818397521973 0.079165175557136536 0.38085839152336121
vn -0.92123818397521973 0.079165175557136536 0.38085839152336121
vn -0.93878048658370972 -0.26532912254333496 -0.21975353360176086
vn -0.93878048658370972 -0.26532912254333496 -0.21975353360176086
vn -0.93878048658370972 -0.26532912254333496 -0.21975353360176086
vn 0.91605484485626221 0.20553769171237946 0.34438034892082214
vn 0.91605484485626221 0.20553769171237946 0.34438034892082214
vn 0.91605484485626221 0.20553769171237946 0.34438034892082214
vn 0.6868361234664917 0.041985023766756058 0.72559869289398193
vn 0.6868361234664917 0.041985023766756058 0.72559869289398193
vn 0.6868361234664917 0.041985023766756058 0.72559869289398193
vn 0.93515574932098389 0.14487947523593903 -0.32325482368469238
vn 0.93515574932098389 0.14487947523593903 -0.32325482368469238
vn 0.93515574932098389 0.14487947523593903 -0.32325482368469238
vn 0.8230786919593811 -0.51988863945007324 -0.22859859466552734
vn 0.8230786919593811 -0.51988863945007324 -0.22859859466552734
vn 0.8230786919593811 -0.51988863945007324 -0.22859859466552734
vn -0.55852359533309937 -0.65739679336547852 0.50584661960601807
vn -0.55852359533309937 -0.65739679336547852 0.50584661960601807
vn -0.55852359533309937 -0.65739679336547852 0.50584661960601807
vn -0.55018943548202515 0.077572554349899292 0.83142894506454468
vn -0.55018943548202515 0.077572554349899292 0.83142894506454468
vn -0.55018943548202515 0.077572554349899292 0.83142894506454468
vn -0.48048567771911621 0.41275724768638611 -0.77379906177520752
vn -0.48048567771911621 0.41275724768638611 -0.77379906177520752
vn -0.48048567771911621 0.41275724768638611 -0.77379906177520752
vn -0.47265604138374329 -0.28281384706497192 0.8346332311630249
vn -0.47265604138374329 -0.28281384706497192 0.8346332311630249
vn -0.47265604138374329 -0.28281384706497192 0.8346332311630249
vn -0.58608895540237427 -0.033594958484172821 -0.80954998731613159
vn -0.58608895540237427 -0.033594958484172821 -0.80954998731613159
vn -0.58608895540237427 -0.033594958484172821 -0.80954998731613159
vn -0.50365418195724487 0.1142294853925705 -0.8563200831413269
vn -0.50365418195724487 0.1142294853925705 -0.8563200831413269
vn -0.50365418195724487 0.1142294853925705 -0.8563200831413269
vn -0.87778109312057495 0.47709459066390991 0.043371967971324921
vn -0.87778109312057495 0.47709459066390991 0.043371967971324921
vn -0.87778109312057495 0.47709459066390991 0.043371967971324921
vn -0.84241372346878052 0.50095367431640625 -0.19845552742481232
vn -0.84241372346878052 0.50095367431640625 -0.19845552742481232
vn -0.84241372346878052 0.50095367431640625 -0.19845552742481232
vn 0.8922465443611145 -0.14330795407295227 -0.42820426821708679
vn 0.8922465443611145 -0.14330795407295227 -0.42820426821708679
vn 0.8922465443611145 -0.14330795407295227 -0.42820426821708679
vn -0.30112826824188232 -0.16672146320343018 0.93889600038528442
vn -0.30112826824188232 -0.16672146320343018 0.93889600038528442
vn -0.30112826824188232 -0.16672146320343018 0.93889600038528442
vn 0.96927952766418457 -0.069963358342647552 0.23580136895179749
vn 0.96927952766418457 -0.069963358342647552 0.23580136895179749
vn 0.96927952766418457 -0.069963358342647552 0.23580136895179749
vn 0.71552902460098267 -0.18412010371685028 -0.67388278245925903
vn 0.71552902460098267 -0.18412010371685028 -0.67388278245925903
vn 0.71552902460098267 -0.18412010371685028 -0.67388278245925903
vn -0.67386186122894287 0.70441633462905884 -0.22295249998569489
vn -0.67386186122894287 0.70441633462905884 -0.22295249998569489
vn -0.67386186122894287 0.70441633462905884 -0.22295249998569489
vn 0.42581471800804138 -0.82828390598297119 0.36418074369430542
vn 0.42581471800804138 -0.82828390598297119 0.36418074369430542
vn 0.42581471800804138 -0.82828390598297119 0.36418074369430542
vn 0.64657759666442871 -0.45511424541473389 0.61221605539321899
vn 0.64657759666442871 -0.45511424541473389 0.61221605539321899
vn 0.64657759666442871 -0.45511424541473389 0.61221605539321899
vn -0.1735772043466568 0.41047483682632446 -0.89519906044006348
vn -0.1735772043466568 0.41047483682632446 -0.89519906044006348
vn -0.1735772043466568 0.41047483682632446 -0.89519906044006348
vn 0.55627244710922241 -0.15931083261966705 0.81558632850646973
vn 0.55627244710922241 -0.15931083261966705 0.81558632850646973
vn 0.55627244710922241 -0.15931083261966705 0.81558632850646973
vn 0.50281280279159546 0.014411143958568573 0.86427515745162964
vn 0.50281280279159546 0.014411143958568573 0.86427515745162964
vn 0.50281280279159546 0.014411143958568573 0.86427515745162964
vn 0.75555086135864258 0.53768134117126465 0.37422144412994385
vn 0.75555086135864258 0.53768134117126465 0.37422144412994385
vn 0.75555086135864258 0.53768134117126465 0.37422144412994385
vn -0.0083973677828907967 0.081825427711009979 0.99661129713058472
vn -0.0083973677828907967 0.081825427711009979 0.99661129713058472
vn -0.0083973677828907967 0.081825427711009979 0.99661129713058472
vn 0.01580500416457653 -0.089557945728302002 0.99585622549057007
vn 0.01580500416457653 -0.089557945728302002 0.99585622549057007
vn 0.01580500416457653 -0.089557945728302002 0.99585622549057007
vn -0.23377367854118347 -0.21121801435947418 0.94907152652740479
vn -0.23377367854118347 -0.21121801435947418 0.94907152652740479
vn -0.23377367854118347 -0.21121801435947418 0.94907152652740479
vn -0.13175934553146362 0.86935847997665405 -0.47629332542419434
vn -0.13175934553146362 0.86935847997665405 -0.47629332542419434
vn -0.13175934553146362 0.86935847997665405 -0.47629332542419434
vn -0.0048078028485178947 -0.34832212328910828 -0.93736255168914795
vn -0.0048078028485178947 -0.34832212328910828 -0.93736255168914795
vn -0.0048078028485178947 -0.34832212328910828 -0.93736255168914795
vn -0.52935737371444702 -0.24460573494434357 -0.81237232685089111
vn -0.52935737371444702 -0.24460573494434357 -0.81237232685089111
vn -0.52935737371444702 -0.24460573494434357 -0.81237232685089111
vn -0.51254606246948242 -0.27391466498374939 -0.81379806995391846
vn -0.51254606246948242 -0.27391466498374939 -0.81379806995391846
vn -0.51254606246948242 -0.27391466498374939 -0.81379806995391846
vn 0.94600218534469604 0.32052958011627197 -0.048379853367805481
vn 0.94600218534469604 0.32052958011627197 -0.048379853367805481
vn 0.94600218534469604 0.32052958011627197 -0.048379853367805481
vn 0.070201627910137177 0.55949652194976807 -0.82585436105728149
vn 0.070201627910137177 0.55949652194976807 -0.82585436105728149
vn 0.070201627910137177 0.55949652194976807 -0.82585436105728149
vn 0.09720921516418457 0.21440714597702026 -0.97189503908157349
vn 0.09720921516418457 0.21440714597702026 -0.97189503908157349
vn 0.09720921516418457 0.21440714597702026 -0.97189503908157349
vn -0.27324220538139343 -0.12845078110694885 -0.95333051681518555
vn -0.27324220538139343 -0.12845078110694885 -0.95333051681518555
vn -0.27324220538139343 -0.12845078110694885 -0.95333051681518555
vn 0.33193656802177429 -0.44317737221717834 0.83271360397338867
vn 0.33193656802177429 -0.44317737221717834 0.83271360397338867
vn 0.33193656802177429 -0.44317737221717834 0.83271360397338867
vn -0.48725354671478271 -0.32919463515281677 0.80883550643920898
vn -0.48725354671478271 -0.32919463515281677 0.80883550643920898
vn -0.48725354671478271 -0.32919463515281677 0.80883550643920898
vn -0.61654263734817505 -0.043526560068130493 0.78611743450164795
vn -0.61654263734817505 -0.043526560068130493 0.78611743450164795
vn -0.61654263734817505 -0.043526560068130493 0.78611743450164795
vn 0.85054463148117065 -0.25620001554489136 0.45927703380584717
vn 0.85054463148117065 -0.25620001554489136 0.45927703380584717
vn 0.85054463148117065 -0.25620001554489136 0.45927703380584717
vn 0.12358751893043518 -0.56213551759719849 0.81775903701782227
vn 0.12358751893043518 -0.56213551759719849 0.81775903701782227
vn 0.12358751893043518 -0.56213551759719849 0.81775903701782227
vn 0.86646002531051636 -0.46330937743186951 -0.18598775565624237
vn 0.86646002531051636 -0.46330937743186951 -0.18598775565624237
vn 0.86646002531051636 -0.46330937743186951 -0.18598775565624237
vn 0.15113967657089233 -0.98837375640869141 0.016557658091187477
vn 0.15113967657089233 -0.98837375640869141 0.016557658091187477
vn 0.15113967657089233 -0.98837375640869141 0.016557658091187477
vn 0.36114418506622314 -0.79891908168792725 0.48093992471694946
vn 0.36114418506622314 -0.79891908168792725 0.48093992471694946
vn 0.36114418506622314 -0.79891908168792725 0.48093992471694946
vn 0.48868182301521301 0.066441364586353302 0.86992853879928589
vn 0.48868182301521301 0.066441364586353302 0.86992853879928589
vn 0.48868182301521301 0.066441364586353302 0.86992853879928589
vn 0.72698140144348145 0.057111881673336029 0.68427795171737671
vn 0.72698140144348145 0.057111881673336029 0.68427795171737671
vn 0.72698140144348145 0.057111881673336029 0.68427795171737671
vn 0.31209245324134827 0.50532037019729614 -0.80451828241348267
vn 0.31209245324134827 0.50532037019729614 -0.80451828241348267
vn 0.31209245324134827 0.50532037019729614 -0.80451828241348267
vn -0.17808419466018677 0.16946972906589508 -0.96931213140487671
vn -0.17808419466018677 0.16946972906589508 -0.96931213140487671
vn -0.17808419466018677 0.16946972906589508 -0.96931213140487671
vn 0.38131433725357056 -0.35500258207321167 -0.85356462001800537
vn 0.38131433725357056 -0.35500258207321167 -0.85356462001800537
vn 0.38131433725357056 -0.35500258207321167 -0.85356462001800537
vn 0.7320331335067749 -0.40211904048919678 -0.54993438720703125
vn 0.7320331335067749 -0.40211904048919678 -0.54993438720703125
vn 0.7320331335067749 -0.40211904048919678 -0.54993438720703125
vn -0.74816995859146118 0.48284634947776794 -0.45508366823196411
vn -0.74816995859146118 0.48284634947776794 -0.45508366823196411
vn -0.74816995859146118 0.48284634947776794 -0.45508366823196411
vn -0.71734744310379028 0.19019076228141785 -0.67025375366210938
vn -0.71734744310379028 0.19019076228141785 -0.67025375366210938
vn -0.71734744310379028 0.19019076228141785 -0.67025375366210938
vn 0.1207360252737999 -0.31475922465324402 -0.94146132469177246
vn 0.1207360252737999 -0.31475922465324402 -0.94146132469177246
vn 0.1207360252737999 -0.31475922465324402 -0.94146132469177246
vn -0.925956130027771 -0.15752482414245605 -0.34320712089538574
vn -0.925956130027771 -0.15752482414245605 -0.34320712089538574
vn -0.925956130027771 -0.15752482414245605 -0.34320712089538574
vn 0.18704836070537567 0.12797524034976959 -0.97397905588150024
vn 0.18704836070537567 0.12797524034976959 -0.97397905588150024
vn 0.18704836070537567 0.12797524034976959 -0.97397905588150024
vn -0.87044697999954224 0.042323581874370575 0.49043938517570496
vn -0.87044697999954224 0.042323581874370575 0.49043938517570496
vn -0.87044697999954224 0.042323581874370575 0.49043938517570496
vn -0.7150607705116272 -0.088925331830978394 0.69338327646255493
vn -0.7150607705116272 -0.088925331830978394 0.69338327646255493
vn -0.7150607705116272 -0.088925331830978394 0.69338327646255493
vn -0.98427021503448486 -0.086778566241264343 0.15388844907283783
vn -0.98427021503448486 -0.086778566241264343 0.15388844907283783
vn -0.98427021503448486 -0.086778566241264343 0.15388844907283783
vn -0.77820026874542236 0.59539550542831421 -0.19977131485939026
vn -0.77820026874542236 0.59539550542831421 -0.19977131485939026
vn -0.77820026874542236 0.59539550542831421 -0.19977131485939026
vn -0.46696531772613525 0.80088871717453003 0.37486085295677185
vn -0.46696531772613525 0.80088871717453003 0.37486085295677185
vn -0.46696531772613525 0.80088871717453003 0.37486085295677185
vn 0.14128875732421875 -0.98755109310150146 0.069140151143074036
vn 0.14128875732421875 -0.98755109310150146 0.069140151143074036
vn 0.14128875732421875 -0.98755109310150146 0.069140151143074036
vn 0.65530139207839966 -0.43367263674736023 -0.61847245693206787
vn 0.65530139207839966 -0.43367263674736023 -0.61847245693206787
vn 0.65530139207839966 -0.43367263674736023 -0.61847245693206787
vn -0.75407111644744873 0.056434787809848785 0.65436369180679321
vn -0.75407111644744873 0.056434787809848785 0.65436369180679321
vn -0.75407111644744873 0.056434787809848785 0.65436369180679321
vn -0.21416276693344116 -0.025653306394815445 0.97646105289459229
vn -0.21416276693344116 -0.025653306394815445 0.97646105289459229
vn -0.21416276693344116 -0.025653306394815445 0.97646105289459229
vn -0.44532626867294312 0.18695715069770813 -0.87563210725784302
vn -0.44532626867294312 0.18695715069770813 -0.87563210725784302
vn -0.44532626867294312 0.18695715069770813 -0.87563210725784302
vn -0.021903371438384056 0.12984505295753479 -0.99129235744476318
vn -0.021903371438384056 0.12984505295753479 -0.99129235744476318
vn -0.021903371438384056 0.12984505295753479 -0.99129235744476318
vn 0.45623898506164551 0.35098588466644287 -0.81771320104598999
vn 0.45623898506164551 0.35098588466644287 -0.81771320104598999
vn 0.45623898506164551 0.35098588466644287 -0.81771320104598999
vn -0.9256364107131958 0.10477462410926819 -0.36362007260322571
vn -0.9256364107131958 0.10477462410926819 -0.36362007260322571
vn -0.9256364107131958 0.10477462410926819 -0.36362007260322571
vn -0.78837376832962036 0.14792439341545105 -0.59714752435684204
vn -0.78837376832962036 0.14792439341545105 -0.59714752435684204
vn -0.78837376832962036 0.14792439341545105 -0.59714752435684204
vn -0.79089438915252686 0.019730828702449799 -0.61163449287414551
vn -0.79089438915252686 0.019730828702449799 -0.61163449287414551
vn -0.79089438915252686 0.019730828702449799 -0.61163449287414551
vn 0.63132017850875854 -0.63513773679733276 0.44501107931137085
vn 0.63132017850875854 -0.63513773679733276 0.44501107931137085
vn 0.63132017850875854 -0.63513773679733276 0.44501107931137085
vn -0.01063415315002203 0.26490268111228943 0.96421653032302856
vn -0.01063415315002203 0.26490268111228943 0.96421653032302856
vn -0.01063415315002203 0.26490268111228943 0.96421653032302856
vn 0.71029072999954224 -0.30650365352630615 0.63367384672164917
vn 0.71029072999954224 -0.30650365352630615 0.63367384672164917
vn 0.71029072999954224 -0.30650365352630615 0.63367384672164917
vn 0.31058114767074585 -0.29840889573097229 0.90249180793762207
vn 0.31058114767074585 -0.29840889573097229 0.90249180793762207
vn 0.31058114767074585 -0.29840889573097229 0.90249180793762207
vn 0.91465508937835693 -0.0060874340124428272 -0.40418925881385803
vn 0.91465508937835693 -0.0060874340124428272 -0.40418925881385803
vn 0.91465508937835693 -0.0060874340124428272 -0.40418925881385803
vn 0.80934339761734009 0.48234736919403076 -0.33511826395988464
vn 0.80934339761734009 0.48234736919403076 -0.33511826395988464
vn 0.80934339761734009 0.48234736919403076 -0.33511826395988464
vn 0.72040468454360962 0.28627917170524597 0.63171297311782837
vn 0.72040468454360962 0.28627917170524597 0.63171297311782837
vn 0.72040468454360962 0.28627917170524597 0.63171297311782837
vn -0.59415119886398315 0.27551883459091187 -0.75569421052932739
vn -0.59415119886398315 0.27551883459091187 -0.75569421052932739
vn -0.59415119886398315 0.27551883459091187 -0.75569421052932739
vn -0.30094462633132935 0.17566263675689697 -0.93732333183288574
vn -0.30094462633132935 0.17566263675689697 -0.93732333183288574
vn -0.30094462633132935 0.17566263675689697 -0.93732333183288574
vn -0.59799313545227051 0.2690047025680542 -0.75501036643981934
vn -0.59799313545227051 0.2690047025680542 -0.75501036643981934
vn -0.59799313545227051 0.2690047025680542 -0.75501036643981934
vn -0.60857105255126953 -0.7726207971572876 -0.18082709610462189
vn -0.60857105255126953 -0.7726207971572876 -0.18082709610462189
vn -0.60857105255126953 -0.7726207971572876 -0.18082709610462189
vn 0.72075086832046509 0.61482876539230347 0.32016205787658691
vn 0.72075086832046509 0.61482876539230347 0.32016205787658691
vn 0.72075086832046509 0.61482876539230347 0.32016205787658691
vn 0.11773089319467545 -0.068377971649169922 0.99068862199783325
vn 0.11773089319467545 -0.068377971649169922 0.99068862199783325
vn 0.11773089319467545 -0.068377971649169922 0.99068862199783325
vn 0.086418002843856812 -0.60989582538604736 0.78775566816329956
vn 0.086418002843856812 -0.60989582538604736 0.78775566816329956
vn 0.086418002843856812 -0.60989582538604736 0.78775566816329956
vn -0.0086433254182338715 0.12554782629013062 0.9920499324798584
vn -0.0086433254182338715 0.12554782629013062 0.9920499324798584
vn -0.0086433254182338715 0.12554782629013062 0.9920499324798584
vn 0.85595810413360596 -0.47466784715652466 -0.2050027996301651
vn 0.85595810413360596 -0.47466784715652466 -0.2050027996301651
vn 0.85595810413360596 -0.47466784715652466 -0.2050027996301651
vn 0.69519257545471191 -0.31850129365921021 -0.64440995454788208
vn 0.69519257545471191 -0.31850129365921021 -0.64440995454788208
vn 0.69519257545471191 -0.31850129365921021 -0.64440995454788208
vn -0.68519312143325806 0.23926402628421783 -0.68794119358062744
vn -0.68519312143325806 0.23926402628421783 -0.68794119358062744
vn -0.68519312143325806 0.23926402628421783 -0.68794119358062744
vn 0.97195142507553101 0.11809296160936356 -0.2033827155828476
vn 0.97195142507553101 0.11809296160936356 -0.2033827155828476
vn 0.97195142507553101 0.11809296160936356 -0.2033827155828476
vn -0.77285951375961304 -0.23254875838756561 0.59043139219284058
vn -0.77285951375961304 -0.23254875838756561 0.59043139219284058
vn -0.77285951375961304 -0.23254875838756561 0.59043139219284058
vn -0.82038909196853638 -0.32842108607292175 -0.46808266639709473
vn -0.82038909196853638 -0.32842108607292175 -0.46808266639709473
vn -0.82038909196853638 -0.32842108607292175 -0.46808266639709473
vn -0.80324435234069824 0.34938922524452209 0.48241651058197021
vn -0.80324435234069824 0.34938922524452209 0.48241651058197021
vn -0.80324435234069824 0.34938922524452209 0.48241651058197021
vn -0.78275191783905029 0.44078302383422852 -0.43932875990867615
vn -0.78275191783905029 0.44078302383422852 -0.43932875990867615
vn -0.78275191783905029 0.44078302383422852 -0.43932875990867615
vn 0.40208610892295837 0.02359042689204216 -0.91529792547225952
vn 0.40208610892295837 0.02359042689204216 -0.91529792547225952
vn 0.40208610892295837 0.02359042689204216 -0.91529792547225952
vn 0.94231688976287842 0.068871885538101196 -0.32755997776985168
vn 0.94231688976287842 0.068871885538101196 -0.32755997776985168
vn 0.94231688976287842 0.068871885538101196 -0.32755997776985168
vn 0.21083799004554749 0.21768654882907867 -0.95297425985336304
vn 0.21083799004554749 0.21768654882907867 -0.95297425985336304
vn 0.21083799004554749 0.21768654882907867 -0.95297425985336304
vn 0.57981151342391968 -0.30310288071632385 -0.75627195835113525
vn 0.57981151342391968 -0.30310288071632385 -0.75627195835113525
vn 0.57981151342391968 -0.30310288071632385 -0.75627195835113525
vn 0.57030516862869263 0.00084625737508758903 0.82143247127532959
vn 0.57030516862869263 0.00084625737508758903 0.82143247127532959
vn 0.57030516862869263 0.00084625737508758903 0.82143247127532959
vn 0.81248551607131958 -0.0071803568862378597 0.58293718099594116
vn 0.81248551607131958 -0.0071803568862378597 0.58293718099594116
vn 0.81248551607131958 -0.0071803568862378597 0.58293718099594116
vn 0.65224307775497437 0.73263561725616455 0.19448408484458923
vn 0.65224307775497437 0.73263561725616455 0.19448408484458923
vn 0.65224307775497437 0.73263561725616455 0.19448408484458923
vn 0.3515796959400177 0.73332762718200684 0.58191263675689697
vn 0.3515796959400177 0.73332762718200684 0.58191263675689697
vn 0.3515796959400177 0.73332762718200684 0.58191263675689697
vn -0.65980058908462524 -0.11860530823469162 -0.74202150106430054
vn -0.65980058908462524 -0.11860530823469162 -0.74202150106430054
vn -0.65980058908462524 -0.11860530823469162 -0.74202150106430054
vn -0.82543265819549561 -0.095074817538261414 -0.55643659830093384
vn -0.82543265819549561 -0.095074817538261414 -0.55643659830093384
vn -0.82543265819549561 -0.095074817538261414 -0.55643659830093384
vn -0.48446294665336609 0.18969719111919403 -0.8539968729019165
vn -0.48446294665336609 0.18969719111919403 -0.8539968729019165
vn -0.48446294665336609 0.18969719111919403 -0.8539968729019165
vn -0.73862695693969727 0.17569805681705475 -0.65081518888473511
vn -0.73862695693969727 0.17569805681705475 -0.65081518888473511
vn -0.73862695693969727 0.17569805681705475 -0.65081518888473511
vn 0.55207943916320801 -0.16042397916316986 0.81821292638778687
vn 0.55207943916320801 -0.16042397916316986 0.81821292638778687
vn 0.55207943916320801 -0.16042397916316986 0.81821292638778687
vn -0.84125584363937378 -0.0015408862382173538 0.54063498973846436
vn -0.84125584363937378 -0.0015408862382173538 0.54063498973846436
vn -0.84125584363937378 -0.0015408862382173538 0.54063498973846436
vn -0.35710328817367554 0.21363838016986847 -0.9093051552772522
vn -0.35710328817367554 0.21363838016986847 -0.9093051552772522
vn -0.35710328817367554 0.21363838016986847 -0.9093051552772522
vn 0.80370694398880005 0.230216383934021 -0.54868531227111816
vn 0.80370694398880005 0.230216383934021 -0.54868531227111816
vn 0.80370694398880005 0.230216383934021 -0.54868531227111816
vn -0.70321041345596313 0.70569950342178345 0.086506620049476624
vn -0.70321041345596313 0.70569950342178345 0.086506620049476624
vn -0.70321041345596313 0.70569950342178345 0.086506620049476624
vn 0.37204113602638245 0.507770836353302 -0.77701616287231445
vn 0.37204113602638245 0.507770836353302 -0.77701616287231445
vn 0.37204113602638245 0.507770836353302 -0.77701616287231445
vn -0.012475618161261082 -0.060868255794048309 0.99806785583496094
vn -0.012475618161261082 -0.060868255794048309 0.99806785583496094
vn -0.012475618161261082 -0.060868255794048309 0.99806785583496094
vn -0.32422801852226257 -0.47218823432922363 0.81970387697219849
vn -0.32422801852226257 -0.47218823432922363 0.81970387697219849
vn -0.32422801852226257 -0.47218823432922363 0.81970387697219849
vn -0.56179696321487427 0.70279878377914429 0.43641495704650879
vn -0.56179696321487427 0.70279878377914429 0.43641495704650879
vn -0.56179696321487427 0.70279878377914429 0.43641495704650879
vn 0.54886549711227417 0.59436124563217163 0.58777666091918945
vn 0.54886549711227417 0.59436124563217163 0.58777666091918945
vn 0.54886549711227417 0.59436124563217163 0.58777666091918945
vn -0.016570029780268669 0.053953271359205246 0.99840599298477173
vn -0.016570029780268669 0.053953271359205246 0.99840599298477173
vn -0.016570029780268669 0.053953271359205246 0.99840599298477173
vn 0.52345508337020874 -0.10108263045549393 0.84603607654571533
vn 0.52345508337020874 -0.10108263045549393 0.84603607654571533
vn 0.52345508337020874 -0.10108263045549393 0.84603607654571533
vn -0.78351610898971558 0.43360722064971924 -0.44506999850273132
vn -0.78351610898971558 0.43360722064971924 -0.44506999850273132
vn -0.78351610898971558 0.43360722064971924 -0.44506999850273132
vn 0.23738345503807068 0.2401130348443985 -0.94127297401428223
vn 0.23738345503807068 0.2401130348443985 -0.94127297401428223
vn 0.23738345503807068 0.2401130348443985 -0.94127297401428223
vn 0.73776477575302124 -0.16445966064929962 0.65471833944320679
vn 0.73776477575302124 -0.16445966064929962 0.65471833944320679
vn 0.73776477575302124 -0.16445966064929962 0.65471833944320679
vn 0.53945654630661011 0.11632225662469864 0.83393990993499756
vn 0.53945654630661011 0.11632225662469864 0.83393990993499756
vn 0.53945654630661011 0.11632225662469864 0.83393990993499756
vn 0.038694124668836594 -0.93035042285919189 0.3646242618560791
vn 0.038694124668836594 -0.93035042285919189 0.3646242618560791
vn 0.038694124668836594 -0.93035042285919189 0.3646242618560791
vn -0.030417414382100105 -0.37389636039733887 -0.92697155475616455
vn -0.030417414382100105 -0.37389636039733887 -0.92697155475616455
vn -0.030417414382100105 -0.37389636039733887 -0.92697155475616455
vn -0.61211788654327393 -0.16081058979034424 -0.77424263954162598
vn -0.61211788654327393 -0.16081058979034424 -0.77424263954162598
vn -0.61211788654327393 -0.16081058979034424 -0.77424263954162598
vn -0.72402083873748779 -0.087861292064189911 -0.68415945768356323
vn -0.72402083873748779 -0.087861292064189911 -0.68415945768356323
vn -0.72402083873748779 -0.087861292064189911 -0.68415945768356323
vn -0.74155396223068237 -0.13670159876346588 0.65681838989257812
vn -0.74155396223068237 -0.13670159876346588 0.65681838989257812
vn -0.74155396223068237 -0.13670159876346588 0.65681838989257812
vn -0.99136829376220703 0.090008310973644257 0.095327802002429962
vn -0.99136829376220703 0.090008310973644257 0.095327802002429962
vn -0.99136829376220703 0.090008310973644257 0.095327802002429962
vn -0.88916367292404175 0.45753535628318787 0.0070231384597718716
vn -0.88916367292404175 0.45753535628318787 0.0070231384597718716
vn -0.88916367292404175 0.45753535628318787 0.0070231384597718716
vn 0.97941625118255615 0.18448930978775024 -0.081899583339691162
vn 0.97941625118255615 0.18448930978775024 -0.081899583339691162
vn 0.97941625118255615 0.18448930978775024 -0.081899583339691162
vn 0.45915251970291138 0.48523262143135071 -0.74412918090820312
vn 0.45915251970291138 0.48523262143135071 -0.74412918090820312
vn 0.45915251970291138 0.48523262143135071 -0.74412918090820312
vn -0.79440295696258545 -0.60715460777282715 0.01694759726524353
vn -0.79440295696258545 -0.60715460777282715 0.01694759726524353
vn -0.79440295696258545 -0.60715460777282715 0.01694759726524353
vn -0.47300460934638977 0.88054758310317993 -0.030043689534068108
vn -0.47300460934638977 0.88054758310317993 -0.030043689534068108
vn -0.47300460934638977 0.88054758310317993 -0.030043689534068108
vn -0.10992868989706039 -0.37847691774368286 0.91905981302261353
vn -0.10992868989706039 -0.37847691774368286 0.91905981302261353
vn -0.10992868989706039 -0.37847691774368286 0.91905981302261353
vn -0.20530667901039124 -0.50884729623794556 0.83601653575897217
vn -0.20530667901039124 -0.50884729623794556 0.83601653575897217
vn -0.20530667901039124 -0.50884729623794556 0.83601653575897217
vn 0.66109651327133179 -0.75020486116409302 -0.012003205716609955
vn 0.66109651327133179 -0.75020486116409302 -0.012003205716609955
vn 0.66109651327133179 -0.75020486116409302 -0.012003205716609955
vn -0.17226129770278931 -0.53591138124465942 0.82651376724243164
vn -0.17226129770278931 -0.53591138124465942 0.82651376724243164
vn -0.17226129770278931 -0.53591138124465942 0.82651376724243164
vn -0.020657338201999664 0.1118679866194725 -0.99350833892822266
vn -0.020657338201999664 0.1118679866194725 -0.99350833892822266
vn -0.020657338201999664 0.1118679866194725 -0.99350833892822266
vn -0.58269065618515015 0.067203611135482788 -0.80991065502166748
vn -0.58269065618515015 0.067203611135482788 -0.80991065502166748
vn -0.58269065618515015 0.067203611135482788 -0.80991065502166748
vn 0.024818139150738716 0.1436220109462738 -0.98932135105133057
vn 0.024818139150738716 0.1436220109462738 -0.98932135105133057
vn 0.024818139150738716 0.1436220109462738 -0.98932135105133057
vn -0.45374217629432678 0.55963122844696045 -0.69349181652069092
vn -0.45374217629432678 0.55963122844696045 -0.69349181652069092
vn -0.45374217629432678 0.55963122844696045 -0.69349181652069092
vn 0.44209200143814087 -0.89395087957382202 0.073529116809368134
vn 0.44209200143814087 -0.89395087957382202 0.073529116809368134
vn 0.44209200143814087 -0.89395087957382202 0.073529116809368134
vn 0.66700518131256104 -0.55598843097686768 -0.49596461653709412
vn 0.66700518131256104 -0.55598843097686768 -0.49596461653709412
vn 0.66700518131256104 -0.55598843097686768 -0.49596461653709412
vn 0.63217329978942871 -0.20463418960571289 0.74731636047363281
vn 0.63217329978942871 -0.20463418960571289 0.74731636047363281
vn 0.63217329978942871 -0.20463418960571289 0.74731636047363281
vn 0.27875617146492004 -0.3493049144744873 0.8945842981338501
vn 0.27875617146492004 -0.3493049144744873 0.8945842981338501
vn 0.27875617146492004 -0.3493049144744873 0.8945842981338501
vn 0.3961658775806427 0.24025872349739075 -0.88618755340576172
vn 0.3961658775806427 0.24025872349739075 -0.88618755340576172
vn 0.3961658775806427 0.24025872349739075 -0.88618755340576172
vn -0.35328346490859985 0.022992817685008049 -0.9352337121963501
vn -0.35328346490859985 0.022992817685008049 -0.9352337121963501
vn -0.35328346490859985 0.022992817685008049 -0.9352337121963501
vn -0.75318759679794312 0.12968605756759644 -0.64489531517028809
vn -0.75318759679794312 0.12968605756759644 -0.64489531517028809
vn -0.75318759679794312 0.12968605756759644 -0.64489531517028809
vn -0.84799528121948242 -0.039971910417079926 -0.52849429845809937
vn -0.84799528121948242 -0.039971910417079926 -0.52849429845809937
vn -0.84799528121948242 -0.039971910417079926 -0.52849429845809937
vn 0.048917252570390701 0.23746106028556824 0.97016459703445435
vn 0.048917252570390701 0.23746106028556824 0.97016459703445435
vn 0.048917252570390701 0.23746106028556824 0.97016459703445435
vn 0.1059248298406601 -0.035821322351694107 0.99372869729995728
vn 0.1059248298406601 -0.035821322351694107 0.99372869729995728
vn 0.1059248298406601 -0.035821322351694107 0.99372869729995728
vn 0.41837182641029358 -0.53560441732406616 -0.73354816436767578
vn 0.41837182641029358 -0.53560441732406616 -0.73354816436767578
vn 0.41837182641029358 -0.53560441732406616 -0.73354816436767578
vn 0.6801910400390625 -0.46933495998382568 0.56308507919311523
vn 0.6801910400390625 -0.46933495998382568 0.56308507919311523
vn 0.6801910400390625 -0.46933495998382568 0.56308507919311523
vn 0.55622410774230957 -0.067506290972232819 -0.82828593254089355
vn 0.55622410774230957 -0.067506290972232819 -0.82828593254089355
vn 0.55622410774230957 -0.067506290972232819 -0.82828593254089355
vn 0.7507055401802063 -0.39563867449760437 -0.52906638383865356
vn 0.7507055401802063 -0.39563867449760437 -0.52906638383865356
vn 0.7507055401802063 -0.39563867449760437 -0.52906638383865356
vn 0.67086046934127808 0.65282315015792847 0.35180702805519104
vn 0.67086046934127808 0.65282315015792847 0.35180702805519104
vn 0.67086046934127808 0.65282315015792847 0.35180702805519104
vn 0.68401366472244263 0.34862852096557617 -0.64076787233352661
vn 0.68401366472244263 0.34862852096557617 -0.64076787233352661
vn 0.68401366472244263 0.34862852096557617 -0.64076787233352661
vn -0.71509814262390137 0.31601804494857788 0.62351202964782715
vn -0.71509814262390137 0.31601804494857788 0.62351202964782715
vn -0.71509814262390137 0.31601804494857788 0.62351202964782715
vn -0.045244954526424408 0.10148338973522186 0.99380785226821899
vn -0.045244954526424408 0.10148338973522186 0.99380785226821899
vn -0.045244954526424408 0.10148338973522186 0.99380785226821899
vn -0.28756871819496155 -0.0398995541036129 -0.956928551197052
vn -0.28756871819496155 -0.0398995541036129 -0.956928551197052
vn -0.28756871819496155 -0.0398995541036129 -0.956928551197052
vn -0.44220215082168579 -0.10584207624197006 -0.8906484842300415
vn -0.44220215082168579 -0.10584207624197006 -0.8906484842300415
vn -0.44220215082168579 -0.10584207624197006 -0.8906484842300415
vn 0.39394518733024597 0.007979096844792366 0.91909927129745483
vn 0.39394518733024597 0.007979096844792366 0.91909927129745483
vn 0.39394518733024597 0.007979096844792366 0.91909927129745483
vn 0.70197653770446777 -0.042333554476499557 0.71094077825546265
vn 0.70197653770446777 -0.042333554476499557 0.71094077825546265
vn 0.70197653770446777 -0.042333554476499557 0.71094077825546265
vn -0.25036299228668213 0.026459613814949989 0.96779042482376099
vn -0.25036299228668213 0.026459613814949989 0.96779042482376099
vn -0.25036299228668213 0.026459613814949989 0.96779042482376099
vn 0.32864737510681152 -0.061806973069906235 0.94242817163467407
vn 0.32864737510681152 -0.061806973069906235 0.94242817163467407
vn 0.32864737510681152 -0.061806973069906235 0.94242817163467407
vn 0.12432605773210526 0.026749679818749428 -0.99188077449798584
vn 0.12432605773210526 0.026749679818749428 -0.99188077449798584
vn 0.12432605773210526 0.026749679818749428 -0.99188077449798584
vn -0.0039041906129568815 0.016330443322658539 -0.9998590350151062
vn -0.0039041906129568815 0.016330443322658539 -0.9998590350151062
vn -0.0039041906129568815 0.016330443322658539 -0.9998590350151062
vn 0.31071090698242188 -0.82766079902648926 -0.46737176179885864
vn 0.31071090698242188 -0.82766079902648926 -0.46737176179885864
vn 0.31071090698242188 -0.82766079902648926 -0.46737176179885864
vn -0.5370107889175415 -0.21329905092716217 0.81616353988647461
vn -0.5370107889175415 -0.21329905092716217 0.81616353988647461
vn -0.5370107889175415 -0.21329905092716217 0.81616353988647461
vn 0.57291132211685181 -0.10951926559209824 0.81226730346679688
vn 0.57291132211685181 -0.10951926559209824 0.81226730346679688
vn 0.57291132211685181 -0.10951926559209824 0.81226730346679688
vn -0.92588526010513306 0.10707433521747589 0.36231422424316406
vn -0.92588526010513306 0.10707433521747589 0.36231422424316406
vn -0.92588526010513306 0.10707433521747589 0.36231422424316406
vn -0.18765133619308472 0.011622144840657711 0.98216694593429565
vn -0.18765133619308472 0.011622144840657711 0.98216694593429565
vn -0.18765133619308472 0.011622144840657711 0.98216694593429565
vn -0.22877193987369537 -0.96579158306121826 0.12210678309202194
vn -0.22877193987369537 -0.96579158306121826 0.12210678309202194
vn -0.22877193987369537 -0.96579158306121826 0.12210678309202194
vn -0.3564552366733551 -0.81846988201141357 0.45060700178146362
vn -0.3564552366733551 -0.81846988201141357 0.45060700178146362
vn -0.3564552366733551 -0.81846988201141357 0.45060700178146362
vn 0.30535480380058289 -0.63552528619766235 0.70913046598434448
vn 0.30535480380058289 -0.63552528619766235 0.70913046598434448
vn 0.30535480380058289 -0.63552528619766235 0.70913046598434448
vn -0.42479279637336731 0.073555417358875275 -0.90229743719100952
vn -0.42479279637336731 0.073555417358875275 -0.90229743719100952
vn -0.42479279637336731 0.073555417358875275 -0.90229743719100952
vn -0.42371508479118347 -0.032735887914896011 -0.90520375967025757
vn -0.42371508479118347 -0.032735887914896011 -0.90520375967025757
vn -0.42371508479118347 -0.032735887914896011 -0.90520375967025757
vn -0.60665047168731689 0.312176913022995 -0.73110926151275635
vn -0.60665047168731689 0.312176913022995 -0.73110926151275635
vn -0.60665047168731689 0.312176913022995 -0.73110926151275635
vn 0.75827217102050781 0.17609092593193054 -0.62770640850067139
vn 0.75827217102050781 0.17609092593193054 -0.62770640850067139
vn 0.75827217102050781 0.17609092593193054 -0.62770640850067139
vn -0.391731858253479 0.15196143090724945 -0.9074435830116272
vn -0.391731858253479 0.15196143090724945 -0.9074435830116272
vn -0.391731858253479 0.15196143090724945 -0.9074435830116272
vn 0.089659906923770905 0.17613761126995087 -0.9802737832069397
vn 0.089659906923770905 0.17613761126995087 -0.9802737832069397
vn 0.089659906923770905 0.17613761126995087 -0.9802737832069397
vn -0.54576331377029419 0.67026984691619873 -0.5028725266456604
vn -0.54576331377029419 0.67026984691619873 -0.5028725266456604
vn -0.54576331377029419 0.67026984691619873 -0.5028725266456604
vn -0.7277112603187561 0.052230425179004669 -0.68389207124710083
vn -0.7277112603187561 0.052230425179004669 -0.68389207124710083
vn -0.7277112603187561 0.052230425179004669 -0.68389207124710083
vn 0.42449682950973511 0.12883049249649048 0.89621710777282715
vn 0.42449682950973511 0.12883049249649048 0.89621710777282715
vn 0.42449682950973511 0.12883049249649048 0.89621710777282715
vn -0.15837568044662476 0.13578076660633087 0.97799831628799438
vn -0.15837568044662476 0.13578076660633087 0.97799831628799438
vn -0.15837568044662476 0.13578076660633087 0.97799831628799438
vn 0.069298341870307922 -0.99436146020889282 -0.080268241465091705
vn 0.069298341870307922 -0.99436146020889282 -0.080268241465091705
vn 0.069298341870307922 -0.99436146020889282 -0.080268241465091705
vn -0.13171005249023438 -0.98121196031570435 -0.14098075032234192
vn -0.13171005249023438 -0.98121196031570435 -0.14098075032234192
vn -0.13171005249023438 -0.98121196031570435 -0.14098075032234192
vn -0.23260699212551117 0.087525807321071625 -0.96862441301345825
vn -0.23260699212551117 0.087525807321071625 -0.96862441301345825
vn -0.23260699212551117 0.087525807321071625 -0.96862441301345825
vn -0.32856601476669312 0.064039431512355804 -0.94230747222900391
vn -0.32856601476669312 0.064039431512355804 -0.94230747222900391
vn -0.32856601476669312 0.064039431512355804 -0.94230747222900391
vn 0.064889907836914062 0.1064593493938446 -0.99219739437103271
vn 0.064889907836914062 0.1064593493938446 -0.99219739437103271
vn 0.064889907836914062 0.1064593493938446 -0.99219739437103271
vn 0.54148715734481812 0.18884116411209106 -0.81922566890716553
vn 0.54148715734481812 0.18884116411209106 -0.81922566890716553
vn 0.54148715734481812 0.18884116411209106 -0.81922566890716553
vn 0.20603813230991364 -0.58976548910140991 0.78084886074066162
vn 0.20603813230991364 -0.58976548910140991 0.78084886074066162
vn 0.20603813230991364 -0.58976548910140991 0.78084886074066162
vn 0.35278165340423584 -0.18588550388813019 0.91705596446990967
vn 0.35278165340423584 -0.18588550388813019 0.91705596446990967
vn 0.35278165340423584 -0.18588550388813019 0.91705596446990967
vn -0.17407342791557312 -0.19547507166862488 0.96513622999191284
vn -0.17407342791557312 -0.19547507166862488 0.96513622999191284
vn -0.17407342791557312 -0.19547507166862488 0.96513622999191284
vn 0.82058829069137573 0.017421549186110497 -0.57125413417816162
vn 0.82058829069137573 0.017421549186110497 -0.57125413417816162
vn 0.82058829069137573 0.017421549186110497 -0.57125413417816162
vn 0.029853338375687599 -0.9306986927986145 -0.36456653475761414
vn 0.029853338375687599 -0.9306986927986145 -0.36456653475761414
vn 0.029853338375687599 -0.9306986927986145 -0.36456653475761414
vn 0.001531636924482882 -0.99985337257385254 0.017053708434104919
vn 0.001531636924482882 -0.99985337257385254 0.017053708434104919
vn 0.001531636924482882 -0.99985337257385254 0.017053708434104919
vn -0.99518537521362305 0.069761045277118683 0.068843990564346313
vn -0.99518537521362305 0.069761045277118683 0.068843990564346313
vn -0.99518537521362305 0.069761045277118683 0.068843990564346313
vn -0.93683129549026489 0.10445362329483032 0.33382123708724976
vn -0.93683129549026489 0.10445362329483032 0.33382123708724976
vn -0.93683129549026489 0.10445362329483032 0.33382123708724976
vn -0.55738770961761475 -0.7361152172088623 0.38399657607078552
vn -0.55738770961761475 -0.7361152172088623 0.38399657607078552
vn -0.55738770961761475 -0.7361152172088623 0.38399657607078552
vn 0.17478424310684204 -0.98309677839279175 -0.05450914055109024
vn 0.17478424310684204 -0.98309677839279175 -0.05450914055109024
vn 0.17478424310684204 -0.98309677839279175 -0.05450914055109024
vn -0.32785537838935852 -0.92700248956680298 -0.1821461021900177
vn -0.29335424304008484 -0.95156526565551758 -0.092015229165554047
vn -0.3895263671875 -0.91257476806640625 -0.12440461665391922
vn -0.36004802584648132 -0.93244832754135132 -0.030092600733041763
f 257/1515/1515 255/1513/1513 256/1514/1514
f 260/1518/1518 258/1516/1516 259/1517/1517
f 263/1521/1521 261/1519/1519 262/1520/1520
f 266/1524/1524 264/1522/1522 265/1523/1523
f 267/1527/1527 256/1525/1525 255/1526/1526
f 270/1530/1530 268/1528/1528 269/1529/1529
f 273/1533/1533 271/1531/1531 272/1532/1532
f 276/1536/1536 274/1534/1534 275/1535/1535
f 279/1539/1539 277/1537/1537 278/1538/1538
f 282/1542/1542 280/1540/1540 281/1541/1541
f 264/1545/1545 266/1543/1543 283/1544/1544
f 286/1548/1548 284/1546/1546 285/1547/1547
f 289/1551/1551 287/1549/1549 288/1550/1550
f 290/1554/1554 287/1552/1552 272/1553/1553
f 293/1557/1557 291/1555/1555 292/1556/1556
f 294/1560/1560 293/1558/1558 292/1559/1559
f 297/1563/1563 295/1561/1561 296/1562/1562
f 300/1566/1566 298/1564/1564 299/1565/1565
f 257/1569/1569 301/1567/1567 302/1568/1568
f 284/1572/1572 286/1570/1570 303/1571/1571
f 306/1575/1575 304/1573/1573 305/1574/1574
f 309/1578/1578 307/1576/1576 308/1577/1577
f 312/1581/1581 310/1579/1579 311/1580/1580
f 315/1584/1584 313/1582/1582 314/1583/1583
f 318/1587/1587 316/1585/1585 317/1586/1586
f 319/1590/1590 297/1588/1588 296/1589/1589
f 322/1593/1593 320/1591/1591 321/1592/1592
f 275/1596/1596 323/1594/1594 276/1595/1595
f 326/1599/1599 324/1597/1597 325/1598/1598
f 287/1602/1602 273/1600/1600 272/1601/1601
f 313/1605/1605 327/1603/1603 328/1604/1604
f 331/1608/1608 329/1606/1606 330/1607/1607
f 334/1611/1611 332/1609/1609 333/1610/1610
f 333/1614/1614 335/1612/1612 336/1613/1613
f 339/1617/1617 337/1615/1615 338/1616/1616
f 342/1620/1620 340/1618/1618 341/1619/1619
f 344/1623/1623 310/1621/1621 343/1622/1622
f 314/1626/1626 345/1624/1624 346/1625/1625
f 336/1629/1629 347/1627/1627 313/1628/1628
f 313/1632/1632 348/1630/1630 327/1631/1631
f 350/1635/1635 316/1633/1633 349/1634/1634
f 353/1638/1638 351/1636/1636 352/1637/1637
f 319/1641/1641 354/1639/1639 355/1640/1640
f 357/1644/1644 356/1642/1642 351/1643/1643
f 360/1647/1647 358/1645/1645 359/1646/1646
f 307/1650/1650 309/1648/1648 361/1649/1649
f 263/1653/1653 362/1651/1651 323/1652/1652
f 364/1656/1656 320/1654/1654 363/1655/1655
f 366/1659/1659 289/1657/1657 365/1658/1658
f 287/1662/1662 290/1660/1660 288/1661/1661
f 340/1665/1665 342/1663/1663 367/1664/1664
f 330/1668/1668 368/1666/1666 331/1667/1667
f 362/1671/1671 349/1669/1669 369/1670/1670
f 362/1674/1674 276/1672/1672 323/1673/1673
f 372/1677/1677 370/1675/1675 371/1676/1676
f 361/1680/1680 373/1678/1678 374/1679/1679
f 377/1683/1683 375/1681/1681 376/1682/1682
f 356/1686/1686 357/1684/1684 378/1685/1685
f 340/1689/1689 379/1687/1687 341/1688/1688
f 255/1692/1692 332/1690/1690 267/1691/1691
f 382/1695/1695 380/1693/1693 381/1694/1694
f 258/1698/1698 383/1696/1696 259/1697/1697
f 385/1701/1701 316/1699/1699 384/1700/1700
f 353/1704/1704 385/1702/1702 386/1703/1703
f 389/1707/1707 387/1705/1705 388/1706/1706
f 392/1710/1710 390/1708/1708 391/1709/1709
f 334/1713/1713 338/1711/1711 337/1712/1712
f 390/1716/1716 392/1714/1714 393/1715/1715
f 381/1719/1719 394/1717/1717 382/1718/1718
f 395/1722/1722 283/1720/1720 274/1721/1721
f 397/1725/1725 366/1723/1723 396/1724/1724
f 400/1728/1728 398/1726/1726 399/1727/1727
f 403/1731/1731 401/1729/1729 402/1730/1730
f 358/1734/1734 360/1732/1732 402/1733/1733
f 313/1737/1737 404/1735/1735 314/1736/1736
f 304/1740/1740 306/1738/1738 311/1739/1739
f 355/1743/1743 405/1741/1741 319/1742/1742
f 407/1746/1746 289/1744/1744 406/1745/1745
f 261/1749/1749 408/1747/1747 409/1748/1748
f 262/1752/1752 261/1750/1750 409/1751/1751
f 387/1755/1755 410/1753/1753 388/1754/1754
f 412/1758/1758 314/1756/1756 411/1757/1757
f 415/1761/1761 413/1759/1759 414/1760/1760
f 413/1764/1764 416/1762/1762 417/1763/1763
f 418/1767/1767 258/1765/1765 260/1766/1766
f 419/1770/1770 409/1768/1768 408/1769/1769
f 339/1773/1773 294/1771/1771 420/1772/1772
f 421/1776/1776 291/1774/1774 416/1775/1775
f 423/1779/1779 368/1777/1777 422/1778/1778
f 422/1782/1782 270/1780/1780 424/1781/1781
f 351/1785/1785 353/1783/1783 357/1784/1784
f 426/1788/1788 375/1786/1786 425/1787/1787
f 301/1791/1791 286/1789/1789 302/1790/1790
f 333/1794/1794 332/1792/1792 427/1793/1793
f 284/1797/1797 360/1795/1795 359/1796/1796
f 428/1800/1800 322/1798/1798 321/1799/1799
f 430/1803/1803 429/1801/1801 372/1802/1802
f 433/1806/1806 431/1804/1804 432/1805/1805
f 430/1809/1809 434/1807/1807 435/1808/1808
f 433/1812/1812 436/1810/1810 434/1811/1811
f 330/1815/1815 342/1813/1813 437/1814/1814
f 305/1818/1818 278/1816/1816 277/1817/1817
f 438/1821/1821 369/1819/1819 295/1820/1820
f 394/1824/1824 439/1822/1822 382/1823/1823
f 290/1827/1827 407/1825/1825 406/1826/1826
f 366/1830/1830 440/1828/1828 398/1829/1829
f 442/1833/1833 441/1831/1831 431/1832/1832
f 432/1836/1836 431/1834/1834 443/1835/1835
f 287/1839/1839 405/1837/1837 316/1838/1838
f 405/1842/1842 384/1840/1840 316/1841/1841
f 329/1845/1845 444/1843/1843 282/1844/1844
f 280/1848/1848 282/1846/1846 444/1847/1847
f 257/1851/1851 256/1849/1849 445/1850/1850
f 446/1854/1854 445/1852/1852 401/1853/1853
f 447/1857/1857 371/1855/1855 370/1856/1856
f 370/1860/1860 448/1858/1858 285/1859/1859
f 374/1863/1863 307/1861/1861 361/1862/1862
f 335/1866/1866 347/1864/1864 336/1865/1865
f 280/1869/1869 449/1867/1867 281/1868/1868
f 379/1872/1872 340/1870/1870 450/1871/1871
f 306/1875/1875 451/1873/1873 311/1874/1874
f 306/1878/1878 339/1876/1876 338/1877/1877
f 336/1881/1881 334/1879/1879 333/1880/1880
f 346/1884/1884 390/1882/1882 393/1883/1883
f 389/1887/1887 452/1885/1885 453/1886/1886
f 411/1890/1890 343/1888/1888 412/1889/1889
f 273/1893/1893 454/1891/1891 455/1892/1892
f 458/1896/1896 456/1894/1894 457/1895/1895
f 459/1899/1899 376/1897/1897 378/1898/1898
f 378/1902/1902 426/1900/1900 425/1901/1901
f 462/1905/1905 460/1903/1903 461/1904/1904
f 299/1908/1908 381/1906/1906 300/1907/1907
f 444/1911/1911 329/1909/1909 463/1910/1910
f 402/1914/1914 266/1912/1912 358/1913/1913
f 466/1917/1917 464/1915/1915 465/1916/1916
f 349/1920/1920 355/1918/1918 354/1919/1919
f 385/1923/1923 353/1921/1921 352/1922/1922
f 408/1926/1926 418/1924/1924 260/1925/1925
f 280/1929/1929 326/1927/1927 325/1928/1928
f 343/1932/1932 411/1930/1930 344/1931/1931
f 304/1935/1935 467/1933/1933 404/1934/1934
f 454/1938/1938 287/1936/1936 316/1937/1937
f 287/1941/1941 454/1939/1939 468/1940/1940
f 448/1944/1944 370/1942/1942 308/1943/1943
f 308/1947/1947 302/1945/1945 448/1946/1946
f 263/1950/1950 262/1948/1948 350/1949/1949
f 317/1953/1953 262/1951/1951 318/1952/1952
f 286/1956/1956 301/1954/1954 303/1955/1955
f 469/1959/1959 364/1957/1957 363/1958/1958
f 289/1962/1962 407/1960/1960 405/1961/1961
f 287/1965/1965 289/1963/1963 405/1964/1964
f 429/1968/1968 430/1966/1966 466/1967/1967
f 464/1971/1971 466/1969/1969 430/1970/1970
f 398/1974/1974 470/1972/1972 399/1973/1973
f 399/1977/1977 397/1975/1975 396/1976/1976
f 472/1980/1980 471/1978/1978 439/1979/1979
f 473/1983/1983 438/1981/1981 471/1982/1982
f 386/1986/1986 356/1984/1984 378/1985/1985
f 356/1989/1989 386/1987/1987 385/1988/1988
f 255/1992/1992 257/1990/1990 474/1991/1991
f 308/1995/1995 427/1993/1993 475/1994/1994
f 477/1998/1998 476/1996/1996 297/1997/1997
f 380/2001/2001 478/1999/1999 383/2000/2000
f 436/2004/2004 433/2002/2002 432/2003/2003
f 362/2007/2007 369/2005/2005 473/2006/2006
f 369/2010/2010 438/2008/2008 473/2009/2009
f 260/2013/2013 419/2011/2011 408/2012/2012
f 259/2016/2016 457/2014/2014 260/2015/2015
f 298/2019/2019 264/2017/2017 299/2018/2018
f 439/2022/2022 394/2020/2020 472/2021/2021
f 315/2025/2025 334/2023/2023 336/2024/2024
f 313/2028/2028 315/2026/2026 336/2027/2027
f 453/2031/2031 310/2029/2029 389/2030/2030
f 391/2034/2034 310/2032/2032 392/2033/2033
f 291/2037/2037 293/2035/2035 416/2036/2036
f 416/2040/2040 415/2038/2038 417/2039/2039
f 437/2043/2043 368/2041/2041 330/2042/2042
f 328/2046/2046 305/2044/2044 313/2045/2045
f 421/2049/2049 293/2047/2047 294/2048/2048
f 291/2052/2052 421/2050/2050 294/2051/2051
f 398/2055/2055 406/2053/2053 366/2054/2054
f 289/2058/2058 366/2056/2056 406/2057/2057
f 413/2061/2061 417/2059/2059 460/2060/2060
f 417/2064/2064 415/2062/2062 414/2063/2063
f 417/2067/2067 461/2065/2065 460/2066/2066
f 284/2070/2070 359/2068/2068 285/2069/2069
f 447/2073/2073 370/2071/2071 285/2072/2072
f 288/2076/2076 398/2074/2074 400/2075/2075
f 400/2079/2079 289/2077/2077 288/2078/2078
f 407/2082/2082 290/2080/2080 272/2081/2081
f 272/2085/2085 297/2083/2083 407/2084/2084
f 405/2088/2088 355/2086/2086 479/2087/2087
f 384/2091/2091 405/2089/2089 479/2090/2090
f 375/2094/2094 377/2092/2092 480/2093/2093
f 378/2097/2097 425/2095/2095 459/2096/2096
f 402/2100/2100 481/2098/2098 403/2099/2099
f 481/2103/2103 482/2101/2101 403/2102/2102
f 316/2106/2106 350/2104/2104 317/2105/2105
f 350/2109/2109 262/2107/2107 317/2108/2108
f 484/2112/2112 430/2110/2110 483/2111/2111
f 434/2115/2115 372/2113/2113 435/2114/2114
f 449/2118/2118 267/2116/2116 485/2117/2117
f 267/2121/2121 449/2119/2119 486/2120/2120
f 469/2124/2124 322/2122/2122 487/2123/2123
f 322/2127/2127 428/2125/2125 487/2126/2126
f 398/2130/2130 288/2128/2128 290/2129/2129
f 406/2133/2133 398/2131/2131 290/2132/2132
f 478/2136/2136 259/2134/2134 383/2135/2135
f 478/2139/2139 456/2137/2137 458/2138/2138
f 342/2142/2142 330/2140/2140 367/2141/2141
f 329/2145/2145 282/2143/2143 330/2144/2144
f 410/2148/2148 452/2146/2146 388/2147/2147
f 452/2151/2151 389/2149/2149 388/2150/2150
f 294/2154/2154 339/2152/2152 279/2153/2153
f 277/2157/2157 279/2155/2155 339/2156/2156
f 312/2160/2160 334/2158/2158 488/2159/2159
f 334/2163/2163 315/2161/2161 488/2162/2162
f 390/2166/2166 346/2164/2164 345/2165/2165
f 410/2169/2169 387/2167/2167 345/2168/2168
f 476/2172/2172 380/2170/2170 382/2171/2171
f 489/2175/2175 476/2173/2173 382/2174/2174
f 337/2178/2178 339/2176/2176 420/2177/2177
f 450/2181/2181 332/2179/2179 379/2180/2180
f 262/2184/2184 490/2182/2182 318/2183/2183
f 454/2187/2187 490/2185/2185 455/2186/2186
f 298/2190/2190 300/2188/2188 331/2189/2189
f 423/2193/2193 422/2191/2191 424/2192/2192
f 491/2196/2196 465/2194/2194 373/2195/2195
f 265/2199/2199 270/2197/2197 492/2198/2198
f 464/2202/2202 358/2200/2200 266/2201/2201
f 464/2205/2205 447/2203/2203 358/2204/2204
f 334/2208/2208 312/2206/2206 451/2207/2207
f 312/2211/2211 311/2209/2209 451/2210/2210
f 431/2214/2214 441/2212/2212 443/2213/2213
f 341/2217/2217 292/2215/2215 342/2216/2216
f 437/2220/2220 342/2218/2218 493/2219/2219
f 310/2223/2223 344/2221/2221 311/2222/2222
f 467/2226/2226 304/2224/2224 311/2225/2225
f 316/2229/2229 385/2227/2227 349/2228/2228
f 355/2232/2232 349/2230/2230 385/2231/2231
f 345/2235/2235 314/2233/2233 410/2234/2234
f 314/2238/2238 412/2236/2236 410/2237/2237
f 370/2241/2241 309/2239/2239 308/2240/2240
f 370/2244/2244 372/2242/2242 429/2243/2243
f 369/2247/2247 349/2245/2245 354/2246/2246
f 354/2250/2250 295/2248/2248 369/2249/2249
f 256/2253/2253 267/2251/2251 486/2252/2252
f 324/2256/2256 445/2254/2254 256/2255/2255
f 364/2259/2259 401/2257/2257 494/2258/2258
f 401/2262/2262 403/2260/2260 494/2261/2261
f 270/2265/2265 422/2263/2263 268/2264/2264
f 327/2268/2268 348/2266/2266 268/2267/2267
f 380/2271/2271 383/2269/2269 381/2270/2270
f 258/2274/2274 463/2272/2272 383/2273/2273
f 263/2277/2277 323/2275/2275 445/2276/2276
f 324/2280/2280 263/2278/2278 445/2279/2279
f 266/2283/2283 402/2281/2281 283/2282/2282
f 402/2286/2286 401/2284/2284 275/2285/2285
f 368/2289/2289 328/2287/2287 422/2288/2288
f 368/2292/2292 437/2290/2290 495/2291/2291
f 308/2295/2295 333/2293/2293 427/2294/2294
f 307/2298/2298 333/2296/2296 308/2297/2297
f 310/2301/2301 391/2299/2299 389/2300/2300
f 387/2304/2304 389/2302/2302 391/2303/2303
f 340/2307/2307 485/2305/2305 450/2306/2306
f 367/2310/2310 281/2308/2308 340/2309/2309
f 353/2313/2313 376/2311/2311 375/2312/2312
f 375/2316/2316 426/2314/2314 353/2315/2315
f 297/2319/2319 478/2317/2317 477/2318/2318
f 456/2322/2322 478/2320/2320 271/2321/2321
f 289/2325/2325 400/2323/2323 365/2324/2324
f 396/2328/2328 400/2326/2326 399/2327/2327
f 297/2331/2331 319/2329/2329 407/2330/2330
f 405/2334/2334 407/2332/2332 319/2333/2333
f 438/2337/2337 476/2335/2335 489/2336/2336
f 438/2340/2340 439/2338/2338 471/2339/2339
f 374/2343/2343 270/2341/2341 269/2342/2342
f 347/2346/2346 307/2344/2344 496/2345/2345
f 395/2349/2349 274/2347/2347 472/2348/2348
f 394/2352/2352 395/2350/2350 472/2351/2351
f 440/2355/2355 366/2353/2353 397/2354/2354
f 397/2358/2358 399/2356/2356 470/2357/2357
f 385/2361/2361 352/2359/2359 355/2360/2360
f 351/2364/2364 355/2362/2362 352/2363/2363
f 303/2367/2367 428/2365/2365 284/2366/2366
f 284/2370/2370 482/2368/2368 497/2369/2369
f 378/2373/2373 357/2371/2371 498/2372/2372
f 426/2376/2376 357/2374/2374 353/2375/2375
f 418/2379/2379 444/2377/2377 258/2378/2378
f 444/2382/2382 463/2380/2380 258/2381/2381
f 472/2385/2385 274/2383/2383 499/2384/2384
f 276/2388/2388 499/2386/2386 274/2387/2387
f 292/2391/2391 279/2389/2389 278/2390/2390
f 292/2394/2394 493/2392/2392 342/2393/2393
f 332/2397/2397 334/2395/2395 337/2396/2396
f 420/2400/2400 332/2398/2398 337/2399/2399
f 362/2403/2403 263/2401/2401 350/2402/2402
f 349/2406/2406 362/2404/2404 350/2405/2405
f 457/2409/2409 500/2407/2407 501/2408/2408
f 457/2412/2412 419/2410/2410 260/2411/2411
f 432/2415/2415 442/2413/2413 436/2414/2414
f 431/2418/2418 436/2416/2416 442/2417/2417
f 424/2421/2421 298/2419/2419 423/2420/2420
f 264/2424/2424 298/2422/2422 265/2423/2423
f 305/2427/2427 437/2425/2425 493/2426/2426
f 437/2430/2430 305/2428/2428 495/2429/2429
f 431/2433/2433 433/2431/2431 484/2432/2432
f 436/2436/2436 431/2434/2434 484/2435/2435
f 401/2439/2439 445/2437/2437 323/2438/2438
f 275/2442/2442 401/2440/2440 323/2441/2441
f 464/2445/2445 430/2443/2443 435/2444/2444
f 372/2448/2448 464/2446/2446 435/2447/2447
f 421/2451/2451 416/2449/2449 413/2450/2450
f 415/2454/2454 421/2452/2452 413/2453/2453
f 332/2457/2457 450/2455/2455 267/2456/2456
f 267/2460/2460 450/2458/2458 485/2459/2459
f 302/2463/2463 308/2461/2461 475/2462/2462
f 257/2466/2466 302/2464/2464 474/2465/2465
f 301/2469/2469 257/2467/2467 446/2468/2468
f 445/2472/2472 446/2470/2470 257/2471/2471
f 376/2475/2475 459/2473/2473 377/2474/2474
f 425/2478/2478 377/2476/2476 459/2477/2477
f 270/2481/2481 465/2479/2479 492/2480/2480
f 464/2484/2484 492/2482/2482 465/2483/2483
f 333/2487/2487 307/2485/2485 335/2486/2486
f 307/2490/2490 347/2488/2488 335/2489/2489
f 275/2493/2493 274/2491/2491 283/2492/2492
f 275/2496/2496 283/2494/2494 402/2495/2495
f 488/2499/2499 392/2497/2497 312/2498/2498
f 310/2502/2502 312/2500/2500 392/2501/2501
f 414/2505/2505 502/2503/2503 417/2504/2504
f 461/2508/2508 417/2506/2506 502/2507/2507
f 392/2511/2511 488/2509/2509 393/2510/2510
f 488/2514/2514 346/2512/2512 393/2513/2513
f 271/2517/2517 273/2515/2515 456/2516/2516
f 455/2520/2520 500/2518/2518 273/2519/2519
f 325/2523/2523 324/2521/2521 486/2522/2522
f 324/2526/2526 256/2524/2524 486/2525/2525
f 447/2529/2529 285/2527/2527 359/2528/2528
f 358/2532/2532 447/2530/2530 359/2531/2531
f 396/2535/2535 366/2533/2533 365/2534/2534
f 365/2538/2538 400/2536/2536 396/2537/2537
f 414/2541/2541 413/2539/2539 460/2540/2540
f 460/2544/2544 462/2542/2542 414/2543/2543
f 314/2547/2547 404/2545/2545 411/2546/2546
f 467/2550/2550 411/2548/2548 404/2549/2549
f 293/2553/2553 421/2551/2551 415/2552/2552
f 416/2556/2556 293/2554/2554 415/2555/2555
f 281/2559/2559 367/2557/2557 282/2558/2558
f 330/2562/2562 282/2560/2560 367/2561/2561
f 306/2565/2565 305/2563/2563 277/2564/2564
f 339/2568/2568 306/2566/2566 277/2567/2567
f 295/2571/2571 297/2569/2569 476/2570/2570
f 476/2574/2574 438/2572/2572 295/2573/2573
f 444/2577/2577 418/2575/2575 280/2576/2576
f 326/2580/2580 280/2578/2578 418/2579/2579
f 269/2583/2583 347/2581/2581 496/2582/2582
f 269/2586/2586 268/2584/2584 348/2585/2585
f 491/2589/2589 429/2587/2587 466/2588/2588
f 465/2592/2592 491/2590/2590 466/2591/2591
f 463/2595/2595 300/2593/2593 381/2594/2594
f 381/2598/2598 383/2596/2596 463/2597/2597
f 461/2601/2601 502/2599/2599 462/2600/2600
f 409/2604/2604 419/2602/2602 490/2603/2603
f 490/2607/2607 262/2605/2605 409/2606/2606
f 479/2610/2610 356/2608/2608 384/2609/2609
f 356/2613/2613 385/2611/2611 384/2612/2612
f 285/2616/2616 448/2614/2614 286/2615/2615
f 448/2619/2619 302/2617/2617 286/2618/2618
f 422/2622/2622 328/2620/2620 327/2621/2621
f 268/2625/2625 422/2623/2623 327/2624/2624
f 313/2628/2628 305/2626/2626 304/2627/2627
f 404/2631/2631 313/2629/2629 304/2630/2630
f 469/2634/2634 303/2632/2632 301/2633/2633
f 364/2637/2637 469/2635/2635 301/2636/2636
f 500/2640/2640 455/2638/2638 501/2639/2639
f 419/2643/2643 455/2641/2641 490/2642/2642
f 346/2646/2646 488/2644/2644 315/2645/2645
f 315/2649/2649 314/2647/2647 346/2648/2648
f 434/2652/2652 430/2650/2650 433/2651/2651
f 430/2655/2655 484/2653/2653 433/2654/2654
f 467/2658/2658 311/2656/2656 344/2657/2657
f 411/2661/2661 467/2659/2659 344/2660/2660
f 310/2664/2664 453/2662/2662 343/2663/2663
f 452/2667/2667 343/2665/2665 453/2666/2666
f 473/2670/2670 499/2668/2668 276/2669/2669
f 276/2673/2673 362/2671/2671 473/2672/2672
f 360/2676/2676 284/2674/2674 497/2675/2675
f 482/2679/2679 481/2677/2677 497/2678/2678
f 474/2682/2682 427/2680/2680 255/2681/2681
f 332/2685/2685 255/2683/2683 427/2684/2684
f 387/2688/2688 390/2686/2686 345/2687/2687
f 390/2691/2691 387/2689/2689 391/2690/2690
f 380/2694/2694 476/2692/2692 477/2693/2693
f 478/2697/2697 380/2695/2695 477/2696/2696
f 395/2700/2700 394/2698/2698 299/2699/2699
f 381/2703/2703 299/2701/2701 394/2702/2702
f 356/2706/2706 479/2704/2704 351/2705/2705
f 355/2709/2709 351/2707/2707 479/2708/2708
f 503/2712/2712 442/2710/2710 432/2711/2711
f 432/2715/2715 443/2713/2713 503/2714/2714
f 376/2718/2718 353/2716/2716 386/2717/2717
f 386/2721/2721 378/2719/2719 376/2720/2720
f 364/2724/2724 301/2722/2722 446/2723/2723
f 401/2727/2727 364/2725/2725 446/2726/2726
f 451/2730/2730 306/2728/2728 338/2729/2729
f 338/2733/2733 334/2731/2731 451/2732/2732
f 474/2736/2736 302/2734/2734 475/2735/2735
f 427/2739/2739 474/2737/2737 475/2738/2738
f 343/2742/2742 452/2740/2740 412/2741/2741
f 452/2745/2745 410/2743/2743 412/2744/2744
f 316/2748/2748 318/2746/2746 454/2747/2747
f 490/2751/2751 454/2749/2749 318/2750/2750
f 425/2754/2754 375/2752/2752 480/2753/2753
f 377/2757/2757 425/2755/2755 480/2756/2756
f 368/2760/2760 423/2758/2758 331/2759/2759
f 298/2763/2763 331/2761/2761 423/2762/2762
f 414/2766/2766 462/2764/2764 502/2765/2765
f 493/2769/2769 292/2767/2767 278/2768/2768
f 278/2772/2772 305/2770/2770 493/2771/2771
f 309/2775/2775 370/2773/2773 429/2774/2774
f 491/2778/2778 309/2776/2776 429/2777/2777
f 440/2781/2781 397/2779/2779 470/2780/2780
f 470/2784/2784 398/2782/2782 440/2783/2783
f 434/2787/2787 484/2785/2785 483/2786/2786
f 484/2790/2790 434/2788/2788 436/2789/2789
f 403/2793/2793 320/2791/2791 494/2792/2792
f 320/2796/2796 364/2794/2794 494/2795/2795
f 283/2799/2799 395/2797/2797 264/2798/2798
f 395/2802/2802 299/2800/2800 264/2801/2801
f 347/2805/2805 269/2803/2803 348/2804/2804
f 348/2808/2808 313/2806/2806 347/2807/2807
f 320/2811/2811 403/2809/2809 321/2810/2810
f 482/2814/2814 321/2812/2812 403/2813/2813
f 332/2817/2817 420/2815/2815 379/2816/2816
f 294/2820/2820 379/2818/2818 420/2819/2819
f 439/2823/2823 438/2821/2821 489/2822/2822
f 489/2826/2826 382/2824/2824 439/2825/2825
f 300/2829/2829 463/2827/2827 329/2828/2828
f 329/2832/2832 331/2830/2830 300/2831/2831
f 281/2835/2835 449/2833/2833 485/2834/2834
f 485/2838/2838 340/2836/2836 281/2837/2837
f 447/2841/2841 464/2839/2839 371/2840/2840
f 464/2844/2844 372/2842/2842 371/2843/2843
f 482/2847/2847 284/2845/2845 428/2846/2846
f 321/2850/2850 482/2848/2848 428/2849/2849
f 303/2853/2853 469/2851/2851 487/2852/2852
f 428/2856/2856 303/2854/2854 487/2855/2855
f 419/2859/2859 457/2857/2857 501/2858/2858
f 455/2862/2862 419/2860/2860 501/2861/2861
f 270/2865/2865 265/2863/2863 424/2864/2864
f 298/2868/2868 424/2866/2866 265/2867/2867
f 324/2871/2871 326/2869/2869 261/2870/2870
f 263/2874/2874 324/2872/2872 261/2873/2873
f 326/2877/2877 418/2875/2875 408/2876/2876
f 261/2880/2880 326/2878/2878 408/2879/2879
f 360/2883/2883 497/2881/2881 481/2882/2882
f 402/2886/2886 360/2884/2884 481/2885/2885
f 426/2889/2889 378/2887/2887 498/2888/2888
f 357/2892/2892 426/2890/2890 498/2891/2891
f 291/2895/2895 294/2893/2893 279/2894/2894
f 279/2898/2898 292/2896/2896 291/2897/2897
f 454/2901/2901 273/2899/2899 468/2900/2900
f 273/2904/2904 287/2902/2902 468/2903/2903
f 292/2907/2907 341/2905/2905 294/2906/2906
f 379/2910/2910 294/2908/2908 341/2909/2909
f 270/2913/2913 374/2911/2911 373/2912/2912
f 465/2916/2916 270/2914/2914 373/2915/2915
f 373/2919/2919 361/2917/2917 491/2918/2918
f 309/2922/2922 491/2920/2920 361/2921/2921
f 374/2925/2925 269/2923/2923 496/2924/2924
f 307/2928/2928 374/2926/2926 496/2927/2927
f 305/2931/2931 328/2929/2929 495/2930/2930
f 328/2934/2934 368/2932/2932 495/2933/2933
f 486/2937/2937 449/2935/2935 325/2936/2936
f 449/2940/2940 280/2938/2938 325/2939/2939
f 297/2943/2943 272/2941/2941 271/2942/2942
f 478/2946/2946 297/2944/2944 271/2945/2945
f 265/2949/2949 492/2947/2947 266/2948/2948
f 492/2952/2952 464/2950/2950 266/2951/2951
f 471/2955/2955 472/2953/2953 499/2954/2954
f 499/2958/2958 473/2956/2956 471/2957/2957
f 320/2961/2961 322/2959/2959 363/2960/2960
f 322/2964/2964 469/2962/2962 363/2963/2963
f 372/2967/2967 434/2965/2965 483/2966/2966
f 483/2970/2970 430/2968/2968 372/2969/2969
f 354/2973/2973 319/2971/2971 296/2972/2972
f 295/2976/2976 354/2974/2974 296/2975/2975
f 259/2979/2979 478/2977/2977 458/2978/2978
f 457/2982/2982 259/2980/2980 458/2981/2981
f 500/2985/2985 457/2983/2983 456/2984/2984
f 500/2988/2988 456/2986/2986 273/2987/2987
f 442/2990/2990 503/2989/2989 443/2991/2991 441/2992/2992
v 1.2733344631404846 2.6002918915840607 0.0091223382085887459
v -2.2846903162794421 2.6002918915840607 0.0091223382085887459
v 1.2733344631404846 2.6002918915840607 -0.17583753867950708
v -2.2846903162794421 2.6002918915840607 -0.17583753867950708
v 1.2733344631404846 0 -1.1720370159787885
v -2.2846903162794421 0 -1.1720370159787885
v 1.2733344631404846 0 0.0091223382085887459
v -2.2846903162794421 0 0.0091223382085887459
v 0.76504512217968479 2.6002918915840607 0.0091223382085887459
v 0.76501961534144403 2.0694194337158018 0.0091223002519842215
v 1.2733344631404846 2.0582632285138085 0.0091223382085887459
v 0.76504512217968479 2.6002918915840607 -0.17583753867950708
v 1.2733344631404846 2.2258200781403925 -0.48104038027118562
v -2.2846903162794421 2.2238829248718539 -0.48261919472555487
v -2.2846903162794421 2.0529235693024379 0.0091223382085887459
v -1.7764011271450602 2.6002918915840607 0.0091223382085887459
v -1.7764011271450602 2.6002918915840607 -0.17583753867950708
v -1.7763727356048753 2.0653546609372175 0.0091223002519842215
v 0.76497816672930263 2.2114941928077241 -0.49271626832403315
v -1.7763423703212553 2.2105036772560394 -0.49352356734567576
v 1.2733344631404846 0.65174556863101418 -1.1720370159787885
v 1.2733344631404846 0.5408659763604412 0.0091223382085887459
v 0.76504527400610289 0 -1.1720370159787885
v 0.76494339847955772 0.66965983339887336 -1.172036978022184
v 0.76504512217968479 0 0.0091223382085887459
v -1.7764011271450602 0 -1.1720370159787885
v -1.7764002161865515 0 0.0091223382085887459
v -2.2846903162794421 0.64857118188137786 -1.1720370159787885
v -1.7762839171502869 0.668247582014311 -1.172036978022184
v -2.2846903162794421 0.53379709016012 0.0091223382085887459
v 0.76502341100189653 0.53028314362640283 0.0091223002519842215
v -1.7763860204164592 0.52556453037827067 0.0091223002519842215
v -1.2681088255691073 0.52166669074638761 0.0091223002519842215
v -1.2681111029653789 1.0380371256586796 0.0091223382085887459
v -1.7763964205260989 1.038428059706985 0.0091223002519842215
v -2.2846903162794421 1.0406079075048569 0.0091223382085887459
v -1.2681108752257517 0 0.0091223382085887459
v -0.75982255909327401 0 0.0091223382085887459
v -0.75982250215836722 0.52076954844183421 0.0091223382085887459
v -1.2681120898370966 0 -1.1720370159787885
v -0.75982267296308759 0 -1.1720370159787885
v -0.25153325608907867 0 -1.1720370159787885
v -0.2515332940456832 0 0.0091223382085887459
v -1.268076562455261 0.67891612076136687 -1.172036978022184
v -0.75981610647050479 0.68330724442565716 -1.172036978022184
v -0.25153857001371221 0.68347546809691206 -1.172036978022184
v 0.25672511228242872 0.67952881627160966 -1.172036978022184
v 0.25675608487172114 0 -1.1720370159787885
v -0.75982255909327401 1.3779946380200057 -1.1720370159787885
v -0.2515332940456832 1.3779946380200057 -1.1720370159787885
v 0.25675593304530303 1.3779946380200057 -1.1720370159787885
v 0.76504527400610289 1.3779946380200057 -1.1720370159787885
v -0.25153860797031669 1.7919672065739782 -0.834640132071929
v 0.25672754150511834 1.7961128269202007 -0.83126140594183229
v 0.7649442335248573 1.8062586273097381 -0.82299229394982543
v 1.2733344631404846 1.8240522280318121 -0.80849011916744051
v 1.2733344631404846 1.3779946380200057 -1.1720370159787885
v 0.25673422186751477 2.2028922393506374 -0.49972705245197774
v -0.25153779190331943 2.1991979989454262 -0.50273792214932023
v -0.25153346485040357 2.6002918915840607 -0.17583753867950708
v 0.25675585713209403 2.6002918915840607 -0.17583753867950708
v -0.25153333200228772 2.6002918915840607 0.0091223382085887459
v 0.25675585713209403 2.6002918915840607 0.0091223382085887459
v -0.25153355974191488 2.0768098882696591 0.0091223382085887459
v 0.25675054320746049 2.0751174791870972 0.0091223002519842215
v -0.25153299039284699 1.5573472236782251 0.0091223382085887459
v 0.25675456660754015 1.5572997020093597 0.0091223382085887459
v 0.76503707537952548 1.5552271195758758 0.0091223002519842215
v 1.2733344631404846 1.5506478450229551 0.0091223382085887459
v 0.25675236512447769 1.0428507822445423 0.0091223382085887459
v 0.76503176145489205 1.0476267099655072 0.0091223002519842215
v 1.2733344631404846 1.0555454255628414 0.0091223382085887459
v 0.25675046729425144 0.52431370843275327 0.0091223002519842215
v -0.25153405317777372 1.0402997188544159 0.0091223382085887459
v -0.25153435683060993 0.52161689168125069 0.0091223002519842215
v 0.25675585713209403 0 0.0091223382085887459
v -0.75982248318006496 1.0388258449224073 0.0091223382085887459
v -0.75982069921965223 1.5559304554577242 0.0091223382085887459
v -1.2681060167803724 1.5527253238584229 0.0091223382085887459
v -0.75982054739323412 2.0760266916918897 0.0091223002519842215
v -1.2681031320784286 2.0727075384525948 0.0091223382085887459
v -1.77638275614847 1.546667753429066 0.0091223002519842215
v -2.2846903162794421 1.5369552276801819 0.0091223382085887459
v -2.2846903162794421 1.822331351495857 -0.80989269161784894
v -2.2846903162794421 1.3779946380200057 -1.1720370159787885
v -1.7764011271450602 1.3779946380200057 -1.1720370159787885
v -1.7763063874601657 1.8052205900891878 -0.82383832768638587
v -1.2680863552592285 1.795621744370856 -0.83166169629315312
v -1.2681117861842603 1.3779946380200057 -1.1720370159787885
v -1.2680925801423706 2.2024506522135932 -0.50008692850863057
v -0.75981872547621698 2.1990723625844484 -0.50284031483460212
v -0.75981808021394004 1.7918290824901117 -0.83475273033925246
v -1.2681117861842603 2.6002918915840607 -0.17583753867950708
v -0.75982255909327401 2.6002918915840607 -0.17583753867950708
v -1.2681117861842603 2.6002918915840607 0.0091223382085887459
v -0.75982255909327401 2.6002918915840607 0.0091223382085887459
vn -3.7724880996847787E-08 -3.5376640283857341E-08 1
vn -1 0 0
vn 0 1 0
vn -1 0 0
vn 1 0 0
vn 0 -1 0
vn 1 0 0
vn 0 -1 0
vn -1.9063900680293955E-08 -5.3630476060106957E-08 1
vn -1.8795203615695755E-08 -1.7620534364937157E-08 1
vn -5.6198814490926452E-08 -1.7688959630390855E-08 1
vn 0 1 0
vn 1 0 0
vn -1 0 0
vn -1 0 0
vn 0 1 0
vn 0 1 0
vn 0 -1.7698344123573406E-08 1
vn 0 0.63176953792572021 -0.77515625953674316
vn 2.639980900553951E-09 0.63176953792572021 -0.77515625953674316
vn 1 0 0
vn 1 0 0
vn -1.8140756452567075E-08 4.2493727647752166E-08 -1
vn -1.8651357791554801E-08 1.1425814738785789E-09 -1
vn 0 -1 0
vn 0 -1 0
vn 0 -1 0
vn 3.7309590084078081E-08 1.2251674119667655E-09 -1
vn 1.8648321997716266E-08 1.2292050710627223E-09 -1
vn -1 0 0
vn -1.8768776754995997E-08 1.7694036458237861E-08 1
vn 1.8771274312712194E-08 1.786010805915339E-08 1
vn -2.7965768367721466E-08 8.8321341351615956E-09 1
vn -3.7377958506112918E-08 -1.8392759315588592E-08 1
vn 9.2942711304999648E-09 -9.2194607503870429E-09 1
vn 7.4673636163424817E-08 0 1
vn -1.8513830468691594E-08 5.4450474351597222E-08 1
vn 0 3.641236645535173E-08 1
vn 0 0 1
vn 0 -1 0
vn 0 -1 0
vn 0 -1 0
vn 0 -1 0
vn 0 9.3191931949121454E-10 -1
vn 0 5.3942983413435286E-10 -1
vn 0 5.2381204929119463E-10 -1
vn 0 8.7576346174955688E-10 -1
vn 3.8125044787840068E-10 5.5980688529189138E-08 -1
vn 0 -5.4555624018348681E-08 -1
vn 0 -5.4570893581740165E-08 -1
vn -3.6773745160090243E-10 -5.4229165158403703E-08 -1
vn -1.9161960906899367E-08 -4.0208558260701466E-08 -1
vn -1.3122912534413445E-08 0.63176965713500977 -0.77515619993209839
vn 5.0393106354462702E-10 0.63176965713500977 -0.77515619993209839
vn 1.4215952859331082E-08 0.63176965713500977 -0.77515619993209839
vn -1.5726094204637775E-08 0.63176965713500977 -0.77515619993209839
vn -5.5674971299879417E-09 0.63176965713500977 -0.77515619993209839
vn -4.8626702664478216E-09 0.63176959753036499 -0.77515619993209839
vn -1.2924088466093053E-08 0.63176953792572021 -0.77515625953674316
vn -8.2553235358773236E-09 0.63176947832107544 -0.77515631914138794
vn -6.2035305781193983E-09 0.63176953792572021 -0.77515625953674316
vn 0 1 0
vn 0 1 0
vn 0 0 1
vn 2.7973708682793585E-08 -8.6768245921575726E-09 1
vn 0 1.8276196556143987E-08 1
vn 3.7424161547505719E-08 1.8343026653155903E-08 1
vn -9.2625498382403748E-09 9.1946619207305957E-09 1
vn -7.4673167205219215E-08 0 1
vn 2.819503386319866E-08 -2.7457977225253671E-08 1
vn -9.2359844217071441E-09 -9.1604483998253272E-09 1
vn -7.4673117467227712E-08 0 1
vn 9.3721181926298414E-09 8.6828411127726213E-09 1
vn 9.4497734082210627E-09 -2.7450164807873989E-08 1
vn 1.872845878381213E-08 0 1
vn -3.0762026259623099E-10 7.2281359564385639E-08 1
vn 0 -1.8326245410094089E-08 1
vn 0 1.8251515854217359E-08 1
vn -2.8062556722829868E-08 9.1240419664018191E-09 1
vn 0 0 1
vn -9.2995140477114546E-09 -8.8287075428183925E-09 1
vn 0 0 1
vn 7.4672662719876826E-08 0 1
vn -1 0 0
vn -1 0 0
vn 1.9204598800115491E-08 -4.0127417832991341E-08 -1
vn -2.0814187706719167E-08 0.63176965713500977 -0.77515619993209839
vn -3.48275808192966E-09 0.63176965713500977 -0.77515619993209839
vn -1.0157262586574234E-08 0.63176953792572021 -0.77515625953674316
vn 6.6650902574849624E-09 0.63176959753036499 -0.77515619993209839
vn 1.4793971381266147E-08 0.63176953792572021 -0.77515625953674316
vn 3.4427191764052623E-08 0.63176959753036499 -0.77515619993209839
vn 1.013843675679027E-08 0.63176947832107544 -0.77515631914138794
vn -3.5931180253356843E-09 0.63176947832107544 -0.77515631914138794
vn 0 1 0
vn 0 1 0
vn 0 1 0
vn 1 0 0
vn 0 1 0
vn 3.7765392590927149E-08 -3.5069142256816122E-08 1
vn 1 0 0
vn -1.9857326449823631E-08 0.63176953792572021 -0.77515625953674316
vn 0 1 0
vn 8.1793256612172627E-09 0.63176953792572021 -0.77515625953674316
vn -3.6827774607672836E-08 2.8721578004820003E-08 -1
vn 0 -1 0
vn 3.6775514189457681E-08 2.8821196096373569E-08 -1
vn -1 0 0
vn 0 -1 0
vn -3.7705675026700192E-08 3.5434641887377438E-08 1
vn -1 0 0
vn 3.7627167159826058E-08 3.5829188504976628E-08 1
vn 0 1 0
vn 1 0 0
vn -9.2966434550589838E-09 0.63176953792572021 -0.77515625953674316
vn -2.2871009974778644E-08 0.63176953792572021 -0.77515625953674316
vn 1.5226262917167332E-08 0.63176953792572021 -0.77515625953674316
vn 5.6218596000690013E-08 -1.7534933505203298E-08 1
vn 3.4273558990882691E-10 -3.5396780617702461E-08 1
vn 1.6401443758695677E-08 0.63176953792572021 -0.77515625953674316
vn -3.7313899525770466E-08 1.1329984728192244E-09 -1
vn -5.6189140451579078E-08 1.7717622924351417E-08 1
vn 0 -1 0
vn -1.9064184897388259E-08 5.3708888003711763E-08 1
vn 1.809204874803072E-08 4.2585824644447712E-08 -1
vn 1.8952555080886668E-08 5.4159315254764806E-08 1
vn -1 0 0
vn 5.6150465610471656E-08 1.7914974392851946E-08 1
vn -1 0 0
vn -1 0 0
vn 0 -1 0
vn 0 -1 0
vn -4.1607145506716847E-10 5.6038949480807787E-08 -1
vn 0 5.5634483686617386E-08 -1
vn 0 5.5618517791344857E-08 -1
vn 0 -1 0
vn 1.8557372527538973E-08 5.4496393175895719E-08 1
vn 0 -1 0
vn 3.567333095588765E-08 0.63176953792572021 -0.77515625953674316
vn -8.6529770015886243E-09 0.63176959753036499 -0.77515619993209839
vn 4.5296726369770113E-09 0.63176959753036499 -0.77515619993209839
vn 1.9571981368926572E-08 0.63176965713500977 -0.77515619993209839
vn 1 0 0
vn -3.7800020891154418E-08 -2.6455584389850628E-08 -1
vn 1 0 0
vn 0 1 0
vn 0 1 0
vn 1.8437301463336553E-08 -5.4039986707721255E-08 1
vn 0 -3.6211297071986337E-08 1
vn 1 0 0
vn 1 0 0
vn 1.7287224096662612E-08 0.63176965713500977 -0.77515619993209839
vn 3.7843665978698482E-08 -2.6370862826752273E-08 -1
vn 1.2301246243850983E-08 0.63176965713500977 -0.77515619993209839
vn -3.050688945904767E-08 0.63176953792572021 -0.77515625953674316
vn 4.0040407101038511E-10 -5.4175107067067074E-08 -1
vn 0 1 0
vn 0 1 0
vn 0 -3.5904815121057254E-08 1
vn 0 -3.6156070137849383E-08 1
f 504//2993 512//3001 513//3002 514//3003
f 504//3089 506//2995 515//3004 512//3105
f 504//3090 514//3106 516//3005 506//3093
f 505//2994 507//2996 517//3006 518//3007
f 505//3091 519//3008 520//3009 507//3095
f 505//3092 518//3110 521//3010 519//3111
f 506//3094 516//3108 522//3011 515//3107
f 507//3096 520//3112 523//3012 517//3109
f 508//2997 524//3013 525//3014 510//2999
f 508//3097 526//3015 527//3016 524//3113
f 508//3098 510//3101 528//3017 526//3115
f 509//2998 529//3018 530//3019 511//3000
f 509//3099 531//3020 532//3021 529//3117
f 509//3100 511//3103 533//3022 531//3119
f 510//3102 525//3114 534//3023 528//3116
f 511//3104 530//3118 535//3024 533//3120
f 535//3024 536//3025 537//3026 538//3027
f 535//3024 538//3027 539//3028 533//3120
f 535//3024 530//3118 540//3029 536//3025
f 540//3029 541//3030 542//3031 536//3025
f 540//3123 530//3019 529//3018 543//3032
f 540//3123 543//3032 544//3033 541//3124
f 544//3033 545//3034 546//3035 541//3124
f 544//3126 543//3125 547//3036 548//3037
f 544//3126 548//3037 549//3038 545//3127
f 549//3038 550//3039 551//3040 545//3127
f 549//3038 548//3037 552//3041 553//3042
f 549//3038 553//3042 554//3043 550//3039
f 554//3043 555//3044 527//3016 550//3039
f 554//3133 553//3132 556//3045 557//3046
f 554//3133 557//3046 558//3047 555//3134
f 558//3047 559//3048 560//3049 555//3134
f 558//3047 557//3046 561//3050 522//3011
f 558//3047 522//3011 516//3108 559//3048
f 561//3050 557//3046 556//3045 562//3051
f 561//3050 562//3051 563//3052 564//3053
f 561//3050 564//3053 515//3107 522//3011
f 564//3138 563//3139 565//3054 566//3055
f 564//3138 566//3055 512//3105 515//3004
f 566//3140 565//3141 567//3056 568//3057
f 566//3140 568//3057 513//3002 512//3001
f 568//3057 567//3056 569//3058 570//3059
f 568//3057 570//3059 571//3060 513//3002
f 571//3060 572//3061 514//3003 513//3002
f 571//3060 570//3059 573//3062 574//3063
f 571//3060 574//3063 575//3064 572//3061
f 575//3143 560//3135 559//3137 572//3142
f 575//3064 574//3063 534//3023 525//3114
f 575//3143 525//3014 524//3013 560//3135
f 574//3063 573//3062 576//3065 534//3023
f 576//3065 573//3062 577//3066 578//3067
f 576//3065 578//3067 546//3129 579//3068
f 576//3065 579//3068 528//3116 534//3023
f 579//3130 546//3035 545//3034 551//3128
f 579//3130 551//3128 526//3115 528//3017
f 578//3067 577//3066 580//3069 542//3031
f 578//3067 542//3031 541//3030 546//3129
f 580//3069 577//3066 569//3058 581//3070
f 580//3069 581//3070 582//3071 537//3026
f 580//3069 537//3026 536//3025 542//3031
f 582//3071 581//3070 583//3072 584//3073
f 582//3071 584//3073 521//3010 585//3074
f 582//3071 585//3074 538//3027 537//3026
f 585//3074 521//3010 518//3110 586//3075
f 585//3074 586//3075 539//3028 538//3027
f 586//3122 518//3007 517//3006 587//3076
f 586//3122 587//3076 588//3077 539//3121
f 588//3145 589//3078 532//3021 531//3020
f 588//3077 531//3119 533//3022 539//3121
f 588//3146 587//3144 590//3079 589//3147
f 590//3079 591//3080 592//3081 589//3147
f 590//3079 587//3144 517//3109 523//3012
f 590//3079 523//3012 593//3082 591//3080
f 593//3082 594//3083 595//3084 591//3080
f 593//3082 523//3012 520//3112 596//3085
f 593//3082 596//3085 597//3086 594//3083
f 597//3086 563//3052 562//3051 594//3083
f 597//3150 596//3149 598//3087 599//3088
f 597//3150 599//3088 565//3054 563//3139
f 599//3152 598//3151 584//3073 583//3072
f 599//3152 583//3072 567//3056 565//3141
f 598//3087 596//3149 520//3009 519//3008
f 598//3151 519//3111 521//3010 584//3073
f 595//3084 556//3045 553//3132 552//3131
f 595//3084 552//3131 592//3081 591//3080
f 595//3084 594//3083 562//3051 556//3045
f 592//3148 552//3041 548//3037 547//3036
f 592//3148 547//3036 532//3021 589//3078
f 583//3072 581//3070 569//3058 567//3056
f 577//3066 573//3062 570//3059 569//3058
f 572//3142 559//3137 516//3005 514//3106
f 560//3136 524//3113 527//3016 555//3044
f 551//3040 550//3039 527//3016 526//3015
f 547//3036 543//3125 529//3117 532//3021
v 2.5892346772066692 2.600291891584062 0.0091223382085887459
v -0.96879010221325723 2.600291891584062 0.0091223382085887459
v 2.5892346772066692 0 0.0091223382085887459
v -0.96879010221325723 0 0.0091223382085887459
v 2.5892346772066692 0 1.1902816923959658
v -0.96879010221325723 0 1.1902816923959658
v 2.5892346772066692 2.600291891584062 0.19408225305328908
v -0.96879010221325723 2.600291891584062 0.19408225305328908
v 2.5892346772066692 2.0531220823441054 0.0091223382085887459
v 2.0809170965321027 2.0655390541220013 0.0091223761651932703
v 2.0809454880722873 2.600291891584062 0.0091223382085887459
v 2.0809454880722873 2.600291891584062 0.19408225305328908
v 2.5892346772066692 2.2235604455598108 0.50112671113991691
v -0.96879010221325723 2.0581741064063852 0.0091223382085887459
v -0.96879010221325723 2.2257505416409042 0.49934176385552348
v -0.46050076125245742 2.600291891584062 0.0091223382085887459
v -0.4604751025877985 2.0693901312171099 0.0091223761651932703
v -0.46050091307887553 2.600291891584062 0.19408225305328908
v 2.5892346772066692 0.53373453767586387 0.0091223382085887459
v 2.5892346772066692 0.64880210986330922 1.1902816923959658
v 2.0809453362458692 0 0.0091223382085887459
v 2.0809309127361497 0.52553720162301387 0.0091223761651932703
v 2.0809453362458692 0 1.1902816923959658
v -0.46050091307887553 0 0.0091223382085887459
v -0.4605000021203669 0 1.1902816923959658
v -0.96879010221325723 0.54106266748509102 0.0091223382085887459
v -0.46047867050862384 0.53039617839467945 0.0091223761651932703
v -0.96879010221325723 0.65151092090184171 1.1902816923959658
v 2.0808291890360229 0.66829517959638651 1.1902816544393613
v -0.46039706380889506 0.66951692678283781 1.1902816544393613
v 2.0808878699466185 2.2103139701466246 0.51192285050223474
v -0.46043410945491148 2.2114500113200584 0.51099695606975382
v -0.46039941711837562 1.8062075377200488 0.84127862774046913
v 0.047816743508899986 1.7960722133533604 0.84953918051815558
v 0.047810063146503587 2.2028598244103743 0.51799815615505573
v 0.047788427881924327 2.600291891584062 0.19408225305328908
v -0.96879010221325723 1.8240151444291928 0.82676502802012219
v -0.96879010221325723 1.3779946380200068 1.1902816923959658
v -0.46050045759962122 1.3779946380200068 1.1902816923959658
v -0.96879010221325723 1.5505838881443315 0.0091223382085887459
v -0.96879010221325723 1.0557597665085954 0.0091223382085887459
v -0.46049271445229811 1.5552306115834933 0.0091223761651932703
v -0.46048709687482842 1.0477525930444156 0.0091223761651932703
v 0.047789946146105329 1.5573410177733864 0.0091223382085887459
v 0.047791995802749676 1.0429329962499447 0.0091223382085887459
v 0.047793741806557828 0.52437914561895549 0.0091223382085887459
v 0.55607852797481472 1.040369995507695 0.0091223382085887459
v 0.55607883162765082 0.52166001038399223 0.0091223761651932703
v 0.55607742723328346 0 0.0091223382085887459
v 0.047788048315879073 0 0.0091223382085887459
v 0.55607757905970157 0 1.1902816923959658
v 0.047789338840432925 0 1.1902816923959658
v 0.55608317765886894 0.68345132769643524 1.1902816544393613
v 0.047820083690098193 0.67946550465526312 1.1902816544393613
v 0.55607793964744456 1.3779946380200068 1.1902816923959658
v 0.047788655621551476 1.3779946380200068 1.1902816923959658
v 0.55608312072396215 1.7919290981430367 0.85291595188311931
v 1.0643670338903151 1.3779946380200068 1.1902816923959658
v 1.0643627068373991 1.7917701738398903 0.8530454028828518
v 1.0643633331213738 2.1990184642060244 0.52112894974439505
v 0.55608228567866269 2.1991636102617282 0.52101065324181728
v 1.0643669200205015 2.600291891584062 0.19408225305328908
v 0.55607765497291062 2.600291891584062 0.19408225305328908
v 1.0643669200205015 2.600291891584062 0.0091223382085887459
v 0.55607765497291062 2.600291891584062 0.0091223382085887459
v 0.047788427881924327 2.600291891584062 0.0091223382085887459
v 0.55607799658235135 2.0768516405346378 0.0091223382085887459
v 0.04779381771976688 2.0751285625156202 0.0091223761651932703
v 0.55607737029837667 1.557417841940945 0.0091223382085887459
v 1.0643650411685774 2.0761049582104216 0.0091223761651932703
v 1.0643652878865069 1.5560482158232642 0.0091223382085887459
v 1.0643669959337105 1.0388987216030963 0.0091223382085887459
v 1.5726509091000631 1.5529523043534834 0.0091223382085887459
v 1.5726557675454425 1.038099829969356 0.0091223382085887459
v 1.572653717888798 0.52167496528617519 0.0091223761651932703
v 1.064366957977106 0.52079862320090153 0.0091223382085887459
v 1.5726560711982787 0 0.0091223382085887459
v 1.0643667492157811 0 0.0091223382085887459
v 1.5726560711982787 0 1.1902816923959658
v 1.0643667492157811 0 1.1902816923959658
v 1.5726207715560703 0.67892860848425673 1.1902816544393613
v 1.0643604294411275 0.68330306919916051 1.1902816544393613
v 1.5726561471114877 1.3779946380200068 1.1902816923959658
v 2.0809454880722873 1.3779946380200068 1.1902816923959658
v 2.0808534812629187 1.8049642311822274 0.84229197418977575
v 1.5726314753185464 1.7955030920251123 0.85000302920375359
v 1.5726373206356432 2.2023498394719763 0.51841380944205806
v 1.5726561471114877 2.600291891584062 0.19408225305328908
v 1.5726561471114877 2.600291891584062 0.0091223382085887459
v 1.5726476448320741 2.0728379573457443 0.0091223761651932703
v 2.0809296981248049 1.5471900363073314 0.0091223761651932703
v 2.5892346772066692 1.5381363612997925 0.0091223382085887459
v 2.5892346772066692 1.0402127033385433 0.0091223382085887459
v 2.0809417683250442 1.0383794372965895 0.0091223761651932703
v 2.5892346772066692 1.8218198862498838 0.82855424542252476
v 2.5892346772066692 1.3779946380200068 1.1902816923959658
vn -3.7765055083127663E-08 -3.5081558991123529E-08 -1
vn -1 0 0
vn 1 0 0
vn 0 -1 0
vn 1 0 0
vn 0 -1 0
vn 0 1 0
vn -1 0 0
vn -5.621851784098908E-08 -1.7541230690198972E-08 -1
vn -1.8785431876722214E-08 -1.7497631787932733E-08 -1
vn -1.9139095641662607E-08 -5.3274497702204826E-08 -1
vn 0 1 0
vn 1 0 0
vn -1 0 0
vn -1 0 0
vn 1.9066346723661809E-08 -5.3627900342689827E-08 -1
vn 1.8795708101038144E-08 -1.761868873018102E-08 -1
vn 0 1 0
vn 1 0 0
vn 1 0 0
vn -1.8950705893416853E-08 5.4161485962822553E-08 -1
vn -1.8771718401922044E-08 1.786149894655864E-08 -1
vn 0 -1 0
vn 0 -1 0
vn 0 -1 0
vn 5.6190518904486453E-08 1.7712496358512908E-08 -1
vn 0 1.7852682887564697E-08 -1
vn -1 0 0
vn -1.8648535160536994E-08 1.2252033831927633E-09 1
vn 1.8651103772526767E-08 1.1505050245830262E-09 1
vn -5.181732376513537E-09 0.63176953792572021 0.77515625953674316
vn 1.1565060020757301E-08 0.63176953792572021 0.77515625953674316
vn -5.3422168910799428E-09 0.63176959753036499 0.77515619993209839
vn -3.0367054648650083E-08 0.63176965713500977 0.77515619993209839
vn -1.719476294681499E-08 0.63176953792572021 0.77515625953674316
vn -3.5556670940906088E-09 0.63176947832107544 0.77515631914138794
vn 1.9743994883469895E-08 0.63176959753036499 0.77515619993209839
vn -2.2773938290754359E-09 0.63176965713500977 0.77515619993209839
vn -1.5549362686329005E-08 0.63176959753036499 0.77515619993209839
vn -1 0 0
vn -1 0 0
vn 9.2618259728283192E-09 9.1952223613134265E-09 -1
vn 0 0 -1
vn -3.7425419208148014E-08 1.8344108454471098E-08 -1
vn -2.8051477585222528E-08 -9.1485565789639622E-09 -1
vn -9.3049736804573513E-09 8.9196428021409702E-09 -1
vn 0 -1.8300490012279624E-08 -1
vn 0 0 -1
vn 0 3.634824352616306E-08 -1
vn 0 3.6136114545115561E-08 -1
vn 0 -1 0
vn 0 -1 0
vn 0 5.2612664225293315E-10 1
vn 0 8.8164042733041015E-10 1
vn 0 -5.4568626950413091E-08 1
vn 3.708550133652011E-10 -5.4223495027372337E-08 1
vn 1.3917875740787622E-08 0.63176965713500977 0.77515619993209839
vn 1.4531846836973727E-08 0.63176953792572021 0.77515625953674316
vn 1.3632962314602537E-08 0.63176965713500977 0.77515619993209839
vn 5.7338138681473083E-09 0.63176953792572021 0.77515625953674316
vn 7.1547625601908749E-09 0.63176953792572021 0.77515625953674316
vn -1.2664556070518529E-09 0.63176947832107544 0.77515631914138794
vn 0 0.63176947832107544 0.77515631914138794
vn 0 1 0
vn 0 1 0
vn 0 1 0
vn 0 0 -1
vn -2.7973973359962656E-08 -8.6758884521032087E-09 -1
vn 0 1.8277317437309648E-08 -1
vn 1.873743293856478E-08 2.7389024381818672E-10 -1
vn 9.4676630979506626E-09 2.7378030509339624E-08 -1
vn 0 -1.8324746164921635E-08 -1
vn 2.8235394466946673E-08 2.7389528867161061E-08 -1
vn 3.7376288730683882E-08 -1.8391627776281894E-08 -1
vn 2.7964951243575342E-08 8.8333038661403407E-09 -1
vn 0 0 -1
vn 1.851544340070177E-08 5.445048145702458E-08 -1
vn 0 3.6410458648106214E-08 -1
vn 0 -1 0
vn 0 -1 0
vn 0 9.3055063654645664E-10 1
vn 0 5.3982768255522728E-10 1
vn -3.9903952364639395E-10 -5.4176418018414552E-08 1
vn -1.9201367607024622E-08 -4.0131126866072009E-08 1
vn -4.4104031537983701E-10 0.63176965713500977 0.77515619993209839
vn -6.9166867788794661E-09 0.63176965713500977 0.77515619993209839
vn -3.9712366728394954E-10 0.63176953792572021 0.77515625953674316
vn 4.86356377393804E-09 0.63176947832107544 0.77515631914138794
vn 0 1 0
vn 9.3800585077019605E-09 -8.5240072777992282E-09 -1
vn -9.2152756536734159E-09 9.1396987755842929E-09 -1
vn -7.4672875882697554E-08 0 -1
vn -7.467383511539083E-08 0 -1
vn -9.295754388460864E-09 -9.2191605460811843E-09 -1
vn 1 0 0
vn 1 0 0
vn 0 1 0
vn 1 0 0
vn 3.772691670178574E-08 -3.5372732298810661E-08 -1
vn 0 1 0
vn -3.7625994764312054E-08 3.5832222522458324E-08 -1
vn 0 -1 0
vn 3.7708471012365408E-08 3.5424374544845705E-08 -1
vn -1 0 0
vn 0 -1 0
vn -3.6780857470830597E-08 2.8815129837767017E-08 1
vn -1 0 0
vn 3.6824935989443475E-08 2.8729759904422281E-08 1
vn 1 0 0
vn -2.3213715394376777E-08 0.63176947832107544 0.77515631914138794
vn 0 1 0
vn 4.2876795447455152E-08 0.63176947832107544 0.77515631914138794
vn 1 0 0
vn 0 1 0
vn -5.1964827996187068E-09 0.63176947832107544 0.77515631914138794
vn -2.7609670993911095E-08 0.63176953792572021 0.77515625953674316
vn 5.6199819908897553E-08 -1.7687007414224354E-08 -1
vn 4.2321090631958214E-08 0.63176953792572021 0.77515625953674316
vn 0 1 0
vn 1.8265186696453384E-08 0.63176947832107544 0.77515631914138794
vn -5.6149932703419836E-08 1.7916509165161187E-08 -1
vn -3.7309952460873319E-08 1.2195692233873956E-09 1
vn 0 -1 0
vn -1.8095704490406206E-08 4.25815365190374E-08 1
vn 2.916226982119241E-10 3.5705422618548255E-08 -1
vn 1.8137088275693714E-08 4.2502119157461493E-08 1
vn -1 0 0
vn 3.7313565570684659E-08 1.1405889566162841E-09 1
vn 0 1 0
vn -1 0 0
vn -1 0 0
vn 3.7802191599212165E-08 -2.6448580214832873E-08 1
vn 1.916512104571666E-08 -4.0201108220117021E-08 1
vn 7.4673160099791858E-08 0 -1
vn 7.4673081940090924E-08 0 -1
vn 0 -1 0
vn 0 -1 0
vn -3.8457595441521164E-10 5.598678143314828E-08 1
vn 0 5.5620883898654938E-08 1
vn -2.990024938753777E-08 0.63176953792572021 0.77515625953674316
vn 1.3424131140027384E-08 0.63176953792572021 0.77515625953674316
vn 0 -5.4555233219844013E-08 1
vn 0 1 0
vn 0 1 0
vn 0 1 0
vn 1.8539543233941913E-08 -5.4208278754686035E-08 -1
vn -3.7256123186502066E-10 -7.1826462999524665E-08 -1
vn 0 -3.6214281351476529E-08 -1
vn -1.8435327930887979E-08 -5.4040270924815559E-08 -1
vn 0 -1 0
vn 0 -1 0
vn 4.146273324678873E-10 5.6037521289908909E-08 1
vn 0 5.5634885143263091E-08 1
vn -8.1755615610745735E-09 0.63176959753036499 0.77515619993209839
vn 4.2849013226486932E-09 0.63176959753036499 0.77515619993209839
vn -3.8427998561019194E-09 0.63176959753036499 0.77515619993209839
vn -3.7839043898202362E-08 -2.6375991168947621E-08 1
vn 1 0 0
vn 1 0 0
vn -1.7924211448416827E-08 0.63176965713500977 0.77515619993209839
f 600//3153 608//3161 609//3162 610//3163
f 600//3249 610//3266 611//3164 606//3159
f 600//3250 606//3261 612//3165 608//3265
f 601//3154 613//3166 614//3167 607//3160
f 601//3251 615//3168 616//3169 613//3269
f 601//3252 607//3263 617//3170 615//3271
f 602//3155 618//3171 619//3172 604//3157
f 602//3253 620//3173 621//3174 618//3273
f 602//3254 604//3257 622//3175 620//3275
f 603//3156 623//3176 624//3177 605//3158
f 603//3255 625//3178 626//3179 623//3277
f 603//3256 605//3259 627//3180 625//3279
f 604//3258 619//3274 628//3181 622//3276
f 605//3260 624//3278 629//3182 627//3280
f 606//3262 611//3267 630//3183 612//3268
f 607//3264 614//3270 631//3184 617//3272
f 631//3184 632//3185 633//3186 634//3187
f 631//3184 634//3187 635//3188 617//3272
f 631//3184 614//3270 636//3189 632//3185
f 636//3189 637//3190 638//3191 632//3185
f 636//3282 614//3167 613//3166 639//3192
f 636//3282 639//3192 640//3193 637//3283
f 640//3193 625//3279 627//3180 637//3283
f 640//3287 639//3286 641//3194 642//3195
f 640//3287 642//3195 626//3179 625//3178
f 642//3195 641//3194 643//3196 644//3197
f 642//3195 644//3197 645//3198 626//3179
f 645//3198 644//3197 646//3199 647//3200
f 645//3198 647//3200 648//3201 649//3202
f 645//3198 649//3202 623//3277 626//3179
f 649//3288 648//3289 650//3203 651//3204
f 649//3288 651//3204 624//3177 623//3176
f 651//3290 650//3291 652//3205 653//3206
f 651//3290 653//3206 629//3182 624//3278
f 653//3206 652//3205 654//3207 655//3208
f 653//3206 655//3208 638//3285 629//3182
f 655//3292 654//3293 656//3209 633//3186
f 655//3292 633//3186 632//3185 638//3191
f 656//3209 654//3293 657//3210 658//3211
f 656//3209 658//3211 659//3212 660//3213
f 656//3209 660//3213 634//3187 633//3186
f 660//3213 659//3212 661//3214 662//3215
f 660//3213 662//3215 635//3188 634//3187
f 662//3295 661//3296 663//3216 664//3217
f 662//3295 664//3217 665//3218 635//3281
f 665//3301 664//3300 666//3219 667//3220
f 665//3301 667//3220 616//3169 615//3168
f 665//3218 615//3271 617//3170 635//3281
f 667//3220 666//3219 668//3221 643//3196
f 667//3220 643//3196 641//3194 616//3169
f 668//3221 666//3219 669//3222 670//3223
f 668//3221 670//3223 671//3224 646//3199
f 668//3221 646//3199 644//3197 643//3196
f 671//3224 670//3223 672//3225 673//3226
f 671//3224 673//3226 674//3227 675//3228
f 671//3224 675//3228 647//3200 646//3199
f 675//3228 674//3227 676//3229 677//3230
f 675//3228 677//3230 648//3201 647//3200
f 677//3303 676//3302 678//3231 679//3232
f 677//3303 679//3232 650//3203 648//3289
f 679//3305 678//3304 680//3233 681//3234
f 679//3305 681//3234 652//3205 650//3291
f 681//3234 680//3233 682//3235 657//3294
f 681//3234 657//3294 654//3207 652//3205
f 682//3235 680//3233 628//3181 683//3236
f 682//3306 683//3307 684//3237 685//3238
f 682//3306 685//3238 658//3211 657//3210
f 685//3238 684//3237 630//3183 686//3239
f 685//3238 686//3239 659//3212 658//3211
f 686//3239 630//3183 611//3267 687//3240
f 686//3239 687//3240 661//3214 659//3212
f 687//3297 611//3164 610//3266 688//3241
f 687//3297 688//3241 663//3216 661//3296
f 688//3299 610//3163 609//3162 689//3242
f 688//3299 689//3242 669//3222 663//3298
f 689//3242 609//3162 690//3243 672//3225
f 689//3242 672//3225 670//3223 669//3222
f 690//3243 609//3162 608//3161 691//3244
f 690//3243 691//3244 692//3245 693//3246
f 690//3243 693//3246 673//3226 672//3225
f 693//3246 692//3245 618//3273 621//3174
f 693//3246 621//3174 674//3227 673//3226
f 692//3311 691//3310 694//3247 695//3248
f 692//3311 695//3248 619//3172 618//3171
f 695//3308 694//3312 684//3237 683//3307
f 695//3309 683//3236 628//3181 619//3274
f 694//3247 691//3310 608//3265 612//3165
f 694//3312 612//3268 630//3183 684//3237
f 680//3233 678//3304 622//3276 628//3181
f 678//3231 676//3302 620//3275 622//3175
f 676//3229 674//3227 621//3174 620//3173
f 669//3222 666//3219 664//3300 663//3298
f 641//3194 639//3286 613//3269 616//3169
f 638//3285 637//3284 627//3280 629//3182
