# Rhino

v -0.42423403263092041 0.0020166577305644751 -0.31817582249641418
v 0 0.0020166577305644751 -0.31817582249641418
v -0.42423403263092041 0.55882382392883301 -0.31817582249641418
v 0 0.55882382392883301 -0.31817582249641418
v -0.42423403263092041 0.55882382392883301 0.0088379271328449249
v 0 0.55882382392883301 0.0088379271328449249
v -0.42423403263092041 0.55882382392883301 0.10605822503566742
v 0 0.55882382392883301 0.10605822503566742
v -0.42423403263092041 0.49695637822151184 0.10605822503566742
v 0 0.49695637822151184 0.10605822503566742
v -0.42423403263092041 0.49695637822151184 0.20327852666378021
v 0 0.49695637822151184 0.20327852666378021
v -0.42423403263092041 0.43508890271186829 0.20327852666378021
v 0 0.43508890271186829 0.20327852666378021
v -0.42423403263092041 0.43508890271186829 0.30049881339073181
v 0 0.43508890271186829 0.30049881339073181
v -0.42423403263092041 0.37322142720222473 0.30049881339073181
v 0 0.37322142720222473 0.30049881339073181
v -0.42423403263092041 0.37322142720222473 0.3977191150188446
v 0 0.37322142720222473 0.3977191150188446
v -0.42423403263092041 0.31135398149490356 0.3977191150188446
v 0 0.31135398149490356 0.3977191150188446
v -0.42423403263092041 0.31135398149490356 0.4949394166469574
v 0 0.31135398149490356 0.4949394166469574
v -0.42423403263092041 0.24948650598526001 0.4949394166469574
v 0 0.24948650598526001 0.4949394166469574
v -0.42423403263092041 0.24948650598526001 0.59215974807739258
v 0 0.24948650598526001 0.59215974807739258
v -0.42423403263092041 0.18761904537677765 0.59215974807739258
v 0 0.18761904537677765 0.59215974807739258
v -0.42423403263092041 0.18761904537677765 0.68938004970550537
v 0 0.18761904537677765 0.68938004970550537
v -0.42423403263092041 0.12575158476829529 0.68938004970550537
v 0 0.12575158476829529 0.68938004970550537
v -0.42423403263092041 0.12575158476829529 0.78660035133361816
v 0 0.12575158476829529 0.78660035133361816
v -0.42423403263092041 0.063884124159812927 0.78660035133361816
v 0 0.063884124159812927 0.78660035133361816
v -0.42423403263092041 0.063884124159812927 0.88382065296173096
v 0 0.063884124159812927 0.88382065296173096
v -0.42423403263092041 0.0020166577305644751 0.88382065296173096
v 0 0.0020166577305644751 0.88382065296173096
vt 0.92257189750671387 0.0006709342123940587
vt 0.78143084049224854 0.0006709342123940587
vt 0.92257189750671387 0.18591852486133575
vt 0.78143084049224854 0.18591852486133575
vt 0.077428117394447327 2.8937149047851562
vt 0.21856912970542908 2.8937149047851562
vt 0.077428117394447327 2.7849187850952148
vt 0.21856912970542908 2.7849187850952148
vt 0.077428117394447327 2.7525739669799805
vt 0.21856912970542908 2.7525739669799805
vt 0.077428117394447327 0.18591852486133575
vt 0.21856912970542908 0.18591852486133575
vt 0.077428117394447327 0.16533546149730682
vt 0.21856912970542908 0.16533546149730682
vt 0.077428117394447327 2.7525739669799805
vt 0.21856912970542908 2.7525739669799805
vt 0.077428117394447327 2.7202291488647461
vt 0.21856912970542908 2.7202291488647461
vt 0.077428117394447327 0.16533546149730682
vt 0.21856912970542908 0.16533546149730682
vt 0.077428117394447327 0.1447523832321167
vt 0.21856912970542908 0.1447523832321167
vt 0.077428117394447327 2.7202291488647461
vt 0.21856912970542908 2.7202291488647461
vt 0.077428117394447327 2.6878843307495117
vt 0.21856912970542908 2.6878843307495117
vt 0.077428117394447327 0.1447523832321167
vt 0.21856912970542908 0.1447523832321167
vt 0.077428117394447327 0.12416931986808777
vt 0.21856912970542908 0.12416931986808777
vt 0.077428117394447327 2.6878843307495117
vt 0.21856912970542908 2.6878843307495117
vt 0.077428117394447327 2.6555395126342773
vt 0.21856912970542908 2.6555395126342773
vt 0.077428117394447327 0.12416931986808777
vt 0.21856912970542908 0.12416931986808777
vt 0.077428117394447327 0.10358626395463943
vt 0.21856912970542908 0.10358626395463943
vt 0.077428117394447327 2.6555395126342773
vt 0.21856912970542908 2.6555395126342773
vt 0.077428117394447327 2.623194694519043
vt 0.21856912970542908 2.623194694519043
vt 0.077428117394447327 0.10358626395463943
vt 0.21856912970542908 0.10358626395463943
vt 0.077428117394447327 0.083003193140029907
vt 0.21856912970542908 0.083003193140029907
vt 0.077428117394447327 2.623194694519043
vt 0.21856912970542908 2.623194694519043
vt 0.077428117394447327 2.5908498764038086
vt 0.21856912970542908 2.5908498764038086
vt 0.077428117394447327 0.083003193140029907
vt 0.21856912970542908 0.083003193140029907
vt 0.077428117394447327 0.062420129776000977
vt 0.21856912970542908 0.062420129776000977
vt 0.077428117394447327 2.5908498764038086
vt 0.21856912970542908 2.5908498764038086
vt 0.077428117394447327 2.5585050582885742
vt 0.21856912970542908 2.5585050582885742
vt 0.077428117394447327 0.062420129776000977
vt 0.21856912970542908 0.062420129776000977
vt 0.077428117394447327 0.041837062686681747
vt 0.21856912970542908 0.041837062686681747
vt 0.077428117394447327 2.5585050582885742
vt 0.21856912970542908 2.5585050582885742
vt 0.077428117394447327 2.5261602401733398
vt 0.21856912970542908 2.5261602401733398
vt 0.077428117394447327 0.041837062686681747
vt 0.21856912970542908 0.041837062686681747
vt 0.077428117394447327 0.021254001185297966
vt 0.21856912970542908 0.021254001185297966
vt 0.077428117394447327 2.5261602401733398
vt 0.21856912970542908 2.5261602401733398
vt 0.077428117394447327 2.4938154220581055
vt 0.21856912970542908 2.4938154220581055
vt 0.077428117394447327 0.021254001185297966
vt 0.21856912970542908 0.021254001185297966
vt 0.077428117394447327 0.0006709342123940587
vt 0.21856912970542908 0.0006709342123940587
vt 0.92257189750671387 2.4938154220581055
vt 0.78143084049224854 2.4938154220581055
vt 0.92257189750671387 2.8937149047851562
vt 0.78143084049224854 2.8937149047851562
vt -1.8937150239944458 0.0006709342123940587
vt -1.8937150239944458 0.18591852486133575
vt -1.7849187850952148 0.18591852486133575
vt -1.7525739669799805 0.18591852486133575
vt -1.7525739669799805 0.16533546149730682
vt -1.7202291488647461 0.16533546149730682
vt -1.7202291488647461 0.1447523832321167
vt -1.6878843307495117 0.1447523832321167
vt -1.6878843307495117 0.12416931986808777
vt -1.6555395126342773 0.12416931986808777
vt -1.6555395126342773 0.10358626395463943
vt -1.623194694519043 0.10358626395463943
vt -1.623194694519043 0.083003193140029907
vt -1.5908498764038086 0.083003193140029907
vt -1.5908498764038086 0.062420129776000977
vt -1.5585050582885742 0.062420129776000977
vt -1.5585050582885742 0.041837062686681747
vt -1.5261602401733398 0.041837062686681747
vt -1.5261602401733398 0.021254001185297966
vt -1.4938154220581055 0.021254001185297966
vt -1.4938154220581055 0.0006709342123940587
vt 2.8937149047851562 0.0006709342123940587
vt 2.8937149047851562 0.18591852486133575
vt 2.7849187850952148 0.18591852486133575
vt 2.7525739669799805 0.18591852486133575
vt 2.7525739669799805 0.16533546149730682
vt 2.7202291488647461 0.16533546149730682
vt 2.7202291488647461 0.1447523832321167
vt 2.6878843307495117 0.1447523832321167
vt 2.6878843307495117 0.12416931986808777
vt 2.6555395126342773 0.12416931986808777
vt 2.6555395126342773 0.10358626395463943
vt 2.623194694519043 0.10358626395463943
vt 2.623194694519043 0.083003193140029907
vt 2.5908498764038086 0.083003193140029907
vt 2.5908498764038086 0.062420129776000977
vt 2.5585050582885742 0.062420129776000977
vt 2.5585050582885742 0.041837062686681747
vt 2.5261602401733398 0.041837062686681747
vt 2.5261602401733398 0.021254001185297966
vt 2.4938154220581055 0.021254001185297966
vt 2.4938154220581055 0.0006709342123940587
vn 0 0 -1
vn 0 0 -1
vn 0 0 -1
vn 0 0 -1
vn 0 1 0
vn 0 1 0
vn 0 1 0
vn 0 1 0
vn 0 1 0
vn 0 1 0
vn 0 0 1
vn 0 0 1
vn 0 0 1
vn 0 0 1
vn 0 1 0
vn 0 1 0
vn 0 1 0
vn 0 1 0
vn 0 0 1
vn 0 0 1
vn 0 0 1
vn 0 0 1
vn 0 1 0
vn 0 1 0
vn 0 1 0
vn 0 1 0
vn 0 0 1
vn 0 0 1
vn 0 0 1
vn 0 0 1
vn 0 1 0
vn 0 1 0
vn 0 1 0
vn 0 1 0
vn 0 0 1
vn 0 0 1
vn 0 0 1
vn 0 0 1
vn 0 1 0
vn 0 1 0
vn 0 1 0
vn 0 1 0
vn 0 0 1
vn 0 0 1
vn 0 0 1
vn 0 0 1
vn 0 1 0
vn 0 1 0
vn 0 1 0
vn 0 1 0
vn 0 0 1
vn 0 0 1
vn 0 0 1
vn 0 0 1
vn 0 1 0
vn 0 1 0
vn 0 1 0
vn 0 1 0
vn 0 0 1
vn 0 0 1
vn 0 0 1
vn 0 0 1
vn 0 1 0
vn 0 1 0
vn 0 1 0
vn 0 1 0
vn 0 0 1
vn 0 0 1
vn 0 0 1
vn 0 0 1
vn 0 1 0
vn 0 1 0
vn 0 1 0
vn 0 1 0
vn 0 0 1
vn 0 0 1
vn 0 0 1
vn 0 0 1
vn 0 -1 0
vn 0 -1 0
vn 0 -1 0
vn 0 -1 0
vn -1 0 0
vn -1 0 0
vn -1 0 0
vn -1 0 0
vn -1 0 0
vn -1 0 0
vn -1 0 0
vn -1 0 0
vn -1 0 0
vn -1 0 0
vn -1 0 0
vn -1 0 0
vn -1 0 0
vn -1 0 0
vn -1 0 0
vn -1 0 0
vn -1 0 0
vn -1 0 0
vn -1 0 0
vn -1 0 0
vn -1 0 0
vn 1 0 0
vn 1 0 0
vn 1 0 0
vn 1 0 0
vn 1 0 0
vn 1 0 0
vn 1 0 0
vn 1 0 0
vn 1 0 0
vn 1 0 0
vn 1 0 0
vn 1 0 0
vn 1 0 0
vn 1 0 0
vn 1 0 0
vn 1 0 0
vn 1 0 0
vn 1 0 0
vn 1 0 0
vn 1 0 0
vn 1 0 0
f 1/1/1 3/3/3 4/4/4 2/2/2
f 3/5/5 5/7/7 6/8/8 4/6/6
f 5/7/7 7/9/9 8/10/10 6/8/8
f 7/11/11 9/13/13 10/14/14 8/12/12
f 9/15/15 11/17/17 12/18/18 10/16/16
f 11/19/19 13/21/21 14/22/22 12/20/20
f 13/23/23 15/25/25 16/26/26 14/24/24
f 15/27/27 17/29/29 18/30/30 16/28/28
f 17/31/31 19/33/33 20/34/34 18/32/32
f 19/35/35 21/37/37 22/38/38 20/36/36
f 21/39/39 23/41/41 24/42/42 22/40/40
f 23/43/43 25/45/45 26/46/46 24/44/44
f 25/47/47 27/49/49 28/50/50 26/48/48
f 27/51/51 29/53/53 30/54/54 28/52/52
f 29/55/55 31/57/57 32/58/58 30/56/56
f 31/59/59 33/61/61 34/62/62 32/60/60
f 33/63/63 35/65/65 36/66/66 34/64/64
f 35/67/67 37/69/69 38/70/70 36/68/68
f 37/71/71 39/73/73 40/74/74 38/72/72
f 39/75/75 41/77/77 42/78/78 40/76/76
f 41/79/79 1/81/81 2/82/82 42/80/80
f 5/85/85 3/84/84 1/83/83
f 13/89/89 11/88/88 9/87/87
f 5/85/85 9/87/87 7/86/86
f 9/87/87 5/85/85 1/83/83
f 17/91/91 13/89/89 1/83/83
f 9/87/87 1/83/83 13/89/89
f 21/93/93 17/91/91 1/83/83
f 13/89/89 17/91/91 15/90/90
f 19/92/92 17/91/91 21/93/93
f 25/95/95 23/94/94 21/93/93
f 29/97/97 27/96/96 25/95/95
f 29/97/97 1/83/83 33/99/99
f 1/83/83 25/95/95 21/93/93
f 37/101/101 35/100/100 33/99/99
f 29/97/97 33/99/99 31/98/98
f 41/103/103 39/102/102 37/101/101
f 37/101/101 1/83/83 41/103/103
f 37/101/101 33/99/99 1/83/83
f 25/95/95 1/83/83 29/97/97
f 6/106/106 2/104/104 4/105/105
f 14/110/110 10/108/108 12/109/109
f 6/106/106 8/107/107 10/108/108
f 10/108/108 2/104/104 6/106/106
f 18/112/112 2/104/104 14/110/110
f 10/108/108 14/110/110 2/104/104
f 22/114/114 2/104/104 18/112/112
f 14/110/110 16/111/111 18/112/112
f 20/113/113 22/114/114 18/112/112
f 26/116/116 22/114/114 24/115/115
f 30/118/118 26/116/116 28/117/117
f 30/118/118 34/120/120 2/104/104
f 2/104/104 22/114/114 26/116/116
f 38/122/122 34/120/120 36/121/121
f 30/118/118 32/119/119 34/120/120
f 42/124/124 38/122/122 40/123/123
f 38/122/122 42/124/124 2/104/104
f 38/122/122 2/104/104 34/120/120
f 26/116/116 30/118/118 2/104/104
v -1.8029946088790894 1.2040131092071533 1.909052848815918
v -1.8029946088790894 1.3631008863449097 1.909052848815918
v -0.42423403263092041 1.2040131092071533 1.909052848815918
v -0.42423403263092041 1.3631008863449097 1.909052848815918
v 1.8029946088790894 1.2040131092071533 -1.6969364881515503
v 1.8029946088790894 1.3631008863449097 -1.6969364881515503
v -1.8029946088790894 1.2040131092071533 -1.6969364881515503
v -1.8029946088790894 1.3631008863449097 -1.6969364881515503
v 1.8029946088790894 1.2040131092071533 -0.31817582249641418
v 1.8029946088790894 1.3631008863449097 -0.31817582249641418
v -0.42423403263092041 1.2040131092071533 -0.31817582249641418
v -0.42423403263092041 1.3631008863449097 -0.31817582249641418
v 0 1.2040131092071533 -0.31817582249641418
v 0 1.3631008863449097 -0.31817582249641418
v -0.42423403263092041 1.2040131092071533 0.4949394166469574
v -0.42423403263092041 1.3631008863449097 0.4949394166469574
vt -0.38128018379211426 0.40057048201560974
vt -0.38128018379211426 0.45349836349487305
vt 0.077428117394447327 0.40057048201560974
vt 0.077428117394447327 0.45349836349487305
vt 0.18158155679702759 0.40057048201560974
vt 0.18158155679702759 0.45349836349487305
vt 1.3812801837921143 0.40057048201560974
vt 1.3812801837921143 0.45349836349487305
vt -2.3524231910705566 0.40057048201560974
vt -2.3524231910705566 0.45349836349487305
vt -1.1527246236801147 0.40057048201560974
vt -1.1527246236801147 0.45349836349487305
vt 2.8937149047851562 0.40057048201560974
vt 2.8937149047851562 0.45349836349487305
vt 3.3524231910705566 0.40057048201560974
vt 3.3524231910705566 0.45349836349487305
vt 0.81841844320297241 0.40057048201560974
vt 0.81841844320297241 0.45349836349487305
vt 0.077428117394447327 0.40057048201560974
vt 0.077428117394447327 0.45349836349487305
vt 0.21856912970542908 0.40057048201560974
vt 0.21856912970542908 0.45349836349487305
vt 2.8937149047851562 0.40057048201560974
vt 2.8937149047851562 0.45349836349487305
vt 2.1527247428894043 0.40057048201560974
vt 2.1527247428894043 0.45349836349487305
vt 2.623194694519043 0.40057048201560974
vt 2.623194694519043 0.45349836349487305
vt 1.3812801837921143 2.1527247428894043
vt 1.3812801837921143 3.3524231910705566
vt 0.18158155679702759 3.3524231910705566
vt 0.92257189750671387 2.1527247428894043
vt 0.18158155679702759 2.8937149047851562
vt 0.92257189750671387 2.8937149047851562
vt 0.78143084049224854 2.8937149047851562
vt 0.92257189750671387 2.623194694519043
vt -0.38128018379211426 2.1527247428894043
vt -0.38128018379211426 3.3524231910705566
vt 0.81841844320297241 3.3524231910705566
vt 0.077428117394447327 2.1527247428894043
vt 0.81841844320297241 2.8937149047851562
vt 0.077428117394447327 2.8937149047851562
vt 0.21856912970542908 2.8937149047851562
vt 0.077428117394447327 2.623194694519043
vn 0 0 1
vn 0 0 1
vn 0 0 1
vn 0 0 1
vn 0 0 -1
vn 0 0 -1
vn 0 0 -1
vn 0 0 -1
vn -1 0 0
vn -1 0 0
vn -1 0 0
vn -1 0 0
vn 1 0 0
vn 1 0 0
vn 1 0 0
vn 1 0 0
vn 0 0 1
vn 0 0 1
vn 0 0 1
vn 0 0 1
vn 0 0 1
vn 0 0 1
vn 1 0 0
vn 1 0 0
vn 1 0 0
vn 1 0 0
vn 1 0 0
vn 1 0 0
vn 0 -1 0
vn 0 -1 0
vn 0 -1 0
vn 0 -1 0
vn 0 -1 0
vn 0 -1 0
vn 0 -1 0
vn 0 -1 0
vn 0 1 0
vn 0 1 0
vn 0 1 0
vn 0 1 0
vn 0 1 0
vn 0 1 0
vn 0 1 0
vn 0 1 0
f 44/126/126 43/125/125 45/127/127 46/128/128
f 48/130/130 47/129/129 49/131/131 50/132/132
f 50/134/134 49/133/133 43/135/135 44/136/136
f 52/138/138 51/137/137 47/139/139 48/140/140
f 52/142/142 56/146/146 55/145/145 51/141/141
f 53/143/143 55/145/145 56/146/146 54/144/144
f 54/148/148 58/152/152 57/151/151 53/147/147
f 45/149/149 57/151/151 58/152/152 46/150/150
f 57/160/160 45/156/156 43/153/153
f 53/158/158 57/160/160 49/154/154
f 43/153/153 49/154/154 57/160/160
f 49/154/154 47/155/155 55/159/159
f 55/159/159 47/155/155 51/157/157
f 53/158/158 49/154/154 55/159/159
f 58/168/168 44/161/161 46/164/164
f 54/166/166 50/162/162 58/168/168
f 44/161/161 58/168/168 50/162/162
f 50/162/162 56/167/167 48/163/163
f 56/167/167 52/165/165 48/163/163
f 54/166/166 56/167/167 50/162/162
v 1.8029946088790894 1.2040131092071533 1.909052848815918
v 1.8029946088790894 1.3631008863449097 1.909052848815918
v 1.8029946088790894 1.2040131092071533 0.10605822503566742
v 1.8029946088790894 1.3631008863449097 0.10605822503566742
v -0.42423403263092041 1.2040131092071533 1.909052848815918
v 0 1.2040131092071533 0.10605822503566742
v 0 1.2040131092071533 0.4949394166469574
v -0.42423403263092041 1.2040131092071533 0.4949394166469574
v 0 1.3631008863449097 0.10605822503566742
v 0 1.3631008863449097 0.4949394166469574
v -0.42423403263092041 1.3631008863449097 0.4949394166469574
v -0.42423403263092041 1.3631008863449097 1.909052848815918
vt 2.1527247428894043 0.40057048201560974
vt 2.1527247428894043 0.45349836349487305
vt 2.7525739669799805 0.40057048201560974
vt 2.7525739669799805 0.45349836349487305
vt 0.92257189750671387 2.1527247428894043
vt 0.18158155679702759 2.1527247428894043
vt 0.18158155679702759 2.7525739669799805
vt 0.78143084049224854 2.7525739669799805
vt 0.78143084049224854 2.623194694519043
vt 0.92257189750671387 2.623194694519043
vt 0.81841844320297241 2.1527247428894043
vt 0.81841844320297241 2.7525739669799805
vt 0.21856912970542908 2.7525739669799805
vt 0.21856912970542908 2.623194694519043
vt 0.077428117394447327 2.623194694519043
vt 0.077428117394447327 2.1527247428894043
vt 0.78143084049224854 0.40057048201560974
vt 0.78143084049224854 0.45349836349487305
vt 0.18158155679702759 0.40057048201560974
vt 0.18158155679702759 0.45349836349487305
vt 0.92257189750671387 0.40057048201560974
vt 0.92257189750671387 0.45349836349487305
vt 0.78143084049224854 0.40057048201560974
vt 0.78143084049224854 0.45349836349487305
vt -1.623194694519043 0.45349836349487305
vt -1.7525739669799805 0.40057048201560974
vt -1.623194694519043 0.40057048201560974
vt -1.7525739669799805 0.45349836349487305
vt 0.077428117394447327 0.40057048201560974
vt 0.077428117394447327 0.45349836349487305
vt 0.81841844320297241 0.40057048201560974
vt 0.81841844320297241 0.45349836349487305
vt -1.623194694519043 0.40057048201560974
vt -1.623194694519043 0.45349836349487305
vt -1.1527246236801147 0.40057048201560974
vt -1.1527246236801147 0.45349836349487305
vn 1 0 0
vn 1 0 0
vn 1 0 0
vn 1 0 0
vn 0 -1 0
vn 0 -1 0
vn 0 -1 0
vn 0 -1 0
vn 0 -1 0
vn 0 -1 0
vn 0 1 0
vn 0 1 0
vn 0 1 0
vn 0 1 0
vn 0 1 0
vn 0 1 0
vn 0 0 -1
vn 0 0 -1
vn 0 0 -1
vn 0 0 -1
vn 0 0 -1
vn 0 0 -1
vn 0 0 -1
vn 0 0 -1
vn -1 0 0
vn -1 0 0
vn -1 0 0
vn -1 0 0
vn 0 0 1
vn 0 0 1
vn 0 0 1
vn 0 0 1
vn -1 0 0
vn -1 0 0
vn -1 0 0
vn -1 0 0
f 60/170/170 59/169/169 61/171/171 62/172/172
f 66/178/178 65/177/177 63/173/173
f 59/174/174 63/173/173 65/177/177
f 64/176/176 61/175/175 65/177/177
f 59/174/174 65/177/177 61/175/175
f 69/183/183 70/184/184 68/182/182
f 60/179/179 68/182/182 70/184/184
f 67/181/181 68/182/182 62/180/180
f 60/179/179 62/180/180 68/182/182
f 67/186/186 62/188/188 61/187/187 64/185/185
f 69/190/190 68/192/192 65/191/191 66/189/189
f 68/193/193 67/196/196 64/194/194 65/195/195
f 70/198/198 63/197/197 59/199/199 60/200/200
f 69/202/202 66/201/201 63/203/203 70/204/204
v -1.8029946088790894 -0.10404185205698013 1.909052848815918
v -1.8029946088790894 0.0020166577305644751 1.909052848815918
v 1.8029946088790894 -0.10404185205698013 1.909052848815918
v 1.8029946088790894 0.0020166577305644751 1.909052848815918
v 1.8029946088790894 -0.10404185205698013 -1.6969364881515503
v 1.8029946088790894 0.0020166577305644751 -1.6969364881515503
v -1.8029946088790894 -0.10404185205698013 -1.6969364881515503
v -1.8029946088790894 0.0020166577305644751 -1.6969364881515503
vt -0.38128018379211426 -0.03461432084441185
vt -0.38128018379211426 0.0006709342123940587
vt 0.81841844320297241 -0.03461432084441185
vt 0.81841844320297241 0.0006709342123940587
vt 2.1527247428894043 -0.03461432084441185
vt 2.1527247428894043 0.0006709342123940587
vt 3.3524231910705566 -0.03461432084441185
vt 3.3524231910705566 0.0006709342123940587
vt 0.18158155679702759 -0.03461432084441185
vt 0.18158155679702759 0.0006709342123940587
vt 1.3812801837921143 -0.03461432084441185
vt 1.3812801837921143 0.0006709342123940587
vt -2.3524231910705566 -0.03461432084441185
vt -2.3524231910705566 0.0006709342123940587
vt -1.1527246236801147 -0.03461432084441185
vt -1.1527246236801147 0.0006709342123940587
vt 1.3812801837921143 2.1527247428894043
vt 0.18158155679702759 2.1527247428894043
vt 0.18158155679702759 3.3524231910705566
vt 1.3812801837921143 3.3524231910705566
vt -0.38128018379211426 2.1527247428894043
vt 0.81841844320297241 2.1527247428894043
vt 0.81841844320297241 3.3524231910705566
vt -0.38128018379211426 3.3524231910705566
vn 0 0 1
vn 0 0 1
vn 0 0 1
vn 0 0 1
vn 1 0 0
vn 1 0 0
vn 1 0 0
vn 1 0 0
vn 0 0 -1
vn 0 0 -1
vn 0 0 -1
vn 0 0 -1
vn -1 0 0
vn -1 0 0
vn -1 0 0
vn -1 0 0
vn 0 -1 0
vn 0 -1 0
vn 0 -1 0
vn 0 -1 0
vn 0 1 0
vn 0 1 0
vn 0 1 0
vn 0 1 0
f 71/205/205 73/207/207 74/208/208 72/206/206
f 73/209/209 75/211/211 76/212/212 74/210/210
f 75/213/213 77/215/215 78/216/216 76/214/214
f 77/217/217 71/219/219 72/220/220 78/218/218
f 73/222/222 71/221/221 77/224/224
f 77/224/224 75/223/223 73/222/222
f 74/226/226 78/228/228 72/225/225
f 78/228/228 74/226/226 76/227/227
v 0.71589493751525879 0.0020166577305644751 0.38888090848922729
v 0.71589493751525879 0.89204102754592896 0.38888090848922729
v 0.71589493751525879 0.0020166577305644751 -0.026514910161495209
v 0.71589493751525879 0.89204102754592896 -0.26514655351638794
v 0.71589493751525879 0.89204102754592896 -0.1723453551530838
v 0.71589493751525879 0.89204102754592896 -0.07954416424036026
v 0.71589493751525879 0.89204102754592896 0.013257031328976154
v 0.71589493751525879 0.89204102754592896 0.10605822503566742
v 0.71589493751525879 0.74442625045776367 -0.026514910161495209
v 0.71589493751525879 0.74442625045776367 -0.26514655351638794
v 0.66286569833755493 0.0020166577305644751 0.38888090848922729
v 0.66286569833755493 0.85829514265060425 0.38888090848922729
v 0.66286569833755493 0.85829514265060425 0.10605822503566742
v 0.66286569833755493 0.85829514265060425 0.013257031328976154
v 0.66286569833755493 0.85829514265060425 -0.07954416424036026
v 0.66286569833755493 0.85829514265060425 -0.1723453551530838
v 0.66286569833755493 0.74442625045776367 -0.026514910161495209
v 0.66286569833755493 0.0020166577305644751 -0.026514910161495209
v 0.66286569833755493 0.74442625045776367 -0.26514655351638794
v 0.66286569833755493 0.85829514265060425 -0.26514655351638794
v 0.68938028812408447 0.8751680850982666 -0.07954416424036026
v 0.68938028812408447 0.8751680850982666 0.10605822503566742
v 0.68938028812408447 0.8751680850982666 0.013257031328976154
v 0.70263761281967163 0.88360458612442017 -0.07954416424036026
v 0.70263761281967163 0.88360458612442017 0.013257031328976154
v 0.67612302303314209 0.86673158407211304 -0.07954416424036026
v 0.67612302303314209 0.86673158407211304 0.013257031328976154
v 0.68938028812408447 0.8751680850982666 0.24746957421302795
v 0.67612302303314209 0.86673158407211304 0.24746957421302795
v 0.67612302303314209 0.86673158407211304 0.17676390707492828
v 0.66949433088302612 0.86251336336135864 0.24746957421302795
v 0.66949433088302612 0.86251336336135864 0.17676390707492828
v 0.68938028812408447 0.8751680850982666 0.17676390707492828
v 0.68275165557861328 0.87094986438751221 0.24746957421302795
v 0.68275165557861328 0.87094986438751221 0.17676390707492828
v 0.70263761281967163 0.88360458612442017 0.24746957421302795
v 0.7092663049697876 0.88782280683517456 0.24746957421302795
v 0.70263761281967163 0.88360458612442017 0.17676390707492828
v 0.7092663049697876 0.88782280683517456 0.17676390707492828
vt 2.6584799289703369 0.0006709342123940587
vt 2.6584799289703369 0.29677858948707581
vt 2.7966804504394531 0.0006709342123940587
vt 2.8760724067687988 0.29677858948707581
vt 2.8451976776123047 0.29677858948707581
vt 2.8143231868743896 0.29677858948707581
vt 2.7834484577178955 0.29677858948707581
vt 2.7525739669799805 0.29677858948707581
vt 2.7966804504394531 0.24766772985458374
vt 2.8760724067687988 0.24766772985458374
vt -1.6584799289703369 0.0006709342123940587
vt -1.6584799289703369 0.28555145859718323
vt -1.7525739669799805 0.28555145859718323
vt -1.7834485769271851 0.28555145859718323
vt -1.8143231868743896 0.28555145859718323
vt -1.8451977968215942 0.28555145859718323
vt -1.7966805696487427 0.24766772985458374
vt -1.7966805696487427 0.0006709342123940587
vt -1.8760722875595093 0.24766772985458374
vt -1.8760722875595093 0.28555145859718323
vt 0.44792327284812927 2.8143231868743896
vt 0.45674461126327515 2.7525739669799805
vt 0.44792327284812927 2.7525739669799805
vt 0.45674461126327515 2.8760724067687988
vt 0.45674461126327515 2.8451976776123047
vt 0.45674461126327515 2.8143231868743896
vt 0.45674461126327515 2.7834484577178955
vt 0.43910196423530579 2.7525739669799805
vt 0.43910196423530579 2.7834484577178955
vt 0.43910196423530579 2.8143231868743896
vt 0.43910196423530579 2.8451976776123047
vt 0.43910196423530579 2.8760724067687988
vt 0.44792327284812927 2.7834484577178955
vt 0.45233392715454102 2.8143231868743896
vt 0.45233392715454102 2.7834484577178955
vt 0.44351264834403992 2.8143231868743896
vt 0.44351264834403992 2.7834484577178955
vt 0.43910196423530579 2.7525739669799805
vt 0.45674461126327515 2.6584799289703369
vt 0.45674461126327515 2.7525739669799805
vt 0.43910196423530579 2.6584799289703369
vt 0.44792327284812927 2.7525739669799805
vt 0.44792327284812927 2.7055268287658691
vt 0.44351264834403992 2.7055268287658691
vt 0.44351264834403992 2.7290503978729248
vt 0.44130730628967285 2.7055268287658691
vt 0.44130730628967285 2.7290503978729248
vt 0.44792327284812927 2.7290503978729248
vt 0.44571796059608459 2.7055268287658691
vt 0.44571796059608459 2.7290503978729248
vt 0.45233392715454102 2.7055268287658691
vt 0.45453926920890808 2.7055268287658691
vt 0.45233392715454102 2.7290503978729248
vt 0.45453926920890808 2.7290503978729248
vt 0.43910196423530579 0.0006709342123940587
vt 0.45674461126327515 0.0006709342123940587
vt 0.45674461126327515 0.29677858948707581
vt 0.43910196423530579 0.28555145859718323
vt 0.54325538873672485 0.24766772985458374
vt 0.56089800596237183 0.28555145859718323
vt 0.54325538873672485 0.29677858948707581
vt 0.56089800596237183 0.24766772985458374
vt 0.56089800596237183 0.0006709342123940587
vt 0.56089800596237183 0.24766772985458374
vt 0.54325538873672485 0.0006709342123940587
vt 0.54325538873672485 0.24766772985458374
vt 0.56089800596237183 2.7966804504394531
vt 0.56089800596237183 2.8760724067687988
vt 0.54325538873672485 2.7966804504394531
vt 0.54325538873672485 2.8760724067687988
vt 0.56089800596237183 2.6584799289703369
vt 0.54325538873672485 2.6584799289703369
vt 0.54325538873672485 2.7966804504394531
vt 0.56089800596237183 2.7966804504394531
vn 1 0 0
vn 1 0 0
vn 1 0 0
vn 1 0 0
vn 1 0 0
vn 1 0 0
vn 1 0 0
vn 1 0 0
vn 1 0 0
vn 1 0 0
vn -1 0 0
vn -1 0 0
vn -1 0 0
vn -1 0 0
vn -1 0 0
vn -1 0 0
vn -1 0 0
vn -1 0 0
vn -1 0 0
vn -1 0 0
vn -0.53687548637390137 0.84366148710250854 0
vn -0.53687548637390137 0.84366148710250854 0
vn -0.53687548637390137 0.84366148710250854 0
vn -0.53687548637390137 0.84366148710250854 0
vn -0.53687548637390137 0.84366148710250854 0
vn -0.53687548637390137 0.84366148710250854 0
vn -0.53687548637390137 0.84366148710250854 0
vn -0.53687548637390137 0.84366148710250854 0
vn -0.53687548637390137 0.84366148710250854 0
vn -0.53687548637390137 0.84366148710250854 0
vn -0.53687548637390137 0.84366148710250854 0
vn -0.53687548637390137 0.84366148710250854 0
vn -0.53687548637390137 0.84366148710250854 0
vn -0.53687548637390137 0.84366148710250854 0
vn -0.53687548637390137 0.84366148710250854 0
vn -0.53687548637390137 0.84366148710250854 0
vn -0.53687548637390137 0.84366148710250854 0
vn -0.53687548637390137 0.84366148710250854 0
vn -0.53687548637390137 0.84366148710250854 0
vn -0.53687548637390137 0.84366148710250854 0
vn -0.53687548637390137 0.84366148710250854 0
vn -0.53687548637390137 0.84366148710250854 0
vn -0.53687548637390137 0.84366148710250854 0
vn -0.53687548637390137 0.84366148710250854 0
vn -0.53687548637390137 0.84366148710250854 0
vn -0.53687548637390137 0.84366148710250854 0
vn -0.53687548637390137 0.84366148710250854 0
vn -0.53687548637390137 0.84366148710250854 0
vn -0.53687548637390137 0.84366148710250854 0
vn -0.53687548637390137 0.84366148710250854 0
vn -0.53687548637390137 0.84366148710250854 0
vn -0.53687548637390137 0.84366148710250854 0
vn -0.53687548637390137 0.84366148710250854 0
vn -0.53687548637390137 0.84366148710250854 0
vn 0 0 1
vn 0 0 1
vn 0 0 1
vn 0 0 1
vn 0 0 -1
vn 0 0 -1
vn 0 0 -1
vn 0 0 -1
vn 0 0 -1
vn 0 0 -1
vn 0 0 -1
vn 0 0 -1
vn 0 -1 0
vn 0 -1 0
vn 0 -1 0
vn 0 -1 0
vn 0 -1 0
vn 0 -1 0
vn 0 -1 0
vn 0 -1 0
f 80/230/230 79/229/229 87/237/237
f 81/231/231 87/237/237 79/229/229
f 87/237/237 86/236/236 80/230/230
f 87/237/237 85/235/235 86/236/236
f 85/235/235 87/237/237 84/234/234
f 87/237/237 88/238/238 83/233/233 84/234/234
f 88/238/238 82/232/232 83/233/233
f 97/247/247 95/245/245 93/243/243 94/244/244
f 97/247/247 94/244/244 98/248/248
f 91/241/241 95/245/245 89/239/239
f 96/246/246 89/239/239 95/245/245
f 95/245/245 91/241/241 92/242/242
f 89/239/239 90/240/240 91/241/241
f 93/243/243 95/245/245 92/242/242
f 101/261/261 103/263/263 102/262/262 99/249/249
f 105/265/265 101/261/261 99/249/249 104/264/264
f 102/262/262 83/253/253 82/252/252
f 83/253/253 102/262/262 84/254/254
f 99/249/249 102/262/262 82/252/252
f 104/264/264 98/260/260 94/259/259
f 98/260/260 104/264/264 99/249/249
f 99/249/249 82/252/252 98/260/260
f 93/258/258 104/264/264 94/259/259
f 103/263/263 85/255/255 84/254/254 102/262/262
f 103/263/263 101/261/261 100/251/251
f 103/263/263 86/250/250 85/255/255
f 86/250/250 103/263/263 100/251/251
f 92/257/257 105/265/265 104/264/264 93/258/258
f 92/257/257 91/256/256 105/265/265
f 100/251/251 105/265/265 91/256/256
f 100/251/251 101/261/261 105/265/265
f 107/272/272 108/273/273 110/275/275 109/274/274
f 106/271/271 111/276/276 113/278/278 112/277/277
f 112/277/277 113/278/278 108/273/273 107/272/272
f 115/280/280 117/282/282 116/281/281 114/279/279
f 109/274/274 110/275/275 91/266/266
f 108/273/273 91/266/266 110/275/275
f 108/273/273 113/278/278 100/270/270
f 100/270/270 91/266/266 108/273/273
f 107/272/272 109/274/274 90/269/269
f 91/266/266 90/269/269 109/274/274
f 90/269/269 112/277/277 107/272/272
f 106/271/271 112/277/277 90/269/269
f 116/281/281 100/270/270 111/276/276
f 117/282/282 86/268/268 116/281/281
f 100/270/270 116/281/281 86/268/268
f 116/281/281 111/276/276 106/271/271 114/279/279
f 80/267/267 114/279/279 106/271/271
f 117/282/282 115/280/280 86/268/268
f 80/267/267 86/268/268 115/280/280
f 114/279/279 80/267/267 115/280/280
f 90/269/269 80/267/267 106/271/271
f 100/270/270 113/278/278 111/276/276
f 90/286/286 89/283/283 79/284/284 80/285/285
f 82/289/289 88/287/287 97/290/290 98/288/288
f 95/292/292 87/294/294 81/293/293 96/291/291
f 97/296/296 88/298/298 87/297/297 95/295/295
f 96/302/302 81/301/301 79/300/300 89/299/299
v 0.34469014406204224 0.65581983327865601 0.10605822503566742
v 0.34469014406204224 0.65581983327865601 0.38888090848922729
v 1.2061367034912109 1.2040131092071533 0.10605822503566742
v 1.2061367034912109 1.2040131092071533 0.38888090848922729
v 0 0.0020166577305644751 0.4949394166469574
v 0 1.2040131092071533 0.4949394166469574
v 1.8029946088790894 0.0020166577305644751 0.4949394166469574
v 1.8029946088790894 1.2040131092071533 0.4949394166469574
v 0.053029254078865051 0.0020166577305644751 0.4949394166469574
v 0.29166090488433838 0.74442625045776367 0.4949394166469574
v 0.29166090488433838 0.0020166577305644751 0.4949394166469574
v 0.053029254078865051 0.74442625045776367 0.4949394166469574
v 1.8029946088790894 0.0020166577305644751 0.38888090848922729
v 1.8029946088790894 1.2040131092071533 0.38888090848922729
v 0 0.0020166577305644751 0.10605822503566742
v 0 1.2040131092071533 0.10605822503566742
v 0.29166090488433838 0.0020166577305644751 0.15908747911453247
v 0.29166090488433838 0.74442625045776367 0.15908747911453247
v 0.053029254078865051 0.0020166577305644751 0.15908747911453247
v 0.053029254078865051 0.74442625045776367 0.15908747911453247
v 0.34469014406204224 0.0020166577305644751 0.38888090848922729
v 0.34469014406204224 0.0020166577305644751 0.10605822503566742
vt 0.66675376892089844 2.7525739669799805
vt 0.66675376892089844 2.6584799289703369
vt 0.38015386462211609 2.7525739669799805
vt 0.38015386462211609 2.6584799289703369
vt 0.21856912970542908 0.0006709342123940587
vt 0.21856912970542908 0.40057048201560974
vt 0.81841844320297241 0.0006709342123940587
vt 0.81841844320297241 0.40057048201560974
vt 0.23621176183223724 0.0006709342123940587
vt 0.3156035840511322 0.24766772985458374
vt 0.3156035840511322 0.0006709342123940587
vt 0.23621176183223724 0.24766772985458374
vt 2.623194694519043 0.0006709342123940587
vt 2.623194694519043 0.40057048201560974
vt 2.6584799289703369 0.0006709342123940587
vt 2.6584799289703369 0.40057048201560974
vt -1.7525739669799805 0.0006709342123940587
vt -1.7525739669799805 0.40057048201560974
vt -1.623194694519043 0.0006709342123940587
vt -1.623194694519043 0.40057048201560974
vt -1.623194694519043 0.0006709342123940587
vt -1.7349313497543335 0.0006709342123940587
vt -1.7349313497543335 0.24766772985458374
vt -1.623194694519043 0.24766772985458374
vt 0.3156035840511322 0.0006709342123940587
vt 0.3156035840511322 0.24766772985458374
vt 0.23621176183223724 0.0006709342123940587
vt 0.23621176183223724 0.24766772985458374
vt 2.7349312305450439 0.0006709342123940587
vt 2.7349312305450439 0.24766772985458374
vt 2.623194694519043 0.24766772985458374
vt 2.623194694519043 0.0006709342123940587
vt 0.76378822326660156 2.623194694519043
vt 0.76378822326660156 2.7349312305450439
vt 0.68439644575119019 2.7349312305450439
vt 0.68439644575119019 2.623194694519043
vt 0.78143084049224854 2.623194694519043
vt 0.78143084049224854 2.7525739669799805
vt 0.18158155679702759 2.623194694519043
vt 0.76378822326660156 2.623194694519043
vt 0.18158155679702759 2.6584799289703369
vt 0.66675376892089844 2.6584799289703369
vt 0.66675376892089844 2.7525739669799805
vt 0.68439644575119019 2.7349312305450439
vt 0.68439644575119019 2.623194694519043
vt 0.76378822326660156 2.7349312305450439
vt 0.66675376892089844 0.0006709342123940587
vt 0.18158155679702759 0.0006709342123940587
vt 0.18158155679702759 0.40057048201560974
vt 0.38015386462211609 0.40057048201560974
vt 0.66675376892089844 0.21818871796131134
vt 2.7525739669799805 0.0006709342123940587
vt 2.6584799289703369 0.0006709342123940587
vt 2.6584799289703369 0.21818871796131134
vt 2.7525739669799805 0.21818871796131134
vt 0.81841844320297241 2.623194694519043
vt 0.21856912970542908 2.7525739669799805
vt 0.21856912970542908 2.623194694519043
vt 0.61984610557556152 2.6584799289703369
vt 0.61984610557556152 2.7525739669799805
vt 0.81841844320297241 2.6584799289703369
vt 0.38015386462211609 0.40057048201560974
vt 0.78143084049224854 0.40057048201560974
vt 0.78143084049224854 0.0006709342123940587
vt 0.66675376892089844 0.21818871796131134
vt 0.66675376892089844 0.0006709342123940587
vn 0.53687548637390137 -0.84366148710250854 0
vn 0.53687548637390137 -0.84366148710250854 0
vn 0.53687548637390137 -0.84366148710250854 0
vn 0.53687548637390137 -0.84366148710250854 0
vn 0 0 1
vn 0 0 1
vn 0 0 1
vn 0 0 1
vn 0 0 1
vn 0 0 1
vn 0 0 1
vn 0 0 1
vn 1 0 0
vn 1 0 0
vn 1 0 0
vn 1 0 0
vn -1 0 0
vn -1 0 0
vn -1 0 0
vn -1 0 0
vn -1 0 0
vn -1 0 0
vn -1 0 0
vn -1 0 0
vn 0 0 1
vn 0 0 1
vn 0 0 1
vn 0 0 1
vn 1 0 0
vn 1 0 0
vn 1 0 0
vn 1 0 0
vn 0 -1 0
vn 0 -1 0
vn 0 -1 0
vn 0 -1 0
vn 0 -1 0
vn 0 -1 0
vn 0 -1 0
vn 0 -1 0
vn 0 -1 0
vn 0 -1 0
vn 0 -1 0
vn 0 -1 0
vn 0 -1 0
vn 0 -1 0
vn 0 0 -1
vn 0 0 -1
vn 0 0 -1
vn 0 0 -1
vn 0 0 -1
vn 1 0 0
vn 1 0 0
vn 1 0 0
vn 1 0 0
vn 0 1 0
vn 0 1 0
vn 0 1 0
vn 0 1 0
vn 0 1 0
vn 0 1 0
vn 0 0 -1
vn 0 0 -1
vn 0 0 -1
vn 0 0 -1
vn 0 0 -1
f 119/304/304 118/303/303 120/305/305 121/306/306
f 129/314/314 122/307/307 126/311/311
f 127/312/312 123/308/308 129/314/314
f 122/307/307 129/314/314 123/308/308
f 127/312/312 128/313/313 124/309/309
f 123/308/308 127/312/312 125/310/310
f 124/309/309 125/310/310 127/312/312
f 125/316/316 124/315/315 130/317/317 131/318/318
f 133/320/320 132/319/319 122/321/321 123/322/322
f 127/326/326 135/325/325 134/324/324 128/323/323
f 135/328/328 137/330/330 136/329/329 134/327/327
f 137/332/332 129/333/333 126/334/334 136/331/331
f 137/336/336 135/337/337 127/338/338 129/335/335
f 136/348/348 132/340/340 139/345/345 134/346/346
f 122/339/339 132/340/340 136/348/348
f 126/342/342 122/339/339 136/348/348
f 138/344/344 124/341/341 128/347/347
f 134/346/346 139/345/345 138/344/344
f 124/341/341 138/344/344 130/343/343
f 138/344/344 128/347/347 134/346/346
f 130/350/350 138/349/349 119/353/353
f 131/351/351 130/350/350 121/352/352
f 119/353/353 121/352/352 130/350/350
f 118/357/357 119/356/356 138/355/355 139/354/354
f 121/361/361 125/358/358 131/363/363
f 133/359/359 123/360/360 121/361/361 120/362/362
f 125/358/358 121/361/361 123/360/360
f 133/365/365 120/364/364 118/367/367
f 139/368/368 132/366/366 118/367/367
f 133/365/365 118/367/367 132/366/366
v 1.1666436195373535 1.3631008863449097 -0.31817582249641418
v 1.1666436195373535 1.3631008863449097 0.10605822503566742
v 1.1666436195373535 1.3012334108352661 -0.31817582249641418
v 1.1666436195373535 1.3012334108352661 0.10605822503566742
v 1.0694233179092407 1.3012334108352661 -0.31817582249641418
v 1.0694233179092407 1.3012334108352661 0.10605822503566742
v 1.0694233179092407 1.2393659353256226 -0.31817582249641418
v 1.0694233179092407 1.2393659353256226 0.10605822503566742
v 0.97220301628112793 1.2393659353256226 -0.31817582249641418
v 0.97220301628112793 1.2393659353256226 0.10605822503566742
v 0.97220301628112793 1.177498459815979 -0.31817582249641418
v 0.97220301628112793 1.177498459815979 0.10605822503566742
v 0.87498271465301514 1.177498459815979 -0.31817582249641418
v 0.87498271465301514 1.177498459815979 0.10605822503566742
v 0.87498271465301514 1.1156309843063354 -0.31817582249641418
v 0.87498271465301514 1.1156309843063354 0.10605822503566742
v 1.8029946088790894 1.2040131092071533 0.10605822503566742
v 1.8029946088790894 1.2040131092071533 -0.26514655351638794
v 1.2061367034912109 1.2040131092071533 -0.26514655351638794
v 1.2061367034912109 1.2040131092071533 0.10605822503566742
v 0.77776241302490234 1.1156309843063354 -0.31817582249641418
v 0.77776241302490234 1.1156309843063354 0.10605822503566742
v 0.77776241302490234 1.0537635087966919 -0.31817582249641418
v 0.77776241302490234 1.0537635087966919 0.10605822503566742
v 0.68054211139678955 1.0537635087966919 -0.31817582249641418
v 0.68054211139678955 1.0537635087966919 0.10605822503566742
v 0.68054211139678955 0.99189609289169312 -0.31817582249641418
v 0.68054211139678955 0.99189609289169312 0.10605822503566742
v 0.58332180976867676 0.99189609289169312 -0.31817582249641418
v 0.58332180976867676 0.99189609289169312 0.10605822503566742
v 0.58332180976867676 0.93002861738204956 -0.31817582249641418
v 0.58332180976867676 0.93002861738204956 0.10605822503566742
v 0.48610150814056396 0.93002861738204956 -0.31817582249641418
v 0.48610150814056396 0.93002861738204956 0.10605822503566742
v 0.48610150814056396 0.86816114187240601 -0.31817582249641418
v 0.48610150814056396 0.86816114187240601 0.10605822503566742
v 0.38888120651245117 0.86816114187240601 -0.31817582249641418
v 0.38888120651245117 0.86816114187240601 0.10605822503566742
v 0.38888120651245117 0.80629366636276245 -0.31817582249641418
v 0.38888120651245117 0.80629366636276245 0.10605822503566742
v 0.29166090488433838 0.80629366636276245 -0.31817582249641418
v 0.29166090488433838 0.80629366636276245 0.10605822503566742
v 0.29166090488433838 0.74442625045776367 -0.31817582249641418
v 0.29166090488433838 0.74442625045776367 0.10605822503566742
v 0.19444060325622559 0.74442625045776367 -0.31817582249641418
v 0.19444060325622559 0.74442625045776367 0.10605822503566742
v 0.19444060325622559 0.68255877494812012 -0.31817582249641418
v 0.19444060325622559 0.68255877494812012 0.10605822503566742
v 0.097220301628112793 0.68255877494812012 -0.31817582249641418
v 0.097220301628112793 0.68255877494812012 0.10605822503566742
v 0.097220301628112793 0.62069129943847656 -0.31817582249641418
v 0.097220301628112793 0.62069129943847656 0.10605822503566742
v 0 0.62069129943847656 -0.31817582249641418
v 0 0.62069129943847656 0.10605822503566742
v 0 0.0020166577305644751 -0.31817582249641418
v 0 0.0020166577305644751 0.10605822503566742
v 0.34469014406204224 0.0020166577305644751 0.10605822503566742
v 0.34469014406204224 0.0020166577305644751 -0.26514655351638794
v 1.5201719999313354 0.0020166577305644751 -0.31817582249641418
v 1.5201719999313354 0.0020166577305644751 -0.26514655351638794
v 0.34469014406204224 0.65581983327865601 0.10605822503566742
v 0.34469014406204224 0.65581983327865601 -0.26514655351638794
v 1.8029946088790894 1.3631008863449097 -0.31817582249641418
v 1.8029946088790894 1.3631008863449097 0.10605822503566742
v 1.5201719999313354 0.74442625045776367 -0.31817582249641418
v 1.8029946088790894 0.74442625045776367 -0.31817582249641418
v 1.8029946088790894 0.74442625045776367 -0.26514655351638794
v 1.5201719999313354 0.74442625045776367 -0.26514655351638794
vt -1.8937150239944458 0.45349836349487305
vt -1.7525739669799805 0.45349836349487305
vt -1.8937150239944458 0.43291530013084412
vt -1.7525739669799805 0.43291530013084412
vt 0.60670691728591919 2.8937149047851562
vt 0.60670691728591919 2.7525739669799805
vt 0.57436209917068481 2.8937149047851562
vt 0.57436209917068481 2.7525739669799805
vt -1.8937150239944458 0.43291530013084412
vt -1.7525739669799805 0.43291530013084412
vt -1.8937150239944458 0.41233223676681519
vt -1.7525739669799805 0.41233223676681519
vt 0.57436209917068481 2.8937149047851562
vt 0.57436209917068481 2.7525739669799805
vt 0.54201728105545044 2.8937149047851562
vt 0.54201728105545044 2.7525739669799805
vt -1.8937150239944458 0.41233223676681519
vt -1.7525739669799805 0.41233223676681519
vt -1.8937150239944458 0.39174917340278625
vt -1.7525739669799805 0.39174917340278625
vt 0.54201728105545044 2.8937149047851562
vt 0.54201728105545044 2.7525739669799805
vt 0.50967246294021606 2.8937149047851562
vt 0.50967246294021606 2.7525739669799805
vt -1.8937150239944458 0.39174917340278625
vt -1.7525739669799805 0.39174917340278625
vt -1.8937150239944458 0.37116611003875732
vt -1.7525739669799805 0.37116611003875732
vt 0.18158155679702759 2.7525739669799805
vt 0.18158155679702759 2.8760724067687988
vt 0.38015386462211609 2.8760724067687988
vt 0.38015386462211609 2.7525739669799805
vt -1.8937150239944458 0.37116611003875732
vt -1.7525739669799805 0.37116611003875732
vt -1.8937150239944458 0.35058301687240601
vt -1.7525739669799805 0.35058301687240601
vt 0.47732767462730408 2.8937149047851562
vt 0.47732767462730408 2.7525739669799805
vt 0.4449828565120697 2.8937149047851562
vt 0.4449828565120697 2.7525739669799805
vt -1.8937150239944458 0.35058301687240601
vt -1.7525739669799805 0.35058301687240601
vt -1.8937150239944458 0.32999998331069946
vt -1.7525739669799805 0.32999998331069946
vt 0.4449828565120697 2.8937149047851562
vt 0.4449828565120697 2.7525739669799805
vt 0.41263803839683533 2.8937149047851562
vt 0.41263803839683533 2.7525739669799805
vt -1.8937150239944458 0.32999998331069946
vt -1.7525739669799805 0.32999998331069946
vt -1.8937150239944458 0.30941691994667053
vt -1.7525739669799805 0.30941691994667053
vt 0.41263803839683533 2.8937149047851562
vt 0.41263803839683533 2.7525739669799805
vt 0.38029322028160095 2.8937149047851562
vt 0.38029322028160095 2.7525739669799805
vt -1.8937150239944458 0.30941691994667053
vt -1.7525739669799805 0.30941691994667053
vt -1.8937150239944458 0.2888338565826416
vt -1.7525739669799805 0.2888338565826416
vt 0.38029322028160095 2.8937149047851562
vt 0.38029322028160095 2.7525739669799805
vt 0.34794840216636658 2.8937149047851562
vt 0.34794840216636658 2.7525739669799805
vt -1.8937150239944458 0.2888338565826416
vt -1.7525739669799805 0.2888338565826416
vt -1.8937150239944458 0.26825076341629028
vt -1.7525739669799805 0.26825076341629028
vt 0.34794840216636658 2.8937149047851562
vt 0.34794840216636658 2.7525739669799805
vt 0.3156035840511322 2.8937149047851562
vt 0.3156035840511322 2.7525739669799805
vt -1.8937150239944458 0.26825076341629028
vt -1.7525739669799805 0.26825076341629028
vt -1.8937150239944458 0.24766772985458374
vt -1.7525739669799805 0.24766772985458374
vt 0.3156035840511322 2.8937149047851562
vt 0.3156035840511322 2.7525739669799805
vt 0.28325876593589783 2.8937149047851562
vt 0.28325876593589783 2.7525739669799805
vt -1.8937150239944458 0.24766772985458374
vt -1.7525739669799805 0.24766772985458374
vt -1.8937150239944458 0.22708465158939362
vt -1.7525739669799805 0.22708465158939362
vt 0.28325876593589783 2.8937149047851562
vt 0.28325876593589783 2.7525739669799805
vt 0.25091394782066345 2.8937149047851562
vt 0.25091394782066345 2.7525739669799805
vt -1.8937150239944458 0.22708465158939362
vt -1.7525739669799805 0.22708465158939362
vt -1.8937150239944458 0.20650158822536469
vt -1.7525739669799805 0.20650158822536469
vt 0.25091394782066345 2.8937149047851562
vt 0.25091394782066345 2.7525739669799805
vt 0.21856912970542908 2.8937149047851562
vt 0.21856912970542908 2.7525739669799805
vt -1.8937150239944458 0.20650158822536469
vt -1.7525739669799805 0.20650158822536469
vt -1.8937150239944458 0.0006709342123940587
vt -1.7525739669799805 0.0006709342123940587
vt 0.78143084049224854 2.8937149047851562
vt 0.78143084049224854 2.7525739669799805
vt 0.66675376892089844 2.7525739669799805
vt 0.66675376892089844 2.8760724067687988
vt 0.27567553520202637 2.8937149047851562
vt 0.27567553520202637 2.8760724067687988
vt 2.8760724067687988 0.0006709342123940587
vt 2.7525739669799805 0.21818871796131134
vt 2.8760724067687988 0.21818871796131134
vt 2.7525739669799805 0.0006709342123940587
vt 0.50967246294021606 2.8937149047851562
vt 0.47732767462730408 2.8937149047851562
vt 0.47732767462730408 2.7525739669799805
vt 0.50967246294021606 2.7525739669799805
vt 0.81841844320297241 2.8937149047851562
vt 0.81841844320297241 2.7525739669799805
vt 0.60670691728591919 2.8937149047851562
vt 0.60670691728591919 2.7525739669799805
vt 0.18158155679702759 0.45349836349487305
vt 0.78143084049224854 0.0006709342123940587
vt 0.39329305291175842 0.45349836349487305
vt 0.39329305291175842 0.43291530013084412
vt 0.4256378710269928 0.43291530013084412
vt 0.4256378710269928 0.41233223676681519
vt 0.45798268914222717 0.41233223676681519
vt 0.45798268914222717 0.39174917340278625
vt 0.49032750725746155 0.39174917340278625
vt 0.49032750725746155 0.37116611003875732
vt 0.52267235517501831 0.37116611003875732
vt 0.52267235517501831 0.35058301687240601
vt 0.55501717329025269 0.35058301687240601
vt 0.55501717329025269 0.32999998331069946
vt 0.58736199140548706 0.32999998331069946
vt 0.58736199140548706 0.30941691994667053
vt 0.61970680952072144 0.30941691994667053
vt 0.61970680952072144 0.2888338565826416
vt 0.65205162763595581 0.2888338565826416
vt 0.65205162763595581 0.26825076341629028
vt 0.68439644575119019 0.26825076341629028
vt 0.68439644575119019 0.24766772985458374
vt 0.71674126386642456 0.24766772985458374
vt 0.71674126386642456 0.22708465158939362
vt 0.74908608198165894 0.22708465158939362
vt 0.74908608198165894 0.20650158822536469
vt 0.78143084049224854 0.20650158822536469
vt 0.27567553520202637 0.0006709342123940587
vt 0.27567553520202637 0.24766772985458374
vt 0.18158155679702759 0.24766772985458374
vt 2.8937149047851562 0.24766772985458374
vt 2.8937149047851562 0.45349836349487305
vt 2.7525739669799805 0.45349836349487305
vt 2.7525739669799805 0.40057048201560974
vt 2.8760724067687988 0.40057048201560974
vt 2.8760724067687988 0.24766772985458374
vt 0.38015386462211609 2.8760724067687988
vt 0.38015386462211609 2.7525739669799805
vt 0.66675376892089844 2.7525739669799805
vt 0.66675376892089844 2.8760724067687988
vt 0.81841844320297241 0.45349836349487305
vt 0.21856912970542908 0.0006709342123940587
vt 0.60670691728591919 0.45349836349487305
vt 0.60670691728591919 0.43291530013084412
vt 0.57436209917068481 0.43291530013084412
vt 0.57436209917068481 0.41233223676681519
vt 0.54201728105545044 0.41233223676681519
vt 0.54201728105545044 0.39174917340278625
vt 0.50967246294021606 0.39174917340278625
vt 0.50967246294021606 0.37116611003875732
vt 0.61984610557556152 0.40057048201560974
vt 0.81841844320297241 0.40057048201560974
vt 0.47732767462730408 0.37116611003875732
vt 0.47732767462730408 0.35058301687240601
vt 0.4449828565120697 0.35058301687240601
vt 0.4449828565120697 0.32999998331069946
vt 0.41263803839683533 0.32999998331069946
vt 0.41263803839683533 0.30941691994667053
vt 0.38029322028160095 0.30941691994667053
vt 0.38029322028160095 0.2888338565826416
vt 0.34794840216636658 0.2888338565826416
vt 0.34794840216636658 0.26825076341629028
vt 0.3156035840511322 0.26825076341629028
vt 0.3156035840511322 0.24766772985458374
vt 0.28325876593589783 0.24766772985458374
vt 0.28325876593589783 0.22708465158939362
vt 0.25091394782066345 0.22708465158939362
vt 0.25091394782066345 0.20650158822536469
vt 0.21856912970542908 0.20650158822536469
vt 0.33324620127677917 0.0006709342123940587
vt 0.33324620127677917 0.21818871796131134
vt 2.8937149047851562 0.0006709342123940587
vt 2.8937149047851562 0.24766772985458374
vt 2.8760724067687988 0.0006709342123940587
vt 2.8760724067687988 0.24766772985458374
vt 0.27567553520202637 2.8760724067687988
vt 0.27567553520202637 2.8937149047851562
vt 0.18158155679702759 2.8760724067687988
vt 0.18158155679702759 2.8937149047851562
vt 0.81841844320297241 0.40057048201560974
vt 0.33324620127677917 0.0006709342123940587
vt 0.61984610557556152 0.40057048201560974
vt 0.33324620127677917 0.21818871796131134
vt 0.81841844320297241 0.24766772985458374
vt 0.72432446479797363 0.24766772985458374
vt 0.72432446479797363 0.0006709342123940587
vn -1 0 0
vn -1 0 0
vn -1 0 0
vn -1 0 0
vn 0 1 0
vn 0 1 0
vn 0 1 0
vn 0 1 0
vn -1 0 0
vn -1 0 0
vn -1 0 0
vn -1 0 0
vn 0 1 0
vn 0 1 0
vn 0 1 0
vn 0 1 0
vn -1 0 0
vn -1 0 0
vn -1 0 0
vn -1 0 0
vn 0 1 0
vn 0 1 0
vn 0 1 0
vn 0 1 0
vn -1 0 0
vn -1 0 0
vn -1 0 0
vn -1 0 0
vn 0 -1 0
vn 0 -1 0
vn 0 -1 0
vn 0 -1 0
vn -1 0 0
vn -1 0 0
vn -1 0 0
vn -1 0 0
vn 0 1 0
vn 0 1 0
vn 0 1 0
vn 0 1 0
vn -1 0 0
vn -1 0 0
vn -1 0 0
vn -1 0 0
vn 0 1 0
vn 0 1 0
vn 0 1 0
vn 0 1 0
vn -1 0 0
vn -1 0 0
vn -1 0 0
vn -1 0 0
vn 0 1 0
vn 0 1 0
vn 0 1 0
vn 0 1 0
vn -1 0 0
vn -1 0 0
vn -1 0 0
vn -1 0 0
vn 0 1 0
vn 0 1 0
vn 0 1 0
vn 0 1 0
vn -1 0 0
vn -1 0 0
vn -1 0 0
vn -1 0 0
vn 0 1 0
vn 0 1 0
vn 0 1 0
vn 0 1 0
vn -1 0 0
vn -1 0 0
vn -1 0 0
vn -1 0 0
vn 0 1 0
vn 0 1 0
vn 0 1 0
vn 0 1 0
vn -1 0 0
vn -1 0 0
vn -1 0 0
vn -1 0 0
vn 0 1 0
vn 0 1 0
vn 0 1 0
vn 0 1 0
vn -1 0 0
vn -1 0 0
vn -1 0 0
vn -1 0 0
vn 0 1 0
vn 0 1 0
vn 0 1 0
vn 0 1 0
vn -1 0 0
vn -1 0 0
vn -1 0 0
vn -1 0 0
vn 0 -1 0
vn 0 -1 0
vn 0 -1 0
vn 0 -1 0
vn 0 -1 0
vn 0 -1 0
vn 1 0 0
vn 1 0 0
vn 1 0 0
vn 1 0 0
vn 0 1 0
vn 0 1 0
vn 0 1 0
vn 0 1 0
vn 0 1 0
vn 0 1 0
vn 0 1 0
vn 0 1 0
vn 0 0 -1
vn 0 0 -1
vn 0 0 -1
vn 0 0 -1
vn 0 0 -1
vn 0 0 -1
vn 0 0 -1
vn 0 0 -1
vn 0 0 -1
vn 0 0 -1
vn 0 0 -1
vn 0 0 -1
vn 0 0 -1
vn 0 0 -1
vn 0 0 -1
vn 0 0 -1
vn 0 0 -1
vn 0 0 -1
vn 0 0 -1
vn 0 0 -1
vn 0 0 -1
vn 0 0 -1
vn 0 0 -1
vn 0 0 -1
vn 0 0 -1
vn 0 0 -1
vn 0 0 -1
vn 0 0 -1
vn 0 0 -1
vn 0 0 -1
vn 1 0 0
vn 1 0 0
vn 1 0 0
vn 1 0 0
vn 1 0 0
vn 1 0 0
vn 0.53687548637390137 -0.84366148710250854 0
vn 0.53687548637390137 -0.84366148710250854 0
vn 0.53687548637390137 -0.84366148710250854 0
vn 0.53687548637390137 -0.84366148710250854 0
vn 0 0 1
vn 0 0 1
vn 0 0 1
vn 0 0 1
vn 0 0 1
vn 0 0 1
vn 0 0 1
vn 0 0 1
vn 0 0 1
vn 0 0 1
vn 0 0 1
vn 0 0 1
vn 0 0 1
vn 0 0 1
vn 0 0 1
vn 0 0 1
vn 0 0 1
vn 0 0 1
vn 0 0 1
vn 0 0 1
vn 0 0 1
vn 0 0 1
vn 0 0 1
vn 0 0 1
vn 0 0 1
vn 0 0 1
vn 0 0 1
vn 0 0 1
vn 0 0 1
vn 0 0 1
vn 0 0 1
vn 1 0 0
vn 1 0 0
vn 1 0 0
vn 1 0 0
vn 0 -1 0
vn 0 -1 0
vn 0 -1 0
vn 0 -1 0
vn 0 0 1
vn 0 0 1
vn 0 0 1
vn 0 0 1
vn 0 0 1
vn 0 0 1
vn 0 0 1
f 141/370/370 140/369/369 142/371/371 143/372/372
f 143/374/374 142/373/373 144/375/375 145/376/376
f 145/378/378 144/377/377 146/379/379 147/380/380
f 147/382/382 146/381/381 148/383/383 149/384/384
f 149/386/386 148/385/385 150/387/387 151/388/388
f 151/390/390 150/389/389 152/391/391 153/392/392
f 153/394/394 152/393/393 154/395/395 155/396/396
f 158/399/399 157/398/398 156/397/397 159/400/400
f 161/402/402 160/401/401 162/403/403 163/404/404
f 163/406/406 162/405/405 164/407/407 165/408/408
f 165/410/410 164/409/409 166/411/411 167/412/412
f 167/414/414 166/413/413 168/415/415 169/416/416
f 169/418/418 168/417/417 170/419/419 171/420/420
f 171/422/422 170/421/421 172/423/423 173/424/424
f 173/426/426 172/425/425 174/427/427 175/428/428
f 175/430/430 174/429/429 176/431/431 177/432/432
f 177/434/434 176/433/433 178/435/435 179/436/436
f 179/438/438 178/437/437 180/439/439 181/440/440
f 181/442/442 180/441/441 182/443/443 183/444/444
f 183/446/446 182/445/445 184/447/447 185/448/448
f 185/450/450 184/449/449 186/451/451 187/452/452
f 187/454/454 186/453/453 188/455/455 189/456/456
f 189/458/458 188/457/457 190/459/459 191/460/460
f 191/462/462 190/461/461 192/463/463 193/464/464
f 193/466/466 192/465/465 194/467/467 195/468/468
f 195/470/470 194/469/469 197/472/472
f 198/473/473 197/472/472 194/469/469
f 196/471/471 195/470/470 197/472/472
f 198/473/473 199/474/474 197/472/472
f 201/477/477 200/476/476 196/478/478 197/475/475
f 155/482/482 154/479/479 160/480/480 161/481/481
f 203/484/484 202/483/483 140/485/485 141/486/486
f 142/490/490 140/489/489 202/487/487
f 142/490/490 202/487/487 204/515/515
f 142/490/490 146/492/492 144/491/491
f 146/492/492 150/494/494 148/493/493
f 146/492/492 142/490/490 204/515/515
f 150/494/494 146/492/492 204/515/515
f 205/516/516 204/515/515 202/487/487
f 154/496/496 152/495/495 150/494/494
f 198/514/514 178/506/506 204/515/515
f 204/515/515 154/496/496 150/494/494
f 162/498/498 160/497/497 154/496/496
f 162/498/498 204/515/515 166/500/500
f 204/515/515 162/498/498 154/496/496
f 164/499/499 162/498/498 166/500/500
f 170/502/502 168/501/501 166/500/500
f 204/515/515 174/504/504 170/502/502
f 170/502/502 174/504/504 172/503/503
f 174/504/504 178/506/506 176/505/505
f 178/506/506 198/514/514 182/508/508
f 204/515/515 178/506/506 174/504/504
f 178/506/506 182/508/508 180/507/507
f 182/508/508 186/510/510 184/509/509
f 198/514/514 194/488/488 186/510/510
f 186/510/510 190/512/512 188/511/511
f 190/512/512 194/488/488 192/513/513
f 186/510/510 194/488/488 190/512/512
f 186/510/510 182/508/508 198/514/514
f 166/500/500 204/515/515 170/502/502
f 206/522/522 205/517/517 157/521/521
f 202/518/518 157/521/521 205/517/517
f 156/520/520 157/521/521 203/519/519
f 202/518/518 203/519/519 157/521/521
f 201/526/526 158/523/523 159/524/524 200/525/525
f 203/527/527 159/537/537 156/538/538
f 141/529/529 143/530/530 203/527/527
f 147/532/532 143/530/530 145/531/531
f 147/532/532 159/537/537 143/530/530
f 143/530/530 159/537/537 203/527/527
f 149/533/533 151/534/534 147/532/532
f 155/536/536 159/537/537 151/534/534
f 151/534/534 159/537/537 147/532/532
f 151/534/534 153/535/535 155/536/536
f 163/540/540 159/537/537 155/536/536
f 155/536/536 161/539/539 163/540/540
f 163/540/540 165/541/541 167/542/542
f 159/537/537 163/540/540 167/542/542
f 159/537/537 167/542/542 200/557/557
f 167/542/542 169/543/543 171/544/544
f 171/544/544 173/545/545 175/546/546
f 175/546/546 200/557/557 171/544/544
f 175/546/546 177/547/547 179/548/548
f 179/548/548 181/549/549 183/550/550
f 200/557/557 179/548/548 183/550/550
f 179/548/548 200/557/557 175/546/546
f 183/550/550 187/552/552 200/557/557
f 200/557/557 191/554/554 196/556/556
f 191/554/554 200/557/557 187/552/552
f 185/551/551 187/552/552 183/550/550
f 187/552/552 189/553/553 191/554/554
f 191/554/554 193/555/555 195/528/528
f 196/556/556 191/554/554 195/528/528
f 171/544/544 200/557/557 167/542/542
f 204/559/559 207/561/561 199/560/560 198/558/558
f 204/563/563 205/565/565 206/564/564 207/562/562
f 157/566/566 207/571/571 206/570/570
f 158/568/568 207/571/571 157/566/566
f 201/569/569 197/567/567 199/572/572
f 201/569/569 207/571/571 158/568/568
f 199/572/572 207/571/571 201/569/569
v -0.42423403263092041 1.3631008863449097 0.74240928888320923
v -0.42423403263092041 2.4236860275268555 0.74240928888320923
v 0 2.4236860275268555 0.74240928888320923
v -0.34469014406204224 1.3631008863449097 0.74240928888320923
v -0.34469014406204224 2.1055104732513428 0.74240928888320923
v 0 2.1055104732513428 0.74240928888320923
v 0 1.3631008863449097 0.4949394166469574
v 0 2.4236860275268555 0.4949394166469574
v 0 2.1055104732513428 0.54796868562698364
v 0 1.3631008863449097 0.54796868562698364
v -0.42423403263092041 1.3631008863449097 0.4949394166469574
v -0.42423403263092041 2.4236860275268555 0.4949394166469574
v -0.34469014406204224 1.3631008863449097 0.54796868562698364
v -0.34469014406204224 2.1055104732513428 0.54796868562698364
vt 0.077428117394447327 0.45349836349487305
vt 0.077428117394447327 0.8063509464263916
vt 0.21856912970542908 0.8063509464263916
vt 0.10389205813407898 0.45349836349487305
vt 0.10389205813407898 0.70049518346786499
vt 0.21856912970542908 0.70049518346786499
vt 2.5408623218536377 0.8063509464263916
vt 2.623194694519043 0.45349836349487305
vt 2.623194694519043 0.8063509464263916
vt 2.6055519580841064 0.70049518346786499
vt 2.6055519580841064 0.45349836349487305
vt 2.5408623218536377 0.70049518346786499
vt 0.78143084049224854 0.45349836349487305
vt 0.78143084049224854 0.8063509464263916
vt 0.92257189750671387 0.45349836349487305
vt 0.92257189750671387 0.8063509464263916
vt -1.623194694519043 0.45349836349487305
vt -1.623194694519043 0.8063509464263916
vt -1.5408624410629272 0.45349836349487305
vt -1.5408624410629272 0.8063509464263916
vt 0.077428117394447327 2.5408623218536377
vt 0.077428117394447327 2.623194694519043
vt 0.21856912970542908 2.5408623218536377
vt 0.21856912970542908 2.623194694519043
vt 0.21856912970542908 0.45349836349487305
vt 0.21856912970542908 0.70049518346786499
vt 0.10389205813407898 0.45349836349487305
vt 0.10389205813407898 0.70049518346786499
vt 2.6055519580841064 0.45349836349487305
vt 2.6055519580841064 0.70049518346786499
vt 2.5408623218536377 0.45349836349487305
vt 2.5408623218536377 0.70049518346786499
vt 0.89610797166824341 2.5408623218536377
vt 0.89610797166824341 2.6055519580841064
vt 0.78143084049224854 2.5408623218536377
vt 0.78143084049224854 2.6055519580841064
vt 0.92257189750671387 2.5408623218536377
vt 0.92257189750671387 2.623194694519043
vt 0.78143084049224854 2.623194694519043
vt 0.89610797166824341 2.5408623218536377
vt 0.89610797166824341 2.6055519580841064
vt 0.78143084049224854 2.6055519580841064
vn 0 0 1
vn 0 0 1
vn 0 0 1
vn 0 0 1
vn 0 0 1
vn 0 0 1
vn 1 0 0
vn 1 0 0
vn 1 0 0
vn 1 0 0
vn 1 0 0
vn 1 0 0
vn 0 0 -1
vn 0 0 -1
vn 0 0 -1
vn 0 0 -1
vn -1 0 0
vn -1 0 0
vn -1 0 0
vn -1 0 0
vn 0 1 0
vn 0 1 0
vn 0 1 0
vn 0 1 0
vn 0 0 1
vn 0 0 1
vn 0 0 1
vn 0 0 1
vn 1 0 0
vn 1 0 0
vn 1 0 0
vn 1 0 0
vn 0 -1 0
vn 0 -1 0
vn 0 -1 0
vn 0 -1 0
vn 0 -1 0
vn 0 -1 0
vn 0 -1 0
vn 0 -1 0
vn 0 -1 0
vn 0 -1 0
f 209/574/574 208/573/573 211/576/576 212/577/577
f 210/575/575 212/577/577 213/578/578
f 209/574/574 212/577/577 210/575/575
f 216/582/582 210/579/579 213/584/584
f 215/581/581 216/582/582 214/580/580
f 217/583/583 214/580/580 216/582/582
f 210/579/579 216/582/582 215/581/581
f 215/586/586 214/585/585 218/587/587 219/588/588
f 219/590/590 218/589/589 208/591/591 209/592/592
f 219/594/594 209/593/593 210/595/595 215/596/596
f 216/598/598 221/600/600 220/599/599 217/597/597
f 221/602/602 212/604/604 211/603/603 220/601/601
f 221/606/606 216/608/608 213/607/607 212/605/605
f 218/610/610 220/613/613 211/612/612 208/609/609
f 214/611/611 217/614/614 220/613/613
f 218/610/610 214/611/611 220/613/613
v -0.34469014406204224 2.4236860275268555 1.909052848815918
v -0.34469014406204224 2.5297443866729736 1.909052848815918
v 1.8029946088790894 2.4236860275268555 1.909052848815918
v 1.8029946088790894 2.5297443866729736 1.909052848815918
v 1.8029946088790894 2.4236860275268555 -0.23863193392753601
v 1.8029946088790894 2.5297443866729736 -0.23863193392753601
v -0.34469014406204224 2.4236860275268555 -0.23863193392753601
v -0.34469014406204224 2.5297443866729736 -0.23863193392753601
v 1.1666436195373535 2.4236860275268555 0.74240928888320923
v 0 2.4236860275268555 0.74240928888320923
v 1.1666436195373535 2.4236860275268555 0.10605822503566742
v 0 2.4236860275268555 0.10605822503566742
v 1.1666436195373535 2.5297443866729736 0.74240928888320923
v 0 2.5297443866729736 0.74240928888320923
v 1.1666436195373535 2.5297443866729736 0.10605822503566742
v 0 2.5297443866729736 0.10605822503566742
vt 0.10389205813407898 0.8063509464263916
vt 0.10389205813407898 0.84163612127304077
vt 0.81841844320297241 0.8063509464263916
vt 0.81841844320297241 0.84163612127304077
vt 2.1527247428894043 0.8063509464263916
vt 2.1527247428894043 0.84163612127304077
vt 2.867250919342041 0.8063509464263916
vt 2.867250919342041 0.84163612127304077
vt 0.18158155679702759 0.8063509464263916
vt 0.18158155679702759 0.84163612127304077
vt 0.89610797166824341 0.8063509464263916
vt 0.89610797166824341 0.84163612127304077
vt -1.8672510385513306 0.8063509464263916
vt -1.8672510385513306 0.84163612127304077
vt -1.1527246236801147 0.8063509464263916
vt -1.1527246236801147 0.84163612127304077
vt 0.89610797166824341 2.1527247428894043
vt 0.89610797166824341 2.867250919342041
vt 0.18158155679702759 2.1527247428894043
vt 0.18158155679702759 2.867250919342041
vt 0.39329305291175842 2.5408623218536377
vt 0.78143084049224854 2.5408623218536377
vt 0.39329305291175842 2.7525739669799805
vt 0.78143084049224854 2.7525739669799805
vt 0.10389205813407898 2.1527247428894043
vt 0.10389205813407898 2.867250919342041
vt 0.81841844320297241 2.1527247428894043
vt 0.81841844320297241 2.867250919342041
vt 0.60670691728591919 2.5408623218536377
vt 0.21856912970542908 2.5408623218536377
vt 0.60670691728591919 2.7525739669799805
vt 0.21856912970542908 2.7525739669799805
vt 0.78143084049224854 0.84163612127304077
vt 0.39329305291175842 0.8063509464263916
vt 0.39329305291175842 0.84163612127304077
vt 0.78143084049224854 0.8063509464263916
vt -1.5408624410629272 0.8063509464263916
vt -1.5408624410629272 0.84163612127304077
vt -1.7525739669799805 0.84163612127304077
vt -1.7525739669799805 0.8063509464263916
vt 0.60670691728591919 0.8063509464263916
vt 0.60670691728591919 0.84163612127304077
vt 0.21856912970542908 0.84163612127304077
vt 0.21856912970542908 0.8063509464263916
vt 2.7525739669799805 0.8063509464263916
vt 2.7525739669799805 0.84163612127304077
vt 2.5408623218536377 0.84163612127304077
vt 2.5408623218536377 0.8063509464263916
vn 0 0 1
vn 0 0 1
vn 0 0 1
vn 0 0 1
vn 1 0 0
vn 1 0 0
vn 1 0 0
vn 1 0 0
vn 0 0 -1
vn 0 0 -1
vn 0 0 -1
vn 0 0 -1
vn -1 0 0
vn -1 0 0
vn -1 0 0
vn -1 0 0
vn 0 -1 0
vn 0 -1 0
vn 0 -1 0
vn 0 -1 0
vn 0 -1 0
vn 0 -1 0
vn 0 -1 0
vn 0 -1 0
vn 0 1 0
vn 0 1 0
vn 0 1 0
vn 0 1 0
vn 0 1 0
vn 0 1 0
vn 0 1 0
vn 0 1 0
vn 0 0 -1
vn 0 0 -1
vn 0 0 -1
vn 0 0 -1
vn -1 0 0
vn -1 0 0
vn -1 0 0
vn -1 0 0
vn 0 0 1
vn 0 0 1
vn 0 0 1
vn 0 0 1
vn 1 0 0
vn 1 0 0
vn 1 0 0
vn 1 0 0
f 223/616/616 222/615/615 224/617/617 225/618/618
f 225/620/620 224/619/619 226/621/621 227/622/622
f 227/624/624 226/623/623 228/625/625 229/626/626
f 229/628/628 228/627/627 222/629/629 223/630/630
f 228/632/632 231/636/636 222/631/631
f 230/635/635 222/631/631 231/636/636
f 232/637/637 233/638/638 228/632/632
f 231/636/636 228/632/632 233/638/638
f 226/634/634 224/633/633 230/635/635
f 222/631/631 230/635/635 224/633/633
f 228/632/632 226/634/634 232/637/637
f 230/635/635 232/637/637 226/634/634
f 229/640/640 223/639/639 235/644/644
f 234/643/643 235/644/644 223/639/639
f 236/645/645 229/640/640 237/646/646
f 235/644/644 237/646/646 229/640/640
f 227/642/642 234/643/643 225/641/641
f 223/639/639 225/641/641 234/643/643
f 229/640/640 236/645/645 227/642/642
f 234/643/643 227/642/642 236/645/645
f 235/647/647 234/649/649 230/648/648 231/650/650
f 234/652/652 236/653/653 232/654/654 230/651/651
f 236/656/656 237/657/657 233/658/658 232/655/655
f 237/660/660 235/661/661 231/662/662 233/659/659
v -0.012436719611287117 2.9300072193145752 0.32951083779335022
v -0.012436719611287117 2.9300072193145752 0.51895666122436523
v -0.012436719611287117 2.9445364475250244 0.32951083779335022
v -0.012436719611287117 2.9445364475250244 0.51895666122436523
v 0.018422601744532585 2.9300072193145752 0.51895666122436523
v 0.018422601744532585 2.9300072193145752 0.32951083779335022
v -0.012436719611287117 2.900949239730835 0.32951083779335022
v -0.012436719611287117 2.900949239730835 0.51895666122436523
v -0.012436719611287117 2.9154782295227051 0.32951083779335022
v -0.012436719611287117 2.9154782295227051 0.51895666122436523
v 0.018422601744532585 2.900949239730835 0.51895666122436523
v 0.018422601744532585 2.900949239730835 0.32951083779335022
v 0.018422601744532585 2.9154782295227051 0.32951083779335022
v 0.018422601744532585 2.9154782295227051 0.51895666122436523
v -0.012436719611287117 2.8718912601470947 0.32951083779335022
v -0.012436719611287117 2.8718912601470947 0.51895666122436523
v -0.012436719611287117 2.8864202499389648 0.32951083779335022
v -0.012436719611287117 2.8864202499389648 0.51895666122436523
v 0.018422601744532585 2.8718912601470947 0.51895666122436523
v 0.018422601744532585 2.8718912601470947 0.32951083779335022
v 0.018422601744532585 2.8864202499389648 0.32951083779335022
v 0.018422601744532585 2.8864202499389648 0.51895666122436523
v 0.11087653040885925 2.8479199409484863 0.31817525625228882
v 0.11087653040885925 2.8479199409484863 0.53029227256774902
v 0.11087653040885925 2.9539785385131836 0.31817525625228882
v 0.11087653040885925 2.9539785385131836 0.53029227256774902
v -0.021670287474989891 2.8479199409484863 0.31817525625228882
v -0.021670287474989891 2.8479199409484863 0.53029227256774902
v -0.021670287474989891 2.9539785385131836 0.31817525625228882
v -0.021670287474989891 2.9539785385131836 0.53029227256774902
v -0.021670287474989891 2.8573620319366455 0.32951083779335022
v -0.021670287474989891 2.8573620319366455 0.51895666122436523
v -0.021670287474989891 2.9445364475250244 0.32951083779335022
v -0.021670287474989891 2.9445364475250244 0.51895666122436523
v 0.018422601744532585 2.8573620319366455 0.51895666122436523
v 0.018422601744532585 2.8573620319366455 0.32951083779335022
vt -1.6782320737838745 0.97480201721191406
vt -1.6152042150497437 0.97480201721191406
vt -1.6782320737838745 0.97963583469390869
vt -1.6152042150497437 0.97963583469390869
vt 0.77530175447463989 2.6152043342590332
vt 0.78556853532791138 2.6152043342590332
vt 0.77530175447463989 2.6782321929931641
vt 0.78556853532791138 2.6782321929931641
vt -1.6782320737838745 0.96513456106185913
vt -1.6152042150497437 0.96513456106185913
vt -1.6782320737838745 0.96996831893920898
vt -1.6152042150497437 0.96996831893920898
vt 0.77530175447463989 2.6152043342590332
vt 0.78556853532791138 2.6152043342590332
vt 0.77530175447463989 2.6782321929931641
vt 0.78556853532791138 2.6782321929931641
vt 0.2246982604265213 2.6782321929931641
vt 0.21443147957324982 2.6782321929931641
vt 0.2246982604265213 2.6152043342590332
vt 0.21443147957324982 2.6152043342590332
vt -1.6782320737838745 0.9554671049118042
vt -1.6152042150497437 0.9554671049118042
vt -1.6782320737838745 0.96030080318450928
vt -1.6152042150497437 0.96030080318450928
vt 0.77530175447463989 2.6152043342590332
vt 0.78556853532791138 2.6152043342590332
vt 0.77530175447463989 2.6782321929931641
vt 0.78556853532791138 2.6782321929931641
vt 0.2246982604265213 2.6782321929931641
vt 0.21443147957324982 2.6782321929931641
vt 0.2246982604265213 2.6152043342590332
vt 0.21443147957324982 2.6152043342590332
vt 2.6820034980773926 0.94749194383621216
vt 2.6114330291748047 0.94749194383621216
vt 2.6820034980773926 0.9827771782875061
vt 2.6114330291748047 0.9827771782875061
vt -1.682003378868103 0.94749194383621216
vt -1.6114329099655151 0.94749194383621216
vt -1.682003378868103 0.9827771782875061
vt -1.6114329099655151 0.9827771782875061
vt -1.6782320737838745 0.95063328742980957
vt -1.6152042150497437 0.95063328742980957
vt -1.6782320737838745 0.97963583469390869
vt -1.6152042150497437 0.97963583469390869
vt 0.74454265832901001 2.6114330291748047
vt 0.78864049911499023 2.6114330291748047
vt 0.74454265832901001 2.6820034980773926
vt 0.78864049911499023 2.6820034980773926
vt 0.74454265832901001 0.94749194383621216
vt 0.78864049911499023 0.94749194383621216
vt 0.74454265832901001 0.9827771782875061
vt 0.78864049911499023 0.9827771782875061
vt 0.2554573118686676 2.6820034980773926
vt 0.21135951578617096 2.6820034980773926
vt 0.2554573118686676 2.6114330291748047
vt 0.21135951578617096 2.6114330291748047
vt 0.2554573118686676 0.9827771782875061
vt 0.21135951578617096 0.9827771782875061
vt 0.2554573118686676 0.94749194383621216
vt 0.21135951578617096 0.94749194383621216
vt 0.2246982604265213 2.6152043342590332
vt 0.2246982604265213 2.6782321929931641
vt 0.21135951578617096 2.6782321929931641
vt 0.21135951578617096 2.6152043342590332
vt 0.78556853532791138 2.6152043342590332
vt 0.78864049911499023 2.6152043342590332
vt 0.78556853532791138 2.6782321929931641
vt 0.78864049911499023 2.6782321929931641
vt 0.77530175447463989 0.95063328742980957
vt 0.78864049911499023 0.95063328742980957
vt 0.78556853532791138 0.97963583469390869
vt 0.78556853532791138 0.97480201721191406
vt 0.77530175447463989 0.97480201721191406
vt 0.78556853532791138 0.96996831893920898
vt 0.78556853532791138 0.96513456106185913
vt 0.77530175447463989 0.96513456106185913
vt 0.77530175447463989 0.96996831893920898
vt 0.78556853532791138 0.96030080318450928
vt 0.78556853532791138 0.9554671049118042
vt 0.77530175447463989 0.9554671049118042
vt 0.77530175447463989 0.96030080318450928
vt 0.78864049911499023 0.97963583469390869
vt -1.6782320737838745 0.95063328742980957
vt -1.6152042150497437 0.95063328742980957
vt -1.6782320737838745 0.9554671049118042
vt -1.6152042150497437 0.9554671049118042
vt 0.2246982604265213 0.95063328742980957
vt 0.21135951578617096 0.97963583469390869
vt 0.21443147957324982 0.97480201721191406
vt 0.21443147957324982 0.97963583469390869
vt 0.2246982604265213 0.97480201721191406
vt 0.21443147957324982 0.96513456106185913
vt 0.21443147957324982 0.96996831893920898
vt 0.2246982604265213 0.96513456106185913
vt 0.2246982604265213 0.96996831893920898
vt 0.21443147957324982 0.9554671049118042
vt 0.21443147957324982 0.96030080318450928
vt 0.2246982604265213 0.9554671049118042
vt 0.2246982604265213 0.96030080318450928
vt 0.21135951578617096 0.95063328742980957
vt -1.6152042150497437 0.96030080318450928
vt -1.6782320737838745 0.96513456106185913
vt -1.6152042150497437 0.96513456106185913
vt -1.6782320737838745 0.96030080318450928
vt -1.6782320737838745 0.96996831893920898
vt -1.6782320737838745 0.97480201721191406
vt -1.6152042150497437 0.97480201721191406
vt -1.6152042150497437 0.96996831893920898
vn -1 0 0
vn -1 0 0
vn -1 0 0
vn -1 0 0
vn 0 -1 0
vn 0 -1 0
vn 0 -1 0
vn 0 -1 0
vn -1 0 0
vn -1 0 0
vn -1 0 0
vn -1 0 0
vn 0 -1 0
vn 0 -1 0
vn 0 -1 0
vn 0 -1 0
vn 0 1 0
vn 0 1 0
vn 0 1 0
vn 0 1 0
vn -1 0 0
vn -1 0 0
vn -1 0 0
vn -1 0 0
vn 0 -1 0
vn 0 -1 0
vn 0 -1 0
vn 0 -1 0
vn 0 1 0
vn 0 1 0
vn 0 1 0
vn 0 1 0
vn 1 0 0
vn 1 0 0
vn 1 0 0
vn 1 0 0
vn -1 0 0
vn -1 0 0
vn -1 0 0
vn -1 0 0
vn -1 0 0
vn -1 0 0
vn -1 0 0
vn -1 0 0
vn 0 -1 0
vn 0 -1 0
vn 0 -1 0
vn 0 -1 0
vn 0 0 -1
vn 0 0 -1
vn 0 0 -1
vn 0 0 -1
vn 0 1 0
vn 0 1 0
vn 0 1 0
vn 0 1 0
vn 0 0 1
vn 0 0 1
vn 0 0 1
vn 0 0 1
vn 0 1 0
vn 0 1 0
vn 0 1 0
vn 0 1 0
vn 0 -1 0
vn 0 -1 0
vn 0 -1 0
vn 0 -1 0
vn 0 0 -1
vn 0 0 -1
vn 0 0 -1
vn 0 0 -1
vn 0 0 -1
vn 0 0 -1
vn 0 0 -1
vn 0 0 -1
vn 0 0 -1
vn 0 0 -1
vn 0 0 -1
vn 0 0 -1
vn 0 0 -1
vn 0 0 -1
vn -1 0 0
vn -1 0 0
vn -1 0 0
vn -1 0 0
vn 0 0 1
vn 0 0 1
vn 0 0 1
vn 0 0 1
vn 0 0 1
vn 0 0 1
vn 0 0 1
vn 0 0 1
vn 0 0 1
vn 0 0 1
vn 0 0 1
vn 0 0 1
vn 0 0 1
vn 0 0 1
vn -1 0 0
vn -1 0 0
vn -1 0 0
vn -1 0 0
vn -1 0 0
vn -1 0 0
vn -1 0 0
vn -1 0 0
f 239/664/664 241/666/666 240/665/665 238/663/663
f 239/668/668 238/670/670 243/669/669 242/667/667
f 245/672/672 247/674/674 246/673/673 244/671/671
f 245/676/676 244/678/678 249/677/677 248/675/675
f 246/680/680 247/682/682 251/681/681 250/679/679
f 253/684/684 255/686/686 254/685/685 252/683/683
f 253/688/688 252/690/690 257/689/689 256/687/687
f 254/692/692 255/694/694 259/693/693 258/691/691
f 261/696/696 260/695/695 262/697/697 263/698/698
f 269/704/704 268/703/703 264/699/699
f 266/701/701 264/699/699 268/703/703
f 267/702/702 269/704/704 265/700/700
f 264/699/699 265/700/700 269/704/704
f 271/706/706 267/702/702 266/701/701 270/705/705
f 268/703/703 270/705/705 266/701/701
f 269/704/704 267/702/702 271/706/706
f 265/708/708 264/710/710 260/709/709 261/707/707
f 264/712/712 266/714/714 262/713/713 260/711/711
f 266/716/716 267/718/718 263/717/717 262/715/715
f 267/720/720 265/722/722 261/721/721 263/719/719
f 269/726/726 272/723/723 273/724/724 268/725/725
f 270/730/730 240/729/729 241/727/727 271/728/728
f 251/739/739 247/736/736 239/734/734 242/735/735
f 239/734/734 271/744/744 241/733/733
f 271/744/744 239/734/734 247/736/736
f 245/737/737 271/744/744 247/736/736
f 253/741/741 256/742/742 272/731/731 269/732/732
f 269/732/732 245/737/737 255/740/740
f 259/743/743 255/740/740 245/737/737 248/738/738
f 255/740/740 253/741/741 269/732/732
f 271/744/744 245/737/737 269/732/732
f 272/746/746 256/748/748 257/747/747 273/745/745
f 252/758/758 273/749/749 257/760/760
f 254/759/759 268/762/762 252/758/758
f 252/758/758 268/762/762 273/749/749
f 258/761/761 249/756/756 244/754/754 254/759/759
f 244/754/754 268/762/762 254/759/759
f 250/757/757 243/753/753 238/751/751 246/755/755
f 270/750/750 244/754/754 246/755/755
f 246/755/755 238/751/751 270/750/750
f 240/752/752 270/750/750 238/751/751
f 268/762/762 244/754/754 270/750/750
f 259/763/763 248/765/765 249/764/764 258/766/766
f 251/770/770 242/769/769 243/768/768 250/767/767
v 0.053029254078865051 1.3631008863449097 0.21211673319339752
v 0.053029254078865051 2.4236860275268555 0.21211673319339752
v 0.053029254078865051 1.3631008863449097 0.68938004970550537
v 0.053029254078865051 2.4236860275268555 0.68938004970550537
v 0.65563440322875977 2.4236860275268555 0.21211673319339752
v 1.1136143207550049 2.4236860275268555 0.68938004970550537
v 1.1136143207550049 2.4236860275268555 0.21211673319339752
v 0.65563440322875977 2.4236860275268555 0.68938004970550537
v 0.8307916522026062 1.3631008863449097 0.68938004970550537
v 0.8307916522026062 2.1055104732513428 0.68938004970550537
v 0.8307916522026062 1.3631008863449097 0.74240928888320923
v 0.8307916522026062 2.1055104732513428 0.74240928888320923
v 1.1136143207550049 2.1055104732513428 0.74240928888320923
v 1.1136143207550049 2.1055104732513428 0.68938004970550537
v 0 1.3631008863449097 0.74240928888320923
v 0 1.3631008863449097 0.10605822503566742
v 1.1666436195373535 1.3631008863449097 0.74240928888320923
v 1.1666436195373535 1.3631008863449097 0.10605822503566742
v 1.1136143207550049 1.3631008863449097 0.21211673319339752
v 1.1136143207550049 1.3631008863449097 0.74240928888320923
v 0 3.166095495223999 0.74240928888320923
v 0 3.166095495223999 0.10605822503566742
v 1.1666436195373535 2.9539785385131836 0.74240928888320923
v 1.1666436195373535 2.9539785385131836 0.10605822503566742
v 0.76531821489334106 3.0269467830657959 0.21211673319339752
v 0.76531821489334106 3.0269467830657959 0.68938004970550537
v 0.18199640512466431 3.1330053806304932 0.68938004970550537
v 0.18199640512466431 3.1330053806304932 0.21211673319339752
v 0 2.8479199409484863 0.53029227256774902
v 0 2.8479199409484863 0.31817525625228882
v 0 2.9539785385131836 0.31817525625228882
v 0 2.9539785385131836 0.53029227256774902
v 0.11087653040885925 2.8479199409484863 0.31817525625228882
v 0.11087653040885925 2.8479199409484863 0.53029227256774902
v 0.11087653040885925 2.9539785385131836 0.31817525625228882
v 0.11087653040885925 2.9539785385131836 0.53029227256774902
vt 2.7172887325286865 0.45349836349487305
vt 2.7172887325286865 0.8063509464263916
vt 2.5585050582885742 0.45349836349487305
vt 2.5585050582885742 0.8063509464263916
vt 0.56330382823944092 2.7172887325286865
vt 0.41093569993972778 2.5585050582885742
vt 0.41093569993972778 2.7172887325286865
vt 0.56330382823944092 2.5585050582885742
vt 2.5585050582885742 0.45349836349487305
vt 2.5585050582885742 0.70049518346786499
vt 2.5408623218536377 0.45349836349487305
vt 2.5408623218536377 0.70049518346786499
vt 0.50502973794937134 2.5408623218536377
vt 0.50502973794937134 2.5585050582885742
vt 0.41093569993972778 2.5408623218536377
vt 0.41093569993972778 2.5585050582885742
vt 0.78143084049224854 2.5408623218536377
vt 0.78143084049224854 2.7525739669799805
vt 0.39329305291175842 2.5408623218536377
vt 0.39329305291175842 2.7525739669799805
vt 0.50502973794937134 2.5408623218536377
vt 0.50502973794937134 2.5585050582885742
vt 0.76378822326660156 2.5585050582885742
vt 0.76378822326660156 2.7172887325286865
vt 0.41093569993972778 2.7172887325286865
vt 0.41093569993972778 2.5408623218536377
vt 0.21856912970542908 2.5408623218536377
vt 0.21856912970542908 2.7525739669799805
vt 0.60670691728591919 2.5408623218536377
vt 0.60670691728591919 2.7525739669799805
vt 0.47318753600120544 2.7172887325286865
vt 0.47318753600120544 2.5585050582885742
vt 0.27911862730979919 2.5585050582885742
vt 0.27911862730979919 2.7172887325286865
vt 0.21856912970542908 0.45349836349487305
vt 0.21856912970542908 1.0533477067947388
vt 0.60670691728591919 0.45349836349487305
vt 0.49497029185295105 0.45349836349487305
vt 0.58906430006027222 0.70049518346786499
vt 0.58906430006027222 0.45349836349487305
vt 0.49497029185295105 0.70049518346786499
vt 0.60670691728591919 0.9827771782875061
vt 2.5408623218536377 0.45349836349487305
vt 2.5408623218536377 0.9827771782875061
vt 2.7525739669799805 0.45349836349487305
vt 2.7525739669799805 0.9827771782875061
vt 0.39329305291175842 0.45349836349487305
vt 0.78143084049224854 0.45349836349487305
vt 0.78143084049224854 1.0533477067947388
vt 0.39329305291175842 0.9827771782875061
vt -1.7525739669799805 0.45349836349487305
vt -1.7525739669799805 1.0533477067947388
vt -1.5408624410629272 0.45349836349487305
vt -1.5408624410629272 1.0533477067947388
vt -1.6114329099655151 0.94749194383621216
vt -1.682003378868103 0.94749194383621216
vt -1.682003378868103 0.9827771782875061
vt -1.6114329099655151 0.9827771782875061
vt -1.5408624410629272 0.45349836349487305
vt -1.7172887325286865 0.45349836349487305
vt -1.7172887325286865 0.8063509464263916
vt -1.5585050582885742 0.8063509464263916
vt -1.5585050582885742 0.70049518346786499
vt -1.5408624410629272 0.70049518346786499
vt 2.7172887325286865 1.0423387289047241
vt 2.5585050582885742 1.0423387289047241
vt 2.7172887325286865 0.8063509464263916
vt 2.5585050582885742 0.8063509464263916
vt -1.7172887325286865 0.8063509464263916
vt -1.5585050582885742 0.8063509464263916
vt -1.7172887325286865 1.0070534944534302
vt -1.5585050582885742 1.0070534944534302
vt 0.27911862730979919 1.0423387289047241
vt 0.58906430006027222 0.45349836349487305
vt 0.58906430006027222 0.8063509464263916
vt 0.23621176183223724 0.8063509464263916
vt 0.23621176183223724 0.45349836349487305
vt 0.43669614195823669 0.8063509464263916
vt 0.47318753600120544 1.0070534944534302
vt 0.72088134288787842 1.0423387289047241
vt 0.76378822326660156 0.8063509464263916
vt 0.76378822326660156 0.45349836349487305
vt 0.50502973794937134 0.45349836349487305
vt 0.50502973794937134 0.70049518346786499
vt 0.41093569993972778 0.70049518346786499
vt 0.41093569993972778 0.8063509464263916
vt 0.56330382823944092 0.8063509464263916
vt 0.52681249380111694 1.0070534944534302
vt -1.682003378868103 0.94749194383621216
vt -1.6114329099655151 0.94749194383621216
vt -1.682003378868103 0.9827771782875061
vt -1.6114329099655151 0.9827771782875061
vt 0.2554573118686676 2.6114330291748047
vt 0.21856912970542908 2.6114330291748047
vt 0.2554573118686676 2.6820034980773926
vt 0.21856912970542908 2.6820034980773926
vt 0.2554573118686676 0.94749194383621216
vt 0.21856912970542908 0.94749194383621216
vt 0.2554573118686676 0.9827771782875061
vt 0.21856912970542908 0.9827771782875061
vt 0.74454265832901001 2.6820034980773926
vt 0.74454265832901001 2.6114330291748047
vt 0.78143084049224854 2.6114330291748047
vt 0.78143084049224854 2.6820034980773926
vt 0.74454265832901001 0.9827771782875061
vt 0.74454265832901001 0.94749194383621216
vt 0.78143084049224854 0.94749194383621216
vt 0.78143084049224854 0.9827771782875061
vn 1 0 0
vn 1 0 0
vn 1 0 0
vn 1 0 0
vn 0 -1 0
vn 0 -1 0
vn 0 -1 0
vn 0 -1 0
vn 1 0 0
vn 1 0 0
vn 1 0 0
vn 1 0 0
vn 0 -1 0
vn 0 -1 0
vn 0 -1 0
vn 0 -1 0
vn 0 -1 0
vn 0 -1 0
vn 0 -1 0
vn 0 -1 0
vn 0 -1 0
vn 0 -1 0
vn 0 -1 0
vn 0 -1 0
vn 0 -1 0
vn 0 -1 0
vn 0.17888544499874115 0.98386991024017334 0
vn 0.17888544499874115 0.98386991024017334 0
vn 0.17888544499874115 0.98386991024017334 0
vn 0.17888544499874115 0.98386991024017334 0
vn 0.17888544499874115 0.98386991024017334 0
vn 0.17888544499874115 0.98386991024017334 0
vn 0.17888544499874115 0.98386991024017334 0
vn 0.17888544499874115 0.98386991024017334 0
vn 0 0 1
vn 0 0 1
vn 0 0 1
vn 0 0 1
vn 0 0 1
vn 0 0 1
vn 0 0 1
vn 0 0 1
vn 1 0 0
vn 1 0 0
vn 1 0 0
vn 1 0 0
vn 0 0 -1
vn 0 0 -1
vn 0 0 -1
vn 0 0 -1
vn -1 0 0
vn -1 0 0
vn -1 0 0
vn -1 0 0
vn -1 0 0
vn -1 0 0
vn -1 0 0
vn -1 0 0
vn -1 0 0
vn -1 0 0
vn -1 0 0
vn -1 0 0
vn -1 0 0
vn -1 0 0
vn 0.98386991024017334 -0.17888544499874115 0
vn 0.98386991024017334 -0.17888544499874115 0
vn 0.98386991024017334 -0.17888544499874115 0
vn 0.98386991024017334 -0.17888544499874115 0
vn -0.98386991024017334 0.17888544499874115 0
vn -0.98386991024017334 0.17888544499874115 0
vn -0.98386991024017334 0.17888544499874115 0
vn -0.98386991024017334 0.17888544499874115 0
vn 0 0 1
vn 0 0 1
vn 0 0 1
vn 0 0 1
vn 0 0 1
vn 0 0 1
vn 0 0 1
vn 0 0 -1
vn 0 0 -1
vn 0 0 -1
vn 0 0 -1
vn 0 0 -1
vn 0 0 -1
vn 0 0 -1
vn 0 0 -1
vn 0 0 -1
vn -1 0 0
vn -1 0 0
vn -1 0 0
vn -1 0 0
vn 0 1 0
vn 0 1 0
vn 0 1 0
vn 0 1 0
vn 0 0 1
vn 0 0 1
vn 0 0 1
vn 0 0 1
vn 0 -1 0
vn 0 -1 0
vn 0 -1 0
vn 0 -1 0
vn 0 0 -1
vn 0 0 -1
vn 0 0 -1
vn 0 0 -1
f 275/772/772 277/774/774 276/773/773 274/771/771
f 278/775/775 280/777/777 279/776/776 281/778/778
f 283/780/780 285/782/782 284/781/781 282/779/779
f 283/784/784 287/786/786 286/785/785 285/783/783
f 288/787/787 276/793/793 282/792/792 284/791/791
f 289/788/788 274/794/794 276/793/793 288/787/787
f 291/790/790 292/795/795 274/794/794 289/788/788
f 292/795/795 290/789/789 293/796/796
f 290/789/789 292/795/795 291/790/790
f 301/804/804 294/797/797 300/803/803
f 299/802/802 300/803/803 294/797/797
f 298/801/801 295/798/798 301/804/804
f 294/797/797 301/804/804 295/798/798
f 298/801/801 299/802/802 296/799/799
f 294/797/797 296/799/799 299/802/802
f 295/798/798 298/801/801 297/800/800
f 296/799/799 297/800/800 298/801/801
f 285/811/811 288/805/805 284/808/808
f 296/812/812 294/806/806 285/811/811
f 288/805/805 285/811/811 294/806/806
f 286/809/809 293/810/810 290/807/807
f 285/811/811 286/809/809 296/812/812
f 290/807/807 296/812/812 286/809/809
f 296/814/814 290/813/813 291/815/815 297/816/816
f 297/820/820 291/817/817 289/818/818 295/819/819
f 295/822/822 289/821/821 303/826/826
f 289/821/821 288/823/823 302/825/825 303/826/826
f 294/824/824 295/822/822 304/827/827
f 303/826/826 304/827/827 295/822/822
f 294/824/824 302/825/825 288/823/823
f 304/827/827 305/828/828 294/824/824
f 302/825/825 294/824/824 305/828/828
f 286/834/834 287/833/833 293/829/829
f 292/830/830 293/829/829 287/833/833
f 279/832/832 280/831/831 287/833/833
f 292/830/830 287/833/833 280/831/831
f 300/836/836 277/838/838 275/837/837 301/835/835
f 281/840/840 299/842/842 298/841/841 278/839/839
f 278/848/848 298/849/849 301/843/843 275/846/846
f 278/848/848 275/846/846 274/847/847
f 280/845/845 278/848/848 292/844/844
f 274/847/847 292/844/844 278/848/848
f 281/857/857 277/851/851 300/850/850 299/858/858
f 283/854/854 281/857/857 279/856/856
f 281/857/857 283/854/854 276/852/852
f 283/854/854 279/856/856 287/855/855
f 276/852/852 283/854/854 282/853/853
f 276/852/852 277/851/851 281/857/857
f 307/860/860 309/862/862 308/861/861 306/859/859
f 302/864/864 307/863/863 306/865/865 303/866/866
f 303/868/868 306/867/867 308/869/869 304/870/870
f 304/874/874 308/871/871 309/872/872 305/873/873
f 305/878/878 309/875/875 307/876/876 302/877/877
v 0.29166090488433838 0.028531285002827644 0.70705646276473999
v 0.29166090488433838 0.32019218802452087 0.70705646276473999
v 1.8029946088790894 0.028531285002827644 0.70705646276473999
v 1.8029946088790894 0.32019218802452087 0.70705646276473999
v 1.8029946088790894 0.0020166577305644751 0.4949394166469574
v 1.8029946088790894 0.32019218802452087 0.4949394166469574
v 0.29166090488433838 0.0020166577305644751 0.4949394166469574
v 0.29166090488433838 0.32019218802452087 0.4949394166469574
v 0.29166090488433838 0.0020166577305644751 0.68938004970550537
v 0.29166090488433838 0.028531285002827644 0.68938004970550537
v 1.8029946088790894 0.0020166577305644751 0.68938004970550537
v 1.8029946088790894 0.028531285002827644 0.68938004970550537
vt 0.3156035840511322 0.0094922482967376709
vt 0.3156035840511322 0.1065266951918602
vt 0.81841844320297241 0.0094922482967376709
vt 0.81841844320297241 0.1065266951918602
vt 0.18158155679702759 0.0006709342123940587
vt 0.18158155679702759 0.1065266951918602
vt 0.68439644575119019 0.0006709342123940587
vt 0.68439644575119019 0.1065266951918602
vt -1.623194694519043 0.0006709342123940587
vt -1.623194694519043 0.1065266951918602
vt -1.5526242256164551 0.1065266951918602
vt -1.5585050582885742 0.0006709342123940587
vt -1.5585050582885742 0.0094922482967376709
vt -1.5526242256164551 0.0094922482967376709
vt 0.3156035840511322 2.5526242256164551
vt 0.3156035840511322 2.623194694519043
vt 0.81841844320297241 2.5526242256164551
vt 0.81841844320297241 2.623194694519043
vt 0.81841844320297241 0.0006709342123940587
vt 0.81841844320297241 0.0094922482967376709
vt 0.3156035840511322 0.0006709342123940587
vt 0.3156035840511322 0.0094922482967376709
vt 0.68439644575119019 2.5526242256164551
vt 0.68439644575119019 2.5585050582885742
vt 0.18158155679702759 2.5526242256164551
vt 0.18158155679702759 2.5585050582885742
vt 2.5526242256164551 0.1065266951918602
vt 2.623194694519043 0.0006709342123940587
vt 2.623194694519043 0.1065266951918602
vt 2.5585050582885742 0.0094922482967376709
vt 2.5585050582885742 0.0006709342123940587
vt 2.5526242256164551 0.0094922482967376709
vt 0.68439644575119019 2.5585050582885742
vt 0.68439644575119019 2.623194694519043
vt 0.18158155679702759 2.623194694519043
vt 0.18158155679702759 2.5585050582885742
vn 0 0 1
vn 0 0 1
vn 0 0 1
vn 0 0 1
vn 0 0 -1
vn 0 0 -1
vn 0 0 -1
vn 0 0 -1
vn -1 0 0
vn -1 0 0
vn -1 0 0
vn -1 0 0
vn -1 0 0
vn -1 0 0
vn 0 1 0
vn 0 1 0
vn 0 1 0
vn 0 1 0
vn 0 0 1
vn 0 0 1
vn 0 0 1
vn 0 0 1
vn 0 -1 0
vn 0 -1 0
vn 0 -1 0
vn 0 -1 0
vn 1 0 0
vn 1 0 0
vn 1 0 0
vn 1 0 0
vn 1 0 0
vn 1 0 0
vn 0 -1 0
vn 0 -1 0
vn 0 -1 0
vn 0 -1 0
f 311/880/880 310/879/879 312/881/881 313/882/882
f 315/884/884 314/883/883 316/885/885 317/886/886
f 317/888/888 316/887/887 319/891/891
f 318/890/890 319/891/891 316/887/887
f 311/889/889 317/888/888 319/891/891
f 319/891/891 310/892/892 311/889/889
f 317/894/894 311/893/893 313/895/895 315/896/896
f 321/898/898 319/900/900 318/899/899 320/897/897
f 319/902/902 321/904/904 312/903/903 310/901/901
f 313/905/905 312/910/910 321/908/908
f 315/907/907 313/905/905 321/908/908
f 321/908/908 314/906/906 315/907/907
f 320/909/909 314/906/906 321/908/908
f 316/912/912 314/913/913 320/914/914 318/911/911
v 0.62309372425079346 0.028531285002827644 1.1136140823364258
v 0.62309372425079346 0.32019218802452087 1.1136140823364258
v 1.4715617895126343 0.028531285002827644 1.1136140823364258
v 1.4715617895126343 0.32019218802452087 1.1136140823364258
v 1.4715617895126343 0.0020166577305644751 1.1312904357910156
v 1.4715617895126343 0.028531285002827644 1.1312904357910156
v 0.62309372425079346 0.0020166577305644751 1.1312904357910156
v 0.62309372425079346 0.028531285002827644 1.1312904357910156
v 0.62309372425079346 0.29367756843566895 1.502495288848877
v 0.62309372425079346 0.32019218802452087 1.502495288848877
v 1.4715617895126343 0.29367756843566895 1.502495288848877
v 1.4715617895126343 0.32019218802452087 1.502495288848877
v 1.4715617895126343 0.0020166577305644751 1.3434075117111206
v 1.4715617895126343 0.29367756843566895 1.3434075117111206
v 0.62309372425079346 0.0020166577305644751 1.3434075117111206
v 0.62309372425079346 0.29367756843566895 1.3434075117111206
vt 0.57412999868392944 0.0094922482967376709
vt 0.57412999868392944 0.1065266951918602
vt 0.29184797406196594 0.0094922482967376709
vt 0.29184797406196594 0.1065266951918602
vt 0.29184797406196594 0.0006709342123940587
vt 0.29184797406196594 0.0094922482967376709
vt 0.57412999868392944 0.0006709342123940587
vt 0.57412999868392944 0.0094922482967376709
vt 0.57412999868392944 2.4173641204833984
vt 0.57412999868392944 2.4114832878112793
vt 0.29184797406196594 2.4173641204833984
vt 0.29184797406196594 2.4114832878112793
vt 0.42587000131607056 0.097705386579036713
vt 0.42587000131607056 0.1065266951918602
vt 0.70815205574035645 0.097705386579036713
vt 0.70815205574035645 0.1065266951918602
vt 0.70815205574035645 0.0006709342123940587
vt 0.70815205574035645 0.097705386579036713
vt 0.42587000131607056 0.0006709342123940587
vt 0.42587000131607056 0.097705386579036713
vt 0.57412999868392944 2.2879848480224609
vt 0.57412999868392944 2.3409125804901123
vt 0.29184797406196594 2.2879848480224609
vt 0.29184797406196594 2.3409125804901123
vt 0.42587000131607056 2.4173641204833984
vt 0.42587000131607056 2.2879848480224609
vt 0.70815205574035645 2.4173641204833984
vt 0.70815205574035645 2.2879848480224609
vt 2.4173641204833984 0.1065266951918602
vt 2.2879848480224609 0.1065266951918602
vt 2.4114832878112793 0.0094922482967376709
vt 2.4114832878112793 0.0006709342123940587
vt 2.4173641204833984 0.0094922482967376709
vt 2.3409125804901123 0.0006709342123940587
vt 2.3409125804901123 0.097705386579036713
vt 2.2879848480224609 0.097705386579036713
vt 0.57412999868392944 2.4114832878112793
vt 0.57412999868392944 2.3409125804901123
vt 0.29184797406196594 2.4114832878112793
vt 0.29184797406196594 2.3409125804901123
vt -1.2879847288131714 0.1065266951918602
vt -1.4173640012741089 0.1065266951918602
vt -1.4114831686019897 0.0006709342123940587
vt -1.4114831686019897 0.0094922482967376709
vt -1.4173640012741089 0.0094922482967376709
vt -1.3409126996994019 0.097705386579036713
vt -1.3409126996994019 0.0006709342123940587
vt -1.2879847288131714 0.097705386579036713
vn 0 0 -1
vn 0 0 -1
vn 0 0 -1
vn 0 0 -1
vn 0 0 -1
vn 0 0 -1
vn 0 0 -1
vn 0 0 -1
vn 0 -1 0
vn 0 -1 0
vn 0 -1 0
vn 0 -1 0
vn 0 0 1
vn 0 0 1
vn 0 0 1
vn 0 0 1
vn 0 0 1
vn 0 0 1
vn 0 0 1
vn 0 0 1
vn 0 -1 0
vn 0 -1 0
vn 0 -1 0
vn 0 -1 0
vn 0 1 0
vn 0 1 0
vn 0 1 0
vn 0 1 0
vn 1 0 0
vn 1 0 0
vn 1 0 0
vn 1 0 0
vn 1 0 0
vn 1 0 0
vn 1 0 0
vn 1 0 0
vn 0 -1 0
vn 0 -1 0
vn 0 -1 0
vn 0 -1 0
vn -1 0 0
vn -1 0 0
vn -1 0 0
vn -1 0 0
vn -1 0 0
vn -1 0 0
vn -1 0 0
vn -1 0 0
f 323/916/916 325/918/918 324/917/917 322/915/915
f 327/920/920 326/919/919 328/921/921 329/922/922
f 329/924/924 322/923/923 324/925/925 327/926/926
f 331/928/928 330/927/927 332/929/929 333/930/930
f 335/932/932 337/934/934 336/933/933 334/931/931
f 337/936/936 335/938/938 332/937/937 330/935/935
f 331/940/940 333/942/942 325/941/941 323/939/939
f 335/949/949 327/945/945 325/943/943
f 324/947/947 325/943/943 327/945/945
f 327/945/945 334/948/948 326/946/946
f 327/945/945 335/949/949 334/948/948
f 335/949/949 333/944/944 332/950/950
f 325/943/943 333/944/944 335/949/949
f 336/952/952 328/951/951 326/953/953 334/954/954
f 323/956/956 337/960/960 331/955/955
f 330/962/962 331/955/955 337/960/960
f 337/960/960 329/958/958 336/961/961
f 336/961/961 329/958/958 328/957/957
f 329/958/958 323/956/956 322/959/959
f 337/960/960 323/956/956 329/958/958
v 0.29166090488433838 0.32019218802452087 0.70705646276473999
v 0.29166090488433838 0.74442625045776367 0.70705646276473999
v 0.55680716037750244 0.32019218802452087 0.70705646276473999
v 0.55680716037750244 0.74442625045776367 0.70705646276473999
v 0.55680716037750244 0.32019218802452087 0.4949394166469574
v 0.55680716037750244 0.74442625045776367 0.4949394166469574
v 0.29166090488433838 0.32019218802452087 0.4949394166469574
v 0.29166090488433838 0.74442625045776367 0.4949394166469574
vt 0.3156035840511322 0.1065266951918602
vt 0.3156035840511322 0.24766772985458374
vt 0.40381669998168945 0.1065266951918602
vt 0.40381669998168945 0.24766772985458374
vt 2.5526242256164551 0.1065266951918602
vt 2.5526242256164551 0.24766772985458374
vt 2.623194694519043 0.1065266951918602
vt 2.623194694519043 0.24766772985458374
vt 0.59618330001831055 0.1065266951918602
vt 0.59618330001831055 0.24766772985458374
vt 0.68439644575119019 0.1065266951918602
vt 0.68439644575119019 0.24766772985458374
vt -1.623194694519043 0.1065266951918602
vt -1.623194694519043 0.24766772985458374
vt -1.5526242256164551 0.1065266951918602
vt -1.5526242256164551 0.24766772985458374
vt 0.68439644575119019 2.5526242256164551
vt 0.59618330001831055 2.5526242256164551
vt 0.59618330001831055 2.623194694519043
vt 0.68439644575119019 2.623194694519043
vt 0.3156035840511322 2.5526242256164551
vt 0.40381669998168945 2.5526242256164551
vt 0.40381669998168945 2.623194694519043
vt 0.3156035840511322 2.623194694519043
vn 0 0 1
vn 0 0 1
vn 0 0 1
vn 0 0 1
vn 1 0 0
vn 1 0 0
vn 1 0 0
vn 1 0 0
vn 0 0 -1
vn 0 0 -1
vn 0 0 -1
vn 0 0 -1
vn -1 0 0
vn -1 0 0
vn -1 0 0
vn -1 0 0
vn 0 -1 0
vn 0 -1 0
vn 0 -1 0
vn 0 -1 0
vn 0 1 0
vn 0 1 0
vn 0 1 0
vn 0 1 0
f 338/963/963 340/965/965 341/966/966 339/964/964
f 340/967/967 342/969/969 343/970/970 341/968/968
f 342/971/971 344/973/973 345/974/974 343/972/972
f 344/975/975 338/977/977 339/978/978 345/976/976
f 340/980/980 338/979/979 344/982/982
f 344/982/982 342/981/981 340/980/980
f 341/984/984 345/986/986 339/983/983
f 345/986/986 341/984/984 343/985/985
v 0.55680716037750244 0.58902812004089355 0.4949394166469574
v 0.55680716037750244 0.74442625045776367 0.4949394166469574
v 0.55680716037750244 0.58902812004089355 0.63635075092315674
v 0.55680716037750244 0.74442625045776367 0.63635075092315674
v 1.511333703994751 0.58902812004089355 0.63635075092315674
v 1.511333703994751 0.58902812004089355 0.4949394166469574
v 0.29166090488433838 0.74442625045776367 0.4949394166469574
v 0.29166090488433838 1.2040131092071533 0.4949394166469574
v 0.29166090488433838 0.74442625045776367 0.63635075092315674
v 0.29166090488433838 1.2040131092071533 0.63635075092315674
v 1.511333703994751 1.2040131092071533 0.63635075092315674
v 1.511333703994751 1.2040131092071533 0.4949394166469574
vt -1.623194694519043 0.19596737623214722
vt -1.623194694519043 0.24766772985458374
vt -1.5761476755142212 0.19596737623214722
vt -1.5761476755142212 0.24766772985458374
vt 0.59618330001831055 2.5761477947235107
vt 0.59618330001831055 2.623194694519043
vt 0.27861601114273071 2.5761477947235107
vt 0.27861601114273071 2.623194694519043
vt -1.623194694519043 0.24766772985458374
vt -1.623194694519043 0.40057048201560974
vt -1.5761476755142212 0.24766772985458374
vt -1.5761476755142212 0.40057048201560974
vt 0.3156035840511322 2.5761477947235107
vt 0.3156035840511322 2.623194694519043
vt 0.72138398885726929 2.5761477947235107
vt 0.72138398885726929 2.623194694519043
vt 0.68439644575119019 2.5761477947235107
vt 0.68439644575119019 2.623194694519043
vt 0.59618330001831055 2.5761477947235107
vt 0.59618330001831055 2.623194694519043
vt 0.3156035840511322 0.40057048201560974
vt 0.72138398885726929 0.19596737623214722
vt 0.72138398885726929 0.40057048201560974
vt 0.40381669998168945 0.19596737623214722
vt 0.40381669998168945 0.24766772985458374
vt 0.3156035840511322 0.24766772985458374
vt 2.5761477947235107 0.19596737623214722
vt 2.5761477947235107 0.40057048201560974
vt 2.623194694519043 0.19596737623214722
vt 2.623194694519043 0.40057048201560974
vt 0.27861601114273071 0.19596737623214722
vt 0.27861601114273071 0.40057048201560974
vt 0.68439644575119019 0.40057048201560974
vt 0.59618330001831055 0.19596737623214722
vt 0.59618330001831055 0.24766772985458374
vt 0.68439644575119019 0.24766772985458374
vn -1 0 0
vn -1 0 0
vn -1 0 0
vn -1 0 0
vn 0 -1 0
vn 0 -1 0
vn 0 -1 0
vn 0 -1 0
vn -1 0 0
vn -1 0 0
vn -1 0 0
vn -1 0 0
vn 0 1 0
vn 0 1 0
vn 0 1 0
vn 0 1 0
vn 0 -1 0
vn 0 -1 0
vn 0 -1 0
vn 0 -1 0
vn 0 0 1
vn 0 0 1
vn 0 0 1
vn 0 0 1
vn 0 0 1
vn 0 0 1
vn 1 0 0
vn 1 0 0
vn 1 0 0
vn 1 0 0
vn 0 0 -1
vn 0 0 -1
vn 0 0 -1
vn 0 0 -1
vn 0 0 -1
vn 0 0 -1
f 347/988/988 346/987/987 348/989/989 349/990/990
f 346/992/992 351/994/994 350/993/993 348/991/991
f 353/996/996 352/995/995 354/997/997 355/998/998
f 353/1000/1000 355/999/999 356/1001/1001 357/1002/1002
f 352/1004/1004 347/1006/1006 349/1005/1005 354/1003/1003
f 349/1011/1011 355/1007/1007 354/1012/1012
f 356/1009/1009 349/1011/1011 350/1008/1008
f 348/1010/1010 350/1008/1008 349/1011/1011
f 355/1007/1007 349/1011/1011 356/1009/1009
f 356/1014/1014 350/1013/1013 351/1015/1015 357/1016/1016
f 347/1021/1021 357/1018/1018 351/1017/1017
f 346/1020/1020 347/1021/1021 351/1017/1017
f 353/1019/1019 347/1021/1021 352/1022/1022
f 357/1018/1018 347/1021/1021 353/1019/1019
v 1.515752911567688 1.1200500726699829 -0.42423433065414429
v 1.3478268384933472 1.1200500726699829 -0.31817582249641418
v 1.3478268384933472 1.1200500726699829 -0.42423433065414429
v 1.515752911567688 1.1200500726699829 -0.31817582249641418
v 1.3389886617660522 1.1200500726699829 -0.31817582249641418
v 1.171062707901001 1.1200500726699829 -0.31817582249641418
v 1.171062707901001 1.1200500726699829 -0.42423433065414429
v 1.3389886617660522 1.1200500726699829 -0.42423433065414429
v 1.1622245311737061 1.1200500726699829 -0.31817582249641418
v 1.1622245311737061 1.1200500726699829 -0.42423433065414429
v 0.97662210464477539 1.1200500726699829 -0.31817582249641418
v 0.97662210464477539 1.1200500726699829 -0.42423433065414429
v 0.77776241302490234 1.1156309843063354 -0.31817582249641418
v 0.77776241302490234 1.1156309843063354 -0.42423433065414429
v 0.87498271465301514 1.1156309843063354 -0.31817582249641418
v 0.87498271465301514 1.1156309843063354 -0.42423433065414429
v 0.87498271465301514 1.177498459815979 -0.31817582249641418
v 0.87498271465301514 1.177498459815979 -0.42423433065414429
v 0.87498271465301514 1.1730793714523315 -0.42423433065414429
v 0.97220301628112793 1.177498459815979 -0.31817582249641418
v 0.97220301628112793 1.177498459815979 -0.42423433065414429
v 0.96778392791748047 0.99631518125534058 -0.31817582249641418
v 0.96778392791748047 0.99631518125534058 -0.42423433065414429
v 0.7821815013885498 0.99631518125534058 -0.31817582249641418
v 0.7821815013885498 0.99631518125534058 -0.42423433065414429
v 0.7821815013885498 1.111211895942688 -0.31817582249641418
v 0.7821815013885498 1.111211895942688 -0.42423433065414429
v 0.87498271465301514 1.111211895942688 -0.31817582249641418
v 0.87498271465301514 1.111211895942688 -0.42423433065414429
v 0.87498271465301514 1.111211895942688 -0.32781749963760376
v 0.87498271465301514 1.111211895942688 -0.33745917677879333
v 0.87498271465301514 1.111211895942688 -0.34710085391998291
v 0.87498271465301514 1.111211895942688 -0.35674253106117249
v 0.87498271465301514 1.111211895942688 -0.36638423800468445
v 0.87498271465301514 1.111211895942688 -0.37602591514587402
v 0.87498271465301514 1.111211895942688 -0.3856675922870636
v 0.87498271465301514 1.111211895942688 -0.39530926942825317
v 0.87498271465301514 1.111211895942688 -0.40495094656944275
v 0.87498271465301514 1.111211895942688 -0.41459262371063232
v 0.8794018030166626 1.1156309843063354 -0.31817582249641418
v 0.8794018030166626 1.1156309843063354 -0.42423433065414429
v 0.8794018030166626 1.1730793714523315 -0.31817582249641418
v 0.8794018030166626 1.1730793714523315 -0.42423433065414429
v 0.8794018030166626 1.1156309843063354 -0.41459262371063232
v 0.8794018030166626 1.1156309843063354 -0.40495094656944275
v 0.8794018030166626 1.1156309843063354 -0.39530926942825317
v 0.8794018030166626 1.1156309843063354 -0.3856675922870636
v 0.8794018030166626 1.1156309843063354 -0.37602591514587402
v 0.8794018030166626 1.1156309843063354 -0.36638423800468445
v 0.8794018030166626 1.1156309843063354 -0.35674253106117249
v 0.8794018030166626 1.1156309843063354 -0.34710085391998291
v 0.8794018030166626 1.1156309843063354 -0.33745917677879333
v 0.8794018030166626 1.1156309843063354 -0.32781749963760376
v 0.96778392791748047 1.1730793714523315 -0.31817582249641418
v 0.96778392791748047 1.1730793714523315 -0.42423433065414429
v 0.87667876482009888 1.1115503311157227 -0.31817582249641418
v 0.87810748815536499 1.1125062704086304 -0.31817582249641418
v 0.87906748056411743 1.1139448881149292 -0.31817582249641418
v 0.87667876482009888 1.1115503311157227 -0.32781749963760376
v 0.87810748815536499 1.1125062704086304 -0.32781749963760376
v 0.87906748056411743 1.1139448881149292 -0.32781749963760376
v 0.87667876482009888 1.1115503311157227 -0.33745917677879333
v 0.87810748815536499 1.1125062704086304 -0.33745917677879333
v 0.87906748056411743 1.1139448881149292 -0.33745917677879333
v 0.87667876482009888 1.1115503311157227 -0.34710085391998291
v 0.87810748815536499 1.1125062704086304 -0.34710085391998291
v 0.87906748056411743 1.1139448881149292 -0.34710085391998291
v 0.87667876482009888 1.1115503311157227 -0.35674253106117249
v 0.87810748815536499 1.1125062704086304 -0.35674253106117249
v 0.87906748056411743 1.1139448881149292 -0.35674253106117249
v 0.87667876482009888 1.1115503311157227 -0.36638423800468445
v 0.87810748815536499 1.1125062704086304 -0.36638423800468445
v 0.87906748056411743 1.1139448881149292 -0.36638423800468445
v 0.87667876482009888 1.1115503311157227 -0.37602591514587402
v 0.87810748815536499 1.1125062704086304 -0.37602591514587402
v 0.87906748056411743 1.1139448881149292 -0.37602591514587402
v 0.87667876482009888 1.1115503311157227 -0.3856675922870636
v 0.87810748815536499 1.1125062704086304 -0.3856675922870636
v 0.87906748056411743 1.1139448881149292 -0.3856675922870636
v 0.87667876482009888 1.1115503311157227 -0.39530926942825317
v 0.87810748815536499 1.1125062704086304 -0.39530926942825317
v 0.87906748056411743 1.1139448881149292 -0.39530926942825317
v 0.87667876482009888 1.1115503311157227 -0.40495094656944275
v 0.87810748815536499 1.1125062704086304 -0.40495094656944275
v 0.87906748056411743 1.1139448881149292 -0.40495094656944275
v 0.87667876482009888 1.1115503311157227 -0.41459262371063232
v 0.87810748815536499 1.1125062704086304 -0.41459262371063232
v 0.87906748056411743 1.1139448881149292 -0.41459262371063232
v 0.87667876482009888 1.1115503311157227 -0.42423433065414429
v 0.87810748815536499 1.1125062704086304 -0.42423433065414429
v 0.87906748056411743 1.1139448881149292 -0.42423433065414429
v 0.87667876482009888 1.1115503311157227 -0.41941347718238831
v 0.87583917379379272 1.1112957000732422 -0.41459262371063232
v 0.87583917379379272 1.1112957000732422 -0.41941347718238831
v 0.87810748815536499 1.1125062704086304 -0.41941347718238831
v 0.87744706869125366 1.1119627952575684 -0.41459262371063232
v 0.87744706869125366 1.1119627952575684 -0.41941347718238831
v 0.87931907176971436 1.1147798299789429 -0.41459262371063232
v 0.87906748056411743 1.1139448881149292 -0.41941347718238831
v 0.87931907176971436 1.1147798299789429 -0.41941347718238831
v 0.87931907176971436 1.1147798299789429 -0.32781749963760376
v 0.87906748056411743 1.1139448881149292 -0.32299664616584778
v 0.87931907176971436 1.1147798299789429 -0.32299664616584778
v 0.87744706869125366 1.1119627952575684 -0.32781749963760376
v 0.87810748815536499 1.1125062704086304 -0.32299664616584778
v 0.87667876482009888 1.1115503311157227 -0.32299664616584778
v 0.87744706869125366 1.1119627952575684 -0.32299664616584778
v 0.87583917379379272 1.1112957000732422 -0.32781749963760376
v 0.87583917379379272 1.1112957000732422 -0.32299664616584778
v 0.58332180976867676 0.99189609289169312 -0.31817582249641418
v 0.58332180976867676 0.99189609289169312 -0.42423433065414429
v 0.68054211139678955 0.99189609289169312 -0.31817582249641418
v 0.68054211139678955 0.99189609289169312 -0.42423433065414429
v 0.68054211139678955 1.0537635087966919 -0.31817582249641418
v 0.68054211139678955 1.0537635087966919 -0.42423433065414429
v 0.77776241302490234 1.0537635087966919 -0.31817582249641418
v 0.77776241302490234 1.0537635087966919 -0.42423433065414429
v 0.77334332466125488 0.87258023023605347 -0.31817582249641418
v 0.77334332466125488 0.87258023023605347 -0.42423433065414429
v 0.58774089813232422 0.87258023023605347 -0.31817582249641418
v 0.58774089813232422 0.87258023023605347 -0.42423433065414429
v 0.58774089813232422 0.98747694492340088 -0.31817582249641418
v 0.58774089813232422 0.98747694492340088 -0.42423433065414429
v 0.68054211139678955 0.98747694492340088 -0.31817582249641418
v 0.68054211139678955 0.98747694492340088 -0.42423433065414429
v 0.68054211139678955 0.98747694492340088 -0.32781749963760376
v 0.68054211139678955 0.98747694492340088 -0.33745917677879333
v 0.68054211139678955 0.98747694492340088 -0.34710085391998291
v 0.68054211139678955 0.98747694492340088 -0.35674253106117249
v 0.68054211139678955 0.98747694492340088 -0.36638423800468445
v 0.68054211139678955 0.98747694492340088 -0.37602591514587402
v 0.68054211139678955 0.98747694492340088 -0.3856675922870636
v 0.68054211139678955 0.98747694492340088 -0.39530926942825317
v 0.68054211139678955 0.98747694492340088 -0.40495094656944275
v 0.68054211139678955 0.98747694492340088 -0.41459262371063232
v 0.68496119976043701 0.99189609289169312 -0.31817582249641418
v 0.68496119976043701 0.99189609289169312 -0.42423433065414429
v 0.68496119976043701 1.0493444204330444 -0.31817582249641418
v 0.68496119976043701 1.0493444204330444 -0.42423433065414429
v 0.68496119976043701 0.99189609289169312 -0.41459262371063232
v 0.68496119976043701 0.99189609289169312 -0.40495094656944275
v 0.68496119976043701 0.99189609289169312 -0.39530926942825317
v 0.68496119976043701 0.99189609289169312 -0.3856675922870636
v 0.68496119976043701 0.99189609289169312 -0.37602591514587402
v 0.68496119976043701 0.99189609289169312 -0.36638423800468445
v 0.68496119976043701 0.99189609289169312 -0.35674253106117249
v 0.68496119976043701 0.99189609289169312 -0.34710085391998291
v 0.68496119976043701 0.99189609289169312 -0.33745917677879333
v 0.68496119976043701 0.99189609289169312 -0.32781749963760376
v 0.77334332466125488 1.0493444204330444 -0.31817582249641418
v 0.77334332466125488 1.0493444204330444 -0.42423433065414429
v 0.68223816156387329 0.98781543970108032 -0.31817582249641418
v 0.6836668848991394 0.98877131938934326 -0.31817582249641418
v 0.68462687730789185 0.99020993709564209 -0.31817582249641418
v 0.68223816156387329 0.98781543970108032 -0.32781749963760376
v 0.6836668848991394 0.98877131938934326 -0.32781749963760376
v 0.68462687730789185 0.99020993709564209 -0.32781749963760376
v 0.68223816156387329 0.98781543970108032 -0.33745917677879333
v 0.6836668848991394 0.98877131938934326 -0.33745917677879333
v 0.68462687730789185 0.99020993709564209 -0.33745917677879333
v 0.68223816156387329 0.98781543970108032 -0.34710085391998291
v 0.6836668848991394 0.98877131938934326 -0.34710085391998291
v 0.68462687730789185 0.99020993709564209 -0.34710085391998291
v 0.68223816156387329 0.98781543970108032 -0.35674253106117249
v 0.6836668848991394 0.98877131938934326 -0.35674253106117249
v 0.68462687730789185 0.99020993709564209 -0.35674253106117249
v 0.68223816156387329 0.98781543970108032 -0.36638423800468445
v 0.6836668848991394 0.98877131938934326 -0.36638423800468445
v 0.68462687730789185 0.99020993709564209 -0.36638423800468445
v 0.68223816156387329 0.98781543970108032 -0.37602591514587402
v 0.6836668848991394 0.98877131938934326 -0.37602591514587402
v 0.68462687730789185 0.99020993709564209 -0.37602591514587402
v 0.68223816156387329 0.98781543970108032 -0.3856675922870636
v 0.6836668848991394 0.98877131938934326 -0.3856675922870636
v 0.68462687730789185 0.99020993709564209 -0.3856675922870636
v 0.68223816156387329 0.98781543970108032 -0.39530926942825317
v 0.6836668848991394 0.98877131938934326 -0.39530926942825317
v 0.68462687730789185 0.99020993709564209 -0.39530926942825317
v 0.68223816156387329 0.98781543970108032 -0.40495094656944275
v 0.6836668848991394 0.98877131938934326 -0.40495094656944275
v 0.68462687730789185 0.99020993709564209 -0.40495094656944275
v 0.68223816156387329 0.98781543970108032 -0.41459262371063232
v 0.6836668848991394 0.98877131938934326 -0.41459262371063232
v 0.68462687730789185 0.99020993709564209 -0.41459262371063232
v 0.68223816156387329 0.98781543970108032 -0.42423433065414429
v 0.6836668848991394 0.98877131938934326 -0.42423433065414429
v 0.68462687730789185 0.99020993709564209 -0.42423433065414429
v 0.68223816156387329 0.98781543970108032 -0.41941347718238831
v 0.68139857053756714 0.98756074905395508 -0.41459262371063232
v 0.68139857053756714 0.98756074905395508 -0.41941347718238831
v 0.6836668848991394 0.98877131938934326 -0.41941347718238831
v 0.68300646543502808 0.98822790384292603 -0.41459262371063232
v 0.68300646543502808 0.98822790384292603 -0.41941347718238831
v 0.68487846851348877 0.99104481935501099 -0.41459262371063232
v 0.68462687730789185 0.99020993709564209 -0.41941347718238831
v 0.68487846851348877 0.99104481935501099 -0.41941347718238831
v 0.68487846851348877 0.99104481935501099 -0.32781749963760376
v 0.68462687730789185 0.99020993709564209 -0.32299664616584778
v 0.68487846851348877 0.99104481935501099 -0.32299664616584778
v 0.68300646543502808 0.98822790384292603 -0.32781749963760376
v 0.6836668848991394 0.98877131938934326 -0.32299664616584778
v 0.68223816156387329 0.98781543970108032 -0.32299664616584778
v 0.68300646543502808 0.98822790384292603 -0.32299664616584778
v 0.68139857053756714 0.98756074905395508 -0.32781749963760376
v 0.68139857053756714 0.98756074905395508 -0.32299664616584778
v 0.38888120651245117 0.86816114187240601 -0.31817582249641418
v 0.38888120651245117 0.86816114187240601 -0.42423433065414429
v 0.48610150814056396 0.86816114187240601 -0.31817582249641418
v 0.48610150814056396 0.86816114187240601 -0.42423433065414429
v 0.48610150814056396 0.93002861738204956 -0.31817582249641418
v 0.48610150814056396 0.93002861738204956 -0.42423433065414429
v 0.58332180976867676 0.93002861738204956 -0.31817582249641418
v 0.58332180976867676 0.93002861738204956 -0.42423433065414429
v 0.5789027214050293 0.74884533882141113 -0.31817582249641418
v 0.5789027214050293 0.74884533882141113 -0.42423433065414429
v 0.39330029487609863 0.74884533882141113 -0.31817582249641418
v 0.39330029487609863 0.74884533882141113 -0.42423433065414429
v 0.39330029487609863 0.86374205350875854 -0.31817582249641418
v 0.39330029487609863 0.86374205350875854 -0.42423433065414429
v 0.48610150814056396 0.86374205350875854 -0.31817582249641418
v 0.48610150814056396 0.86374205350875854 -0.42423433065414429
v 0.48610150814056396 0.86374205350875854 -0.32781749963760376
v 0.48610150814056396 0.86374205350875854 -0.33745917677879333
v 0.48610150814056396 0.86374205350875854 -0.34710085391998291
v 0.48610150814056396 0.86374205350875854 -0.35674253106117249
v 0.48610150814056396 0.86374205350875854 -0.36638423800468445
v 0.48610150814056396 0.86374205350875854 -0.37602591514587402
v 0.48610150814056396 0.86374205350875854 -0.3856675922870636
v 0.48610150814056396 0.86374205350875854 -0.39530926942825317
v 0.48610150814056396 0.86374205350875854 -0.40495094656944275
v 0.48610150814056396 0.86374205350875854 -0.41459262371063232
v 0.49052059650421143 0.86816114187240601 -0.31817582249641418
v 0.49052059650421143 0.86816114187240601 -0.42423433065414429
v 0.49052059650421143 0.9256095290184021 -0.31817582249641418
v 0.49052059650421143 0.9256095290184021 -0.42423433065414429
v 0.49052059650421143 0.86816114187240601 -0.41459262371063232
v 0.49052059650421143 0.86816114187240601 -0.40495094656944275
v 0.49052059650421143 0.86816114187240601 -0.39530926942825317
v 0.49052059650421143 0.86816114187240601 -0.3856675922870636
v 0.49052059650421143 0.86816114187240601 -0.37602591514587402
v 0.49052059650421143 0.86816114187240601 -0.36638423800468445
v 0.49052059650421143 0.86816114187240601 -0.35674253106117249
v 0.49052059650421143 0.86816114187240601 -0.34710085391998291
v 0.49052059650421143 0.86816114187240601 -0.33745917677879333
v 0.49052059650421143 0.86816114187240601 -0.32781749963760376
v 0.5789027214050293 0.9256095290184021 -0.31817582249641418
v 0.5789027214050293 0.9256095290184021 -0.42423433065414429
v 0.48779758810997009 0.86408048868179321 -0.31817582249641418
v 0.48922628164291382 0.86503636837005615 -0.31817582249641418
v 0.49018627405166626 0.86647498607635498 -0.31817582249641418
v 0.48779758810997009 0.86408048868179321 -0.32781749963760376
v 0.48922628164291382 0.86503636837005615 -0.32781749963760376
v 0.49018627405166626 0.86647498607635498 -0.32781749963760376
v 0.48779758810997009 0.86408048868179321 -0.33745917677879333
v 0.48922628164291382 0.86503636837005615 -0.33745917677879333
v 0.49018627405166626 0.86647498607635498 -0.33745917677879333
v 0.48779758810997009 0.86408048868179321 -0.34710085391998291
v 0.48922628164291382 0.86503636837005615 -0.34710085391998291
v 0.49018627405166626 0.86647498607635498 -0.34710085391998291
v 0.48779758810997009 0.86408048868179321 -0.35674253106117249
v 0.48922628164291382 0.86503636837005615 -0.35674253106117249
v 0.49018627405166626 0.86647498607635498 -0.35674253106117249
v 0.48779758810997009 0.86408048868179321 -0.36638423800468445
v 0.48922628164291382 0.86503636837005615 -0.36638423800468445
v 0.49018627405166626 0.86647498607635498 -0.36638423800468445
v 0.48779758810997009 0.86408048868179321 -0.37602591514587402
v 0.48922628164291382 0.86503636837005615 -0.37602591514587402
v 0.49018627405166626 0.86647498607635498 -0.37602591514587402
v 0.48779758810997009 0.86408048868179321 -0.3856675922870636
v 0.48922628164291382 0.86503636837005615 -0.3856675922870636
v 0.49018627405166626 0.86647498607635498 -0.3856675922870636
v 0.48779758810997009 0.86408048868179321 -0.39530926942825317
v 0.48922628164291382 0.86503636837005615 -0.39530926942825317
v 0.49018627405166626 0.86647498607635498 -0.39530926942825317
v 0.48779758810997009 0.86408048868179321 -0.40495094656944275
v 0.48922628164291382 0.86503636837005615 -0.40495094656944275
v 0.49018627405166626 0.86647498607635498 -0.40495094656944275
v 0.48779758810997009 0.86408048868179321 -0.41459262371063232
v 0.48922628164291382 0.86503636837005615 -0.41459262371063232
v 0.49018627405166626 0.86647498607635498 -0.41459262371063232
v 0.48779758810997009 0.86408048868179321 -0.42423433065414429
v 0.48922628164291382 0.86503636837005615 -0.42423433065414429
v 0.49018627405166626 0.86647498607635498 -0.42423433065414429
v 0.48779758810997009 0.86408048868179321 -0.41941347718238831
v 0.48695793747901917 0.86382585763931274 -0.41459262371063232
v 0.48695793747901917 0.86382585763931274 -0.41941347718238831
v 0.48922628164291382 0.86503636837005615 -0.41941347718238831
v 0.48856586217880249 0.86449295282363892 -0.41459262371063232
v 0.48856586217880249 0.86449295282363892 -0.41941347718238831
v 0.4904378354549408 0.86730992794036865 -0.41459262371063232
v 0.49018627405166626 0.86647498607635498 -0.41941347718238831
v 0.4904378354549408 0.86730992794036865 -0.41941347718238831
v 0.4904378354549408 0.86730992794036865 -0.32781749963760376
v 0.49018627405166626 0.86647498607635498 -0.32299664616584778
v 0.4904378354549408 0.86730992794036865 -0.32299664616584778
v 0.48856586217880249 0.86449295282363892 -0.32781749963760376
v 0.48922628164291382 0.86503636837005615 -0.32299664616584778
v 0.48779758810997009 0.86408048868179321 -0.32299664616584778
v 0.48856586217880249 0.86449295282363892 -0.32299664616584778
v 0.48695793747901917 0.86382585763931274 -0.32781749963760376
v 0.48695793747901917 0.86382585763931274 -0.32299664616584778
v 0.29166090488433838 0.74442625045776367 -0.31817582249641418
v 0.29166090488433838 0.74442625045776367 -0.42423433065414429
v 0.29166090488433838 0.80629366636276245 -0.31817582249641418
v 0.29166090488433838 0.80629366636276245 -0.42423433065414429
v 0.38888120651245117 0.80629366636276245 -0.31817582249641418
v 0.38888120651245117 0.80629366636276245 -0.42423433065414429
v 0.29607999324798584 0.80187457799911499 -0.31817582249641418
v 0.29607999324798584 0.80187457799911499 -0.42423433065414429
v 0.38446208834648132 0.80187457799911499 -0.31817582249641418
v 0.38446208834648132 0.80187457799911499 -0.42423433065414429
v 0.38446208834648132 0.62511038780212402 -0.31817582249641418
v 0.38446208834648132 0.62511038780212402 -0.42423433065414429
v 0.29607999324798584 0.62511038780212402 -0.31817582249641418
v 0.29607999324798584 0.62511038780212402 -0.42423433065414429
v 0.097220301628112793 0.62069129943847656 -0.31817582249641418
v 0.097220301628112793 0.62069129943847656 -0.42423433065414429
v 0.097220301628112793 0.68255877494812012 -0.31817582249641418
v 0.097220301628112793 0.68255877494812012 -0.42423433065414429
v 0.19444060325622559 0.68255877494812012 -0.31817582249641418
v 0.19444060325622559 0.68255877494812012 -0.42423433065414429
v 0.19444060325622559 0.74442625045776367 -0.31817582249641418
v 0.19444060325622559 0.74442625045776367 -0.42423433065414429
v 0.28724178671836853 0.74000710248947144 -0.42423433065414429
v 0.28724178671836853 0.62511038780212402 -0.31817582249641418
v 0.28724178671836853 0.62511038780212402 -0.42423433065414429
v 0.28724178671836853 0.74000710248947144 -0.31817582249641418
v 0.10163940489292145 0.62511038780212402 -0.31817582249641418
v 0.10163940489292145 0.62511038780212402 -0.42423433065414429
v 0.10163940489292145 0.67813962697982788 -0.31817582249641418
v 0.10163940489292145 0.67813962697982788 -0.42423433065414429
v 0.19444060325622559 0.67813962697982788 -0.31817582249641418
v 0.19444060325622559 0.67813962697982788 -0.42423433065414429
v 0.19444060325622559 0.67813962697982788 -0.32781749963760376
v 0.19444060325622559 0.67813962697982788 -0.33745917677879333
v 0.19444060325622559 0.67813962697982788 -0.34710085391998291
v 0.19444060325622559 0.67813962697982788 -0.35674253106117249
v 0.19444060325622559 0.67813962697982788 -0.36638423800468445
v 0.19444060325622559 0.67813962697982788 -0.37602591514587402
v 0.19444060325622559 0.67813962697982788 -0.3856675922870636
v 0.19444060325622559 0.67813962697982788 -0.39530926942825317
v 0.19444060325622559 0.67813962697982788 -0.40495094656944275
v 0.19444060325622559 0.67813962697982788 -0.41459262371063232
v 0.19885970652103424 0.68255877494812012 -0.31817582249641418
v 0.19885970652103424 0.68255877494812012 -0.42423433065414429
v 0.19885970652103424 0.74000710248947144 -0.31817582249641418
v 0.19885970652103424 0.74000710248947144 -0.42423433065414429
v 0.19885970652103424 0.68255877494812012 -0.41459262371063232
v 0.19885970652103424 0.68255877494812012 -0.40495094656944275
v 0.19885970652103424 0.68255877494812012 -0.39530926942825317
v 0.19885970652103424 0.68255877494812012 -0.3856675922870636
v 0.19885970652103424 0.68255877494812012 -0.37602591514587402
v 0.19885970652103424 0.68255877494812012 -0.36638423800468445
v 0.19885970652103424 0.68255877494812012 -0.35674253106117249
v 0.19885970652103424 0.68255877494812012 -0.34710085391998291
v 0.19885970652103424 0.68255877494812012 -0.33745917677879333
v 0.19885970652103424 0.68255877494812012 -0.32781749963760376
v 0.19613668322563171 0.67847812175750732 -0.31817582249641418
v 0.19756537675857544 0.67943400144577026 -0.31817582249641418
v 0.19852536916732788 0.68087261915206909 -0.31817582249641418
v 0.19613668322563171 0.67847812175750732 -0.32781749963760376
v 0.19756537675857544 0.67943400144577026 -0.32781749963760376
v 0.19852536916732788 0.68087261915206909 -0.32781749963760376
v 0.19613668322563171 0.67847812175750732 -0.33745917677879333
v 0.19756537675857544 0.67943400144577026 -0.33745917677879333
v 0.19852536916732788 0.68087261915206909 -0.33745917677879333
v 0.19613668322563171 0.67847812175750732 -0.34710085391998291
v 0.19756537675857544 0.67943400144577026 -0.34710085391998291
v 0.19852536916732788 0.68087261915206909 -0.34710085391998291
v 0.19613668322563171 0.67847812175750732 -0.35674253106117249
v 0.19756537675857544 0.67943400144577026 -0.35674253106117249
v 0.19852536916732788 0.68087261915206909 -0.35674253106117249
v 0.19613668322563171 0.67847812175750732 -0.36638423800468445
v 0.19756537675857544 0.67943400144577026 -0.36638423800468445
v 0.19852536916732788 0.68087261915206909 -0.36638423800468445
v 0.19613668322563171 0.67847812175750732 -0.37602591514587402
v 0.19756537675857544 0.67943400144577026 -0.37602591514587402
v 0.19852536916732788 0.68087261915206909 -0.37602591514587402
v 0.19613668322563171 0.67847812175750732 -0.3856675922870636
v 0.19756537675857544 0.67943400144577026 -0.3856675922870636
v 0.19852536916732788 0.68087261915206909 -0.3856675922870636
v 0.19613668322563171 0.67847812175750732 -0.39530926942825317
v 0.19756537675857544 0.67943400144577026 -0.39530926942825317
v 0.19852536916732788 0.68087261915206909 -0.39530926942825317
v 0.19613668322563171 0.67847812175750732 -0.40495094656944275
v 0.19756537675857544 0.67943400144577026 -0.40495094656944275
v 0.19852536916732788 0.68087261915206909 -0.40495094656944275
v 0.19613668322563171 0.67847812175750732 -0.41459262371063232
v 0.19756537675857544 0.67943400144577026 -0.41459262371063232
v 0.19852536916732788 0.68087261915206909 -0.41459262371063232
v 0.19613668322563171 0.67847812175750732 -0.42423433065414429
v 0.19756537675857544 0.67943400144577026 -0.42423433065414429
v 0.19852536916732788 0.68087261915206909 -0.42423433065414429
v 0.19613668322563171 0.67847812175750732 -0.41941347718238831
v 0.19529704749584198 0.67822343111038208 -0.41459262371063232
v 0.19529704749584198 0.67822343111038208 -0.41941347718238831
v 0.19756537675857544 0.67943400144577026 -0.41941347718238831
v 0.19690494239330292 0.67889058589935303 -0.41459262371063232
v 0.19690494239330292 0.67889058589935303 -0.41941347718238831
v 0.19877694547176361 0.68170750141143799 -0.41459262371063232
v 0.19852536916732788 0.68087261915206909 -0.41941347718238831
v 0.19877694547176361 0.68170750141143799 -0.41941347718238831
v 0.19877694547176361 0.68170750141143799 -0.32781749963760376
v 0.19852536916732788 0.68087261915206909 -0.32299664616584778
v 0.19877694547176361 0.68170750141143799 -0.32299664616584778
v 0.19690494239330292 0.67889058589935303 -0.32781749963760376
v 0.19756537675857544 0.67943400144577026 -0.32299664616584778
v 0.19613668322563171 0.67847812175750732 -0.32299664616584778
v 0.19690494239330292 0.67889058589935303 -0.32299664616584778
v 0.19529704749584198 0.67822343111038208 -0.32781749963760376
v 0.19529704749584198 0.67822343111038208 -0.32299664616584778
v 0 0.55882382392883301 -0.31817582249641418
v 0 0.55882382392883301 -0.42423433065414429
v 0 0.62069129943847656 -0.31817582249641418
v 0 0.62069129943847656 -0.42423433065414429
v 0.092801198363304138 0.6162722110748291 -0.31817582249641418
v 0.092801198363304138 0.6162722110748291 -0.42423433065414429
v 0.092801198363304138 0.37764054536819458 -0.31817582249641418
v 0.092801198363304138 0.37764054536819458 -0.42423433065414429
v -0.066286571323871613 0.37764054536819458 -0.31817582249641418
v -0.066286571323871613 0.37764054536819458 -0.42423433065414429
v -0.066286571323871613 0.55440473556518555 -0.31817582249641418
v -0.066286571323871613 0.55440473556518555 -0.42423433065414429
v 0 0.55440473556518555 -0.31817582249641418
v 0 0.55440473556518555 -0.42423433065414429
v 0 0.55440473556518555 -0.32781749963760376
v 0 0.55440473556518555 -0.33745917677879333
v 0 0.55440473556518555 -0.34710085391998291
v 0 0.55440473556518555 -0.35674253106117249
v 0 0.55440473556518555 -0.36638423800468445
v 0 0.55440473556518555 -0.37602591514587402
v 0 0.55440473556518555 -0.3856675922870636
v 0 0.55440473556518555 -0.39530926942825317
v 0 0.55440473556518555 -0.40495094656944275
v 0 0.55440473556518555 -0.41459262371063232
v 0.0044191046617925167 0.55882382392883301 -0.31817582249641418
v 0.0044191046617925167 0.55882382392883301 -0.42423433065414429
v 0.0044191046617925167 0.6162722110748291 -0.31817582249641418
v 0.0044191046617925167 0.6162722110748291 -0.42423433065414429
v 0.0044191046617925167 0.55882382392883301 -0.41459262371063232
v 0.0044191046617925167 0.55882382392883301 -0.40495094656944275
v 0.0044191046617925167 0.55882382392883301 -0.39530926942825317
v 0.0044191046617925167 0.55882382392883301 -0.3856675922870636
v 0.0044191046617925167 0.55882382392883301 -0.37602591514587402
v 0.0044191046617925167 0.55882382392883301 -0.36638423800468445
v 0.0044191046617925167 0.55882382392883301 -0.35674253106117249
v 0.0044191046617925167 0.55882382392883301 -0.34710085391998291
v 0.0044191046617925167 0.55882382392883301 -0.33745917677879333
v 0.0044191046617925167 0.55882382392883301 -0.32781749963760376
v 0.0016960796201601624 0.55474317073822021 -0.31817582249641418
v 0.0031247788574546576 0.55569905042648315 -0.31817582249641418
v 0.0040847728960216045 0.55713766813278198 -0.31817582249641418
v 0.0016960796201601624 0.55474317073822021 -0.32781749963760376
v 0.0031247788574546576 0.55569905042648315 -0.32781749963760376
v 0.0040847728960216045 0.55713766813278198 -0.32781749963760376
v 0.0016960796201601624 0.55474317073822021 -0.33745917677879333
v 0.0031247788574546576 0.55569905042648315 -0.33745917677879333
v 0.0040847728960216045 0.55713766813278198 -0.33745917677879333
v 0.0016960796201601624 0.55474317073822021 -0.34710085391998291
v 0.0031247788574546576 0.55569905042648315 -0.34710085391998291
v 0.0040847728960216045 0.55713766813278198 -0.34710085391998291
v 0.0016960796201601624 0.55474317073822021 -0.35674253106117249
v 0.0031247788574546576 0.55569905042648315 -0.35674253106117249
v 0.0040847728960216045 0.55713766813278198 -0.35674253106117249
v 0.0016960796201601624 0.55474317073822021 -0.36638423800468445
v 0.0031247788574546576 0.55569905042648315 -0.36638423800468445
v 0.0040847728960216045 0.55713766813278198 -0.36638423800468445
v 0.0016960796201601624 0.55474317073822021 -0.37602591514587402
v 0.0031247788574546576 0.55569905042648315 -0.37602591514587402
v 0.0040847728960216045 0.55713766813278198 -0.37602591514587402
v 0.0016960796201601624 0.55474317073822021 -0.3856675922870636
v 0.0031247788574546576 0.55569905042648315 -0.3856675922870636
v 0.0040847728960216045 0.55713766813278198 -0.3856675922870636
v 0.0016960796201601624 0.55474317073822021 -0.39530926942825317
v 0.0031247788574546576 0.55569905042648315 -0.39530926942825317
v 0.0040847728960216045 0.55713766813278198 -0.39530926942825317
v 0.0016960796201601624 0.55474317073822021 -0.40495094656944275
v 0.0031247788574546576 0.55569905042648315 -0.40495094656944275
v 0.0040847728960216045 0.55713766813278198 -0.40495094656944275
v 0.0016960796201601624 0.55474317073822021 -0.41459262371063232
v 0.0031247788574546576 0.55569905042648315 -0.41459262371063232
v 0.0040847728960216045 0.55713766813278198 -0.41459262371063232
v 0.0016960796201601624 0.55474317073822021 -0.42423433065414429
v 0.0031247788574546576 0.55569905042648315 -0.42423433065414429
v 0.0040847728960216045 0.55713766813278198 -0.42423433065414429
v 0.0016960796201601624 0.55474317073822021 -0.41941347718238831
v 0.00085645029321312904 0.55448853969573975 -0.41459262371063232
v 0.00085645029321312904 0.55448853969573975 -0.41941347718238831
v 0.0031247788574546576 0.55569905042648315 -0.41941347718238831
v 0.0024643475189805031 0.55515563488006592 -0.41459262371063232
v 0.0024643475189805031 0.55515563488006592 -0.41941347718238831
v 0.0043363450095057487 0.55797260999679565 -0.41459262371063232
v 0.0040847728960216045 0.55713766813278198 -0.41941347718238831
v 0.0043363450095057487 0.55797260999679565 -0.41941347718238831
v 0.0043363450095057487 0.55797260999679565 -0.32781749963760376
v 0.0040847728960216045 0.55713766813278198 -0.32299664616584778
v 0.0043363450095057487 0.55797260999679565 -0.32299664616584778
v 0.0024643475189805031 0.55515563488006592 -0.32781749963760376
v 0.0031247788574546576 0.55569905042648315 -0.32299664616584778
v 0.0016960796201601624 0.55474317073822021 -0.32299664616584778
v 0.0024643475189805031 0.55515563488006592 -0.32299664616584778
v 0.00085645029321312904 0.55448853969573975 -0.32781749963760376
v 0.00085645029321312904 0.55448853969573975 -0.32299664616584778
v -0.075124777853488922 0.55440473556518555 -0.31817582249641418
v -0.075124777853488922 0.55440473556518555 -0.42423433065414429
v -0.075124777853488922 0.37764054536819458 -0.31817582249641418
v -0.075124777853488922 0.37764054536819458 -0.42423433065414429
v -0.24305075407028198 0.37764054536819458 -0.31817582249641418
v -0.24305075407028198 0.37764054536819458 -0.42423433065414429
v -0.24305075407028198 0.55440473556518555 -0.31817582249641418
v -0.24305075407028198 0.55440473556518555 -0.42423433065414429
v -0.41981494426727295 0.37764054536819458 -0.31817582249641418
v -0.41981494426727295 0.37764054536819458 -0.42423433065414429
v -0.41981494426727295 0.55440473556518555 -0.31817582249641418
v -0.41981494426727295 0.55440473556518555 -0.42423433065414429
v -0.25188896059989929 0.55440473556518555 -0.31817582249641418
v -0.25188896059989929 0.55440473556518555 -0.42423433065414429
v -0.25188896059989929 0.37764054536819458 -0.31817582249641418
v -0.25188896059989929 0.37764054536819458 -0.42423433065414429
v -0.41981494426727295 0.25390562415122986 -0.31817582249641418
v -0.41981494426727295 0.25390562415122986 -0.42423433065414429
v -0.41981494426727295 0.36880233883857727 -0.31817582249641418
v -0.41981494426727295 0.36880233883857727 -0.42423433065414429
v -0.25188896059989929 0.36880233883857727 -0.42423433065414429
v -0.25188896059989929 0.36880233883857727 -0.31817582249641418
v -0.25188896059989929 0.25390562415122986 -0.31817582249641418
v -0.25188896059989929 0.25390562415122986 -0.42423433065414429
v -0.24305075407028198 0.36880233883857727 -0.31817582249641418
v -0.24305075407028198 0.36880233883857727 -0.42423433065414429
v -0.075124777853488922 0.36880233883857727 -0.31817582249641418
v -0.075124777853488922 0.36880233883857727 -0.42423433065414429
v -0.075124777853488922 0.25390562415122986 -0.31817582249641418
v -0.075124777853488922 0.25390562415122986 -0.42423433065414429
v -0.24305075407028198 0.25390562415122986 -0.31817582249641418
v -0.24305075407028198 0.25390562415122986 -0.42423433065414429
v -0.066286571323871613 0.25390562415122986 -0.31817582249641418
v -0.066286571323871613 0.25390562415122986 -0.42423433065414429
v -0.066286571323871613 0.36880233883857727 -0.31817582249641418
v -0.066286571323871613 0.36880233883857727 -0.42423433065414429
v 0.092801198363304138 0.36880233883857727 -0.31817582249641418
v 0.092801198363304138 0.36880233883857727 -0.42423433065414429
v 0.092801198363304138 0.25390562415122986 -0.31817582249641418
v 0.092801198363304138 0.25390562415122986 -0.42423433065414429
v -0.066286571323871613 0.24506740272045135 -0.31817582249641418
v -0.066286571323871613 0.24506740272045135 -0.42423433065414429
v 0.092801198363304138 0.24506740272045135 -0.42423433065414429
v 0.092801198363304138 0.24506740272045135 -0.31817582249641418
v 0.092801198363304138 0.13017068803310394 -0.42423433065414429
v 0.092801198363304138 0.13017068803310394 -0.31817582249641418
v -0.066286571323871613 0.13017068803310394 -0.42423433065414429
v -0.066286571323871613 0.13017068803310394 -0.31817582249641418
v -0.075124777853488922 0.24506740272045135 -0.31817582249641418
v -0.075124777853488922 0.24506740272045135 -0.42423433065414429
v -0.075124777853488922 0.13017068803310394 -0.31817582249641418
v -0.075124777853488922 0.13017068803310394 -0.42423433065414429
v -0.24305075407028198 0.13017068803310394 -0.31817582249641418
v -0.24305075407028198 0.13017068803310394 -0.42423433065414429
v -0.24305075407028198 0.24506740272045135 -0.31817582249641418
v -0.24305075407028198 0.24506740272045135 -0.42423433065414429
v -0.41981494426727295 0.13017068803310394 -0.31817582249641418
v -0.41981494426727295 0.13017068803310394 -0.42423433065414429
v -0.41981494426727295 0.24506740272045135 -0.31817582249641418
v -0.41981494426727295 0.24506740272045135 -0.42423433065414429
v -0.25188896059989929 0.24506740272045135 -0.42423433065414429
v -0.25188896059989929 0.24506740272045135 -0.31817582249641418
v -0.25188896059989929 0.13017068803310394 -0.31817582249641418
v -0.25188896059989929 0.13017068803310394 -0.42423433065414429
v -0.41981494426727295 0.12133248150348663 -0.31817582249641418
v -0.41981494426727295 0.12133248150348663 -0.42423433065414429
v -0.25188896059989929 0.12133248150348663 -0.31817582249641418
v -0.25188896059989929 0.12133248150348663 -0.42423433065414429
v -0.25188896059989929 0.0064357621595263481 -0.31817582249641418
v -0.25188896059989929 0.0064357621595263481 -0.42423433065414429
v -0.41981494426727295 0.0064357621595263481 -0.42423433065414429
v -0.41981494426727295 0.0064357621595263481 -0.31817582249641418
v -0.24305075407028198 0.12133248150348663 -0.31817582249641418
v -0.24305075407028198 0.12133248150348663 -0.42423433065414429
v -0.075124777853488922 0.12133248150348663 -0.31817582249641418
v -0.075124777853488922 0.12133248150348663 -0.42423433065414429
v -0.075124777853488922 0.0064357621595263481 -0.31817582249641418
v -0.075124777853488922 0.0064357621595263481 -0.42423433065414429
v -0.24305075407028198 0.0064357621595263481 -0.42423433065414429
v -0.24305075407028198 0.0064357621595263481 -0.31817582249641418
v 0.092801198363304138 0.12133248150348663 -0.31817582249641418
v 0.092801198363304138 0.12133248150348663 -0.42423433065414429
v 0.092801198363304138 0.0064357621595263481 -0.42423433065414429
v 0.092801198363304138 0.0064357621595263481 -0.31817582249641418
v -0.066286571323871613 0.0064357621595263481 -0.31817582249641418
v -0.066286571323871613 0.0064357621595263481 -0.42423433065414429
v -0.066286571323871613 0.12133248150348663 -0.31817582249641418
v -0.066286571323871613 0.12133248150348663 -0.42423433065414429
v 0.28724178671836853 0.12133248150348663 -0.31817582249641418
v 0.28724178671836853 0.12133248150348663 -0.42423433065414429
v 0.28724178671836853 0.0064357621595263481 -0.31817582249641418
v 0.28724178671836853 0.0064357621595263481 -0.42423433065414429
v 0.10163940489292145 0.0064357621595263481 -0.31817582249641418
v 0.10163940489292145 0.0064357621595263481 -0.42423433065414429
v 0.10163940489292145 0.12133248150348663 -0.31817582249641418
v 0.10163940489292145 0.12133248150348663 -0.42423433065414429
v 0.28724178671836853 0.13017068803310394 -0.31817582249641418
v 0.28724178671836853 0.13017068803310394 -0.42423433065414429
v 0.10163940489292145 0.13017068803310394 -0.31817582249641418
v 0.10163940489292145 0.13017068803310394 -0.42423433065414429
v 0.10163940489292145 0.24506740272045135 -0.31817582249641418
v 0.10163940489292145 0.24506740272045135 -0.42423433065414429
v 0.28724178671836853 0.24506740272045135 -0.42423433065414429
v 0.28724178671836853 0.24506740272045135 -0.31817582249641418
v 0.28724178671836853 0.36880233883857727 -0.31817582249641418
v 0.28724178671836853 0.36880233883857727 -0.42423433065414429
v 0.28724178671836853 0.25390562415122986 -0.31817582249641418
v 0.28724178671836853 0.25390562415122986 -0.42423433065414429
v 0.10163940489292145 0.25390562415122986 -0.31817582249641418
v 0.10163940489292145 0.25390562415122986 -0.42423433065414429
v 0.10163940489292145 0.36880233883857727 -0.31817582249641418
v 0.10163940489292145 0.36880233883857727 -0.42423433065414429
v 0.28724178671836853 0.49253726005554199 -0.31817582249641418
v 0.28724178671836853 0.49253726005554199 -0.42423433065414429
v 0.28724178671836853 0.37764054536819458 -0.31817582249641418
v 0.28724178671836853 0.37764054536819458 -0.42423433065414429
v 0.10163940489292145 0.37764054536819458 -0.31817582249641418
v 0.10163940489292145 0.37764054536819458 -0.42423433065414429
v 0.10163940489292145 0.49253726005554199 -0.31817582249641418
v 0.10163940489292145 0.49253726005554199 -0.42423433065414429
v 0.28724178671836853 0.50137549638748169 -0.31817582249641418
v 0.28724178671836853 0.50137549638748169 -0.42423433065414429
v 0.10163940489292145 0.50137549638748169 -0.42423433065414429
v 0.10163940489292145 0.50137549638748169 -0.31817582249641418
v 0.10163940489292145 0.6162722110748291 -0.31817582249641418
v 0.10163940489292145 0.6162722110748291 -0.42423433065414429
v 0.28724178671836853 0.6162722110748291 -0.31817582249641418
v 0.28724178671836853 0.6162722110748291 -0.42423433065414429
v 0.29607999324798584 0.50137549638748169 -0.31817582249641418
v 0.29607999324798584 0.50137549638748169 -0.42423433065414429
v 0.29607999324798584 0.6162722110748291 -0.31817582249641418
v 0.29607999324798584 0.6162722110748291 -0.42423433065414429
v 0.38446208834648132 0.6162722110748291 -0.31817582249641418
v 0.38446208834648132 0.6162722110748291 -0.42423433065414429
v 0.38446208834648132 0.50137549638748169 -0.31817582249641418
v 0.38446208834648132 0.50137549638748169 -0.42423433065414429
v 0.38446208834648132 0.37764054536819458 -0.31817582249641418
v 0.38446208834648132 0.37764054536819458 -0.42423433065414429
v 0.29607999324798584 0.37764054536819458 -0.31817582249641418
v 0.29607999324798584 0.37764054536819458 -0.42423433065414429
v 0.29607999324798584 0.49253726005554199 -0.31817582249641418
v 0.29607999324798584 0.49253726005554199 -0.42423433065414429
v 0.38446208834648132 0.49253726005554199 -0.31817582249641418
v 0.38446208834648132 0.49253726005554199 -0.42423433065414429
v 0.38446208834648132 0.36880233883857727 -0.31817582249641418
v 0.38446208834648132 0.36880233883857727 -0.42423433065414429
v 0.38446208834648132 0.25390562415122986 -0.31817582249641418
v 0.38446208834648132 0.25390562415122986 -0.42423433065414429
v 0.29607999324798584 0.25390562415122986 -0.31817582249641418
v 0.29607999324798584 0.25390562415122986 -0.42423433065414429
v 0.29607999324798584 0.36880233883857727 -0.42423433065414429
v 0.29607999324798584 0.36880233883857727 -0.31817582249641418
v 0.29607999324798584 0.24506740272045135 -0.31817582249641418
v 0.38446208834648132 0.24506740272045135 -0.31817582249641418
v 0.29607999324798584 0.24506740272045135 -0.42423433065414429
v 0.38446208834648132 0.24506740272045135 -0.42423433065414429
v 0.38446208834648132 0.13017068803310394 -0.31817582249641418
v 0.38446208834648132 0.13017068803310394 -0.42423433065414429
v 0.29607999324798584 0.13017068803310394 -0.31817582249641418
v 0.29607999324798584 0.13017068803310394 -0.42423433065414429
v 0.29607999324798584 0.12133248150348663 -0.31817582249641418
v 0.29607999324798584 0.12133248150348663 -0.42423433065414429
v 0.38446208834648132 0.12133248150348663 -0.31817582249641418
v 0.38446208834648132 0.12133248150348663 -0.42423433065414429
v 0.38446208834648132 0.0064357621595263481 -0.42423433065414429
v 0.38446208834648132 0.0064357621595263481 -0.31817582249641418
v 0.29607999324798584 0.0064357621595263481 -0.31817582249641418
v 0.29607999324798584 0.0064357621595263481 -0.42423433065414429
v 0.39330029487609863 0.12133248150348663 -0.31817582249641418
v 0.5789027214050293 0.12133248150348663 -0.31817582249641418
v 0.39330029487609863 0.12133248150348663 -0.42423433065414429
v 0.5789027214050293 0.12133248150348663 -0.42423433065414429
v 0.5789027214050293 0.0064357621595263481 -0.31817582249641418
v 0.5789027214050293 0.0064357621595263481 -0.42423433065414429
v 0.39330029487609863 0.0064357621595263481 -0.42423433065414429
v 0.39330029487609863 0.0064357621595263481 -0.31817582249641418
v 0.39330029487609863 0.13017068803310394 -0.31817582249641418
v 0.39330029487609863 0.13017068803310394 -0.42423433065414429
v 0.39330029487609863 0.24506740272045135 -0.31817582249641418
v 0.39330029487609863 0.24506740272045135 -0.42423433065414429
v 0.5789027214050293 0.24506740272045135 -0.31817582249641418
v 0.5789027214050293 0.24506740272045135 -0.42423433065414429
v 0.5789027214050293 0.13017068803310394 -0.31817582249641418
v 0.5789027214050293 0.13017068803310394 -0.42423433065414429
v 0.39330029487609863 0.25390562415122986 -0.31817582249641418
v 0.39330029487609863 0.25390562415122986 -0.42423433065414429
v 0.39330029487609863 0.36880233883857727 -0.31817582249641418
v 0.39330029487609863 0.36880233883857727 -0.42423433065414429
v 0.5789027214050293 0.36880233883857727 -0.31817582249641418
v 0.5789027214050293 0.36880233883857727 -0.42423433065414429
v 0.5789027214050293 0.25390562415122986 -0.31817582249641418
v 0.5789027214050293 0.25390562415122986 -0.42423433065414429
v 0.39330029487609863 0.37764054536819458 -0.31817582249641418
v 0.39330029487609863 0.37764054536819458 -0.42423433065414429
v 0.39330029487609863 0.49253726005554199 -0.31817582249641418
v 0.39330029487609863 0.49253726005554199 -0.42423433065414429
v 0.5789027214050293 0.49253726005554199 -0.31817582249641418
v 0.5789027214050293 0.49253726005554199 -0.42423433065414429
v 0.5789027214050293 0.37764054536819458 -0.31817582249641418
v 0.5789027214050293 0.37764054536819458 -0.42423433065414429
v 0.39330029487609863 0.50137549638748169 -0.31817582249641418
v 0.39330029487609863 0.50137549638748169 -0.42423433065414429
v 0.39330029487609863 0.6162722110748291 -0.31817582249641418
v 0.39330029487609863 0.6162722110748291 -0.42423433065414429
v 0.5789027214050293 0.6162722110748291 -0.31817582249641418
v 0.5789027214050293 0.6162722110748291 -0.42423433065414429
v 0.5789027214050293 0.50137549638748169 -0.31817582249641418
v 0.5789027214050293 0.50137549638748169 -0.42423433065414429
v 0.39330029487609863 0.62511038780212402 -0.31817582249641418
v 0.39330029487609863 0.62511038780212402 -0.42423433065414429
v 0.39330029487609863 0.74000710248947144 -0.31817582249641418
v 0.39330029487609863 0.74000710248947144 -0.42423433065414429
v 0.5789027214050293 0.74000710248947144 -0.31817582249641418
v 0.5789027214050293 0.74000710248947144 -0.42423433065414429
v 0.5789027214050293 0.62511038780212402 -0.31817582249641418
v 0.5789027214050293 0.62511038780212402 -0.42423433065414429
v 0.58774089813232422 0.62511038780212402 -0.31817582249641418
v 0.58774089813232422 0.62511038780212402 -0.42423433065414429
v 0.58774089813232422 0.74000710248947144 -0.31817582249641418
v 0.58774089813232422 0.74000710248947144 -0.42423433065414429
v 0.77334332466125488 0.74000710248947144 -0.31817582249641418
v 0.77334332466125488 0.74000710248947144 -0.42423433065414429
v 0.77334332466125488 0.62511038780212402 -0.31817582249641418
v 0.77334332466125488 0.62511038780212402 -0.42423433065414429
v 0.58774089813232422 0.50137549638748169 -0.31817582249641418
v 0.58774089813232422 0.50137549638748169 -0.42423433065414429
v 0.58774089813232422 0.6162722110748291 -0.31817582249641418
v 0.58774089813232422 0.6162722110748291 -0.42423433065414429
v 0.77334332466125488 0.6162722110748291 -0.31817582249641418
v 0.77334332466125488 0.6162722110748291 -0.42423433065414429
v 0.77334332466125488 0.50137549638748169 -0.31817582249641418
v 0.77334332466125488 0.50137549638748169 -0.42423433065414429
v 0.58774089813232422 0.74884533882141113 -0.31817582249641418
v 0.58774089813232422 0.74884533882141113 -0.42423433065414429
v 0.58774089813232422 0.86374205350875854 -0.31817582249641418
v 0.58774089813232422 0.86374205350875854 -0.42423433065414429
v 0.77334332466125488 0.86374205350875854 -0.31817582249641418
v 0.77334332466125488 0.86374205350875854 -0.42423433065414429
v 0.77334332466125488 0.74884533882141113 -0.31817582249641418
v 0.77334332466125488 0.74884533882141113 -0.42423433065414429
v 0.58774089813232422 0.49253726005554199 -0.31817582249641418
v 0.58774089813232422 0.49253726005554199 -0.42423433065414429
v 0.77334332466125488 0.49253726005554199 -0.42423433065414429
v 0.77334332466125488 0.49253726005554199 -0.31817582249641418
v 0.77334332466125488 0.37764054536819458 -0.31817582249641418
v 0.77334332466125488 0.37764054536819458 -0.42423433065414429
v 0.58774089813232422 0.37764054536819458 -0.31817582249641418
v 0.58774089813232422 0.37764054536819458 -0.42423433065414429
v 0.58774089813232422 0.25390562415122986 -0.31817582249641418
v 0.58774089813232422 0.25390562415122986 -0.42423433065414429
v 0.58774089813232422 0.36880233883857727 -0.31817582249641418
v 0.58774089813232422 0.36880233883857727 -0.42423433065414429
v 0.77334332466125488 0.36880233883857727 -0.31817582249641418
v 0.77334332466125488 0.36880233883857727 -0.42423433065414429
v 0.77334332466125488 0.25390562415122986 -0.31817582249641418
v 0.77334332466125488 0.25390562415122986 -0.42423433065414429
v 0.58774089813232422 0.13017068803310394 -0.31817582249641418
v 0.58774089813232422 0.13017068803310394 -0.42423433065414429
v 0.58774089813232422 0.24506740272045135 -0.42423433065414429
v 0.58774089813232422 0.24506740272045135 -0.31817582249641418
v 0.77334332466125488 0.24506740272045135 -0.31817582249641418
v 0.77334332466125488 0.24506740272045135 -0.42423433065414429
v 0.77334332466125488 0.13017068803310394 -0.31817582249641418
v 0.77334332466125488 0.13017068803310394 -0.42423433065414429
v 0.77334332466125488 0.12133248150348663 -0.31817582249641418
v 0.77334332466125488 0.12133248150348663 -0.42423433065414429
v 0.77334332466125488 0.0064357621595263481 -0.31817582249641418
v 0.77334332466125488 0.0064357621595263481 -0.42423433065414429
v 0.58774089813232422 0.0064357621595263481 -0.31817582249641418
v 0.58774089813232422 0.0064357621595263481 -0.42423433065414429
v 0.58774089813232422 0.12133248150348663 -0.31817582249641418
v 0.58774089813232422 0.12133248150348663 -0.42423433065414429
v 0.7821815013885498 0.12133248150348663 -0.42423433065414429
v 0.96778392791748047 0.12133248150348663 -0.31817582249641418
v 0.96778392791748047 0.12133248150348663 -0.42423433065414429
v 0.7821815013885498 0.12133248150348663 -0.31817582249641418
v 0.96778392791748047 0.0064357621595263481 -0.31817582249641418
v 0.96778392791748047 0.0064357621595263481 -0.42423433065414429
v 0.7821815013885498 0.0064357621595263481 -0.31817582249641418
v 0.7821815013885498 0.0064357621595263481 -0.42423433065414429
v 0.7821815013885498 0.24506740272045135 -0.31817582249641418
v 0.7821815013885498 0.24506740272045135 -0.42423433065414429
v 0.96778392791748047 0.24506740272045135 -0.31817582249641418
v 0.96778392791748047 0.24506740272045135 -0.42423433065414429
v 0.96778392791748047 0.13017068803310394 -0.42423433065414429
v 0.96778392791748047 0.13017068803310394 -0.31817582249641418
v 0.7821815013885498 0.13017068803310394 -0.31817582249641418
v 0.7821815013885498 0.13017068803310394 -0.42423433065414429
v 0.7821815013885498 0.25390562415122986 -0.42423433065414429
v 0.7821815013885498 0.36880233883857727 -0.31817582249641418
v 0.7821815013885498 0.36880233883857727 -0.42423433065414429
v 0.7821815013885498 0.25390562415122986 -0.31817582249641418
v 0.96778392791748047 0.36880233883857727 -0.31817582249641418
v 0.96778392791748047 0.36880233883857727 -0.42423433065414429
v 0.96778392791748047 0.25390562415122986 -0.42423433065414429
v 0.96778392791748047 0.25390562415122986 -0.31817582249641418
v 0.7821815013885498 0.37764054536819458 -0.31817582249641418
v 0.7821815013885498 0.37764054536819458 -0.42423433065414429
v 0.7821815013885498 0.49253726005554199 -0.31817582249641418
v 0.7821815013885498 0.49253726005554199 -0.42423433065414429
v 0.96778392791748047 0.49253726005554199 -0.31817582249641418
v 0.96778392791748047 0.49253726005554199 -0.42423433065414429
v 0.96778392791748047 0.37764054536819458 -0.31817582249641418
v 0.96778392791748047 0.37764054536819458 -0.42423433065414429
v 0.7821815013885498 0.50137549638748169 -0.42423433065414429
v 0.7821815013885498 0.6162722110748291 -0.31817582249641418
v 0.7821815013885498 0.6162722110748291 -0.42423433065414429
v 0.7821815013885498 0.50137549638748169 -0.31817582249641418
v 0.96778392791748047 0.6162722110748291 -0.31817582249641418
v 0.96778392791748047 0.6162722110748291 -0.42423433065414429
v 0.96778392791748047 0.50137549638748169 -0.42423433065414429
v 0.96778392791748047 0.50137549638748169 -0.31817582249641418
v 0.7821815013885498 0.62511038780212402 -0.42423433065414429
v 0.7821815013885498 0.74000710248947144 -0.31817582249641418
v 0.7821815013885498 0.74000710248947144 -0.42423433065414429
v 0.7821815013885498 0.62511038780212402 -0.31817582249641418
v 0.96778392791748047 0.74000710248947144 -0.42423433065414429
v 0.96778392791748047 0.74000710248947144 -0.31817582249641418
v 0.96778392791748047 0.62511038780212402 -0.31817582249641418
v 0.96778392791748047 0.62511038780212402 -0.42423433065414429
v 0.7821815013885498 0.74884533882141113 -0.31817582249641418
v 0.7821815013885498 0.74884533882141113 -0.42423433065414429
v 0.7821815013885498 0.86374205350875854 -0.31817582249641418
v 0.7821815013885498 0.86374205350875854 -0.42423433065414429
v 0.96778392791748047 0.86374205350875854 -0.31817582249641418
v 0.96778392791748047 0.86374205350875854 -0.42423433065414429
v 0.96778392791748047 0.74884533882141113 -0.31817582249641418
v 0.96778392791748047 0.74884533882141113 -0.42423433065414429
v 0.7821815013885498 0.87258023023605347 -0.31817582249641418
v 0.7821815013885498 0.87258023023605347 -0.42423433065414429
v 0.7821815013885498 0.98747694492340088 -0.31817582249641418
v 0.7821815013885498 0.98747694492340088 -0.42423433065414429
v 0.96778392791748047 0.98747694492340088 -0.31817582249641418
v 0.96778392791748047 0.98747694492340088 -0.42423433065414429
v 0.96778392791748047 0.87258023023605347 -0.31817582249641418
v 0.96778392791748047 0.87258023023605347 -0.42423433065414429
v 0.97662210464477539 0.98747694492340088 -0.42423433065414429
v 1.1622245311737061 0.98747694492340088 -0.31817582249641418
v 1.1622245311737061 0.98747694492340088 -0.42423433065414429
v 0.97662210464477539 0.98747694492340088 -0.31817582249641418
v 1.1622245311737061 0.87258023023605347 -0.31817582249641418
v 1.1622245311737061 0.87258023023605347 -0.42423433065414429
v 0.97662210464477539 0.87258023023605347 -0.31817582249641418
v 0.97662210464477539 0.87258023023605347 -0.42423433065414429
v 0.97662210464477539 0.99631518125534058 -0.31817582249641418
v 0.97662210464477539 0.99631518125534058 -0.42423433065414429
v 0.97662210464477539 1.111211895942688 -0.31817582249641418
v 0.97662210464477539 1.111211895942688 -0.42423433065414429
v 1.1622245311737061 1.111211895942688 -0.42423433065414429
v 1.1622245311737061 1.111211895942688 -0.31817582249641418
v 1.1622245311737061 0.99631518125534058 -0.31817582249641418
v 1.1622245311737061 0.99631518125534058 -0.42423433065414429
v 0.97662210464477539 0.86374205350875854 -0.31817582249641418
v 0.97662210464477539 0.86374205350875854 -0.42423433065414429
v 1.1622245311737061 0.86374205350875854 -0.31817582249641418
v 1.1622245311737061 0.86374205350875854 -0.42423433065414429
v 1.1622245311737061 0.74884533882141113 -0.31817582249641418
v 1.1622245311737061 0.74884533882141113 -0.42423433065414429
v 0.97662210464477539 0.74884533882141113 -0.31817582249641418
v 0.97662210464477539 0.74884533882141113 -0.42423433065414429
v 0.97662210464477539 0.74000710248947144 -0.42423433065414429
v 1.1622245311737061 0.74000710248947144 -0.31817582249641418
v 1.1622245311737061 0.74000710248947144 -0.42423433065414429
v 0.97662210464477539 0.74000710248947144 -0.31817582249641418
v 1.1622245311737061 0.62511038780212402 -0.42423433065414429
v 1.1622245311737061 0.62511038780212402 -0.31817582249641418
v 0.97662210464477539 0.62511038780212402 -0.31817582249641418
v 0.97662210464477539 0.62511038780212402 -0.42423433065414429
v 0.97662210464477539 0.6162722110748291 -0.31817582249641418
v 1.1622245311737061 0.6162722110748291 -0.31817582249641418
v 1.1622245311737061 0.6162722110748291 -0.42423433065414429
v 0.97662210464477539 0.6162722110748291 -0.42423433065414429
v 1.1622245311737061 0.50137549638748169 -0.31817582249641418
v 1.1622245311737061 0.50137549638748169 -0.42423433065414429
v 0.97662210464477539 0.50137549638748169 -0.42423433065414429
v 0.97662210464477539 0.50137549638748169 -0.31817582249641418
v 1.1622245311737061 0.37764054536819458 -0.31817582249641418
v 1.1622245311737061 0.37764054536819458 -0.42423433065414429
v 0.97662210464477539 0.37764054536819458 -0.31817582249641418
v 0.97662210464477539 0.37764054536819458 -0.42423433065414429
v 0.97662210464477539 0.49253726005554199 -0.31817582249641418
v 0.97662210464477539 0.49253726005554199 -0.42423433065414429
v 1.1622245311737061 0.49253726005554199 -0.31817582249641418
v 1.1622245311737061 0.49253726005554199 -0.42423433065414429
v 1.1622245311737061 0.25390562415122986 -0.31817582249641418
v 1.1622245311737061 0.25390562415122986 -0.42423433065414429
v 0.97662210464477539 0.25390562415122986 -0.42423433065414429
v 0.97662210464477539 0.25390562415122986 -0.31817582249641418
v 0.97662210464477539 0.36880233883857727 -0.31817582249641418
v 0.97662210464477539 0.36880233883857727 -0.42423433065414429
v 1.1622245311737061 0.36880233883857727 -0.31817582249641418
v 1.1622245311737061 0.36880233883857727 -0.42423433065414429
v 1.1622245311737061 0.24506740272045135 -0.31817582249641418
v 1.1622245311737061 0.13017068803310394 -0.31817582249641418
v 1.1622245311737061 0.13017068803310394 -0.42423433065414429
v 1.1622245311737061 0.24506740272045135 -0.42423433065414429
v 0.97662210464477539 0.13017068803310394 -0.31817582249641418
v 0.97662210464477539 0.13017068803310394 -0.42423433065414429
v 0.97662210464477539 0.24506740272045135 -0.31817582249641418
v 0.97662210464477539 0.24506740272045135 -0.42423433065414429
v 1.1622245311737061 0.12133248150348663 -0.31817582249641418
v 1.1622245311737061 0.12133248150348663 -0.42423433065414429
v 1.1622245311737061 0.0064357621595263481 -0.31817582249641418
v 1.1622245311737061 0.0064357621595263481 -0.42423433065414429
v 0.97662210464477539 0.0064357621595263481 -0.31817582249641418
v 0.97662210464477539 0.0064357621595263481 -0.42423433065414429
v 0.97662210464477539 0.12133248150348663 -0.31817582249641418
v 0.97662210464477539 0.12133248150348663 -0.42423433065414429
v 1.171062707901001 0.12133248150348663 -0.31817582249641418
v 1.171062707901001 0.12133248150348663 -0.42423433065414429
v 1.3389886617660522 0.12133248150348663 -0.31817582249641418
v 1.3389886617660522 0.12133248150348663 -0.42423433065414429
v 1.3389886617660522 0.0064357621595263481 -0.31817582249641418
v 1.3389886617660522 0.0064357621595263481 -0.42423433065414429
v 1.171062707901001 0.0064357621595263481 -0.31817582249641418
v 1.171062707901001 0.0064357621595263481 -0.42423433065414429
v 1.171062707901001 0.24506740272045135 -0.31817582249641418
v 1.171062707901001 0.24506740272045135 -0.42423433065414429
v 1.3389886617660522 0.24506740272045135 -0.31817582249641418
v 1.3389886617660522 0.24506740272045135 -0.42423433065414429
v 1.3389886617660522 0.13017068803310394 -0.31817582249641418
v 1.3389886617660522 0.13017068803310394 -0.42423433065414429
v 1.171062707901001 0.13017068803310394 -0.31817582249641418
v 1.171062707901001 0.13017068803310394 -0.42423433065414429
v 1.171062707901001 0.36880233883857727 -0.31817582249641418
v 1.171062707901001 0.36880233883857727 -0.42423433065414429
v 1.3389886617660522 0.36880233883857727 -0.31817582249641418
v 1.3389886617660522 0.36880233883857727 -0.42423433065414429
v 1.3389886617660522 0.25390562415122986 -0.31817582249641418
v 1.3389886617660522 0.25390562415122986 -0.42423433065414429
v 1.171062707901001 0.25390562415122986 -0.31817582249641418
v 1.171062707901001 0.25390562415122986 -0.42423433065414429
v 1.3389886617660522 0.37764054536819458 -0.31817582249641418
v 1.3389886617660522 0.37764054536819458 -0.42423433065414429
v 1.171062707901001 0.37764054536819458 -0.31817582249641418
v 1.171062707901001 0.37764054536819458 -0.42423433065414429
v 1.171062707901001 0.49253726005554199 -0.31817582249641418
v 1.171062707901001 0.49253726005554199 -0.42423433065414429
v 1.3389886617660522 0.49253726005554199 -0.31817582249641418
v 1.3389886617660522 0.49253726005554199 -0.42423433065414429
v 1.171062707901001 0.6162722110748291 -0.31817582249641418
v 1.3389886617660522 0.6162722110748291 -0.31817582249641418
v 1.3389886617660522 0.6162722110748291 -0.42423433065414429
v 1.171062707901001 0.6162722110748291 -0.42423433065414429
v 1.3389886617660522 0.50137549638748169 -0.31817582249641418
v 1.3389886617660522 0.50137549638748169 -0.42423433065414429
v 1.171062707901001 0.50137549638748169 -0.31817582249641418
v 1.171062707901001 0.50137549638748169 -0.42423433065414429
v 1.171062707901001 0.74000710248947144 -0.42423433065414429
v 1.3389886617660522 0.74000710248947144 -0.42423433065414429
v 1.3389886617660522 0.74000710248947144 -0.31817582249641418
v 1.171062707901001 0.74000710248947144 -0.31817582249641418
v 1.3389886617660522 0.62511038780212402 -0.31817582249641418
v 1.3389886617660522 0.62511038780212402 -0.42423433065414429
v 1.171062707901001 0.62511038780212402 -0.42423433065414429
v 1.171062707901001 0.62511038780212402 -0.31817582249641418
v 1.171062707901001 0.74884533882141113 -0.31817582249641418
v 1.171062707901001 0.74884533882141113 -0.42423433065414429
v 1.171062707901001 0.86374205350875854 -0.31817582249641418
v 1.171062707901001 0.86374205350875854 -0.42423433065414429
v 1.3389886617660522 0.86374205350875854 -0.31817582249641418
v 1.3389886617660522 0.86374205350875854 -0.42423433065414429
v 1.3389886617660522 0.74884533882141113 -0.31817582249641418
v 1.3389886617660522 0.74884533882141113 -0.42423433065414429
v 1.171062707901001 0.87258023023605347 -0.31817582249641418
v 1.171062707901001 0.87258023023605347 -0.42423433065414429
v 1.171062707901001 0.98747694492340088 -0.31817582249641418
v 1.171062707901001 0.98747694492340088 -0.42423433065414429
v 1.3389886617660522 0.98747694492340088 -0.31817582249641418
v 1.3389886617660522 0.98747694492340088 -0.42423433065414429
v 1.3389886617660522 0.87258023023605347 -0.31817582249641418
v 1.3389886617660522 0.87258023023605347 -0.42423433065414429
v 1.171062707901001 0.99631518125534058 -0.31817582249641418
v 1.171062707901001 0.99631518125534058 -0.42423433065414429
v 1.171062707901001 1.111211895942688 -0.31817582249641418
v 1.171062707901001 1.111211895942688 -0.42423433065414429
v 1.3389886617660522 1.111211895942688 -0.31817582249641418
v 1.3389886617660522 1.111211895942688 -0.42423433065414429
v 1.3389886617660522 0.99631518125534058 -0.31817582249641418
v 1.3389886617660522 0.99631518125534058 -0.42423433065414429
v 1.3478268384933472 0.99631518125534058 -0.31817582249641418
v 1.3478268384933472 0.99631518125534058 -0.42423433065414429
v 1.3478268384933472 1.111211895942688 -0.31817582249641418
v 1.3478268384933472 1.111211895942688 -0.42423433065414429
v 1.515752911567688 1.111211895942688 -0.31817582249641418
v 1.515752911567688 1.111211895942688 -0.42423433065414429
v 1.515752911567688 0.99631518125534058 -0.31817582249641418
v 1.515752911567688 0.99631518125534058 -0.42423433065414429
v 1.3478268384933472 0.87258023023605347 -0.31817582249641418
v 1.3478268384933472 0.87258023023605347 -0.42423433065414429
v 1.3478268384933472 0.98747694492340088 -0.31817582249641418
v 1.3478268384933472 0.98747694492340088 -0.42423433065414429
v 1.515752911567688 0.98747694492340088 -0.42423433065414429
v 1.515752911567688 0.98747694492340088 -0.31817582249641418
v 1.515752911567688 0.87258023023605347 -0.42423433065414429
v 1.515752911567688 0.87258023023605347 -0.31817582249641418
v 1.3478268384933472 0.74884533882141113 -0.31817582249641418
v 1.3478268384933472 0.74884533882141113 -0.42423433065414429
v 1.3478268384933472 0.86374205350875854 -0.31817582249641418
v 1.3478268384933472 0.86374205350875854 -0.42423433065414429
v 1.515752911567688 0.86374205350875854 -0.31817582249641418
v 1.515752911567688 0.86374205350875854 -0.42423433065414429
v 1.515752911567688 0.74884533882141113 -0.42423433065414429
v 1.515752911567688 0.74884533882141113 -0.31817582249641418
v 1.3478268384933472 0.62511038780212402 -0.31817582249641418
v 1.3478268384933472 0.62511038780212402 -0.42423433065414429
v 1.3478268384933472 0.74000710248947144 -0.31817582249641418
v 1.3478268384933472 0.74000710248947144 -0.42423433065414429
v 1.515752911567688 0.74000710248947144 -0.31817582249641418
v 1.515752911567688 0.74000710248947144 -0.42423433065414429
v 1.515752911567688 0.62511038780212402 -0.31817582249641418
v 1.515752911567688 0.62511038780212402 -0.42423433065414429
v 1.3478268384933472 0.6162722110748291 -0.42423433065414429
v 1.515752911567688 0.6162722110748291 -0.31817582249641418
v 1.515752911567688 0.6162722110748291 -0.42423433065414429
v 1.3478268384933472 0.6162722110748291 -0.31817582249641418
v 1.515752911567688 0.50137549638748169 -0.31817582249641418
v 1.515752911567688 0.50137549638748169 -0.42423433065414429
v 1.3478268384933472 0.50137549638748169 -0.42423433065414429
v 1.3478268384933472 0.50137549638748169 -0.31817582249641418
v 1.3478268384933472 0.37764054536819458 -0.31817582249641418
v 1.3478268384933472 0.37764054536819458 -0.42423433065414429
v 1.3478268384933472 0.49253726005554199 -0.31817582249641418
v 1.3478268384933472 0.49253726005554199 -0.42423433065414429
v 1.515752911567688 0.49253726005554199 -0.31817582249641418
v 1.515752911567688 0.49253726005554199 -0.42423433065414429
v 1.515752911567688 0.37764054536819458 -0.42423433065414429
v 1.515752911567688 0.37764054536819458 -0.31817582249641418
v 1.3478268384933472 0.36880233883857727 -0.31817582249641418
v 1.3478268384933472 0.36880233883857727 -0.42423433065414429
v 1.515752911567688 0.36880233883857727 -0.42423433065414429
v 1.515752911567688 0.36880233883857727 -0.31817582249641418
v 1.515752911567688 0.25390562415122986 -0.31817582249641418
v 1.515752911567688 0.25390562415122986 -0.42423433065414429
v 1.3478268384933472 0.25390562415122986 -0.31817582249641418
v 1.3478268384933472 0.25390562415122986 -0.42423433065414429
v 1.515752911567688 0.13017068803310394 -0.31817582249641418
v 1.515752911567688 0.13017068803310394 -0.42423433065414429
v 1.3478268384933472 0.13017068803310394 -0.31817582249641418
v 1.3478268384933472 0.13017068803310394 -0.42423433065414429
v 1.3478268384933472 0.24506740272045135 -0.31817582249641418
v 1.3478268384933472 0.24506740272045135 -0.42423433065414429
v 1.515752911567688 0.24506740272045135 -0.31817582249641418
v 1.515752911567688 0.24506740272045135 -0.42423433065414429
v 1.3478268384933472 0.0064357621595263481 -0.31817582249641418
v 1.3478268384933472 0.0064357621595263481 -0.42423433065414429
v 1.3478268384933472 0.12133248150348663 -0.31817582249641418
v 1.3478268384933472 0.12133248150348663 -0.42423433065414429
v 1.515752911567688 0.12133248150348663 -0.31817582249641418
v 1.515752911567688 0.12133248150348663 -0.42423433065414429
v 1.515752911567688 0.0064357621595263481 -0.31817582249641418
v 1.515752911567688 0.0064357621595263481 -0.42423433065414429
v -0.42423403263092041 0.55882382392883301 -0.31817582249641418
v -0.42423403263092041 0.55882382392883301 -0.42423433065414429
v -0.42423403263092041 0.0020166577305644751 -0.31817582249641418
v -0.42423403263092041 0.0020166577305644751 -0.42423433065414429
v 1.5201719999313354 0.0020166577305644751 -0.31817582249641418
v 1.5201719999313354 0.0020166577305644751 -0.42423433065414429
v -0.25188896059989929 0.0020166577305644751 -0.31817582249641418
v 1.3478268384933472 0.0020166577305644751 -0.42423433065414429
v 0.29166090488433838 0.13017068803310394 -0.42423433065414429
v 0.29166090488433838 0.12133248150348663 -0.42423433065414429
v 0.58332180976867676 0.13017068803310394 -0.42423433065414429
v 0.58332180976867676 0.50137549638748169 -0.42423433065414429
v 0.58332180976867676 0.49253726005554199 -0.42423433065414429
v 0.58332180976867676 0.12133248150348663 -0.42423433065414429
v 0.97220301628112793 0.13017068803310394 -0.42423433065414429
v 0.97220301628112793 0.12133248150348663 -0.42423433065414429
v 1.3434077501296997 0.13017068803310394 -0.42423433065414429
v 1.3434077501296997 0.12133248150348663 -0.42423433065414429
v 1.515752911567688 1.2040131092071533 -0.31817582249641418
v 1.5201719999313354 1.2040131092071533 -0.42423433065414429
v 1.515752911567688 1.2040131092071533 -0.42423433065414429
v 1.5201719999313354 1.2040131092071533 -0.31817582249641418
v 1.3478268384933472 1.2040131092071533 -0.42423433065414429
v 1.3478268384933472 1.2040131092071533 -0.31817582249641418
v 1.171062707901001 1.2040131092071533 -0.42423433065414429
v 1.171062707901001 1.2040131092071533 -0.31817582249641418
v 1.3389886617660522 1.2040131092071533 -0.42423433065414429
v 1.3389886617660522 1.2040131092071533 -0.31817582249641418
v 1.1622245311737061 1.2040131092071533 -0.42423433065414429
v 1.1622245311737061 1.2040131092071533 -0.31817582249641418
v 0.97662210464477539 1.2040131092071533 -0.31817582249641418
v 0.97662210464477539 1.2040131092071533 -0.42423433065414429
v 0.97220301628112793 1.2040131092071533 -0.31817582249641418
v 0.97220301628112793 1.2040131092071533 -0.42423433065414429
v -0.24305075407028198 0.24948650598526001 -0.31817582249641418
v -0.25188896059989929 0.24948650598526001 -0.31817582249641418
v 0.29166090488433838 0.24506740272045135 -0.31817582249641418
v 0.29166090488433838 0.50137549638748169 -0.31817582249641418
v 0.29166090488433838 0.49253726005554199 -0.31817582249641418
v 0.29166090488433838 0.37764054536819458 -0.31817582249641418
v 0.29166090488433838 0.36880233883857727 -0.31817582249641418
v 0.29166090488433838 0.25390562415122986 -0.31817582249641418
v 0.97220301628112793 0.74000710248947144 -0.31817582249641418
v 0.97220301628112793 0.87258023023605347 -0.31817582249641418
v 0.97220301628112793 0.86374205350875854 -0.31817582249641418
v 0.97220301628112793 0.74884533882141113 -0.31817582249641418
vt 0.72285425662994385 2.9290001392364502
vt 0.66698586940765381 2.8937149047851562
vt 0.66698586940765381 2.9290001392364502
vt 0.72285425662994385 2.8937149047851562
vt 0.66404545307159424 2.8937149047851562
vt 0.60817712545394897 2.8937149047851562
vt 0.60817712545394897 2.9290001392364502
vt 0.66404545307159424 2.9290001392364502
vt 0.6052367091178894 2.8937149047851562
vt 0.6052367091178894 2.9290001392364502
vt 0.54348748922348022 2.8937149047851562
vt 0.54348748922348022 2.9290001392364502
vt 0.47732767462730408 2.8937149047851562
vt 0.47732767462730408 2.9290001392364502
vt 0.50967246294021606 2.8937149047851562
vt 0.50967246294021606 2.9290001392364502
vt -1.8937150239944458 0.37116611003875732
vt -1.9290002584457397 0.37116611003875732
vt -1.8937150239944458 0.39174917340278625
vt -1.9290002584457397 0.39174917340278625
vt -1.9290002584457397 0.39027896523475647
vt 0.50967246294021606 2.8937149047851562
vt 0.50967246294021606 2.9290001392364502
vt 0.54201728105545044 2.8937149047851562
vt 0.54201728105545044 2.9290001392364502
vt 0.54054707288742065 2.8937149047851562
vt 0.54054707288742065 2.9290001392364502
vt 0.47879788279533386 2.8937149047851562
vt 0.47879788279533386 2.9290001392364502
vt 2.8937149047851562 0.33147019147872925
vt 2.9290001392364502 0.33147019147872925
vt 2.8937149047851562 0.36969587206840515
vt 2.9290001392364502 0.36969587206840515
vt 0.52120214700698853 2.8937149047851562
vt 0.52120214700698853 2.9290001392364502
vt 0.49032750725746155 2.8937149047851562
vt 0.49032750725746155 2.9290001392364502
vt 0.49032750725746155 2.8969228267669678
vt 0.49032750725746155 2.9001305103302002
vt 0.49032750725746155 2.9033381938934326
vt 0.49032750725746155 2.906545877456665
vt 0.49032750725746155 2.9097537994384766
vt 0.49032750725746155 2.912961483001709
vt 0.49032750725746155 2.9161691665649414
vt 0.49032750725746155 2.9193770885467529
vt 0.49032750725746155 2.9225847721099854
vt 0.49032750725746155 2.9257924556732178
vt 2.8937149047851562 0.37116611003875732
vt 2.9290001392364502 0.37116611003875732
vt 2.8937149047851562 0.39027896523475647
vt 2.9290001392364502 0.39027896523475647
vt 2.9257924556732178 0.37116611003875732
vt 2.9225847721099854 0.37116611003875732
vt 2.9193770885467529 0.37116611003875732
vt 2.9161691665649414 0.37116611003875732
vt 2.912961483001709 0.37116611003875732
vt 2.9097537994384766 0.37116611003875732
vt 2.906545877456665 0.37116611003875732
vt 2.9033381938934326 0.37116611003875732
vt 2.9001305103302002 0.37116611003875732
vt 2.8969228267669678 0.37116611003875732
vt 0.48885729908943176 2.8937149047851562
vt 0.48885729908943176 2.9290001392364502
vt 0.45945289731025696 2.8937149047851562
vt 0.45945289731025696 2.9290001392364502
vt -1.8937150239944458 0.39027896523475647
vt -1.9290002584457397 0.39027896523475647
vt -1.8937150239944458 0.33147019147872925
vt -1.9290002584457397 0.33147019147872925
vt 0.49032750725746155 2.8937149047851562
vt 0.48976325988769531 2.8937149047851562
vt 2.8937149047851562 0.37012651562690735
vt 2.8937149047851562 0.37060514092445374
vt 2.8937149047851562 0.37116611003875732
vt 0.49032750725746155 2.8969228267669678
vt 0.48976325988769531 2.8969228267669678
vt 2.8969228267669678 0.37012651562690735
vt 2.8969228267669678 0.37060514092445374
vt 2.8969228267669678 0.37116611003875732
vt 0.49032750725746155 2.9001305103302002
vt 0.48976325988769531 2.9001305103302002
vt 2.9001305103302002 0.37012651562690735
vt 2.9001305103302002 0.37060514092445374
vt 2.9001305103302002 0.37116611003875732
vt 0.49032750725746155 2.9033381938934326
vt 0.48976325988769531 2.9033381938934326
vt 2.9033381938934326 0.37012651562690735
vt 2.9033381938934326 0.37060514092445374
vt 2.9033381938934326 0.37116611003875732
vt 0.49032750725746155 2.906545877456665
vt 0.48976325988769531 2.906545877456665
vt 2.906545877456665 0.37012651562690735
vt 2.906545877456665 0.37060514092445374
vt 2.906545877456665 0.37116611003875732
vt 0.49032750725746155 2.9097537994384766
vt 0.48976325988769531 2.9097537994384766
vt 2.9097537994384766 0.37012651562690735
vt 2.9097537994384766 0.37060514092445374
vt 2.9097537994384766 0.37116611003875732
vt 0.49032750725746155 2.912961483001709
vt 0.48976325988769531 2.912961483001709
vt 2.912961483001709 0.37012651562690735
vt 2.912961483001709 0.37060514092445374
vt 2.912961483001709 0.37116611003875732
vt 0.49032750725746155 2.9161691665649414
vt 0.48976325988769531 2.9161691665649414
vt 2.9161691665649414 0.37012651562690735
vt 2.9161691665649414 0.37060514092445374
vt 2.9161691665649414 0.37116611003875732
vt 0.49032750725746155 2.9193770885467529
vt 0.48976325988769531 2.9193770885467529
vt 2.9193770885467529 0.37012651562690735
vt 2.9193770885467529 0.37060514092445374
vt 2.9193770885467529 0.37116611003875732
vt 0.49032750725746155 2.9225847721099854
vt 0.48976325988769531 2.9225847721099854
vt 2.9225847721099854 0.37012651562690735
vt 2.9225847721099854 0.37060514092445374
vt 2.9225847721099854 0.37116611003875732
vt 0.49032750725746155 2.9257924556732178
vt 0.48976325988769531 2.9257924556732178
vt 2.9257924556732178 0.37012651562690735
vt 2.9257924556732178 0.37060514092445374
vt 2.9257924556732178 0.37116611003875732
vt 0.49032750725746155 2.9290001392364502
vt 0.48976325988769531 2.9290001392364502
vt 2.9290001392364502 0.37012651562690735
vt 2.9290001392364502 0.37060514092445374
vt 2.9290001392364502 0.37116611003875732
vt 0.48976325988769531 2.927396297454834
vt 0.49004256725311279 2.9257924556732178
vt 0.49004256725311279 2.927396297454834
vt 2.927396297454834 0.37012651562690735
vt 0.48950764536857605 2.9257924556732178
vt 0.48950764536857605 2.927396297454834
vt 2.9257924556732178 0.37088292837142944
vt 2.927396297454834 0.37060514092445374
vt 2.927396297454834 0.37088292837142944
vt 2.8969228267669678 0.37088292837142944
vt 2.8953187465667725 0.37060514092445374
vt 2.8953187465667725 0.37088292837142944
vt 0.48950764536857605 2.8969228267669678
vt 2.8953187465667725 0.37012651562690735
vt 0.48976325988769531 2.8953187465667725
vt 0.48950764536857605 2.8953187465667725
vt 0.49004256725311279 2.8969228267669678
vt 0.49004256725311279 2.8953187465667725
vt 0.41263803839683533 2.8937149047851562
vt 0.41263803839683533 2.9290001392364502
vt 0.4449828565120697 2.8937149047851562
vt 0.4449828565120697 2.9290001392364502
vt -1.8937150239944458 0.32999998331069946
vt -1.9290002584457397 0.32999998331069946
vt -1.8937150239944458 0.35058301687240601
vt -1.9290002584457397 0.35058301687240601
vt 0.4449828565120697 2.8937149047851562
vt 0.4449828565120697 2.9290001392364502
vt 0.47732767462730408 2.8937149047851562
vt 0.47732767462730408 2.9290001392364502
vt 0.47585746645927429 2.8937149047851562
vt 0.47585746645927429 2.9290001392364502
vt 0.41410824656486511 2.8937149047851562
vt 0.41410824656486511 2.9290001392364502
vt 2.8937149047851562 0.29030406475067139
vt 2.9290001392364502 0.29030406475067139
vt 2.8937149047851562 0.32852974534034729
vt 2.9290001392364502 0.32852974534034729
vt 0.5858917236328125 2.8937149047851562
vt 0.5858917236328125 2.9290001392364502
vt 0.55501717329025269 2.8937149047851562
vt 0.55501717329025269 2.9290001392364502
vt 0.55501717329025269 2.8969228267669678
vt 0.55501717329025269 2.9001305103302002
vt 0.55501717329025269 2.9033381938934326
vt 0.55501717329025269 2.906545877456665
vt 0.55501717329025269 2.9097537994384766
vt 0.55501717329025269 2.912961483001709
vt 0.55501717329025269 2.9161691665649414
vt 0.55501717329025269 2.9193770885467529
vt 0.55501717329025269 2.9225847721099854
vt 0.55501717329025269 2.9257924556732178
vt 2.8937149047851562 0.32999998331069946
vt 2.9290001392364502 0.32999998331069946
vt 2.8937149047851562 0.34911280870437622
vt 2.9290001392364502 0.34911280870437622
vt 2.9257924556732178 0.32999998331069946
vt 2.9225847721099854 0.32999998331069946
vt 2.9193770885467529 0.32999998331069946
vt 2.9161691665649414 0.32999998331069946
vt 2.912961483001709 0.32999998331069946
vt 2.9097537994384766 0.32999998331069946
vt 2.906545877456665 0.32999998331069946
vt 2.9033381938934326 0.32999998331069946
vt 2.9001305103302002 0.32999998331069946
vt 2.8969228267669678 0.32999998331069946
vt 0.5535469651222229 2.8937149047851562
vt 0.5535469651222229 2.9290001392364502
vt 0.5241425633430481 2.8937149047851562
vt 0.5241425633430481 2.9290001392364502
vt -1.8937150239944458 0.34911280870437622
vt -1.9290002584457397 0.34911280870437622
vt -1.8937150239944458 0.29030406475067139
vt -1.9290002584457397 0.29030406475067139
vt 0.55501717329025269 2.8937149047851562
vt 0.55445289611816406 2.8937149047851562
vt 2.8937149047851562 0.32896038889884949
vt 2.8937149047851562 0.32943901419639587
vt 2.8937149047851562 0.32999998331069946
vt 0.55501717329025269 2.8969228267669678
vt 0.55445289611816406 2.8969228267669678
vt 2.8969228267669678 0.32896038889884949
vt 2.8969228267669678 0.32943901419639587
vt 2.8969228267669678 0.32999998331069946
vt 0.55501717329025269 2.9001305103302002
vt 0.55445289611816406 2.9001305103302002
vt 2.9001305103302002 0.32896038889884949
vt 2.9001305103302002 0.32943901419639587
vt 2.9001305103302002 0.32999998331069946
vt 0.55501717329025269 2.9033381938934326
vt 0.55445289611816406 2.9033381938934326
vt 2.9033381938934326 0.32896038889884949
vt 2.9033381938934326 0.32943901419639587
vt 2.9033381938934326 0.32999998331069946
vt 0.55501717329025269 2.906545877456665
vt 0.55445289611816406 2.906545877456665
vt 2.906545877456665 0.32896038889884949
vt 2.906545877456665 0.32943901419639587
vt 2.906545877456665 0.32999998331069946
vt 0.55501717329025269 2.9097537994384766
vt 0.55445289611816406 2.9097537994384766
vt 2.9097537994384766 0.32896038889884949
vt 2.9097537994384766 0.32943901419639587
vt 2.9097537994384766 0.32999998331069946
vt 0.55501717329025269 2.912961483001709
vt 0.55445289611816406 2.912961483001709
vt 2.912961483001709 0.32896038889884949
vt 2.912961483001709 0.32943901419639587
vt 2.912961483001709 0.32999998331069946
vt 0.55501717329025269 2.9161691665649414
vt 0.55445289611816406 2.9161691665649414
vt 2.9161691665649414 0.32896038889884949
vt 2.9161691665649414 0.32943901419639587
vt 2.9161691665649414 0.32999998331069946
vt 0.55501717329025269 2.9193770885467529
vt 0.55445289611816406 2.9193770885467529
vt 2.9193770885467529 0.32896038889884949
vt 2.9193770885467529 0.32943901419639587
vt 2.9193770885467529 0.32999998331069946
vt 0.55501717329025269 2.9225847721099854
vt 0.55445289611816406 2.9225847721099854
vt 2.9225847721099854 0.32896038889884949
vt 2.9225847721099854 0.32943901419639587
vt 2.9225847721099854 0.32999998331069946
vt 0.55501717329025269 2.9257924556732178
vt 0.55445289611816406 2.9257924556732178
vt 2.9257924556732178 0.32896038889884949
vt 2.9257924556732178 0.32943901419639587
vt 2.9257924556732178 0.32999998331069946
vt 0.55501717329025269 2.9290001392364502
vt 0.55445289611816406 2.9290001392364502
vt 2.9290001392364502 0.32896038889884949
vt 2.9290001392364502 0.32943901419639587
vt 2.9290001392364502 0.32999998331069946
vt 0.55445289611816406 2.927396297454834
vt 0.55473220348358154 2.9257924556732178
vt 0.55473220348358154 2.927396297454834
vt 2.927396297454834 0.32896038889884949
vt 0.55419725179672241 2.9257924556732178
vt 0.55419725179672241 2.927396297454834
vt 2.9257924556732178 0.32971677184104919
vt 2.927396297454834 0.32943901419639587
vt 2.927396297454834 0.32971677184104919
vt 2.8969228267669678 0.32971677184104919
vt 2.8953187465667725 0.32943901419639587
vt 2.8953187465667725 0.32971677184104919
vt 0.55419725179672241 2.8969228267669678
vt 2.8953187465667725 0.32896038889884949
vt 0.55445289611816406 2.8953187465667725
vt 0.55419725179672241 2.8953187465667725
vt 0.55473220348358154 2.8969228267669678
vt 0.55473220348358154 2.8953187465667725
vt 0.34794840216636658 2.8937149047851562
vt 0.34794840216636658 2.9290001392364502
vt 0.38029322028160095 2.8937149047851562
vt 0.38029322028160095 2.9290001392364502
vt -1.8937150239944458 0.2888338565826416
vt -1.9290002584457397 0.2888338565826416
vt -1.8937150239944458 0.30941691994667053
vt -1.9290002584457397 0.30941691994667053
vt 0.38029322028160095 2.8937149047851562
vt 0.38029322028160095 2.9290001392364502
vt 0.41263803839683533 2.8937149047851562
vt 0.41263803839683533 2.9290001392364502
vt 0.41116783022880554 2.8937149047851562
vt 0.41116783022880554 2.9290001392364502
vt 0.34941861033439636 2.8937149047851562
vt 0.34941861033439636 2.9290001392364502
vt 2.8937149047851562 0.24913793802261353
vt 2.9290001392364502 0.24913793802261353
vt 2.8937149047851562 0.28736361861228943
vt 2.9290001392364502 0.28736361861228943
vt 0.65058135986328125 2.8937149047851562
vt 0.65058135986328125 2.9290001392364502
vt 0.61970680952072144 2.8937149047851562
vt 0.61970680952072144 2.9290001392364502
vt 0.61970680952072144 2.8969228267669678
vt 0.61970680952072144 2.9001305103302002
vt 0.61970680952072144 2.9033381938934326
vt 0.61970680952072144 2.906545877456665
vt 0.61970680952072144 2.9097537994384766
vt 0.61970680952072144 2.912961483001709
vt 0.61970680952072144 2.9161691665649414
vt 0.61970680952072144 2.9193770885467529
vt 0.61970680952072144 2.9225847721099854
vt 0.61970680952072144 2.9257924556732178
vt 2.8937149047851562 0.2888338565826416
vt 2.9290001392364502 0.2888338565826416
vt 2.8937149047851562 0.30794671177864075
vt 2.9290001392364502 0.30794671177864075
vt 2.9257924556732178 0.2888338565826416
vt 2.9225847721099854 0.2888338565826416
vt 2.9193770885467529 0.2888338565826416
vt 2.9161691665649414 0.2888338565826416
vt 2.912961483001709 0.2888338565826416
vt 2.9097537994384766 0.2888338565826416
vt 2.906545877456665 0.2888338565826416
vt 2.9033381938934326 0.2888338565826416
vt 2.9001305103302002 0.2888338565826416
vt 2.8969228267669678 0.2888338565826416
vt 0.61823654174804688 2.8937149047851562
vt 0.61823654174804688 2.9290001392364502
vt 0.58883219957351685 2.8937149047851562
vt 0.58883219957351685 2.9290001392364502
vt -1.8937150239944458 0.30794671177864075
vt -1.9290002584457397 0.24913793802261353
vt -1.8937150239944458 0.24913793802261353
vt -1.9290002584457397 0.30794671177864075
vt 0.61970680952072144 2.8937149047851562
vt 0.61914253234863281 2.8937149047851562
vt 2.8937149047851562 0.28779423236846924
vt 2.8937149047851562 0.28827285766601562
vt 2.8937149047851562 0.2888338565826416
vt 0.61970680952072144 2.8969228267669678
vt 0.61914253234863281 2.8969228267669678
vt 2.8969228267669678 0.28779423236846924
vt 2.8969228267669678 0.28827285766601562
vt 2.8969228267669678 0.2888338565826416
vt 0.61970680952072144 2.9001305103302002
vt 0.61914253234863281 2.9001305103302002
vt 2.9001305103302002 0.28779423236846924
vt 2.9001305103302002 0.28827285766601562
vt 2.9001305103302002 0.2888338565826416
vt 0.61970680952072144 2.9033381938934326
vt 0.61914253234863281 2.9033381938934326
vt 2.9033381938934326 0.28779423236846924
vt 2.9033381938934326 0.28827285766601562
vt 2.9033381938934326 0.2888338565826416
vt 0.61970680952072144 2.906545877456665
vt 0.61914253234863281 2.906545877456665
vt 2.906545877456665 0.28779423236846924
vt 2.906545877456665 0.28827285766601562
vt 2.906545877456665 0.2888338565826416
vt 0.61970680952072144 2.9097537994384766
vt 0.61914253234863281 2.9097537994384766
vt 2.9097537994384766 0.28779423236846924
vt 2.9097537994384766 0.28827285766601562
vt 2.9097537994384766 0.2888338565826416
vt 0.61970680952072144 2.912961483001709
vt 0.61914253234863281 2.912961483001709
vt 2.912961483001709 0.28779423236846924
vt 2.912961483001709 0.28827285766601562
vt 2.912961483001709 0.2888338565826416
vt 0.61970680952072144 2.9161691665649414
vt 0.61914253234863281 2.9161691665649414
vt 2.9161691665649414 0.28779423236846924
vt 2.9161691665649414 0.28827285766601562
vt 2.9161691665649414 0.2888338565826416
vt 0.61970680952072144 2.9193770885467529
vt 0.61914253234863281 2.9193770885467529
vt 2.9193770885467529 0.28779423236846924
vt 2.9193770885467529 0.28827285766601562
vt 2.9193770885467529 0.2888338565826416
vt 0.61970680952072144 2.9225847721099854
vt 0.61914253234863281 2.9225847721099854
vt 2.9225847721099854 0.28779423236846924
vt 2.9225847721099854 0.28827285766601562
vt 2.9225847721099854 0.2888338565826416
vt 0.61970680952072144 2.9257924556732178
vt 0.61914253234863281 2.9257924556732178
vt 2.9257924556732178 0.28779423236846924
vt 2.9257924556732178 0.28827285766601562
vt 2.9257924556732178 0.2888338565826416
vt 0.61970680952072144 2.9290001392364502
vt 0.61914253234863281 2.9290001392364502
vt 2.9290001392364502 0.28779423236846924
vt 2.9290001392364502 0.28827285766601562
vt 2.9290001392364502 0.2888338565826416
vt 0.61914253234863281 2.927396297454834
vt 0.61942183971405029 2.9257924556732178
vt 0.61942183971405029 2.927396297454834
vt 2.927396297454834 0.28779423236846924
vt 0.61888688802719116 2.9257924556732178
vt 0.61888688802719116 2.927396297454834
vt 2.9257924556732178 0.28855064511299133
vt 2.927396297454834 0.28827285766601562
vt 2.927396297454834 0.28855064511299133
vt 2.8969228267669678 0.28855064511299133
vt 2.8953187465667725 0.28827285766601562
vt 2.8953187465667725 0.28855064511299133
vt 0.61888688802719116 2.8969228267669678
vt 2.8953187465667725 0.28779423236846924
vt 0.61914253234863281 2.8953187465667725
vt 0.61888688802719116 2.8953187465667725
vt 0.61942183971405029 2.8969228267669678
vt 0.61942183971405029 2.8953187465667725
vt -1.8937150239944458 0.24766772985458374
vt -1.9290002584457397 0.24766772985458374
vt -1.8937150239944458 0.26825076341629028
vt -1.9290002584457397 0.26825076341629028
vt 0.3156035840511322 2.8937149047851562
vt 0.3156035840511322 2.9290001392364502
vt 0.34794840216636658 2.8937149047851562
vt 0.34794840216636658 2.9290001392364502
vt 0.68292617797851562 2.8937149047851562
vt 0.68292617797851562 2.9290001392364502
vt 0.6535218358039856 2.8937149047851562
vt 0.6535218358039856 2.9290001392364502
vt -1.8937150239944458 0.2667805552482605
vt -1.9290002584457397 0.2667805552482605
vt -1.8937150239944458 0.20797179639339447
vt -1.9290002584457397 0.20797179639339447
vt 0.3464781641960144 2.8937149047851562
vt 0.3464781641960144 2.9290001392364502
vt 0.31707379221916199 2.8937149047851562
vt 0.31707379221916199 2.9290001392364502
vt -1.8937150239944458 0.20650158822536469
vt -1.9290002584457397 0.20650158822536469
vt -1.8937150239944458 0.22708465158939362
vt -1.9290002584457397 0.22708465158939362
vt 0.25091394782066345 2.8937149047851562
vt 0.25091394782066345 2.9290001392364502
vt 0.28325876593589783 2.8937149047851562
vt 0.28325876593589783 2.9290001392364502
vt -1.8937150239944458 0.22708465158939362
vt -1.9290002584457397 0.22708465158939362
vt -1.8937150239944458 0.24766772985458374
vt -1.9290002584457397 0.24766772985458374
vt 0.28325876593589783 2.8937149047851562
vt 0.28325876593589783 2.9290001392364502
vt 0.3156035840511322 2.8937149047851562
vt 0.3156035840511322 2.9290001392364502
vt -1.9290002584457397 0.24619749188423157
vt -1.8937150239944458 0.20797179639339447
vt -1.9290002584457397 0.20797179639339447
vt -1.8937150239944458 0.24619749188423157
vt 0.31413334608078003 2.8937149047851562
vt 0.31413334608078003 2.9290001392364502
vt 0.25238415598869324 2.8937149047851562
vt 0.25238415598869324 2.9290001392364502
vt 2.8937149047851562 0.20797179639339447
vt 2.9290001392364502 0.20797179639339447
vt 2.8937149047851562 0.22561442852020264
vt 2.9290001392364502 0.22561442852020264
vt 0.74761581420898438 2.8937149047851562
vt 0.74761581420898438 2.9290001392364502
vt 0.71674126386642456 2.8937149047851562
vt 0.71674126386642456 2.9290001392364502
vt 0.71674126386642456 2.8969228267669678
vt 0.71674126386642456 2.9001305103302002
vt 0.71674126386642456 2.9033381938934326
vt 0.71674126386642456 2.906545877456665
vt 0.71674126386642456 2.9097537994384766
vt 0.71674126386642456 2.912961483001709
vt 0.71674126386642456 2.9161691665649414
vt 0.71674126386642456 2.9193770885467529
vt 0.71674126386642456 2.9225847721099854
vt 0.71674126386642456 2.9257924556732178
vt 2.8937149047851562 0.22708465158939362
vt 2.9290001392364502 0.22708465158939362
vt 2.8937149047851562 0.24619749188423157
vt 2.9290001392364502 0.24619749188423157
vt 2.9257924556732178 0.22708465158939362
vt 2.9225847721099854 0.22708465158939362
vt 2.9193770885467529 0.22708465158939362
vt 2.9161691665649414 0.22708465158939362
vt 2.912961483001709 0.22708465158939362
vt 2.9097537994384766 0.22708465158939362
vt 2.906545877456665 0.22708465158939362
vt 2.9033381938934326 0.22708465158939362
vt 2.9001305103302002 0.22708465158939362
vt 2.8969228267669678 0.22708465158939362
vt 0.71527099609375 2.8937149047851562
vt 0.71527099609375 2.9290001392364502
vt 0.68586665391921997 2.8937149047851562
vt 0.68586665391921997 2.9290001392364502
vt 0.71674126386642456 2.8937149047851562
vt 0.71617692708969116 2.8937149047851562
vt 2.8937149047851562 0.22604505717754364
vt 2.8937149047851562 0.22652368247509003
vt 2.8937149047851562 0.22708465158939362
vt 0.71674126386642456 2.8969228267669678
vt 0.71617692708969116 2.8969228267669678
vt 2.8969228267669678 0.22604505717754364
vt 2.8969228267669678 0.22652368247509003
vt 2.8969228267669678 0.22708465158939362
vt 0.71674126386642456 2.9001305103302002
vt 0.71617692708969116 2.9001305103302002
vt 2.9001305103302002 0.22604505717754364
vt 2.9001305103302002 0.22652368247509003
vt 2.9001305103302002 0.22708465158939362
vt 0.71674126386642456 2.9033381938934326
vt 0.71617692708969116 2.9033381938934326
vt 2.9033381938934326 0.22604505717754364
vt 2.9033381938934326 0.22652368247509003
vt 2.9033381938934326 0.22708465158939362
vt 0.71674126386642456 2.906545877456665
vt 0.71617692708969116 2.906545877456665
vt 2.906545877456665 0.22604505717754364
vt 2.906545877456665 0.22652368247509003
vt 2.906545877456665 0.22708465158939362
vt 0.71674126386642456 2.9097537994384766
vt 0.71617692708969116 2.9097537994384766
vt 2.9097537994384766 0.22604505717754364
vt 2.9097537994384766 0.22652368247509003
vt 2.9097537994384766 0.22708465158939362
vt 0.71674126386642456 2.912961483001709
vt 0.71617692708969116 2.912961483001709
vt 2.912961483001709 0.22604505717754364
vt 2.912961483001709 0.22652368247509003
vt 2.912961483001709 0.22708465158939362
vt 0.71674126386642456 2.9161691665649414
vt 0.71617692708969116 2.9161691665649414
vt 2.9161691665649414 0.22604505717754364
vt 2.9161691665649414 0.22652368247509003
vt 2.9161691665649414 0.22708465158939362
vt 0.71674126386642456 2.9193770885467529
vt 0.71617692708969116 2.9193770885467529
vt 2.9193770885467529 0.22604505717754364
vt 2.9193770885467529 0.22652368247509003
vt 2.9193770885467529 0.22708465158939362
vt 0.71674126386642456 2.9225847721099854
vt 0.71617692708969116 2.9225847721099854
vt 2.9225847721099854 0.22604505717754364
vt 2.9225847721099854 0.22652368247509003
vt 2.9225847721099854 0.22708465158939362
vt 0.71674126386642456 2.9257924556732178
vt 0.71617692708969116 2.9257924556732178
vt 2.9257924556732178 0.22604505717754364
vt 2.9257924556732178 0.22652368247509003
vt 2.9257924556732178 0.22708465158939362
vt 0.71674126386642456 2.9290001392364502
vt 0.71617692708969116 2.9290001392364502
vt 2.9290001392364502 0.22604505717754364
vt 2.9290001392364502 0.22652368247509003
vt 2.9290001392364502 0.22708465158939362
vt 0.71617692708969116 2.927396297454834
vt 0.71645629405975342 2.9257924556732178
vt 0.71645629405975342 2.927396297454834
vt 2.927396297454834 0.22604505717754364
vt 0.71592134237289429 2.9257924556732178
vt 0.71592134237289429 2.927396297454834
vt 2.9257924556732178 0.22680144011974335
vt 2.927396297454834 0.22652368247509003
vt 2.927396297454834 0.22680144011974335
vt 2.8969228267669678 0.22680144011974335
vt 2.8953187465667725 0.22652368247509003
vt 2.8953187465667725 0.22680144011974335
vt 0.71592134237289429 2.8969228267669678
vt 2.8953187465667725 0.22604505717754364
vt 0.71617692708969116 2.8953187465667725
vt 0.71592134237289429 2.8953187465667725
vt 0.71645629405975342 2.8969228267669678
vt 0.71645629405975342 2.8953187465667725
vt -1.8937150239944458 0.18591852486133575
vt -1.9290002584457397 0.18591852486133575
vt -1.8937150239944458 0.20650158822536469
vt -1.9290002584457397 0.20650158822536469
vt 0.21856912970542908 2.8937149047851562
vt 0.21856912970542908 2.9290001392364502
vt 0.25091394782066345 2.8937149047851562
vt 0.25091394782066345 2.9290001392364502
vt -1.8937150239944458 0.2050313800573349
vt -1.9290002584457397 0.2050313800573349
vt -1.8937150239944458 0.12563954293727875
vt -1.9290002584457397 0.12563954293727875
vt 0.24944372475147247 2.8937149047851562
vt 0.24944372475147247 2.9290001392364502
vt 0.19651584327220917 2.8937149047851562
vt 0.19651584327220917 2.9290001392364502
vt 2.8937149047851562 0.12563954293727875
vt 2.9290001392364502 0.12563954293727875
vt 2.8937149047851562 0.18444830179214478
vt 2.9290001392364502 0.18444830179214478
vt 0.80348414182662964 2.8937149047851562
vt 0.80348414182662964 2.9290001392364502
vt 0.78143084049224854 2.8937149047851562
vt 0.78143084049224854 2.9290001392364502
vt 0.78143084049224854 2.8969228267669678
vt 0.78143084049224854 2.9001305103302002
vt 0.78143084049224854 2.9033381938934326
vt 0.78143084049224854 2.906545877456665
vt 0.78143084049224854 2.9097537994384766
vt 0.78143084049224854 2.912961483001709
vt 0.78143084049224854 2.9161691665649414
vt 0.78143084049224854 2.9193770885467529
vt 0.78143084049224854 2.9225847721099854
vt 0.78143084049224854 2.9257924556732178
vt 2.8937149047851562 0.18591852486133575
vt 2.9290001392364502 0.18591852486133575
vt 2.8937149047851562 0.2050313800573349
vt 2.9290001392364502 0.2050313800573349
vt 2.9257924556732178 0.18591852486133575
vt 2.9225847721099854 0.18591852486133575
vt 2.9193770885467529 0.18591852486133575
vt 2.9161691665649414 0.18591852486133575
vt 2.912961483001709 0.18591852486133575
vt 2.9097537994384766 0.18591852486133575
vt 2.906545877456665 0.18591852486133575
vt 2.9033381938934326 0.18591852486133575
vt 2.9001305103302002 0.18591852486133575
vt 2.8969228267669678 0.18591852486133575
vt 0.77996063232421875 2.8937149047851562
vt 0.77996063232421875 2.9290001392364502
vt 0.75055629014968872 2.8937149047851562
vt 0.75055629014968872 2.9290001392364502
vt 0.78143084049224854 2.8937149047851562
vt 0.78086656332015991 2.8937149047851562
vt 2.8937149047851562 0.18487891554832458
vt 2.8937149047851562 0.18535754084587097
vt 2.8937149047851562 0.18591852486133575
vt 0.78143084049224854 2.8969228267669678
vt 0.78086656332015991 2.8969228267669678
vt 2.8969228267669678 0.18487891554832458
vt 2.8969228267669678 0.18535754084587097
vt 2.8969228267669678 0.18591852486133575
vt 0.78143084049224854 2.9001305103302002
vt 0.78086656332015991 2.9001305103302002
vt 2.9001305103302002 0.18487891554832458
vt 2.9001305103302002 0.18535754084587097
vt 2.9001305103302002 0.18591852486133575
vt 0.78143084049224854 2.9033381938934326
vt 0.78086656332015991 2.9033381938934326
vt 2.9033381938934326 0.18487891554832458
vt 2.9033381938934326 0.18535754084587097
vt 2.9033381938934326 0.18591852486133575
vt 0.78143084049224854 2.906545877456665
vt 0.78086656332015991 2.906545877456665
vt 2.906545877456665 0.18487891554832458
vt 2.906545877456665 0.18535754084587097
vt 2.906545877456665 0.18591852486133575
vt 0.78143084049224854 2.9097537994384766
vt 0.78086656332015991 2.9097537994384766
vt 2.9097537994384766 0.18487891554832458
vt 2.9097537994384766 0.18535754084587097
vt 2.9097537994384766 0.18591852486133575
vt 0.78143084049224854 2.912961483001709
vt 0.78086656332015991 2.912961483001709
vt 2.912961483001709 0.18487891554832458
vt 2.912961483001709 0.18535754084587097
vt 2.912961483001709 0.18591852486133575
vt 0.78143084049224854 2.9161691665649414
vt 0.78086656332015991 2.9161691665649414
vt 2.9161691665649414 0.18487891554832458
vt 2.9161691665649414 0.18535754084587097
vt 2.9161691665649414 0.18591852486133575
vt 0.78143084049224854 2.9193770885467529
vt 0.78086656332015991 2.9193770885467529
vt 2.9193770885467529 0.18487891554832458
vt 2.9193770885467529 0.18535754084587097
vt 2.9193770885467529 0.18591852486133575
vt 0.78143084049224854 2.9225847721099854
vt 0.78086656332015991 2.9225847721099854
vt 2.9225847721099854 0.18487891554832458
vt 2.9225847721099854 0.18535754084587097
vt 2.9225847721099854 0.18591852486133575
vt 0.78143084049224854 2.9257924556732178
vt 0.78086656332015991 2.9257924556732178
vt 2.9257924556732178 0.18487891554832458
vt 2.9257924556732178 0.18535754084587097
vt 2.9257924556732178 0.18591852486133575
vt 0.78143084049224854 2.9290001392364502
vt 0.78086656332015991 2.9290001392364502
vt 2.9290001392364502 0.18487891554832458
vt 2.9290001392364502 0.18535754084587097
vt 2.9290001392364502 0.18591852486133575
vt 0.78086656332015991 2.927396297454834
vt 0.78114593029022217 2.9257924556732178
vt 0.78114593029022217 2.927396297454834
vt 2.927396297454834 0.18487891554832458
vt 0.78061097860336304 2.9257924556732178
vt 0.78061097860336304 2.927396297454834
vt 2.9257924556732178 0.18563532829284668
vt 2.927396297454834 0.18535754084587097
vt 2.927396297454834 0.18563532829284668
vt 2.8969228267669678 0.18563532829284668
vt 2.8953187465667725 0.18535754084587097
vt 2.8953187465667725 0.18563532829284668
vt 0.78061097860336304 2.8969228267669678
vt 2.8953187465667725 0.18487891554832458
vt 0.78086656332015991 2.8953187465667725
vt 0.78061097860336304 2.8953187465667725
vt 0.78114593029022217 2.8969228267669678
vt 0.78114593029022217 2.8953187465667725
vt -1.8937150239944458 0.18444830179214478
vt -1.9290002584457397 0.18444830179214478
vt -1.8937150239944458 0.12563954293727875
vt -1.9290002584457397 0.12563954293727875
vt 0.1935754120349884 2.8937149047851562
vt 0.1935754120349884 2.9290001392364502
vt 0.13770708441734314 2.8937149047851562
vt 0.13770708441734314 2.9290001392364502
vt 2.8937149047851562 0.12563954293727875
vt 2.9290001392364502 0.12563954293727875
vt 2.8937149047851562 0.18444830179214478
vt 2.9290001392364502 0.18444830179214478
vt 0.86229288578033447 2.8937149047851562
vt 0.86229288578033447 2.9290001392364502
vt 0.80642461776733398 2.8937149047851562
vt 0.80642461776733398 2.9290001392364502
vt 2.8937149047851562 0.12563954293727875
vt 2.9290001392364502 0.12563954293727875
vt 2.8937149047851562 0.18444830179214478
vt 2.9290001392364502 0.18444830179214478
vt 0.92110168933868408 2.8937149047851562
vt 0.92110168933868408 2.9290001392364502
vt 0.86523336172103882 2.8937149047851562
vt 0.86523336172103882 2.9290001392364502
vt -1.8937150239944458 0.18444830179214478
vt -1.9290002584457397 0.18444830179214478
vt -1.8937150239944458 0.12563954293727875
vt -1.9290002584457397 0.12563954293727875
vt 0.13476665318012238 2.8937149047851562
vt 0.13476665318012238 2.9290001392364502
vt 0.078898325562477112 2.8937149047851562
vt 0.078898325562477112 2.9290001392364502
vt 2.8937149047851562 0.084473416209220886
vt 2.9290001392364502 0.084473416209220886
vt 2.8937149047851562 0.12269910424947739
vt 2.9290001392364502 0.12269910424947739
vt 0.92110168933868408 2.8937149047851562
vt 0.86523336172103882 2.9290001392364502
vt 0.92110168933868408 2.9290001392364502
vt 0.86523336172103882 2.8937149047851562
vt -1.8937150239944458 0.12269910424947739
vt -1.9290002584457397 0.12269910424947739
vt -1.8937150239944458 0.084473416209220886
vt -1.9290002584457397 0.084473416209220886
vt 0.13476665318012238 2.8937149047851562
vt 0.13476665318012238 2.9290001392364502
vt 0.078898325562477112 2.8937149047851562
vt 0.078898325562477112 2.9290001392364502
vt 0.86229288578033447 2.8937149047851562
vt 0.86229288578033447 2.9290001392364502
vt 0.80642461776733398 2.8937149047851562
vt 0.80642461776733398 2.9290001392364502
vt -1.8937150239944458 0.12269910424947739
vt -1.8937150239944458 0.084473416209220886
vt -1.9290002584457397 0.084473416209220886
vt -1.9290002584457397 0.12269910424947739
vt 0.1935754120349884 2.8937149047851562
vt 0.1935754120349884 2.9290001392364502
vt 0.13770708441734314 2.8937149047851562
vt 0.13770708441734314 2.9290001392364502
vt 2.8937149047851562 0.084473416209220886
vt 2.9290001392364502 0.12269910424947739
vt 2.8937149047851562 0.12269910424947739
vt 2.9290001392364502 0.084473416209220886
vt 2.8937149047851562 0.084473416209220886
vt 2.9290001392364502 0.084473416209220886
vt 2.8937149047851562 0.12269910424947739
vt 2.9290001392364502 0.12269910424947739
vt 0.80348414182662964 2.8937149047851562
vt 0.75055629014968872 2.8937149047851562
vt 0.75055629014968872 2.9290001392364502
vt 0.80348414182662964 2.9290001392364502
vt -1.8937150239944458 0.12269910424947739
vt -1.9290002584457397 0.12269910424947739
vt -1.8937150239944458 0.084473416209220886
vt -1.9290002584457397 0.084473416209220886
vt 0.24944372475147247 2.8937149047851562
vt 0.24944372475147247 2.9290001392364502
vt 0.19651584327220917 2.8937149047851562
vt 0.19651584327220917 2.9290001392364502
vt 0.80348414182662964 2.8937149047851562
vt 0.80348414182662964 2.9290001392364502
vt 0.75055629014968872 2.9290001392364502
vt 0.75055629014968872 2.8937149047851562
vt -1.8937150239944458 0.081532977521419525
vt -1.9290002584457397 0.043307282030582428
vt -1.9290002584457397 0.081532977521419525
vt -1.8937150239944458 0.043307282030582428
vt 0.24944372475147247 2.8937149047851562
vt 0.19651584327220917 2.9290001392364502
vt 0.24944372475147247 2.9290001392364502
vt 0.19651584327220917 2.8937149047851562
vt 2.8937149047851562 0.043307282030582428
vt 2.8937149047851562 0.081532977521419525
vt 2.9290001392364502 0.081532977521419525
vt 2.9290001392364502 0.043307282030582428
vt -1.8937150239944458 0.081532977521419525
vt -1.9290002584457397 0.081532977521419525
vt -1.8937150239944458 0.043307282030582428
vt -1.9290002584457397 0.043307282030582428
vt 0.1935754120349884 2.8937149047851562
vt 0.1935754120349884 2.9290001392364502
vt 0.13770708441734314 2.8937149047851562
vt 0.13770708441734314 2.9290001392364502
vt 2.8937149047851562 0.043307282030582428
vt 2.9290001392364502 0.043307282030582428
vt 2.8937149047851562 0.081532977521419525
vt 2.9290001392364502 0.081532977521419525
vt 0.86229288578033447 2.8937149047851562
vt 0.86229288578033447 2.9290001392364502
vt 0.80642461776733398 2.8937149047851562
vt 0.80642461776733398 2.9290001392364502
vt 2.8937149047851562 0.043307282030582428
vt 2.9290001392364502 0.043307282030582428
vt 2.8937149047851562 0.081532977521419525
vt 2.9290001392364502 0.081532977521419525
vt 0.92110168933868408 2.9290001392364502
vt 0.86523336172103882 2.9290001392364502
vt 0.86523336172103882 2.8937149047851562
vt 0.92110168933868408 2.8937149047851562
vt -1.8937150239944458 0.081532977521419525
vt -1.8937150239944458 0.043307282030582428
vt -1.9290002584457397 0.043307282030582428
vt -1.9290002584457397 0.081532977521419525
vt 0.13476665318012238 2.8937149047851562
vt 0.13476665318012238 2.9290001392364502
vt 0.078898325562477112 2.8937149047851562
vt 0.078898325562477112 2.9290001392364502
vt 0.92110168933868408 2.8937149047851562
vt 0.92110168933868408 2.9290001392364502
vt 0.86523336172103882 2.8937149047851562
vt 0.86523336172103882 2.9290001392364502
vt -1.8937150239944458 0.040366847068071365
vt -1.9290002584457397 0.040366847068071365
vt -1.8937150239944458 0.0021411532070487738
vt -1.9290002584457397 0.0021411532070487738
vt 0.13476665318012238 2.8937149047851562
vt 0.13476665318012238 2.9290001392364502
vt 0.078898325562477112 2.9290001392364502
vt 0.078898325562477112 2.8937149047851562
vt 2.8937149047851562 0.0021411532070487738
vt 2.9290001392364502 0.0021411532070487738
vt 2.8937149047851562 0.040366847068071365
vt 2.9290001392364502 0.040366847068071365
vt 0.86229288578033447 2.8937149047851562
vt 0.86229288578033447 2.9290001392364502
vt 0.80642461776733398 2.8937149047851562
vt 0.80642461776733398 2.9290001392364502
vt -1.8937150239944458 0.040366847068071365
vt -1.9290002584457397 0.040366847068071365
vt -1.8937150239944458 0.0021411532070487738
vt -1.9290002584457397 0.0021411532070487738
vt 0.1935754120349884 2.9290001392364502
vt 0.13770708441734314 2.9290001392364502
vt 0.13770708441734314 2.8937149047851562
vt 0.1935754120349884 2.8937149047851562
vt 2.8937149047851562 0.0021411532070487738
vt 2.8937149047851562 0.040366847068071365
vt 2.9290001392364502 0.040366847068071365
vt 2.9290001392364502 0.0021411532070487738
vt -1.8937150239944458 0.040366847068071365
vt -1.9290002584457397 0.040366847068071365
vt -1.9290002584457397 0.0021411532070487738
vt -1.8937150239944458 0.0021411532070487738
vt 0.24944372475147247 2.8937149047851562
vt 0.24944372475147247 2.9290001392364502
vt 0.19651584327220917 2.8937149047851562
vt 0.19651584327220917 2.9290001392364502
vt 2.8937149047851562 0.0021411532070487738
vt 2.9290001392364502 0.0021411532070487738
vt 2.8937149047851562 0.040366847068071365
vt 2.9290001392364502 0.040366847068071365
vt 0.80348414182662964 2.8937149047851562
vt 0.80348414182662964 2.9290001392364502
vt 0.75055629014968872 2.8937149047851562
vt 0.75055629014968872 2.9290001392364502
vt -1.8937150239944458 0.040366847068071365
vt -1.9290002584457397 0.040366847068071365
vt -1.8937150239944458 0.0021411532070487738
vt -1.9290002584457397 0.0021411532070487738
vt 0.31413334608078003 2.8937149047851562
vt 0.31413334608078003 2.9290001392364502
vt 0.25238415598869324 2.8937149047851562
vt 0.25238415598869324 2.9290001392364502
vt 2.8937149047851562 0.0021411532070487738
vt 2.9290001392364502 0.0021411532070487738
vt 2.8937149047851562 0.040366847068071365
vt 2.9290001392364502 0.040366847068071365
vt 0.74761581420898438 2.8937149047851562
vt 0.74761581420898438 2.9290001392364502
vt 0.68586665391921997 2.8937149047851562
vt 0.68586665391921997 2.9290001392364502
vt 0.31413334608078003 2.8937149047851562
vt 0.31413334608078003 2.9290001392364502
vt 0.25238415598869324 2.8937149047851562
vt 0.25238415598869324 2.9290001392364502
vt 2.8937149047851562 0.043307282030582428
vt 2.9290001392364502 0.043307282030582428
vt 2.8937149047851562 0.081532977521419525
vt 2.9290001392364502 0.081532977521419525
vt 0.74761581420898438 2.8937149047851562
vt 0.74761581420898438 2.9290001392364502
vt 0.68586665391921997 2.9290001392364502
vt 0.68586665391921997 2.8937149047851562
vt -1.8937150239944458 0.081532977521419525
vt -1.8937150239944458 0.043307282030582428
vt -1.9290002584457397 0.081532977521419525
vt -1.9290002584457397 0.043307282030582428
vt -1.8937150239944458 0.12269910424947739
vt -1.9290002584457397 0.12269910424947739
vt -1.8937150239944458 0.084473416209220886
vt -1.9290002584457397 0.084473416209220886
vt 0.31413334608078003 2.8937149047851562
vt 0.31413334608078003 2.9290001392364502
vt 0.25238415598869324 2.8937149047851562
vt 0.25238415598869324 2.9290001392364502
vt 2.8937149047851562 0.084473416209220886
vt 2.9290001392364502 0.084473416209220886
vt 2.8937149047851562 0.12269910424947739
vt 2.9290001392364502 0.12269910424947739
vt 0.74761581420898438 2.8937149047851562
vt 0.74761581420898438 2.9290001392364502
vt 0.68586665391921997 2.9290001392364502
vt 0.68586665391921997 2.8937149047851562
vt -1.8937150239944458 0.16386523842811584
vt -1.9290002584457397 0.16386523842811584
vt -1.8937150239944458 0.12563954293727875
vt -1.9290002584457397 0.12563954293727875
vt 0.31413334608078003 2.8937149047851562
vt 0.31413334608078003 2.9290001392364502
vt 0.25238415598869324 2.8937149047851562
vt 0.25238415598869324 2.9290001392364502
vt 2.8937149047851562 0.12563954293727875
vt 2.9290001392364502 0.12563954293727875
vt 2.8937149047851562 0.16386523842811584
vt 2.9290001392364502 0.16386523842811584
vt 0.74761581420898438 2.8937149047851562
vt 0.74761581420898438 2.9290001392364502
vt 0.68586665391921997 2.8937149047851562
vt 0.68586665391921997 2.9290001392364502
vt 0.31413334608078003 2.8937149047851562
vt 0.31413334608078003 2.9290001392364502
vt 0.25238415598869324 2.9290001392364502
vt 0.25238415598869324 2.8937149047851562
vt 2.8937149047851562 0.1668056845664978
vt 2.9290001392364502 0.1668056845664978
vt 2.8937149047851562 0.2050313800573349
vt 2.9290001392364502 0.2050313800573349
vt 0.74761581420898438 2.8937149047851562
vt 0.74761581420898438 2.9290001392364502
vt 0.68586665391921997 2.8937149047851562
vt 0.68586665391921997 2.9290001392364502
vt -1.9290002584457397 0.2050313800573349
vt -1.8937150239944458 0.1668056845664978
vt -1.9290002584457397 0.1668056845664978
vt -1.8937150239944458 0.2050313800573349
vt 2.8937149047851562 0.1668056845664978
vt 2.9290001392364502 0.1668056845664978
vt 2.8937149047851562 0.2050313800573349
vt 2.9290001392364502 0.2050313800573349
vt 0.68292617797851562 2.8937149047851562
vt 0.68292617797851562 2.9290001392364502
vt 0.6535218358039856 2.8937149047851562
vt 0.6535218358039856 2.9290001392364502
vt -1.8937150239944458 0.2050313800573349
vt -1.9290002584457397 0.2050313800573349
vt -1.8937150239944458 0.1668056845664978
vt -1.9290002584457397 0.1668056845664978
vt 0.3464781641960144 2.8937149047851562
vt 0.3464781641960144 2.9290001392364502
vt 0.31707379221916199 2.8937149047851562
vt 0.31707379221916199 2.9290001392364502
vt 0.3464781641960144 2.8937149047851562
vt 0.3464781641960144 2.9290001392364502
vt 0.31707379221916199 2.8937149047851562
vt 0.31707379221916199 2.9290001392364502
vt 2.8937149047851562 0.12563954293727875
vt 2.8937149047851562 0.16386523842811584
vt 2.9290001392364502 0.16386523842811584
vt 2.9290001392364502 0.12563954293727875
vt 0.68292617797851562 2.8937149047851562
vt 0.68292617797851562 2.9290001392364502
vt 0.6535218358039856 2.8937149047851562
vt 0.6535218358039856 2.9290001392364502
vt -1.8937150239944458 0.16386523842811584
vt -1.9290002584457397 0.16386523842811584
vt -1.8937150239944458 0.12563954293727875
vt -1.9290002584457397 0.12563954293727875
vt -1.8937150239944458 0.12269910424947739
vt -1.9290002584457397 0.12269910424947739
vt -1.8937150239944458 0.084473416209220886
vt -1.9290002584457397 0.084473416209220886
vt 0.3464781641960144 2.8937149047851562
vt 0.3464781641960144 2.9290001392364502
vt 0.31707379221916199 2.8937149047851562
vt 0.31707379221916199 2.9290001392364502
vt 2.8937149047851562 0.084473416209220886
vt 2.9290001392364502 0.12269910424947739
vt 2.9290001392364502 0.084473416209220886
vt 2.8937149047851562 0.12269910424947739
vt 0.68292617797851562 2.8937149047851562
vt 0.68292617797851562 2.9290001392364502
vt 0.6535218358039856 2.8937149047851562
vt 0.6535218358039856 2.9290001392364502
vt 0.68292617797851562 2.8937149047851562
vt 0.6535218358039856 2.8937149047851562
vt 0.68292617797851562 2.9290001392364502
vt 0.6535218358039856 2.9290001392364502
vt -1.9290002584457397 0.081532977521419525
vt -1.8937150239944458 0.043307282030582428
vt -1.8937150239944458 0.081532977521419525
vt -1.9290002584457397 0.043307282030582428
vt 0.3464781641960144 2.8937149047851562
vt 0.31707379221916199 2.8937149047851562
vt 0.31707379221916199 2.9290001392364502
vt 0.3464781641960144 2.9290001392364502
vt 2.8937149047851562 0.043307282030582428
vt 2.9290001392364502 0.043307282030582428
vt 2.8937149047851562 0.081532977521419525
vt 2.9290001392364502 0.081532977521419525
vt 0.68292617797851562 2.8937149047851562
vt 0.68292617797851562 2.9290001392364502
vt 0.6535218358039856 2.8937149047851562
vt 0.6535218358039856 2.9290001392364502
vt -1.8937150239944458 0.040366847068071365
vt -1.9290002584457397 0.040366847068071365
vt -1.9290002584457397 0.0021411532070487738
vt -1.8937150239944458 0.0021411532070487738
vt 0.3464781641960144 2.9290001392364502
vt 0.31707379221916199 2.8937149047851562
vt 0.31707379221916199 2.9290001392364502
vt 0.3464781641960144 2.8937149047851562
vt 2.8937149047851562 0.0021411532070487738
vt 2.9290001392364502 0.0021411532070487738
vt 2.8937149047851562 0.040366847068071365
vt 2.9290001392364502 0.040366847068071365
vt 0.65058135986328125 2.8937149047851562
vt 0.58883219957351685 2.8937149047851562
vt 0.65058135986328125 2.9290001392364502
vt 0.58883219957351685 2.9290001392364502
vt -1.8937150239944458 0.040366847068071365
vt -1.9290002584457397 0.040366847068071365
vt -1.8937150239944458 0.0021411532070487738
vt -1.9290002584457397 0.0021411532070487738
vt 0.41116783022880554 2.8937149047851562
vt 0.41116783022880554 2.9290001392364502
vt 0.34941861033439636 2.9290001392364502
vt 0.34941861033439636 2.8937149047851562
vt 2.8937149047851562 0.0021411532070487738
vt 2.9290001392364502 0.0021411532070487738
vt 2.8937149047851562 0.040366847068071365
vt 2.9290001392364502 0.040366847068071365
vt 2.8937149047851562 0.043307282030582428
vt 2.9290001392364502 0.043307282030582428
vt 2.8937149047851562 0.081532977521419525
vt 2.9290001392364502 0.081532977521419525
vt 0.65058135986328125 2.8937149047851562
vt 0.65058135986328125 2.9290001392364502
vt 0.58883219957351685 2.8937149047851562
vt 0.58883219957351685 2.9290001392364502
vt -1.8937150239944458 0.081532977521419525
vt -1.8937150239944458 0.043307282030582428
vt -1.9290002584457397 0.043307282030582428
vt -1.9290002584457397 0.081532977521419525
vt 0.41116783022880554 2.8937149047851562
vt 0.41116783022880554 2.9290001392364502
vt 0.34941861033439636 2.8937149047851562
vt 0.34941861033439636 2.9290001392364502
vt 2.8937149047851562 0.084473416209220886
vt 2.9290001392364502 0.084473416209220886
vt 2.8937149047851562 0.12269910424947739
vt 2.9290001392364502 0.12269910424947739
vt 0.65058135986328125 2.8937149047851562
vt 0.65058135986328125 2.9290001392364502
vt 0.58883219957351685 2.8937149047851562
vt 0.58883219957351685 2.9290001392364502
vt -1.8937150239944458 0.12269910424947739
vt -1.9290002584457397 0.12269910424947739
vt -1.8937150239944458 0.084473416209220886
vt -1.9290002584457397 0.084473416209220886
vt 0.41116783022880554 2.8937149047851562
vt 0.41116783022880554 2.9290001392364502
vt 0.34941861033439636 2.8937149047851562
vt 0.34941861033439636 2.9290001392364502
vt 2.8937149047851562 0.12563954293727875
vt 2.9290001392364502 0.12563954293727875
vt 2.8937149047851562 0.16386523842811584
vt 2.9290001392364502 0.16386523842811584
vt 0.65058135986328125 2.8937149047851562
vt 0.65058135986328125 2.9290001392364502
vt 0.58883219957351685 2.8937149047851562
vt 0.58883219957351685 2.9290001392364502
vt -1.9290002584457397 0.16386523842811584
vt -1.8937150239944458 0.12563954293727875
vt -1.9290002584457397 0.12563954293727875
vt -1.8937150239944458 0.16386523842811584
vt 0.41116783022880554 2.8937149047851562
vt 0.41116783022880554 2.9290001392364502
vt 0.34941861033439636 2.8937149047851562
vt 0.34941861033439636 2.9290001392364502
vt 2.8937149047851562 0.1668056845664978
vt 2.9290001392364502 0.1668056845664978
vt 2.8937149047851562 0.2050313800573349
vt 2.9290001392364502 0.2050313800573349
vt 0.65058135986328125 2.8937149047851562
vt 0.65058135986328125 2.9290001392364502
vt 0.58883219957351685 2.8937149047851562
vt 0.58883219957351685 2.9290001392364502
vt -1.8937150239944458 0.2050313800573349
vt -1.9290002584457397 0.2050313800573349
vt -1.8937150239944458 0.1668056845664978
vt -1.9290002584457397 0.1668056845664978
vt 0.41116783022880554 2.8937149047851562
vt 0.41116783022880554 2.9290001392364502
vt 0.34941861033439636 2.8937149047851562
vt 0.34941861033439636 2.9290001392364502
vt 2.8937149047851562 0.20797179639339447
vt 2.9290001392364502 0.20797179639339447
vt 2.8937149047851562 0.24619749188423157
vt 2.9290001392364502 0.24619749188423157
vt 0.65058135986328125 2.8937149047851562
vt 0.65058135986328125 2.9290001392364502
vt 0.58883219957351685 2.8937149047851562
vt 0.58883219957351685 2.9290001392364502
vt -1.9290002584457397 0.24619749188423157
vt -1.8937150239944458 0.20797179639339447
vt -1.9290002584457397 0.20797179639339447
vt -1.8937150239944458 0.24619749188423157
vt 0.41116783022880554 2.9290001392364502
vt 0.34941861033439636 2.8937149047851562
vt 0.34941861033439636 2.9290001392364502
vt 0.41116783022880554 2.8937149047851562
vt 2.8937149047851562 0.20797179639339447
vt 2.9290001392364502 0.20797179639339447
vt 2.8937149047851562 0.24619749188423157
vt 2.9290001392364502 0.24619749188423157
vt 0.5858917236328125 2.8937149047851562
vt 0.5858917236328125 2.9290001392364502
vt 0.5241425633430481 2.8937149047851562
vt 0.5241425633430481 2.9290001392364502
vt -1.8937150239944458 0.24619749188423157
vt -1.9290002584457397 0.24619749188423157
vt -1.8937150239944458 0.20797179639339447
vt -1.9290002584457397 0.20797179639339447
vt 0.47585746645927429 2.8937149047851562
vt 0.41410824656486511 2.8937149047851562
vt 0.47585746645927429 2.9290001392364502
vt 0.41410824656486511 2.9290001392364502
vt 2.8937149047851562 0.1668056845664978
vt 2.9290001392364502 0.1668056845664978
vt 2.8937149047851562 0.2050313800573349
vt 2.9290001392364502 0.2050313800573349
vt 0.5858917236328125 2.8937149047851562
vt 0.5858917236328125 2.9290001392364502
vt 0.5241425633430481 2.8937149047851562
vt 0.5241425633430481 2.9290001392364502
vt -1.8937150239944458 0.2050313800573349
vt -1.9290002584457397 0.2050313800573349
vt -1.8937150239944458 0.1668056845664978
vt -1.9290002584457397 0.1668056845664978
vt 0.47585746645927429 2.9290001392364502
vt 0.41410824656486511 2.8937149047851562
vt 0.41410824656486511 2.9290001392364502
vt 0.47585746645927429 2.8937149047851562
vt 2.8937149047851562 0.24913793802261353
vt 2.9290001392364502 0.24913793802261353
vt 2.8937149047851562 0.28736361861228943
vt 2.9290001392364502 0.28736361861228943
vt 0.5858917236328125 2.8937149047851562
vt 0.5858917236328125 2.9290001392364502
vt 0.5241425633430481 2.8937149047851562
vt 0.5241425633430481 2.9290001392364502
vt -1.8937150239944458 0.28736361861228943
vt -1.9290002584457397 0.28736361861228943
vt -1.8937150239944458 0.24913793802261353
vt -1.9290002584457397 0.24913793802261353
vt 0.47585746645927429 2.8937149047851562
vt 0.47585746645927429 2.9290001392364502
vt 0.41410824656486511 2.8937149047851562
vt 0.41410824656486511 2.9290001392364502
vt 0.5858917236328125 2.8937149047851562
vt 0.5858917236328125 2.9290001392364502
vt 0.5241425633430481 2.9290001392364502
vt 0.5241425633430481 2.8937149047851562
vt -1.8937150239944458 0.16386523842811584
vt -1.9290002584457397 0.16386523842811584
vt -1.8937150239944458 0.12563954293727875
vt -1.9290002584457397 0.12563954293727875
vt 0.47585746645927429 2.8937149047851562
vt 0.41410824656486511 2.8937149047851562
vt 0.41410824656486511 2.9290001392364502
vt 0.47585746645927429 2.9290001392364502
vt 2.8937149047851562 0.12563954293727875
vt 2.9290001392364502 0.12563954293727875
vt 2.9290001392364502 0.16386523842811584
vt 2.8937149047851562 0.16386523842811584
vt 2.8937149047851562 0.084473416209220886
vt 2.9290001392364502 0.084473416209220886
vt 2.8937149047851562 0.12269910424947739
vt 2.9290001392364502 0.12269910424947739
vt 0.5858917236328125 2.8937149047851562
vt 0.5858917236328125 2.9290001392364502
vt 0.5241425633430481 2.8937149047851562
vt 0.5241425633430481 2.9290001392364502
vt -1.9290002584457397 0.12269910424947739
vt -1.8937150239944458 0.084473416209220886
vt -1.9290002584457397 0.084473416209220886
vt -1.8937150239944458 0.12269910424947739
vt 0.47585746645927429 2.8937149047851562
vt 0.47585746645927429 2.9290001392364502
vt 0.41410824656486511 2.8937149047851562
vt 0.41410824656486511 2.9290001392364502
vt 2.8937149047851562 0.043307282030582428
vt 2.9290001392364502 0.043307282030582428
vt 2.9290001392364502 0.081532977521419525
vt 2.8937149047851562 0.081532977521419525
vt 0.5858917236328125 2.8937149047851562
vt 0.5858917236328125 2.9290001392364502
vt 0.5241425633430481 2.8937149047851562
vt 0.5241425633430481 2.9290001392364502
vt -1.8937150239944458 0.081532977521419525
vt -1.9290002584457397 0.081532977521419525
vt -1.8937150239944458 0.043307282030582428
vt -1.9290002584457397 0.043307282030582428
vt 0.47585746645927429 2.8937149047851562
vt 0.47585746645927429 2.9290001392364502
vt 0.41410824656486511 2.8937149047851562
vt 0.41410824656486511 2.9290001392364502
vt -1.8937150239944458 0.040366847068071365
vt -1.9290002584457397 0.040366847068071365
vt -1.8937150239944458 0.0021411532070487738
vt -1.9290002584457397 0.0021411532070487738
vt 0.47585746645927429 2.8937149047851562
vt 0.47585746645927429 2.9290001392364502
vt 0.41410824656486511 2.8937149047851562
vt 0.41410824656486511 2.9290001392364502
vt 2.8937149047851562 0.0021411532070487738
vt 2.9290001392364502 0.0021411532070487738
vt 2.8937149047851562 0.040366847068071365
vt 2.9290001392364502 0.040366847068071365
vt 0.5858917236328125 2.8937149047851562
vt 0.5858917236328125 2.9290001392364502
vt 0.5241425633430481 2.8937149047851562
vt 0.5241425633430481 2.9290001392364502
vt 0.52120214700698853 2.9290001392364502
vt 0.45945289731025696 2.8937149047851562
vt 0.45945289731025696 2.9290001392364502
vt 0.52120214700698853 2.8937149047851562
vt -1.8937150239944458 0.040366847068071365
vt -1.9290002584457397 0.040366847068071365
vt -1.8937150239944458 0.0021411532070487738
vt -1.9290002584457397 0.0021411532070487738
vt 0.54054707288742065 2.8937149047851562
vt 0.54054707288742065 2.9290001392364502
vt 0.47879788279533386 2.8937149047851562
vt 0.47879788279533386 2.9290001392364502
vt 2.9290001392364502 0.0021411532070487738
vt 2.8937149047851562 0.040366847068071365
vt 2.9290001392364502 0.040366847068071365
vt 2.8937149047851562 0.0021411532070487738
vt 0.52120214700698853 2.8937149047851562
vt 0.52120214700698853 2.9290001392364502
vt 0.45945289731025696 2.8937149047851562
vt 0.45945289731025696 2.9290001392364502
vt -1.8937150239944458 0.081532977521419525
vt -1.9290002584457397 0.043307282030582428
vt -1.9290002584457397 0.081532977521419525
vt -1.8937150239944458 0.043307282030582428
vt 0.54054707288742065 2.9290001392364502
vt 0.47879788279533386 2.8937149047851562
vt 0.47879788279533386 2.9290001392364502
vt 0.54054707288742065 2.8937149047851562
vt 2.9290001392364502 0.043307282030582428
vt 2.8937149047851562 0.081532977521419525
vt 2.9290001392364502 0.081532977521419525
vt 2.8937149047851562 0.043307282030582428
vt 2.9290001392364502 0.084473416209220886
vt 2.8937149047851562 0.12269910424947739
vt 2.9290001392364502 0.12269910424947739
vt 2.8937149047851562 0.084473416209220886
vt 0.52120214700698853 2.8937149047851562
vt 0.52120214700698853 2.9290001392364502
vt 0.45945289731025696 2.8937149047851562
vt 0.45945289731025696 2.9290001392364502
vt -1.8937150239944458 0.12269910424947739
vt -1.9290002584457397 0.12269910424947739
vt -1.9290002584457397 0.084473416209220886
vt -1.8937150239944458 0.084473416209220886
vt 0.54054707288742065 2.8937149047851562
vt 0.54054707288742065 2.9290001392364502
vt 0.47879788279533386 2.8937149047851562
vt 0.47879788279533386 2.9290001392364502
vt 2.8937149047851562 0.12563954293727875
vt 2.9290001392364502 0.12563954293727875
vt 2.8937149047851562 0.16386523842811584
vt 2.9290001392364502 0.16386523842811584
vt 0.52120214700698853 2.8937149047851562
vt 0.52120214700698853 2.9290001392364502
vt 0.45945289731025696 2.8937149047851562
vt 0.45945289731025696 2.9290001392364502
vt -1.8937150239944458 0.16386523842811584
vt -1.9290002584457397 0.16386523842811584
vt -1.8937150239944458 0.12563954293727875
vt -1.9290002584457397 0.12563954293727875
vt 0.54054707288742065 2.8937149047851562
vt 0.54054707288742065 2.9290001392364502
vt 0.47879788279533386 2.8937149047851562
vt 0.47879788279533386 2.9290001392364502
vt 2.9290001392364502 0.1668056845664978
vt 2.8937149047851562 0.2050313800573349
vt 2.9290001392364502 0.2050313800573349
vt 2.8937149047851562 0.1668056845664978
vt 0.52120214700698853 2.8937149047851562
vt 0.52120214700698853 2.9290001392364502
vt 0.45945289731025696 2.8937149047851562
vt 0.45945289731025696 2.9290001392364502
vt -1.8937150239944458 0.2050313800573349
vt -1.9290002584457397 0.1668056845664978
vt -1.9290002584457397 0.2050313800573349
vt -1.8937150239944458 0.1668056845664978
vt 0.54054707288742065 2.8937149047851562
vt 0.54054707288742065 2.9290001392364502
vt 0.47879788279533386 2.8937149047851562
vt 0.47879788279533386 2.9290001392364502
vt 2.9290001392364502 0.20797179639339447
vt 2.8937149047851562 0.24619749188423157
vt 2.9290001392364502 0.24619749188423157
vt 2.8937149047851562 0.20797179639339447
vt 0.52120214700698853 2.8937149047851562
vt 0.52120214700698853 2.9290001392364502
vt 0.45945289731025696 2.9290001392364502
vt 0.45945289731025696 2.8937149047851562
vt -1.8937150239944458 0.24619749188423157
vt -1.9290002584457397 0.24619749188423157
vt -1.8937150239944458 0.20797179639339447
vt -1.9290002584457397 0.20797179639339447
vt 0.54054707288742065 2.8937149047851562
vt 0.54054707288742065 2.9290001392364502
vt 0.47879788279533386 2.8937149047851562
vt 0.47879788279533386 2.9290001392364502
vt 2.8937149047851562 0.24913793802261353
vt 2.9290001392364502 0.24913793802261353
vt 2.8937149047851562 0.28736361861228943
vt 2.9290001392364502 0.28736361861228943
vt 0.52120214700698853 2.8937149047851562
vt 0.52120214700698853 2.9290001392364502
vt 0.45945289731025696 2.8937149047851562
vt 0.45945289731025696 2.9290001392364502
vt -1.9290002584457397 0.28736361861228943
vt -1.8937150239944458 0.24913793802261353
vt -1.9290002584457397 0.24913793802261353
vt -1.8937150239944458 0.28736361861228943
vt 0.54054707288742065 2.8937149047851562
vt 0.54054707288742065 2.9290001392364502
vt 0.47879788279533386 2.8937149047851562
vt 0.47879788279533386 2.9290001392364502
vt 2.8937149047851562 0.29030406475067139
vt 2.9290001392364502 0.29030406475067139
vt 2.8937149047851562 0.32852974534034729
vt 2.9290001392364502 0.32852974534034729
vt 0.52120214700698853 2.8937149047851562
vt 0.52120214700698853 2.9290001392364502
vt 0.45945289731025696 2.8937149047851562
vt 0.45945289731025696 2.9290001392364502
vt -1.8937150239944458 0.32852974534034729
vt -1.9290002584457397 0.32852974534034729
vt -1.8937150239944458 0.29030406475067139
vt -1.9290002584457397 0.29030406475067139
vt 0.54054707288742065 2.8937149047851562
vt 0.54054707288742065 2.9290001392364502
vt 0.47879788279533386 2.8937149047851562
vt 0.47879788279533386 2.9290001392364502
vt 0.45651248097419739 2.9290001392364502
vt 0.3947632908821106 2.8937149047851562
vt 0.3947632908821106 2.9290001392364502
vt 0.45651248097419739 2.8937149047851562
vt -1.8937150239944458 0.32852974534034729
vt -1.9290002584457397 0.32852974534034729
vt -1.8937150239944458 0.29030406475067139
vt -1.9290002584457397 0.29030406475067139
vt 0.6052367091178894 2.8937149047851562
vt 0.6052367091178894 2.9290001392364502
vt 0.54348748922348022 2.8937149047851562
vt 0.54348748922348022 2.9290001392364502
vt 2.8937149047851562 0.29030406475067139
vt 2.9290001392364502 0.29030406475067139
vt 2.8937149047851562 0.32852974534034729
vt 2.9290001392364502 0.32852974534034729
vt 2.8937149047851562 0.33147019147872925
vt 2.9290001392364502 0.33147019147872925
vt 2.8937149047851562 0.36969587206840515
vt 2.9290001392364502 0.36969587206840515
vt 0.45651248097419739 2.9290001392364502
vt 0.3947632908821106 2.9290001392364502
vt 0.3947632908821106 2.8937149047851562
vt 0.45651248097419739 2.8937149047851562
vt -1.8937150239944458 0.36969587206840515
vt -1.9290002584457397 0.36969587206840515
vt -1.8937150239944458 0.33147019147872925
vt -1.9290002584457397 0.33147019147872925
vt 0.6052367091178894 2.8937149047851562
vt 0.6052367091178894 2.9290001392364502
vt 0.54348748922348022 2.8937149047851562
vt 0.54348748922348022 2.9290001392364502
vt 0.45651248097419739 2.8937149047851562
vt 0.45651248097419739 2.9290001392364502
vt 0.3947632908821106 2.8937149047851562
vt 0.3947632908821106 2.9290001392364502
vt -1.8937150239944458 0.28736361861228943
vt -1.9290002584457397 0.28736361861228943
vt -1.8937150239944458 0.24913793802261353
vt -1.9290002584457397 0.24913793802261353
vt 0.6052367091178894 2.8937149047851562
vt 0.6052367091178894 2.9290001392364502
vt 0.54348748922348022 2.8937149047851562
vt 0.54348748922348022 2.9290001392364502
vt 2.8937149047851562 0.24913793802261353
vt 2.9290001392364502 0.24913793802261353
vt 2.8937149047851562 0.28736361861228943
vt 2.9290001392364502 0.28736361861228943
vt 0.45651248097419739 2.9290001392364502
vt 0.3947632908821106 2.8937149047851562
vt 0.3947632908821106 2.9290001392364502
vt 0.45651248097419739 2.8937149047851562
vt -1.8937150239944458 0.24619749188423157
vt -1.9290002584457397 0.20797179639339447
vt -1.9290002584457397 0.24619749188423157
vt -1.8937150239944458 0.20797179639339447
vt 0.6052367091178894 2.8937149047851562
vt 0.6052367091178894 2.9290001392364502
vt 0.54348748922348022 2.8937149047851562
vt 0.54348748922348022 2.9290001392364502
vt 2.8937149047851562 0.20797179639339447
vt 2.9290001392364502 0.20797179639339447
vt 2.8937149047851562 0.24619749188423157
vt 2.9290001392364502 0.24619749188423157
vt 0.45651248097419739 2.8937149047851562
vt 0.3947632908821106 2.8937149047851562
vt 0.3947632908821106 2.9290001392364502
vt 0.45651248097419739 2.9290001392364502
vt -1.9290002584457397 0.2050313800573349
vt -1.8937150239944458 0.1668056845664978
vt -1.9290002584457397 0.1668056845664978
vt -1.8937150239944458 0.2050313800573349
vt 0.6052367091178894 2.8937149047851562
vt 0.54348748922348022 2.9290001392364502
vt 0.6052367091178894 2.9290001392364502
vt 0.54348748922348022 2.8937149047851562
vt 2.8937149047851562 0.1668056845664978
vt 2.9290001392364502 0.1668056845664978
vt 2.8937149047851562 0.2050313800573349
vt 2.9290001392364502 0.2050313800573349
vt 0.6052367091178894 2.8937149047851562
vt 0.6052367091178894 2.9290001392364502
vt 0.54348748922348022 2.8937149047851562
vt 0.54348748922348022 2.9290001392364502
vt 2.8937149047851562 0.12563954293727875
vt 2.9290001392364502 0.12563954293727875
vt 2.8937149047851562 0.16386523842811584
vt 2.9290001392364502 0.16386523842811584
vt 0.45651248097419739 2.8937149047851562
vt 0.45651248097419739 2.9290001392364502
vt 0.3947632908821106 2.8937149047851562
vt 0.3947632908821106 2.9290001392364502
vt -1.8937150239944458 0.16386523842811584
vt -1.9290002584457397 0.16386523842811584
vt -1.8937150239944458 0.12563954293727875
vt -1.9290002584457397 0.12563954293727875
vt 0.6052367091178894 2.8937149047851562
vt 0.6052367091178894 2.9290001392364502
vt 0.54348748922348022 2.9290001392364502
vt 0.54348748922348022 2.8937149047851562
vt 2.8937149047851562 0.084473416209220886
vt 2.9290001392364502 0.084473416209220886
vt 2.8937149047851562 0.12269910424947739
vt 2.9290001392364502 0.12269910424947739
vt 0.45651248097419739 2.8937149047851562
vt 0.45651248097419739 2.9290001392364502
vt 0.3947632908821106 2.8937149047851562
vt 0.3947632908821106 2.9290001392364502
vt -1.8937150239944458 0.12269910424947739
vt -1.9290002584457397 0.12269910424947739
vt -1.8937150239944458 0.084473416209220886
vt -1.9290002584457397 0.084473416209220886
vt -1.8937150239944458 0.081532977521419525
vt -1.8937150239944458 0.043307282030582428
vt -1.9290002584457397 0.043307282030582428
vt -1.9290002584457397 0.081532977521419525
vt 0.6052367091178894 2.8937149047851562
vt 0.6052367091178894 2.9290001392364502
vt 0.54348748922348022 2.8937149047851562
vt 0.54348748922348022 2.9290001392364502
vt 2.8937149047851562 0.043307282030582428
vt 2.9290001392364502 0.043307282030582428
vt 2.8937149047851562 0.081532977521419525
vt 2.9290001392364502 0.081532977521419525
vt 0.45651248097419739 2.8937149047851562
vt 0.45651248097419739 2.9290001392364502
vt 0.3947632908821106 2.9290001392364502
vt 0.3947632908821106 2.8937149047851562
vt -1.8937150239944458 0.040366847068071365
vt -1.9290002584457397 0.040366847068071365
vt -1.8937150239944458 0.0021411532070487738
vt -1.9290002584457397 0.0021411532070487738
vt 0.6052367091178894 2.8937149047851562
vt 0.6052367091178894 2.9290001392364502
vt 0.54348748922348022 2.8937149047851562
vt 0.54348748922348022 2.9290001392364502
vt 2.8937149047851562 0.0021411532070487738
vt 2.9290001392364502 0.0021411532070487738
vt 2.8937149047851562 0.040366847068071365
vt 2.9290001392364502 0.040366847068071365
vt 0.45651248097419739 2.8937149047851562
vt 0.45651248097419739 2.9290001392364502
vt 0.3947632908821106 2.9290001392364502
vt 0.3947632908821106 2.8937149047851562
vt 0.39182284474372864 2.8937149047851562
vt 0.39182284474372864 2.9290001392364502
vt 0.33595454692840576 2.8937149047851562
vt 0.33595454692840576 2.9290001392364502
vt -1.8937150239944458 0.040366847068071365
vt -1.9290002584457397 0.040366847068071365
vt -1.8937150239944458 0.0021411532070487738
vt -1.9290002584457397 0.0021411532070487738
vt 0.66404545307159424 2.8937149047851562
vt 0.66404545307159424 2.9290001392364502
vt 0.60817712545394897 2.8937149047851562
vt 0.60817712545394897 2.9290001392364502
vt 2.8937149047851562 0.0021411532070487738
vt 2.8937149047851562 0.040366847068071365
vt 2.9290001392364502 0.040366847068071365
vt 2.9290001392364502 0.0021411532070487738
vt 0.39182284474372864 2.8937149047851562
vt 0.39182284474372864 2.9290001392364502
vt 0.33595454692840576 2.8937149047851562
vt 0.33595454692840576 2.9290001392364502
vt -1.8937150239944458 0.081532977521419525
vt -1.9290002584457397 0.081532977521419525
vt -1.8937150239944458 0.043307282030582428
vt -1.9290002584457397 0.043307282030582428
vt 0.66404545307159424 2.8937149047851562
vt 0.66404545307159424 2.9290001392364502
vt 0.60817712545394897 2.8937149047851562
vt 0.60817712545394897 2.9290001392364502
vt 2.8937149047851562 0.043307282030582428
vt 2.8937149047851562 0.081532977521419525
vt 2.9290001392364502 0.081532977521419525
vt 2.9290001392364502 0.043307282030582428
vt 0.39182284474372864 2.8937149047851562
vt 0.39182284474372864 2.9290001392364502
vt 0.33595454692840576 2.8937149047851562
vt 0.33595454692840576 2.9290001392364502
vt -1.8937150239944458 0.12269910424947739
vt -1.8937150239944458 0.084473416209220886
vt -1.9290002584457397 0.084473416209220886
vt -1.9290002584457397 0.12269910424947739
vt 0.66404545307159424 2.8937149047851562
vt 0.60817712545394897 2.8937149047851562
vt 0.60817712545394897 2.9290001392364502
vt 0.66404545307159424 2.9290001392364502
vt 2.8937149047851562 0.084473416209220886
vt 2.9290001392364502 0.084473416209220886
vt 2.8937149047851562 0.12269910424947739
vt 2.9290001392364502 0.12269910424947739
vt 0.66404545307159424 2.8937149047851562
vt 0.66404545307159424 2.9290001392364502
vt 0.60817712545394897 2.8937149047851562
vt 0.60817712545394897 2.9290001392364502
vt 2.8937149047851562 0.12563954293727875
vt 2.9290001392364502 0.12563954293727875
vt 2.8937149047851562 0.16386523842811584
vt 2.9290001392364502 0.16386523842811584
vt 0.39182284474372864 2.8937149047851562
vt 0.39182284474372864 2.9290001392364502
vt 0.33595454692840576 2.8937149047851562
vt 0.33595454692840576 2.9290001392364502
vt -1.9290002584457397 0.16386523842811584
vt -1.8937150239944458 0.12563954293727875
vt -1.9290002584457397 0.12563954293727875
vt -1.8937150239944458 0.16386523842811584
vt 0.39182284474372864 2.8937149047851562
vt 0.33595454692840576 2.8937149047851562
vt 0.33595454692840576 2.9290001392364502
vt 0.39182284474372864 2.9290001392364502
vt -1.8937150239944458 0.2050313800573349
vt -1.9290002584457397 0.2050313800573349
vt -1.8937150239944458 0.1668056845664978
vt -1.9290002584457397 0.1668056845664978
vt 0.66404545307159424 2.8937149047851562
vt 0.66404545307159424 2.9290001392364502
vt 0.60817712545394897 2.8937149047851562
vt 0.60817712545394897 2.9290001392364502
vt 2.8937149047851562 0.1668056845664978
vt 2.9290001392364502 0.1668056845664978
vt 2.8937149047851562 0.2050313800573349
vt 2.9290001392364502 0.2050313800573349
vt 0.39182284474372864 2.9290001392364502
vt 0.33595454692840576 2.9290001392364502
vt 0.33595454692840576 2.8937149047851562
vt 0.39182284474372864 2.8937149047851562
vt -1.8937150239944458 0.24619749188423157
vt -1.9290002584457397 0.24619749188423157
vt -1.8937150239944458 0.20797179639339447
vt -1.9290002584457397 0.20797179639339447
vt 0.66404545307159424 2.8937149047851562
vt 0.66404545307159424 2.9290001392364502
vt 0.60817712545394897 2.9290001392364502
vt 0.60817712545394897 2.8937149047851562
vt 2.8937149047851562 0.20797179639339447
vt 2.9290001392364502 0.20797179639339447
vt 2.8937149047851562 0.24619749188423157
vt 2.9290001392364502 0.24619749188423157
vt 2.8937149047851562 0.24913793802261353
vt 2.9290001392364502 0.24913793802261353
vt 2.8937149047851562 0.28736361861228943
vt 2.9290001392364502 0.28736361861228943
vt 0.39182284474372864 2.8937149047851562
vt 0.39182284474372864 2.9290001392364502
vt 0.33595454692840576 2.8937149047851562
vt 0.33595454692840576 2.9290001392364502
vt -1.8937150239944458 0.28736361861228943
vt -1.9290002584457397 0.28736361861228943
vt -1.8937150239944458 0.24913793802261353
vt -1.9290002584457397 0.24913793802261353
vt 0.66404545307159424 2.9290001392364502
vt 0.60817712545394897 2.8937149047851562
vt 0.66404545307159424 2.8937149047851562
vt 0.60817712545394897 2.9290001392364502
vt 2.8937149047851562 0.29030406475067139
vt 2.9290001392364502 0.29030406475067139
vt 2.8937149047851562 0.32852974534034729
vt 2.9290001392364502 0.32852974534034729
vt 0.39182284474372864 2.8937149047851562
vt 0.39182284474372864 2.9290001392364502
vt 0.33595454692840576 2.8937149047851562
vt 0.33595454692840576 2.9290001392364502
vt -1.8937150239944458 0.32852974534034729
vt -1.9290002584457397 0.32852974534034729
vt -1.8937150239944458 0.29030406475067139
vt -1.9290002584457397 0.29030406475067139
vt 0.66404545307159424 2.9290001392364502
vt 0.60817712545394897 2.8937149047851562
vt 0.60817712545394897 2.9290001392364502
vt 0.66404545307159424 2.8937149047851562
vt 2.8937149047851562 0.33147019147872925
vt 2.9290001392364502 0.33147019147872925
vt 2.8937149047851562 0.36969587206840515
vt 2.9290001392364502 0.36969587206840515
vt 0.39182284474372864 2.8937149047851562
vt 0.39182284474372864 2.9290001392364502
vt 0.33595454692840576 2.8937149047851562
vt 0.33595454692840576 2.9290001392364502
vt -1.8937150239944458 0.36969587206840515
vt -1.9290002584457397 0.36969587206840515
vt -1.8937150239944458 0.33147019147872925
vt -1.9290002584457397 0.33147019147872925
vt 0.66404545307159424 2.9290001392364502
vt 0.60817712545394897 2.8937149047851562
vt 0.60817712545394897 2.9290001392364502
vt 0.66404545307159424 2.8937149047851562
vt 2.8937149047851562 0.33147019147872925
vt 2.9290001392364502 0.33147019147872925
vt 2.8937149047851562 0.36969587206840515
vt 2.9290001392364502 0.36969587206840515
vt 0.3330141007900238 2.8937149047851562
vt 0.3330141007900238 2.9290001392364502
vt 0.27714574337005615 2.8937149047851562
vt 0.27714574337005615 2.9290001392364502
vt -1.8937150239944458 0.36969587206840515
vt -1.9290002584457397 0.36969587206840515
vt -1.8937150239944458 0.33147019147872925
vt -1.9290002584457397 0.33147019147872925
vt 0.72285425662994385 2.8937149047851562
vt 0.66698586940765381 2.9290001392364502
vt 0.66698586940765381 2.8937149047851562
vt 0.72285425662994385 2.9290001392364502
vt 2.8937149047851562 0.29030406475067139
vt 2.9290001392364502 0.29030406475067139
vt 2.8937149047851562 0.32852974534034729
vt 2.9290001392364502 0.32852974534034729
vt 0.3330141007900238 2.8937149047851562
vt 0.3330141007900238 2.9290001392364502
vt 0.27714574337005615 2.9290001392364502
vt 0.27714574337005615 2.8937149047851562
vt -1.8937150239944458 0.32852974534034729
vt -1.9290002584457397 0.32852974534034729
vt -1.9290002584457397 0.29030406475067139
vt -1.8937150239944458 0.29030406475067139
vt 0.72285425662994385 2.9290001392364502
vt 0.66698586940765381 2.8937149047851562
vt 0.66698586940765381 2.9290001392364502
vt 0.72285425662994385 2.8937149047851562
vt 2.8937149047851562 0.24913793802261353
vt 2.9290001392364502 0.24913793802261353
vt 2.8937149047851562 0.28736361861228943
vt 2.9290001392364502 0.28736361861228943
vt 0.3330141007900238 2.8937149047851562
vt 0.3330141007900238 2.9290001392364502
vt 0.27714574337005615 2.8937149047851562
vt 0.27714574337005615 2.9290001392364502
vt -1.8937150239944458 0.28736361861228943
vt -1.9290002584457397 0.28736361861228943
vt -1.9290002584457397 0.24913793802261353
vt -1.8937150239944458 0.24913793802261353
vt 0.72285425662994385 2.9290001392364502
vt 0.66698586940765381 2.8937149047851562
vt 0.66698586940765381 2.9290001392364502
vt 0.72285425662994385 2.8937149047851562
vt 2.8937149047851562 0.20797179639339447
vt 2.9290001392364502 0.20797179639339447
vt 2.8937149047851562 0.24619749188423157
vt 2.9290001392364502 0.24619749188423157
vt 0.3330141007900238 2.8937149047851562
vt 0.3330141007900238 2.9290001392364502
vt 0.27714574337005615 2.8937149047851562
vt 0.27714574337005615 2.9290001392364502
vt -1.8937150239944458 0.24619749188423157
vt -1.9290002584457397 0.24619749188423157
vt -1.8937150239944458 0.20797179639339447
vt -1.9290002584457397 0.20797179639339447
vt 0.72285425662994385 2.9290001392364502
vt 0.66698586940765381 2.8937149047851562
vt 0.66698586940765381 2.9290001392364502
vt 0.72285425662994385 2.8937149047851562
vt 0.3330141007900238 2.9290001392364502
vt 0.27714574337005615 2.8937149047851562
vt 0.27714574337005615 2.9290001392364502
vt 0.3330141007900238 2.8937149047851562
vt -1.8937150239944458 0.2050313800573349
vt -1.8937150239944458 0.1668056845664978
vt -1.9290002584457397 0.1668056845664978
vt -1.9290002584457397 0.2050313800573349
vt 0.72285425662994385 2.8937149047851562
vt 0.72285425662994385 2.9290001392364502
vt 0.66698586940765381 2.9290001392364502
vt 0.66698586940765381 2.8937149047851562
vt 2.8937149047851562 0.1668056845664978
vt 2.9290001392364502 0.1668056845664978
vt 2.8937149047851562 0.2050313800573349
vt 2.9290001392364502 0.2050313800573349
vt 2.8937149047851562 0.12563954293727875
vt 2.9290001392364502 0.12563954293727875
vt 2.8937149047851562 0.16386523842811584
vt 2.9290001392364502 0.16386523842811584
vt 0.3330141007900238 2.8937149047851562
vt 0.3330141007900238 2.9290001392364502
vt 0.27714574337005615 2.8937149047851562
vt 0.27714574337005615 2.9290001392364502
vt -1.8937150239944458 0.16386523842811584
vt -1.9290002584457397 0.16386523842811584
vt -1.9290002584457397 0.12563954293727875
vt -1.8937150239944458 0.12563954293727875
vt 0.72285425662994385 2.8937149047851562
vt 0.66698586940765381 2.8937149047851562
vt 0.66698586940765381 2.9290001392364502
vt 0.72285425662994385 2.9290001392364502
vt 0.3330141007900238 2.8937149047851562
vt 0.3330141007900238 2.9290001392364502
vt 0.27714574337005615 2.9290001392364502
vt 0.27714574337005615 2.8937149047851562
vt -1.8937150239944458 0.12269910424947739
vt -1.9290002584457397 0.12269910424947739
vt -1.8937150239944458 0.084473416209220886
vt -1.9290002584457397 0.084473416209220886
vt 0.72285425662994385 2.9290001392364502
vt 0.66698586940765381 2.8937149047851562
vt 0.66698586940765381 2.9290001392364502
vt 0.72285425662994385 2.8937149047851562
vt 2.8937149047851562 0.084473416209220886
vt 2.9290001392364502 0.084473416209220886
vt 2.8937149047851562 0.12269910424947739
vt 2.9290001392364502 0.12269910424947739
vt 0.72285425662994385 2.8937149047851562
vt 0.72285425662994385 2.9290001392364502
vt 0.66698586940765381 2.8937149047851562
vt 0.66698586940765381 2.9290001392364502
vt 2.8937149047851562 0.043307282030582428
vt 2.9290001392364502 0.043307282030582428
vt 2.8937149047851562 0.081532977521419525
vt 2.9290001392364502 0.081532977521419525
vt 0.3330141007900238 2.8937149047851562
vt 0.3330141007900238 2.9290001392364502
vt 0.27714574337005615 2.8937149047851562
vt 0.27714574337005615 2.9290001392364502
vt -1.8937150239944458 0.081532977521419525
vt -1.9290002584457397 0.043307282030582428
vt -1.8937150239944458 0.043307282030582428
vt -1.9290002584457397 0.081532977521419525
vt 2.8937149047851562 0.0021411532070487738
vt 2.9290001392364502 0.0021411532070487738
vt 2.8937149047851562 0.040366847068071365
vt 2.9290001392364502 0.040366847068071365
vt 0.3330141007900238 2.8937149047851562
vt 0.3330141007900238 2.9290001392364502
vt 0.27714574337005615 2.8937149047851562
vt 0.27714574337005615 2.9290001392364502
vt -1.8937150239944458 0.040366847068071365
vt -1.9290002584457397 0.040366847068071365
vt -1.8937150239944458 0.0021411532070487738
vt -1.9290002584457397 0.0021411532070487738
vt 0.72285425662994385 2.8937149047851562
vt 0.72285425662994385 2.9290001392364502
vt 0.66698586940765381 2.8937149047851562
vt 0.66698586940765381 2.9290001392364502
vt -1.8937150239944458 0.26825076341629028
vt -1.9290002584457397 0.26825076341629028
vt -1.8937150239944458 0.2888338565826416
vt -1.9290002584457397 0.2888338565826416
vt -1.8937150239944458 0.30941691994667053
vt -1.9290002584457397 0.30941691994667053
vt -1.8937150239944458 0.32999998331069946
vt -1.9290002584457397 0.32999998331069946
vt -1.9290002584457397 0.35058301687240601
vt -1.8937150239944458 0.37116611003875732
vt -1.9290002584457397 0.37116611003875732
vt -1.8937150239944458 0.35058301687240601
vt 2.8937149047851562 0.20797179639339447
vt 2.9290001392364502 0.20797179639339447
vt 2.8937149047851562 0.2667805552482605
vt 2.9290001392364502 0.2667805552482605
vt 0.077428117394447327 2.8937149047851562
vt 0.077428117394447327 2.9290001392364502
vt 0.21856912970542908 2.8937149047851562
vt 0.21856912970542908 2.9290001392364502
vt -1.8937150239944458 0.0006709342123940587
vt -1.9290002584457397 0.0006709342123940587
vt -1.8937150239944458 0.18591852486133575
vt -1.9290002584457397 0.18591852486133575
vt 0.27567553520202637 2.8937149047851562
vt 0.27567553520202637 2.9290001392364502
vt 0.92257189750671387 2.8937149047851562
vt 0.92257189750671387 2.9290001392364502
vt 0.86523336172103882 2.8937149047851562
vt 0.3330141007900238 2.9290001392364502
vt 0.5241425633430481 0.040366847068071365
vt 0.6535218358039856 0.20797179639339447
vt 0.68292617797851562 0.20797179639339447
vt 0.75055629014968872 0.2050313800573349
vt 0.75055629014968872 0.12563954293727875
vt 0.80348414182662964 0.12563954293727875
vt 0.80642461776733398 0.12563954293727875
vt 0.86229288578033447 0.12563954293727875
vt 0.86523336172103882 0.12269910424947739
vt 0.86523336172103882 0.084473416209220886
vt 0.92110168933868408 0.084473416209220886
vt 0.86229288578033447 0.12269910424947739
vt 0.80642461776733398 0.12269910424947739
vt 0.80642461776733398 0.084473416209220886
vt 0.86229288578033447 0.084473416209220886
vt 0.80348414182662964 0.084473416209220886
vt 0.80348414182662964 0.12269910424947739
vt 0.75055629014968872 0.12269910424947739
vt 0.75055629014968872 0.084473416209220886
vt 0.80348414182662964 0.081532977521419525
vt 0.75055629014968872 0.081532977521419525
vt 0.80348414182662964 0.043307282030582428
vt 0.80642461776733398 0.081532977521419525
vt 0.80642461776733398 0.043307282030582428
vt 0.86229288578033447 0.043307282030582428
vt 0.86229288578033447 0.081532977521419525
vt 0.92110168933868408 0.081532977521419525
vt 0.86523336172103882 0.081532977521419525
vt 0.86523336172103882 0.043307282030582428
vt 0.74761581420898438 0.081532977521419525
vt 0.68586665391921997 0.081532977521419525
vt 0.68586665391921997 0.043307282030582428
vt 0.68439644575119019 0.043307282030582428
vt 0.68586665391921997 0.12269910424947739
vt 0.68586665391921997 0.084473416209220886
vt 0.74761581420898438 0.084473416209220886
vt 0.74761581420898438 0.12269910424947739
vt 0.68586665391921997 0.16386523842811584
vt 0.68586665391921997 0.12563954293727875
vt 0.74761581420898438 0.12563954293727875
vt 0.74761581420898438 0.16386523842811584
vt 0.68586665391921997 0.1668056845664978
vt 0.74761581420898438 0.1668056845664978
vt 0.74761581420898438 0.2050313800573349
vt 0.68586665391921997 0.2050313800573349
vt 0.68292617797851562 0.1668056845664978
vt 0.68292617797851562 0.2050313800573349
vt 0.6535218358039856 0.2050313800573349
vt 0.6535218358039856 0.1668056845664978
vt 0.6535218358039856 0.12563954293727875
vt 0.68292617797851562 0.12563954293727875
vt 0.68292617797851562 0.16386523842811584
vt 0.6535218358039856 0.16386523842811584
vt 0.6535218358039856 0.12269910424947739
vt 0.6535218358039856 0.084473416209220886
vt 0.68292617797851562 0.084473416209220886
vt 0.68292617797851562 0.12269910424947739
vt 0.68292617797851562 0.081532977521419525
vt 0.6535218358039856 0.081532977521419525
vt 0.6535218358039856 0.043307282030582428
vt 0.68292617797851562 0.043307282030582428
vt 0.68292617797851562 0.040366847068071365
vt 0.6535218358039856 0.040366847068071365
vt 0.68439644575119019 0.040366847068071365
vt 0.65058135986328125 0.081532977521419525
vt 0.58883219957351685 0.081532977521419525
vt 0.58883219957351685 0.043307282030582428
vt 0.58736199140548706 0.043307282030582428
vt 0.65058135986328125 0.084473416209220886
vt 0.65058135986328125 0.12269910424947739
vt 0.58883219957351685 0.12269910424947739
vt 0.58883219957351685 0.084473416209220886
vt 0.65058135986328125 0.12563954293727875
vt 0.65058135986328125 0.16386523842811584
vt 0.58883219957351685 0.16386523842811584
vt 0.58883219957351685 0.12563954293727875
vt 0.65058135986328125 0.1668056845664978
vt 0.65058135986328125 0.2050313800573349
vt 0.58883219957351685 0.1668056845664978
vt 0.58736199140548706 0.1668056845664978
vt 0.5241425633430481 0.12563954293727875
vt 0.5858917236328125 0.12563954293727875
vt 0.5858917236328125 0.16386523842811584
vt 0.58736199140548706 0.16386523842811584
vt 0.5858917236328125 0.084473416209220886
vt 0.5858917236328125 0.12269910424947739
vt 0.5241425633430481 0.12269910424947739
vt 0.5241425633430481 0.084473416209220886
vt 0.5858917236328125 0.043307282030582428
vt 0.5858917236328125 0.081532977521419525
vt 0.5241425633430481 0.081532977521419525
vt 0.5241425633430481 0.043307282030582428
vt 0.5858917236328125 0.040366847068071365
vt 0.58736199140548706 0.040366847068071365
vt 0.68586665391921997 0.20797179639339447
vt 0.86523336172103882 0.12563954293727875
vt 0.3330141007900238 0.0006709342123940587
vt 0.92257189750671387 0.0006709342123940587
vt 0.33595454692840576 0.37263631820678711
vt 0.39182284474372864 0.37263631820678711
vt 0.45945289731025696 0.33147019147872925
vt 0.52120214700698853 0.33147019147872925
vt 0.52120214700698853 0.36969587206840515
vt 0.49032750725746155 0.36969587206840515
vt 0.48885729908943176 0.37116611003875732
vt 0.48885729908943176 0.39027896523475647
vt 0.48976325988769531 0.36980849504470825
vt 0.48928791284561157 0.37012651562690735
vt 0.48896852135658264 0.37060514092445374
vt 0.49032750725746155 0.39027896523475647
vt 0.49032750725746155 0.37116611003875732
vt 0.5241425633430481 0.29030406475067139
vt 0.5858917236328125 0.29030406475067139
vt 0.5858917236328125 0.32852974534034729
vt 0.55501717329025269 0.32852974534034729
vt 0.5535469651222229 0.32999998331069946
vt 0.5535469651222229 0.34911280870437622
vt 0.5241425633430481 0.34911280870437622
vt 0.55445289611816406 0.32864236831665039
vt 0.55397754907608032 0.32896038889884949
vt 0.55365818738937378 0.32943901419639587
vt 0.58883219957351685 0.24913793802261353
vt 0.65058135986328125 0.24913793802261353
vt 0.65058135986328125 0.28736361861228943
vt 0.61970680952072144 0.28736361861228943
vt 0.61823654174804688 0.2888338565826416
vt 0.61823654174804688 0.30794671177864075
vt 0.58883219957351685 0.30794671177864075
vt 0.61914253234863281 0.28747621178627014
vt 0.61866718530654907 0.28779423236846924
vt 0.61834782361984253 0.28827285766601562
vt 0.68292617797851562 0.2667805552482605
vt 0.6535218358039856 0.2667805552482605
vt 0.6535218358039856 0.20797179639339447
vt 0.68586665391921997 0.24619749188423157
vt 0.68586665391921997 0.20797179639339447
vt 0.74761581420898438 0.20797179639339447
vt 0.74761581420898438 0.22561442852020264
vt 0.71674126386642456 0.22561442852020264
vt 0.71527099609375 0.22708465158939362
vt 0.71527099609375 0.24619749188423157
vt 0.71617692708969116 0.22572703659534454
vt 0.7157016396522522 0.22604505717754364
vt 0.71538227796554565 0.22652368247509003
vt 0.80348414182662964 0.12563954293727875
vt 0.80348414182662964 0.18444830179214478
vt 0.78143084049224854 0.18444830179214478
vt 0.77996063232421875 0.18591852486133575
vt 0.77996063232421875 0.2050313800573349
vt 0.75055629014968872 0.2050313800573349
vt 0.78086656332015991 0.18456089496612549
vt 0.78039127588272095 0.18487891554832458
vt 0.78007185459136963 0.18535754084587097
vt 0.80642461776733398 0.18444830179214478
vt 0.80642461776733398 0.12563954293727875
vt 0.86229288578033447 0.12563954293727875
vt 0.86229288578033447 0.18444830179214478
vt 0.92110168933868408 0.12563954293727875
vt 0.92110168933868408 0.18444830179214478
vt 0.86523336172103882 0.18444830179214478
vt 0.86523336172103882 0.12563954293727875
vt 0.92110168933868408 0.084473416209220886
vt 0.92110168933868408 0.12269910424947739
vt 0.86523336172103882 0.12269910424947739
vt 0.75055629014968872 0.081532977521419525
vt 0.75055629014968872 0.043307282030582428
vt 0.80348414182662964 0.043307282030582428
vt 0.80642461776733398 0.043307282030582428
vt 0.86229288578033447 0.043307282030582428
vt 0.92110168933868408 0.043307282030582428
vt 0.92110168933868408 0.081532977521419525
vt 0.86523336172103882 0.043307282030582428
vt 0.92110168933868408 0.040366847068071365
vt 0.86523336172103882 0.040366847068071365
vt 0.86523336172103882 0.0021411532070487738
vt 0.92110168933868408 0.0021411532070487738
vt 0.86229288578033447 0.040366847068071365
vt 0.80642461776733398 0.040366847068071365
vt 0.80642461776733398 0.0021411532070487738
vt 0.86229288578033447 0.0021411532070487738
vt 0.75055629014968872 0.040366847068071365
vt 0.75055629014968872 0.0021411532070487738
vt 0.80348414182662964 0.0021411532070487738
vt 0.80348414182662964 0.040366847068071365
vt 0.68586665391921997 0.040366847068071365
vt 0.68586665391921997 0.0021411532070487738
vt 0.74761581420898438 0.0021411532070487738
vt 0.74761581420898438 0.040366847068071365
vt 0.68586665391921997 0.043307282030582428
vt 0.74761581420898438 0.043307282030582428
vt 0.74761581420898438 0.081532977521419525
vt 0.68439644575119019 0.043307282030582428
vt 0.74761581420898438 0.2050313800573349
vt 0.68586665391921997 0.2050313800573349
vt 0.6535218358039856 0.081532977521419525
vt 0.6535218358039856 0.043307282030582428
vt 0.6535218358039856 0.040366847068071365
vt 0.6535218358039856 0.0021411532070487738
vt 0.68292617797851562 0.0021411532070487738
vt 0.68292617797851562 0.040366847068071365
vt 0.68439644575119019 0.040366847068071365
vt 0.65058135986328125 0.040366847068071365
vt 0.58883219957351685 0.040366847068071365
vt 0.58883219957351685 0.0021411532070487738
vt 0.65058135986328125 0.0021411532070487738
vt 0.65058135986328125 0.043307282030582428
vt 0.65058135986328125 0.081532977521419525
vt 0.58883219957351685 0.043307282030582428
vt 0.58736199140548706 0.043307282030582428
vt 0.65058135986328125 0.20797179639339447
vt 0.65058135986328125 0.24619749188423157
vt 0.58883219957351685 0.24619749188423157
vt 0.5858917236328125 0.24619749188423157
vt 0.5241425633430481 0.24619749188423157
vt 0.5858917236328125 0.24913793802261353
vt 0.5858917236328125 0.28736361861228943
vt 0.5241425633430481 0.28736361861228943
vt 0.5241425633430481 0.24913793802261353
vt 0.5241425633430481 0.081532977521419525
vt 0.5241425633430481 0.043307282030582428
vt 0.5241425633430481 0.040366847068071365
vt 0.5241425633430481 0.0021411532070487738
vt 0.5858917236328125 0.0021411532070487738
vt 0.5858917236328125 0.040366847068071365
vt 0.58736199140548706 0.040366847068071365
vt 0.52120214700698853 0.040366847068071365
vt 0.45945289731025696 0.040366847068071365
vt 0.45945289731025696 0.0021411532070487738
vt 0.52120214700698853 0.0021411532070487738
vt 0.45945289731025696 0.043307282030582428
vt 0.52120214700698853 0.043307282030582428
vt 0.52120214700698853 0.081532977521419525
vt 0.45798268914222717 0.043307282030582428
vt 0.52120214700698853 0.24913793802261353
vt 0.52120214700698853 0.28736361861228943
vt 0.52120214700698853 0.29030406475067139
vt 0.52120214700698853 0.32852974534034729
vt 0.45945289731025696 0.32852974534034729
vt 0.45651248097419739 0.32852974534034729
vt 0.3947632908821106 0.32852974534034729
vt 0.3947632908821106 0.36969587206840515
vt 0.3947632908821106 0.33147019147872925
vt 0.45651248097419739 0.33147019147872925
vt 0.3947632908821106 0.081532977521419525
vt 0.3947632908821106 0.043307282030582428
vt 0.3947632908821106 0.040366847068071365
vt 0.3947632908821106 0.0021411532070487738
vt 0.45651248097419739 0.0021411532070487738
vt 0.45651248097419739 0.040366847068071365
vt 0.45798268914222717 0.040366847068071365
vt 0.39182284474372864 0.040366847068071365
vt 0.33595454692840576 0.040366847068071365
vt 0.33595454692840576 0.0021411532070487738
vt 0.39182284474372864 0.0021411532070487738
vt 0.33595454692840576 0.043307282030582428
vt 0.39182284474372864 0.043307282030582428
vt 0.39182284474372864 0.081532977521419525
vt 0.33448430895805359 0.043307282030582428
vt 0.39182284474372864 0.33147019147872925
vt 0.39182284474372864 0.36969587206840515
vt 0.33595454692840576 0.36969587206840515
vt 0.3330141007900238 0.0021411532070487738
vt 0.3330141007900238 0.040366847068071365
vt 0.33448430895805359 0.040366847068071365
vt 0.3947632908821106 0.37263631820678711
vt 0.52267235517501831 0.37116611003875732
vt 0.55501717329025269 0.32999998331069946
vt 0.58736199140548706 0.32999998331069946
vt 0.61970680952072144 0.2888338565826416
vt 0.65205162763595581 0.2888338565826416
vt 0.68292617797851562 0.20797179639339447
vt 0.71674126386642456 0.22708465158939362
vt 0.74908608198165894 0.22708465158939362
vt 0.52120214700698853 0.24619749188423157
vt 0.39182284474372864 0.32852974534034729
vt 0.52267235517501831 0.35058301687240601
vt 0.55501717329025269 0.35058301687240601
vt 0.58736199140548706 0.30941691994667053
vt 0.61970680952072144 0.30941691994667053
vt 0.65205162763595581 0.26825076341629028
vt 0.68439644575119019 0.26825076341629028
vt 0.74908608198165894 0.20650158822536469
vt 0.71674126386642456 0.24766772985458374
vt 0.68439644575119019 0.24766772985458374
vt 0.78143084049224854 0.20650158822536469
vt 0.78143084049224854 0.18591852486133575
vt 0.92257189750671387 0.18591852486133575
vt 0.72285425662994385 2.8937149047851562
vt 0.72432446479797363 2.9290001392364502
vt 0.72285425662994385 2.9290001392364502
vt 0.72432446479797363 2.8937149047851562
vt 2.8937149047851562 0.37263631820678711
vt 2.9290001392364502 0.40057048201560974
vt 2.9290001392364502 0.37263631820678711
vt 2.8937149047851562 0.40057048201560974
vt -1.9290002584457397 0.40057048201560974
vt -1.8937150239944458 0.37263631820678711
vt -1.9290002584457397 0.37263631820678711
vt -1.8937150239944458 0.40057048201560974
vt 2.8937149047851562 0.37263631820678711
vt 2.9290001392364502 0.37263631820678711
vt 2.9290001392364502 0.40057048201560974
vt 2.8937149047851562 0.40057048201560974
vt -1.9290002584457397 0.40057048201560974
vt -1.9290002584457397 0.37263631820678711
vt -1.8937150239944458 0.37263631820678711
vt -1.8937150239944458 0.40057048201560974
vt -1.9290002584457397 0.40057048201560974
vt -1.8937150239944458 0.37263631820678711
vt -1.9290002584457397 0.37263631820678711
vt -1.8937150239944458 0.40057048201560974
vt 2.8937149047851562 0.37263631820678711
vt 2.9290001392364502 0.37263631820678711
vt 2.8937149047851562 0.40057048201560974
vt 2.9290001392364502 0.40057048201560974
vt -1.8937150239944458 0.39174917340278625
vt -1.9290002584457397 0.39174917340278625
vt -1.8937150239944458 0.40057048201560974
vt -1.9290002584457397 0.40057048201560974
vt 2.8937149047851562 0.40057048201560974
vt 2.8937149047851562 0.0006709342123940587
vt 2.9290001392364502 0.0006709342123940587
vt 2.9290001392364502 0.40057048201560974
vt 0.077428117394447327 0.0006709342123940587
vt 0.60817712545394897 0.37263631820678711
vt 0.66404545307159424 0.37263631820678711
vt 0.54348748922348022 0.37263631820678711
vt 0.6052367091178894 0.37263631820678711
vt 0.54348748922348022 0.40057048201560974
vt 0.47879788279533386 0.33147019147872925
vt 0.54054707288742065 0.33147019147872925
vt 0.47879788279533386 0.36969587206840515
vt 0.50967246294021606 0.36969587206840515
vt 0.51114267110824585 0.39027896523475647
vt 0.51114267110824585 0.37116611003875732
vt 0.54054707288742065 0.39027896523475647
vt 0.51103144884109497 0.37060514092445374
vt 0.51071208715438843 0.37012651562690735
vt 0.51023674011230469 0.36980849504470825
vt 0.41410824656486511 0.29030406475067139
vt 0.47585746645927429 0.29030406475067139
vt 0.41410824656486511 0.32852974534034729
vt 0.4449828565120697 0.32852974534034729
vt 0.44645306468009949 0.34911280870437622
vt 0.44645306468009949 0.32999998331069946
vt 0.47585746645927429 0.34911280870437622
vt 0.44634184241294861 0.32943901419639587
vt 0.44602245092391968 0.32896038889884949
vt 0.44554713368415833 0.32864236831665039
vt 0.34941861033439636 0.24913793802261353
vt 0.41116783022880554 0.24913793802261353
vt 0.34941861033439636 0.28736361861228943
vt 0.38029322028160095 0.28736361861228943
vt 0.38176342844963074 0.30794671177864075
vt 0.38176342844963074 0.2888338565826416
vt 0.41116783022880554 0.30794671177864075
vt 0.38165220618247986 0.28827285766601562
vt 0.38133281469345093 0.28779423236846924
vt 0.38085749745368958 0.28747621178627014
vt 0.3464781641960144 0.2667805552482605
vt 0.31707379221916199 0.2667805552482605
vt 0.3464781641960144 0.20797179639339447
vt 0.31413334608078003 0.20797179639339447
vt 0.31413334608078003 0.24619749188423157
vt 0.25238415598869324 0.20797179639339447
vt 0.25238415598869324 0.22561442852020264
vt 0.28325876593589783 0.22561442852020264
vt 0.28472897410392761 0.24619749188423157
vt 0.28472897410392761 0.22708465158939362
vt 0.28461775183677673 0.22652368247509003
vt 0.2842983603477478 0.22604505717754364
vt 0.28382304310798645 0.22572703659534454
vt 0.24944372475147247 0.12563954293727875
vt 0.24944372475147247 0.2050313800573349
vt 0.19651584327220917 0.12563954293727875
vt 0.19651584327220917 0.18444830179214478
vt 0.21856912970542908 0.18444830179214478
vt 0.22003935277462006 0.2050313800573349
vt 0.22003935277462006 0.18591852486133575
vt 0.21992811560630798 0.18535754084587097
vt 0.21960873901844025 0.18487891554832458
vt 0.2191334068775177 0.18456089496612549
vt 0.1935754120349884 0.12563954293727875
vt 0.1935754120349884 0.18444830179214478
vt 0.13770708441734314 0.12563954293727875
vt 0.13770708441734314 0.18444830179214478
vt 0.078898325562477112 0.18444830179214478
vt 0.078898325562477112 0.12563954293727875
vt 0.13476665318012238 0.18444830179214478
vt 0.13476665318012238 0.12563954293727875
vt 0.078898325562477112 0.12269910424947739
vt 0.078898325562477112 0.084473416209220886
vt 0.13476665318012238 0.12269910424947739
vt 0.13476665318012238 0.084473416209220886
vt 0.1935754120349884 0.12269910424947739
vt 0.13770708441734314 0.12269910424947739
vt 0.13770708441734314 0.084473416209220886
vt 0.1935754120349884 0.084473416209220886
vt 0.24944372475147247 0.12269910424947739
vt 0.19651584327220917 0.12269910424947739
vt 0.1935754120349884 0.081532977521419525
vt 0.13770708441734314 0.081532977521419525
vt 0.13770708441734314 0.083003193140029907
vt 0.078898325562477112 0.081532977521419525
vt 0.078898325562477112 0.043307282030582428
vt 0.13476665318012238 0.081532977521419525
vt 0.13476665318012238 0.043307282030582428
vt 0.13476665318012238 0.083003193140029907
vt 0.13476665318012238 0.040366847068071365
vt 0.078898325562477112 0.040366847068071365
vt 0.078898325562477112 0.0021411532070487738
vt 0.13476665318012238 0.0021411532070487738
vt 0.13476665318012238 0.0006709342123940587
vt 0.31413334608078003 0.081532977521419525
vt 0.25238415598869324 0.081532977521419525
vt 0.3156035840511322 0.081532977521419525
vt 0.31413334608078003 0.084473416209220886
vt 0.31413334608078003 0.12269910424947739
vt 0.25238415598869324 0.084473416209220886
vt 0.25238415598869324 0.12269910424947739
vt 0.31413334608078003 0.12563954293727875
vt 0.31413334608078003 0.16386523842811584
vt 0.25238415598869324 0.12563954293727875
vt 0.25238415598869324 0.16386523842811584
vt 0.25238415598869324 0.1668056845664978
vt 0.31413334608078003 0.1668056845664978
vt 0.25238415598869324 0.2050313800573349
vt 0.31413334608078003 0.2050313800573349
vt 0.31707379221916199 0.2050313800573349
vt 0.31707379221916199 0.1668056845664978
vt 0.3156035840511322 0.1668056845664978
vt 0.31707379221916199 0.16386523842811584
vt 0.31707379221916199 0.12563954293727875
vt 0.3156035840511322 0.16386523842811584
vt 0.3156035840511322 0.12563954293727875
vt 0.31707379221916199 0.12269910424947739
vt 0.31707379221916199 0.084473416209220886
vt 0.3156035840511322 0.12269910424947739
vt 0.3156035840511322 0.084473416209220886
vt 0.34941861033439636 0.24619749188423157
vt 0.34941861033439636 0.20797179639339447
vt 0.41116783022880554 0.24619749188423157
vt 0.41410824656486511 0.28736361861228943
vt 0.41410824656486511 0.24913793802261353
vt 0.47585746645927429 0.28736361861228943
vt 0.47585746645927429 0.24913793802261353
vt 0.54054707288742065 0.24619749188423157
vt 0.47879788279533386 0.24619749188423157
vt 0.54201728105545044 0.24619749188423157
vt 0.47879788279533386 0.28736361861228943
vt 0.47879788279533386 0.24913793802261353
vt 0.54054707288742065 0.28736361861228943
vt 0.54054707288742065 0.24913793802261353
vt 0.47879788279533386 0.32852974534034729
vt 0.47879788279533386 0.29030406475067139
vt 0.54054707288742065 0.32852974534034729
vt 0.54054707288742065 0.29030406475067139
vt 0.54348748922348022 0.32852974534034729
vt 0.54348748922348022 0.29030406475067139
vt 0.54201728105545044 0.29030406475067139
vt 0.54348748922348022 0.36969587206840515
vt 0.54348748922348022 0.33147019147872925
vt 0.6052367091178894 0.36969587206840515
vt 0.6052367091178894 0.33147019147872925
vt 0.54348748922348022 0.28736361861228943
vt 0.54348748922348022 0.24913793802261353
vt 0.54201728105545044 0.28736361861228943
vt 0.54201728105545044 0.24913793802261353
vt 0.60817712545394897 0.36969587206840515
vt 0.60817712545394897 0.33147019147872925
vt 0.66404545307159424 0.36969587206840515
vt 0.54201728105545044 0.39174917340278625
vt 0.54201728105545044 0.40057048201560974
vt 0.50967246294021606 0.37116611003875732
vt 0.50967246294021606 0.39174917340278625
vt 0.47732767462730408 0.37116611003875732
vt 0.4449828565120697 0.32999998331069946
vt 0.4449828565120697 0.35058301687240601
vt 0.41263803839683533 0.32999998331069946
vt 0.38029322028160095 0.2888338565826416
vt 0.38029322028160095 0.30941691994667053
vt 0.34794840216636658 0.2888338565826416
vt 0.3156035840511322 0.24766772985458374
vt 0.3156035840511322 0.26825076341629028
vt 0.28325876593589783 0.22708465158939362
vt 0.28325876593589783 0.24766772985458374
vt 0.31707379221916199 0.20797179639339447
vt 0.21856912970542908 0.18591852486133575
vt 0.21856912970542908 0.20650158822536469
vt 0.47732767462730408 0.35058301687240601
vt 0.41263803839683533 0.30941691994667053
vt 0.34794840216636658 0.26825076341629028
vt 0.25091394782066345 0.22708465158939362
vt 0.25091394782066345 0.20650158822536469
vt 0.077428117394447327 0.18591852486133575
vt 0.27567553520202637 0.0006709342123940587
vt 0.3330141007900238 0.37263631820678711
vt 0.27714574337005615 0.37263631820678711
vt 0.65058135986328125 0.2050313800573349
vt 0.58883219957351685 0.2050313800573349
vt 0.58883219957351685 0.1668056845664978
vt 0.58736199140548706 0.1668056845664978
vt 0.58883219957351685 0.24619749188423157
vt 0.58883219957351685 0.20797179639339447
vt 0.65058135986328125 0.20797179639339447
vt 0.5858917236328125 0.20797179639339447
vt 0.5858917236328125 0.24619749188423157
vt 0.5241425633430481 0.24619749188423157
vt 0.5241425633430481 0.20797179639339447
vt 0.5858917236328125 0.1668056845664978
vt 0.5858917236328125 0.2050313800573349
vt 0.5241425633430481 0.2050313800573349
vt 0.5241425633430481 0.1668056845664978
vt 0.5858917236328125 0.16386523842811584
vt 0.5241425633430481 0.16386523842811584
vt 0.5241425633430481 0.12563954293727875
vt 0.58736199140548706 0.16386523842811584
vt 0.5241425633430481 0.12269910424947739
vt 0.5241425633430481 0.084473416209220886
vt 0.52120214700698853 0.081532977521419525
vt 0.45945289731025696 0.081532977521419525
vt 0.45945289731025696 0.043307282030582428
vt 0.45798268914222717 0.043307282030582428
vt 0.52120214700698853 0.084473416209220886
vt 0.52120214700698853 0.12269910424947739
vt 0.45945289731025696 0.12269910424947739
vt 0.45945289731025696 0.084473416209220886
vt 0.52120214700698853 0.12563954293727875
vt 0.52120214700698853 0.16386523842811584
vt 0.45945289731025696 0.16386523842811584
vt 0.45945289731025696 0.12563954293727875
vt 0.52120214700698853 0.1668056845664978
vt 0.52120214700698853 0.2050313800573349
vt 0.45945289731025696 0.2050313800573349
vt 0.45945289731025696 0.1668056845664978
vt 0.52120214700698853 0.20797179639339447
vt 0.52120214700698853 0.24619749188423157
vt 0.45945289731025696 0.24619749188423157
vt 0.45945289731025696 0.20797179639339447
vt 0.52120214700698853 0.28736361861228943
vt 0.45945289731025696 0.28736361861228943
vt 0.45945289731025696 0.24913793802261353
vt 0.52120214700698853 0.24913793802261353
vt 0.45945289731025696 0.32852974534034729
vt 0.45945289731025696 0.29030406475067139
vt 0.52120214700698853 0.29030406475067139
vt 0.3947632908821106 0.32852974534034729
vt 0.3947632908821106 0.29030406475067139
vt 0.45651248097419739 0.29030406475067139
vt 0.45651248097419739 0.32852974534034729
vt 0.45651248097419739 0.28736361861228943
vt 0.3947632908821106 0.28736361861228943
vt 0.3947632908821106 0.24913793802261353
vt 0.45651248097419739 0.24913793802261353
vt 0.45651248097419739 0.24619749188423157
vt 0.3947632908821106 0.24619749188423157
vt 0.3947632908821106 0.20797179639339447
vt 0.45651248097419739 0.20797179639339447
vt 0.45651248097419739 0.2050313800573349
vt 0.3947632908821106 0.2050313800573349
vt 0.3947632908821106 0.1668056845664978
vt 0.45651248097419739 0.1668056845664978
vt 0.3947632908821106 0.12563954293727875
vt 0.45651248097419739 0.12563954293727875
vt 0.45651248097419739 0.16386523842811584
vt 0.3947632908821106 0.16386523842811584
vt 0.3947632908821106 0.084473416209220886
vt 0.45651248097419739 0.084473416209220886
vt 0.45651248097419739 0.12269910424947739
vt 0.3947632908821106 0.12269910424947739
vt 0.3947632908821106 0.043307282030582428
vt 0.45651248097419739 0.043307282030582428
vt 0.45651248097419739 0.081532977521419525
vt 0.3947632908821106 0.081532977521419525
vt 0.45651248097419739 0.040366847068071365
vt 0.3947632908821106 0.040366847068071365
vt 0.45798268914222717 0.040366847068071365
vt 0.39182284474372864 0.081532977521419525
vt 0.33595454692840576 0.081532977521419525
vt 0.33595454692840576 0.043307282030582428
vt 0.33448430895805359 0.043307282030582428
vt 0.39182284474372864 0.12269910424947739
vt 0.33595454692840576 0.12269910424947739
vt 0.33595454692840576 0.084473416209220886
vt 0.39182284474372864 0.084473416209220886
vt 0.33595454692840576 0.12563954293727875
vt 0.39182284474372864 0.12563954293727875
vt 0.39182284474372864 0.16386523842811584
vt 0.33595454692840576 0.16386523842811584
vt 0.39182284474372864 0.2050313800573349
vt 0.33595454692840576 0.2050313800573349
vt 0.33595454692840576 0.1668056845664978
vt 0.39182284474372864 0.1668056845664978
vt 0.39182284474372864 0.24619749188423157
vt 0.33595454692840576 0.24619749188423157
vt 0.33595454692840576 0.20797179639339447
vt 0.39182284474372864 0.20797179639339447
vt 0.39182284474372864 0.24913793802261353
vt 0.39182284474372864 0.28736361861228943
vt 0.33595454692840576 0.28736361861228943
vt 0.33595454692840576 0.24913793802261353
vt 0.39182284474372864 0.29030406475067139
vt 0.39182284474372864 0.32852974534034729
vt 0.33595454692840576 0.32852974534034729
vt 0.33595454692840576 0.29030406475067139
vt 0.33595454692840576 0.36969587206840515
vt 0.33595454692840576 0.33147019147872925
vt 0.39182284474372864 0.33147019147872925
vt 0.3330141007900238 0.33147019147872925
vt 0.3330141007900238 0.36969587206840515
vt 0.27714574337005615 0.36969587206840515
vt 0.27714574337005615 0.33147019147872925
vt 0.3330141007900238 0.29030406475067139
vt 0.3330141007900238 0.32852974534034729
vt 0.27714574337005615 0.32852974534034729
vt 0.27714574337005615 0.29030406475067139
vt 0.3330141007900238 0.24913793802261353
vt 0.3330141007900238 0.28736361861228943
vt 0.27714574337005615 0.28736361861228943
vt 0.27714574337005615 0.24913793802261353
vt 0.3330141007900238 0.20797179639339447
vt 0.3330141007900238 0.24619749188423157
vt 0.27714574337005615 0.24619749188423157
vt 0.27714574337005615 0.20797179639339447
vt 0.3330141007900238 0.2050313800573349
vt 0.27714574337005615 0.2050313800573349
vt 0.27714574337005615 0.1668056845664978
vt 0.3330141007900238 0.1668056845664978
vt 0.3330141007900238 0.12563954293727875
vt 0.3330141007900238 0.16386523842811584
vt 0.27714574337005615 0.16386523842811584
vt 0.27714574337005615 0.12563954293727875
vt 0.3330141007900238 0.12269910424947739
vt 0.27714574337005615 0.12269910424947739
vt 0.27714574337005615 0.084473416209220886
vt 0.3330141007900238 0.084473416209220886
vt 0.27714574337005615 0.043307282030582428
vt 0.3330141007900238 0.043307282030582428
vt 0.3330141007900238 0.081532977521419525
vt 0.27714574337005615 0.081532977521419525
vt 0.3330141007900238 0.040366847068071365
vt 0.27714574337005615 0.040366847068071365
vt 0.27714574337005615 0.0021411532070487738
vt 0.3330141007900238 0.0021411532070487738
vt 0.33448430895805359 0.040366847068071365
vt 0.3330141007900238 0.0006709342123940587
vt 0.5241425633430481 0.29030406475067139
vt 0.6535218358039856 0.20797179639339447
vt 0.6535218358039856 0.2050313800573349
vt 0.5241425633430481 0.28736361861228943
vt 0.5241425633430481 0.081532977521419525
vt 0.33595454692840576 0.37263631820678711
vt 0.3330141007900238 0.40057048201560974
vt 0.33595454692840576 0.40057048201560974
vt 0.27567553520202637 0.40057048201560974
vt 0.27714574337005615 0.40057048201560974
vt 0.3947632908821106 0.37263631820678711
vt 0.39182284474372864 0.40057048201560974
vt 0.39182284474372864 0.37263631820678711
vt 0.3947632908821106 0.40057048201560974
vt 0.3947632908821106 0.37263631820678711
vt 0.45651248097419739 0.37263631820678711
vt 0.45651248097419739 0.40057048201560974
vt 0.49032750725746155 0.39174917340278625
vt 0.49032750725746155 0.39027896523475647
vt 0.48885729908943176 0.39027896523475647
vt 0.45945289731025696 0.39027896523475647
vt 0.45945289731025696 0.33147019147872925
vt 0.45651248097419739 0.33147019147872925
vt 0.45651248097419739 0.36969587206840515
vt 0.3947632908821106 0.36969587206840515
vt 0.45798268914222717 0.39174917340278625
vt 0.45798268914222717 0.40057048201560974
vt 0.13476665318012238 0.0006709342123940587
vt 0.72432446479797363 0.0006709342123940587
vt 0.66698586940765381 0.40057048201560974
vt 0.66698586940765381 0.37263631820678711
vt 0.72285425662994385 0.37263631820678711
vt 0.31707379221916199 0.20797179639339447
vt 0.3464781641960144 0.20797179639339447
vt 0.1935754120349884 0.084473416209220886
vt 0.1935754120349884 0.12269910424947739
vt 0.19651584327220917 0.12269910424947739
vt 0.19651584327220917 0.084473416209220886
vt 0.24944372475147247 0.084473416209220886
vt 0.24944372475147247 0.12269910424947739
vt 0.24944372475147247 0.081532977521419525
vt 0.19651584327220917 0.081532977521419525
vt 0.24944372475147247 0.043307282030582428
vt 0.19651584327220917 0.043307282030582428
vt 0.1935754120349884 0.043307282030582428
vt 0.1935754120349884 0.081532977521419525
vt 0.13770708441734314 0.043307282030582428
vt 0.13770708441734314 0.081532977521419525
vt 0.13770708441734314 0.083003193140029907
vt 0.13476665318012238 0.043307282030582428
vt 0.13476665318012238 0.081532977521419525
vt 0.13476665318012238 0.083003193140029907
vt 0.13476665318012238 0.0021411532070487738
vt 0.13476665318012238 0.040366847068071365
vt 0.1935754120349884 0.040366847068071365
vt 0.13770708441734314 0.040366847068071365
vt 0.1935754120349884 0.0021411532070487738
vt 0.13770708441734314 0.0021411532070487738
vt 0.24944372475147247 0.0021411532070487738
vt 0.24944372475147247 0.040366847068071365
vt 0.19651584327220917 0.0021411532070487738
vt 0.19651584327220917 0.040366847068071365
vt 0.31413334608078003 0.0021411532070487738
vt 0.31413334608078003 0.040366847068071365
vt 0.25238415598869324 0.0021411532070487738
vt 0.25238415598869324 0.040366847068071365
vt 0.25238415598869324 0.043307282030582428
vt 0.31413334608078003 0.043307282030582428
vt 0.25238415598869324 0.081532977521419525
vt 0.31413334608078003 0.081532977521419525
vt 0.3156035840511322 0.081532977521419525
vt 0.25238415598869324 0.12269910424947739
vt 0.25238415598869324 0.084473416209220886
vt 0.3464781641960144 0.2050313800573349
vt 0.31707379221916199 0.2050313800573349
vt 0.3464781641960144 0.1668056845664978
vt 0.31707379221916199 0.1668056845664978
vt 0.3156035840511322 0.1668056845664978
vt 0.31707379221916199 0.12563954293727875
vt 0.3464781641960144 0.12563954293727875
vt 0.3464781641960144 0.16386523842811584
vt 0.31707379221916199 0.16386523842811584
vt 0.3156035840511322 0.16386523842811584
vt 0.3156035840511322 0.12563954293727875
vt 0.3464781641960144 0.084473416209220886
vt 0.3464781641960144 0.12269910424947739
vt 0.31707379221916199 0.084473416209220886
vt 0.31707379221916199 0.12269910424947739
vt 0.3156035840511322 0.12269910424947739
vt 0.3156035840511322 0.084473416209220886
vt 0.3464781641960144 0.081532977521419525
vt 0.31707379221916199 0.081532977521419525
vt 0.3464781641960144 0.043307282030582428
vt 0.31707379221916199 0.043307282030582428
vt 0.3464781641960144 0.040366847068071365
vt 0.31707379221916199 0.040366847068071365
vt 0.3464781641960144 0.0021411532070487738
vt 0.31707379221916199 0.0021411532070487738
vt 0.41116783022880554 0.040366847068071365
vt 0.34941861033439636 0.040366847068071365
vt 0.41116783022880554 0.0021411532070487738
vt 0.34941861033439636 0.0021411532070487738
vt 0.34941861033439636 0.081532977521419525
vt 0.34941861033439636 0.043307282030582428
vt 0.41116783022880554 0.081532977521419525
vt 0.41116783022880554 0.043307282030582428
vt 0.34941861033439636 0.12269910424947739
vt 0.34941861033439636 0.084473416209220886
vt 0.41116783022880554 0.12269910424947739
vt 0.41116783022880554 0.084473416209220886
vt 0.34941861033439636 0.16386523842811584
vt 0.34941861033439636 0.12563954293727875
vt 0.41116783022880554 0.16386523842811584
vt 0.41116783022880554 0.12563954293727875
vt 0.34941861033439636 0.2050313800573349
vt 0.34941861033439636 0.1668056845664978
vt 0.41116783022880554 0.2050313800573349
vt 0.41116783022880554 0.1668056845664978
vt 0.41116783022880554 0.20797179639339447
vt 0.41116783022880554 0.24619749188423157
vt 0.34941861033439636 0.20797179639339447
vt 0.41410824656486511 0.24619749188423157
vt 0.41410824656486511 0.20797179639339447
vt 0.47585746645927429 0.24619749188423157
vt 0.47585746645927429 0.20797179639339447
vt 0.41410824656486511 0.2050313800573349
vt 0.41410824656486511 0.1668056845664978
vt 0.47585746645927429 0.2050313800573349
vt 0.47585746645927429 0.1668056845664978
vt 0.41410824656486511 0.24913793802261353
vt 0.47585746645927429 0.24913793802261353
vt 0.47585746645927429 0.16386523842811584
vt 0.41410824656486511 0.16386523842811584
vt 0.47585746645927429 0.12563954293727875
vt 0.41410824656486511 0.12563954293727875
vt 0.41410824656486511 0.12269910424947739
vt 0.41410824656486511 0.084473416209220886
vt 0.47585746645927429 0.12269910424947739
vt 0.47585746645927429 0.084473416209220886
vt 0.41410824656486511 0.081532977521419525
vt 0.41410824656486511 0.043307282030582428
vt 0.47585746645927429 0.081532977521419525
vt 0.47585746645927429 0.043307282030582428
vt 0.47585746645927429 0.0021411532070487738
vt 0.47585746645927429 0.040366847068071365
vt 0.41410824656486511 0.0021411532070487738
vt 0.41410824656486511 0.040366847068071365
vt 0.54054707288742065 0.040366847068071365
vt 0.47879788279533386 0.040366847068071365
vt 0.54054707288742065 0.0021411532070487738
vt 0.47879788279533386 0.0021411532070487738
vt 0.54054707288742065 0.081532977521419525
vt 0.47879788279533386 0.081532977521419525
vt 0.54054707288742065 0.043307282030582428
vt 0.47879788279533386 0.043307282030582428
vt 0.47879788279533386 0.12269910424947739
vt 0.47879788279533386 0.084473416209220886
vt 0.54054707288742065 0.12269910424947739
vt 0.54054707288742065 0.084473416209220886
vt 0.47879788279533386 0.16386523842811584
vt 0.47879788279533386 0.12563954293727875
vt 0.54054707288742065 0.16386523842811584
vt 0.54054707288742065 0.12563954293727875
vt 0.47879788279533386 0.2050313800573349
vt 0.47879788279533386 0.1668056845664978
vt 0.54054707288742065 0.2050313800573349
vt 0.54054707288742065 0.1668056845664978
vt 0.47879788279533386 0.24619749188423157
vt 0.47879788279533386 0.20797179639339447
vt 0.54054707288742065 0.20797179639339447
vt 0.54054707288742065 0.24619749188423157
vt 0.54201728105545044 0.24619749188423157
vt 0.6052367091178894 0.32852974534034729
vt 0.54348748922348022 0.32852974534034729
vt 0.6052367091178894 0.29030406475067139
vt 0.54348748922348022 0.29030406475067139
vt 0.54201728105545044 0.29030406475067139
vt 0.54348748922348022 0.33147019147872925
vt 0.6052367091178894 0.33147019147872925
vt 0.6052367091178894 0.28736361861228943
vt 0.54348748922348022 0.28736361861228943
vt 0.6052367091178894 0.24913793802261353
vt 0.54348748922348022 0.24913793802261353
vt 0.54201728105545044 0.28736361861228943
vt 0.54201728105545044 0.24913793802261353
vt 0.6052367091178894 0.24619749188423157
vt 0.54348748922348022 0.24619749188423157
vt 0.6052367091178894 0.20797179639339447
vt 0.54348748922348022 0.20797179639339447
vt 0.6052367091178894 0.2050313800573349
vt 0.54348748922348022 0.2050313800573349
vt 0.6052367091178894 0.1668056845664978
vt 0.54348748922348022 0.1668056845664978
vt 0.54348748922348022 0.12563954293727875
vt 0.6052367091178894 0.12563954293727875
vt 0.54348748922348022 0.16386523842811584
vt 0.6052367091178894 0.16386523842811584
vt 0.54348748922348022 0.084473416209220886
vt 0.6052367091178894 0.084473416209220886
vt 0.54348748922348022 0.12269910424947739
vt 0.6052367091178894 0.12269910424947739
vt 0.6052367091178894 0.043307282030582428
vt 0.6052367091178894 0.081532977521419525
vt 0.54348748922348022 0.043307282030582428
vt 0.54348748922348022 0.081532977521419525
vt 0.6052367091178894 0.0021411532070487738
vt 0.6052367091178894 0.040366847068071365
vt 0.54348748922348022 0.0021411532070487738
vt 0.54348748922348022 0.040366847068071365
vt 0.66404545307159424 0.040366847068071365
vt 0.60817712545394897 0.040366847068071365
vt 0.66404545307159424 0.0021411532070487738
vt 0.60817712545394897 0.0021411532070487738
vt 0.66404545307159424 0.081532977521419525
vt 0.60817712545394897 0.081532977521419525
vt 0.66404545307159424 0.043307282030582428
vt 0.60817712545394897 0.043307282030582428
vt 0.66404545307159424 0.12269910424947739
vt 0.60817712545394897 0.12269910424947739
vt 0.66404545307159424 0.084473416209220886
vt 0.60817712545394897 0.084473416209220886
vt 0.60817712545394897 0.12563954293727875
vt 0.66404545307159424 0.12563954293727875
vt 0.60817712545394897 0.16386523842811584
vt 0.66404545307159424 0.16386523842811584
vt 0.66404545307159424 0.2050313800573349
vt 0.60817712545394897 0.2050313800573349
vt 0.66404545307159424 0.1668056845664978
vt 0.60817712545394897 0.1668056845664978
vt 0.66404545307159424 0.24619749188423157
vt 0.60817712545394897 0.24619749188423157
vt 0.66404545307159424 0.20797179639339447
vt 0.60817712545394897 0.20797179639339447
vt 0.60817712545394897 0.28736361861228943
vt 0.60817712545394897 0.24913793802261353
vt 0.66404545307159424 0.28736361861228943
vt 0.66404545307159424 0.24913793802261353
vt 0.60817712545394897 0.32852974534034729
vt 0.60817712545394897 0.29030406475067139
vt 0.66404545307159424 0.32852974534034729
vt 0.66404545307159424 0.29030406475067139
vt 0.66404545307159424 0.33147019147872925
vt 0.66404545307159424 0.36969587206840515
vt 0.60817712545394897 0.33147019147872925
vt 0.66698586940765381 0.36969587206840515
vt 0.66698586940765381 0.33147019147872925
vt 0.72285425662994385 0.36969587206840515
vt 0.72285425662994385 0.33147019147872925
vt 0.66698586940765381 0.32852974534034729
vt 0.66698586940765381 0.29030406475067139
vt 0.72285425662994385 0.32852974534034729
vt 0.72285425662994385 0.29030406475067139
vt 0.66698586940765381 0.28736361861228943
vt 0.66698586940765381 0.24913793802261353
vt 0.72285425662994385 0.28736361861228943
vt 0.72285425662994385 0.24913793802261353
vt 0.66698586940765381 0.24619749188423157
vt 0.66698586940765381 0.20797179639339447
vt 0.72285425662994385 0.24619749188423157
vt 0.72285425662994385 0.20797179639339447
vt 0.72285425662994385 0.2050313800573349
vt 0.66698586940765381 0.2050313800573349
vt 0.72285425662994385 0.1668056845664978
vt 0.66698586940765381 0.1668056845664978
vt 0.66698586940765381 0.16386523842811584
vt 0.66698586940765381 0.12563954293727875
vt 0.72285425662994385 0.16386523842811584
vt 0.72285425662994385 0.12563954293727875
vt 0.72285425662994385 0.12269910424947739
vt 0.66698586940765381 0.12269910424947739
vt 0.72285425662994385 0.084473416209220886
vt 0.66698586940765381 0.084473416209220886
vt 0.66698586940765381 0.043307282030582428
vt 0.72285425662994385 0.043307282030582428
vt 0.66698586940765381 0.081532977521419525
vt 0.72285425662994385 0.081532977521419525
vt 0.66698586940765381 0.040366847068071365
vt 0.66698586940765381 0.0021411532070487738
vt 0.72285425662994385 0.040366847068071365
vt 0.72285425662994385 0.0021411532070487738
vt 0.31413334608078003 0.20797179639339447
vt 0.31413334608078003 0.2050313800573349
vt 0.41116783022880554 0.24913793802261353
vt 0.47879788279533386 0.24913793802261353
vt 0.54054707288742065 0.32852974534034729
vt 0.54054707288742065 0.33147019147872925
vt 0.66404545307159424 0.37263631820678711
vt 0.72285425662994385 0.40057048201560974
vt 0.66404545307159424 0.40057048201560974
vt 0.72432446479797363 0.40057048201560974
vt 0.60817712545394897 0.40057048201560974
vt 0.60817712545394897 0.37263631820678711
vt 0.6052367091178894 0.40057048201560974
vt 0.6052367091178894 0.37263631820678711
vt 0.6052367091178894 2.9290001392364502
vt 0.60817712545394897 2.9290001392364502
vt 0.60817712545394897 2.8937149047851562
vt 0.6052367091178894 2.8937149047851562
vt 0.54201728105545044 2.9290001392364502
vt 0.54348748922348022 2.8937149047851562
vt 0.54348748922348022 2.9290001392364502
vt 0.54201728105545044 2.8937149047851562
vt 0.66404545307159424 2.8937149047851562
vt 0.66698586940765381 2.8937149047851562
vt 0.66404545307159424 2.9290001392364502
vt 0.66698586940765381 2.9290001392364502
vt 2.8953187465667725 0.3699457049369812
vt 2.8969228267669678 0.3699457049369812
vt 2.8969228267669678 0.3699457049369812
vt 0.48928791284561157 2.9001305103302002
vt 2.9001305103302002 0.36980849504470825
vt 2.9033381938934326 0.36980849504470825
vt 2.9033381938934326 0.36980849504470825
vt 2.906545877456665 0.36980849504470825
vt 2.906545877456665 0.36980849504470825
vt 2.9097537994384766 0.36980849504470825
vt 2.9097537994384766 0.36980849504470825
vt 2.912961483001709 0.36980849504470825
vt 2.912961483001709 0.36980849504470825
vt 2.9161691665649414 0.36980849504470825
vt 2.9161691665649414 0.36980849504470825
vt 2.9193770885467529 0.36980849504470825
vt 2.9193770885467529 0.36980849504470825
vt 2.9225847721099854 0.36980849504470825
vt 0.48928791284561157 2.9257924556732178
vt 0.48928791284561157 2.9225847721099854
vt 2.9225847721099854 0.36980849504470825
vt 2.9257924556732178 0.3699457049369812
vt 2.9257924556732178 0.3699457049369812
vt 2.927396297454834 0.3699457049369812
vt 0.48928791284561157 2.8937149047851562
vt 0.48928791284561157 2.8953187465667725
vt 0.48928791284561157 2.8937149047851562
vt 2.927396297454834 0.3699457049369812
vt 2.9290001392364502 0.36980849504470825
vt 2.927396297454834 0.3699457049369812
vt 2.8953187465667725 0.32877957820892334
vt 2.8969228267669678 0.32877957820892334
vt 2.8969228267669678 0.32877957820892334
vt 0.55397754907608032 2.9001305103302002
vt 2.9001305103302002 0.32864236831665039
vt 2.9033381938934326 0.32864236831665039
vt 2.9033381938934326 0.32864236831665039
vt 2.906545877456665 0.32864236831665039
vt 2.906545877456665 0.32864236831665039
vt 2.9097537994384766 0.32864236831665039
vt 2.9097537994384766 0.32864236831665039
vt 2.912961483001709 0.32864236831665039
vt 2.912961483001709 0.32864236831665039
vt 2.9161691665649414 0.32864236831665039
vt 2.9161691665649414 0.32864236831665039
vt 2.9193770885467529 0.32864236831665039
vt 2.9193770885467529 0.32864236831665039
vt 2.9225847721099854 0.32864236831665039
vt 0.55397754907608032 2.9257924556732178
vt 0.55397754907608032 2.9225847721099854
vt 2.9225847721099854 0.32864236831665039
vt 2.9257924556732178 0.32877957820892334
vt 2.9257924556732178 0.32877957820892334
vt 2.927396297454834 0.32877957820892334
vt 0.55397754907608032 2.8937149047851562
vt 0.55397754907608032 2.8953187465667725
vt 0.55397754907608032 2.8937149047851562
vt 2.927396297454834 0.32877957820892334
vt 2.9290001392364502 0.32864236831665039
vt 2.927396297454834 0.32877957820892334
vt 2.8953187465667725 0.28761345148086548
vt 2.8969228267669678 0.28761345148086548
vt 2.8969228267669678 0.28761345148086548
vt 0.61866718530654907 2.9001305103302002
vt 2.9001305103302002 0.28747621178627014
vt 2.9033381938934326 0.28747621178627014
vt 2.9033381938934326 0.28747621178627014
vt 2.906545877456665 0.28747621178627014
vt 2.906545877456665 0.28747621178627014
vt 2.9097537994384766 0.28747621178627014
vt 2.9097537994384766 0.28747621178627014
vt 2.912961483001709 0.28747621178627014
vt 2.912961483001709 0.28747621178627014
vt 2.9161691665649414 0.28747621178627014
vt 2.9161691665649414 0.28747621178627014
vt 2.9193770885467529 0.28747621178627014
vt 2.9193770885467529 0.28747621178627014
vt 2.9225847721099854 0.28747621178627014
vt 0.61866718530654907 2.9257924556732178
vt 0.61866718530654907 2.9225847721099854
vt 2.9225847721099854 0.28747621178627014
vt 2.9257924556732178 0.28761345148086548
vt 2.9257924556732178 0.28761345148086548
vt 2.927396297454834 0.28761345148086548
vt 0.61866718530654907 2.8937149047851562
vt 0.61866718530654907 2.8953187465667725
vt 0.61866718530654907 2.8937149047851562
vt 2.927396297454834 0.28761345148086548
vt 2.9290001392364502 0.28747621178627014
vt 2.927396297454834 0.28761345148086548
vt 2.8953187465667725 0.22586426138877869
vt 2.8969228267669678 0.22586426138877869
vt 2.8969228267669678 0.22586426138877869
vt 0.7157016396522522 2.9001305103302002
vt 2.9001305103302002 0.22572703659534454
vt 2.9033381938934326 0.22572703659534454
vt 2.9033381938934326 0.22572703659534454
vt 2.906545877456665 0.22572703659534454
vt 2.906545877456665 0.22572703659534454
vt 2.9097537994384766 0.22572703659534454
vt 2.9097537994384766 0.22572703659534454
vt 2.912961483001709 0.22572703659534454
vt 2.912961483001709 0.22572703659534454
vt 2.9161691665649414 0.22572703659534454
vt 2.9161691665649414 0.22572703659534454
vt 2.9193770885467529 0.22572703659534454
vt 2.9193770885467529 0.22572703659534454
vt 2.9225847721099854 0.22572703659534454
vt 0.7157016396522522 2.9257924556732178
vt 0.7157016396522522 2.9225847721099854
vt 2.9225847721099854 0.22572703659534454
vt 2.9257924556732178 0.22586426138877869
vt 2.9257924556732178 0.22586426138877869
vt 2.927396297454834 0.22586426138877869
vt 0.7157016396522522 2.8937149047851562
vt 0.7157016396522522 2.8953187465667725
vt 0.7157016396522522 2.8937149047851562
vt 2.927396297454834 0.22586426138877869
vt 2.9290001392364502 0.22572703659534454
vt 2.927396297454834 0.22586426138877869
vt 2.8953187465667725 0.18469811975955963
vt 2.8969228267669678 0.18469811975955963
vt 2.8969228267669678 0.18469811975955963
vt 0.78039127588272095 2.9001305103302002
vt 2.9001305103302002 0.18456089496612549
vt 2.9033381938934326 0.18456089496612549
vt 2.9033381938934326 0.18456089496612549
vt 2.906545877456665 0.18456089496612549
vt 2.906545877456665 0.18456089496612549
vt 2.9097537994384766 0.18456089496612549
vt 2.9097537994384766 0.18456089496612549
vt 2.912961483001709 0.18456089496612549
vt 2.912961483001709 0.18456089496612549
vt 2.9161691665649414 0.18456089496612549
vt 2.9161691665649414 0.18456089496612549
vt 2.9193770885467529 0.18456089496612549
vt 2.9193770885467529 0.18456089496612549
vt 2.9225847721099854 0.18456089496612549
vt 0.78039127588272095 2.9257924556732178
vt 0.78039127588272095 2.9225847721099854
vt 2.9225847721099854 0.18456089496612549
vt 2.9257924556732178 0.18469811975955963
vt 2.9257924556732178 0.18469811975955963
vt 2.927396297454834 0.18469811975955963
vt 0.78039127588272095 2.8937149047851562
vt 0.78039127588272095 2.8953187465667725
vt 0.78039127588272095 2.8937149047851562
vt 2.927396297454834 0.18469811975955963
vt 2.9290001392364502 0.18456089496612549
vt 2.927396297454834 0.18469811975955963
vn 0 1 0
vn 0 1 0
vn 0 1 0
vn 0 1 0
vn 0 1 0
vn 0 1 0
vn 0 1 0
vn 0 1 0
vn 0 1 0
vn 0 1 0
vn 0 1 0
vn 0 1 0
vn 0 1 0
vn 0 1 0
vn 0 1 0
vn 0 1 0
vn -1 0 0
vn -1 0 0
vn -1 0 0
vn -1 0 0
vn -1 0 0
vn 0 1 0
vn 0 1 0
vn 0 1 0
vn 0 1 0
vn 0 1 0
vn 0 1 0
vn 0 1 0
vn 0 1 0
vn 1 0 0
vn 1 0 0
vn 1 0 0
vn 1 0 0
vn 0 -1 0
vn 0 -1 0
vn 0 -1 0
vn 0 -1 0
vn 0 -1 0
vn 0 -1 0
vn 0 -1 0
vn 0 -1 0
vn 0 -1 0
vn 0 -1 0
vn 0 -1 0
vn 0 -1 0
vn 0 -1 0
vn 0 -1 0
vn 1 0 0
vn 1 0 0
vn 1 0 0
vn 1 0 0
vn 1 0 0
vn 1 0 0
vn 1 0 0
vn 1 0 0
vn 1 0 0
vn 1 0 0
vn 1 0 0
vn 1 0 0
vn 1 0 0
vn 1 0 0
vn 0 -1 0
vn 0 -1 0
vn 0 -1 0
vn 0 -1 0
vn -1 0 0
vn -1 0 0
vn -1 0 0
vn -1 0 0
vn 0 -1 0
vn 0.38380616903305054 -0.92341369390487671 0
vn 0.70710676908493042 -0.70710676908493042 0
vn 0.92434400320053101 -0.38156014680862427 0
vn 1 0 0
vn 0 -1 0
vn 0.38380616903305054 -0.92341369390487671 0
vn 0.70710676908493042 -0.70710676908493042 0
vn 0.92434400320053101 -0.38156014680862427 0
vn 1 0 0
vn 0 -1 0
vn 0.38380616903305054 -0.92341369390487671 0
vn 0.70710676908493042 -0.70710676908493042 0
vn 0.92434400320053101 -0.38156014680862427 0
vn 1 0 0
vn 0 -1 0
vn 0.38380616903305054 -0.92341369390487671 0
vn 0.70710676908493042 -0.70710676908493042 0
vn 0.92434400320053101 -0.38156014680862427 0
vn 1 0 0
vn 0 -1 0
vn 0.38380616903305054 -0.92341369390487671 0
vn 0.70710676908493042 -0.70710676908493042 0
vn 0.92434400320053101 -0.38156014680862427 0
vn 1 0 0
vn 0 -1 0
vn 0.38380616903305054 -0.92341369390487671 0
vn 0.70710676908493042 -0.70710676908493042 0
vn 0.92434400320053101 -0.38156014680862427 0
vn 1 0 0
vn 0 -1 0
vn 0.38380616903305054 -0.92341369390487671 0
vn 0.70710676908493042 -0.70710676908493042 0
vn 0.92434400320053101 -0.38156014680862427 0
vn 1 0 0
vn 0 -1 0
vn 0.38380616903305054 -0.92341369390487671 0
vn 0.70710676908493042 -0.70710676908493042 0
vn 0.92434400320053101 -0.38156014680862427 0
vn 1 0 0
vn 0 -1 0
vn 0.38380616903305054 -0.92341369390487671 0
vn 0.70710676908493042 -0.70710676908493042 0
vn 0.92434400320053101 -0.38156014680862427 0
vn 1 0 0
vn 0 -1 0
vn 0.38380616903305054 -0.92341369390487671 0
vn 0.70710676908493042 -0.70710676908493042 0
vn 0.92434400320053101 -0.38156014680862427 0
vn 1 0 0
vn 0 -1 0
vn 0.38380616903305054 -0.92341369390487671 0
vn 0.70710676908493042 -0.70710676908493042 0
vn 0.92434400320053101 -0.38156014680862427 0
vn 1 0 0
vn 0 -1 0
vn 0.38380616903305054 -0.92341369390487671 0
vn 0.70710676908493042 -0.70710676908493042 0
vn 0.92434400320053101 -0.38156014680862427 0
vn 1 0 0
vn 0.38380616903305054 -0.92341369390487671 0
vn 0.19380630552768707 -0.98103982210159302 0
vn 0.19380630552768707 -0.98103982210159302 0
vn 0.70710676908493042 -0.70710676908493042 0
vn 0.55765765905380249 -0.83007103204727173 0
vn 0.55765765905380249 -0.83007103204727173 0
vn 0.98127239942550659 -0.19262534379959106 0
vn 0.92434400320053101 -0.38156014680862427 0
vn 0.98127239942550659 -0.19262534379959106 0
vn 0.98127239942550659 -0.19262534379959106 0
vn 0.92434400320053101 -0.38156014680862427 0
vn 0.98127239942550659 -0.19262534379959106 0
vn 0.55765765905380249 -0.83007103204727173 0
vn 0.70710676908493042 -0.70710676908493042 0
vn 0.38380616903305054 -0.92341369390487671 0
vn 0.55765765905380249 -0.83007103204727173 0
vn 0.19380630552768707 -0.98103982210159302 0
vn 0.19380630552768707 -0.98103982210159302 0
vn 0 1 0
vn 0 1 0
vn 0 1 0
vn 0 1 0
vn -1 0 0
vn -1 0 0
vn -1 0 0
vn -1 0 0
vn 0 1 0
vn 0 1 0
vn 0 1 0
vn 0 1 0
vn 0 1 0
vn 0 1 0
vn 0 1 0
vn 0 1 0
vn 1 0 0
vn 1 0 0
vn 1 0 0
vn 1 0 0
vn 0 -1 0
vn 0 -1 0
vn 0 -1 0
vn 0 -1 0
vn 0 -1 0
vn 0 -1 0
vn 0 -1 0
vn 0 -1 0
vn 0 -1 0
vn 0 -1 0
vn 0 -1 0
vn 0 -1 0
vn 0 -1 0
vn 0 -1 0
vn 1 0 0
vn 1 0 0
vn 1 0 0
vn 1 0 0
vn 1 0 0
vn 1 0 0
vn 1 0 0
vn 1 0 0
vn 1 0 0
vn 1 0 0
vn 1 0 0
vn 1 0 0
vn 1 0 0
vn 1 0 0
vn 0 -1 0
vn 0 -1 0
vn 0 -1 0
vn 0 -1 0
vn -1 0 0
vn -1 0 0
vn -1 0 0
vn -1 0 0
vn 0 -1 0
vn 0.38380616903305054 -0.92341369390487671 0
vn 0.70710676908493042 -0.70710676908493042 0
vn 0.92434400320053101 -0.38156014680862427 0
vn 1 0 0
vn 0 -1 0
vn 0.38380616903305054 -0.92341369390487671 0
vn 0.70710676908493042 -0.70710676908493042 0
vn 0.92434400320053101 -0.38156014680862427 0
vn 1 0 0
vn 0 -1 0
vn 0.38380616903305054 -0.92341369390487671 0
vn 0.70710676908493042 -0.70710676908493042 0
vn 0.92434400320053101 -0.38156014680862427 0
vn 1 0 0
vn 0 -1 0
vn 0.38380616903305054 -0.92341369390487671 0
vn 0.70710676908493042 -0.70710676908493042 0
vn 0.92434400320053101 -0.38156014680862427 0
vn 1 0 0
vn 0 -1 0
vn 0.38380616903305054 -0.92341369390487671 0
vn 0.70710676908493042 -0.70710676908493042 0
vn 0.92434400320053101 -0.38156014680862427 0
vn 1 0 0
vn 0 -1 0
vn 0.38380616903305054 -0.92341369390487671 0
vn 0.70710676908493042 -0.70710676908493042 0
vn 0.92434400320053101 -0.38156014680862427 0
vn 1 0 0
vn 0 -1 0
vn 0.38380616903305054 -0.92341369390487671 0
vn 0.70710676908493042 -0.70710676908493042 0
vn 0.92434400320053101 -0.38156014680862427 0
vn 1 0 0
vn 0 -1 0
vn 0.38380616903305054 -0.92341369390487671 0
vn 0.70710676908493042 -0.70710676908493042 0
vn 0.92434400320053101 -0.38156014680862427 0
vn 1 0 0
vn 0 -1 0
vn 0.38380616903305054 -0.92341369390487671 0
vn 0.70710676908493042 -0.70710676908493042 0
vn 0.92434400320053101 -0.38156014680862427 0
vn 1 0 0
vn 0 -1 0
vn 0.38380616903305054 -0.92341369390487671 0
vn 0.70710676908493042 -0.70710676908493042 0
vn 0.92434400320053101 -0.38156014680862427 0
vn 1 0 0
vn 0 -1 0
vn 0.38380616903305054 -0.92341369390487671 0
vn 0.70710676908493042 -0.70710676908493042 0
vn 0.92434400320053101 -0.38156014680862427 0
vn 1 0 0
vn 0 -1 0
vn 0.38380616903305054 -0.92341369390487671 0
vn 0.70710676908493042 -0.70710676908493042 0
vn 0.92434400320053101 -0.38156014680862427 0
vn 1 0 0
vn 0.38380616903305054 -0.92341369390487671 0
vn 0.19380630552768707 -0.98103982210159302 0
vn 0.19380630552768707 -0.98103982210159302 0
vn 0.70710676908493042 -0.70710676908493042 0
vn 0.55765765905380249 -0.83007103204727173 0
vn 0.55765765905380249 -0.83007103204727173 0
vn 0.98127239942550659 -0.19262534379959106 0
vn 0.92434400320053101 -0.38156014680862427 0
vn 0.98127239942550659 -0.19262534379959106 0
vn 0.98127239942550659 -0.19262534379959106 0
vn 0.92434400320053101 -0.38156014680862427 0
vn 0.98127239942550659 -0.19262534379959106 0
vn 0.55765765905380249 -0.83007103204727173 0
vn 0.70710676908493042 -0.70710676908493042 0
vn 0.38380616903305054 -0.92341369390487671 0
vn 0.55765765905380249 -0.83007103204727173 0
vn 0.19380630552768707 -0.98103982210159302 0
vn 0.19380630552768707 -0.98103982210159302 0
vn 0 1 0
vn 0 1 0
vn 0 1 0
vn 0 1 0
vn -1 0 0
vn -1 0 0
vn -1 0 0
vn -1 0 0
vn 0 1 0
vn 0 1 0
vn 0 1 0
vn 0 1 0
vn 0 1 0
vn 0 1 0
vn 0 1 0
vn 0 1 0
vn 1 0 0
vn 1 0 0
vn 1 0 0
vn 1 0 0
vn 0 -1 0
vn 0 -1 0
vn 0 -1 0
vn 0 -1 0
vn 0 -1 0
vn 0 -1 0
vn 0 -1 0
vn 0 -1 0
vn 0 -1 0
vn 0 -1 0
vn 0 -1 0
vn 0 -1 0
vn 0 -1 0
vn 0 -1 0
vn 1 0 0
vn 1 0 0
vn 1 0 0
vn 1 0 0
vn 1 0 0
vn 1 0 0
vn 1 0 0
vn 1 0 0
vn 1 0 0
vn 1 0 0
vn 1 0 0
vn 1 0 0
vn 1 0 0
vn 1 0 0
vn 0 -1 0
vn 0 -1 0
vn 0 -1 0
vn 0 -1 0
vn -1 0 0
vn -1 0 0
vn -1 0 0
vn -1 0 0
vn 0 -1 0
vn 0.38380616903305054 -0.92341369390487671 0
vn 0.70710676908493042 -0.70710676908493042 0
vn 0.92434400320053101 -0.38156014680862427 0
vn 1 0 0
vn 0 -1 0
vn 0.38380616903305054 -0.92341369390487671 0
vn 0.70710676908493042 -0.70710676908493042 0
vn 0.92434400320053101 -0.38156014680862427 0
vn 1 0 0
vn 0 -1 0
vn 0.38380616903305054 -0.92341369390487671 0
vn 0.70710676908493042 -0.70710676908493042 0
vn 0.92434400320053101 -0.38156014680862427 0
vn 1 0 0
vn 0 -1 0
vn 0.38380616903305054 -0.92341369390487671 0
vn 0.70710676908493042 -0.70710676908493042 0
vn 0.92434400320053101 -0.38156014680862427 0
vn 1 0 0
vn 0 -1 0
vn 0.38380616903305054 -0.92341369390487671 0
vn 0.70710676908493042 -0.70710676908493042 0
vn 0.92434400320053101 -0.38156014680862427 0
vn 1 0 0
vn 0 -1 0
vn 0.38380616903305054 -0.92341369390487671 0
vn 0.70710676908493042 -0.70710676908493042 0
vn 0.92434400320053101 -0.38156014680862427 0
vn 1 0 0
vn 0 -1 0
vn 0.38380616903305054 -0.92341369390487671 0
vn 0.70710676908493042 -0.70710676908493042 0
vn 0.92434400320053101 -0.38156014680862427 0
vn 1 0 0
vn 0 -1 0
vn 0.38380616903305054 -0.92341369390487671 0
vn 0.70710676908493042 -0.70710676908493042 0
vn 0.92434400320053101 -0.38156014680862427 0
vn 1 0 0
vn 0 -1 0
vn 0.38380616903305054 -0.92341369390487671 0
vn 0.70710676908493042 -0.70710676908493042 0
vn 0.92434400320053101 -0.38156014680862427 0
vn 1 0 0
vn 0 -1 0
vn 0.38380616903305054 -0.92341369390487671 0
vn 0.70710676908493042 -0.70710676908493042 0
vn 0.92434400320053101 -0.38156014680862427 0
vn 1 0 0
vn 0 -1 0
vn 0.38380616903305054 -0.92341369390487671 0
vn 0.70710676908493042 -0.70710676908493042 0
vn 0.92434400320053101 -0.38156014680862427 0
vn 1 0 0
vn 0 -1 0
vn 0.38380616903305054 -0.92341369390487671 0
vn 0.70710676908493042 -0.70710676908493042 0
vn 0.92434400320053101 -0.38156014680862427 0
vn 1 0 0
vn 0.38380616903305054 -0.92341369390487671 0
vn 0.19380630552768707 -0.98103982210159302 0
vn 0.19380630552768707 -0.98103982210159302 0
vn 0.70710676908493042 -0.70710676908493042 0
vn 0.55765765905380249 -0.83007103204727173 0
vn 0.55765765905380249 -0.83007103204727173 0
vn 0.98127239942550659 -0.19262534379959106 0
vn 0.92434400320053101 -0.38156014680862427 0
vn 0.98127239942550659 -0.19262534379959106 0
vn 0.98127239942550659 -0.19262534379959106 0
vn 0.92434400320053101 -0.38156014680862427 0
vn 0.98127239942550659 -0.19262534379959106 0
vn 0.55765765905380249 -0.83007103204727173 0
vn 0.70710676908493042 -0.70710676908493042 0
vn 0.38380616903305054 -0.92341369390487671 0
vn 0.55765765905380249 -0.83007103204727173 0
vn 0.19380630552768707 -0.98103982210159302 0
vn 0.19380630552768707 -0.98103982210159302 0
vn -1 0 0
vn -1 0 0
vn -1 0 0
vn -1 0 0
vn 0 1 0
vn 0 1 0
vn 0 1 0
vn 0 1 0
vn 0 -1 0
vn 0 -1 0
vn 0 -1 0
vn 0 -1 0
vn -1 0 0
vn -1 0 0
vn -1 0 0
vn -1 0 0
vn 0 1 0
vn 0 1 0
vn 0 1 0
vn 0 1 0
vn -1 0 0
vn -1 0 0
vn -1 0 0
vn -1 0 0
vn 0 1 0
vn 0 1 0
vn 0 1 0
vn 0 1 0
vn -1 0 0
vn -1 0 0
vn -1 0 0
vn -1 0 0
vn 0 1 0
vn 0 1 0
vn 0 1 0
vn 0 1 0
vn -1 0 0
vn -1 0 0
vn -1 0 0
vn -1 0 0
vn 0 1 0
vn 0 1 0
vn 0 1 0
vn 0 1 0
vn 1 0 0
vn 1 0 0
vn 1 0 0
vn 1 0 0
vn 0 -1 0
vn 0 -1 0
vn 0 -1 0
vn 0 -1 0
vn 0 -1 0
vn 0 -1 0
vn 0 -1 0
vn 0 -1 0
vn 0 -1 0
vn 0 -1 0
vn 0 -1 0
vn 0 -1 0
vn 0 -1 0
vn 0 -1 0
vn 1 0 0
vn 1 0 0
vn 1 0 0
vn 1 0 0
vn 1 0 0
vn 1 0 0
vn 1 0 0
vn 1 0 0
vn 1 0 0
vn 1 0 0
vn 1 0 0
vn 1 0 0
vn 1 0 0
vn 1 0 0
vn 0 -1 0
vn 0 -1 0
vn 0 -1 0
vn 0 -1 0
vn 0 -1 0
vn 0.38380616903305054 -0.92341369390487671 0
vn 0.70710676908493042 -0.70710676908493042 0
vn 0.92434400320053101 -0.38156014680862427 0
vn 1 0 0
vn 0 -1 0
vn 0.38380616903305054 -0.92341369390487671 0
vn 0.70710676908493042 -0.70710676908493042 0
vn 0.92434400320053101 -0.38156014680862427 0
vn 1 0 0
vn 0 -1 0
vn 0.38380616903305054 -0.92341369390487671 0
vn 0.70710676908493042 -0.70710676908493042 0
vn 0.92434400320053101 -0.38156014680862427 0
vn 1 0 0
vn 0 -1 0
vn 0.38380616903305054 -0.92341369390487671 0
vn 0.70710676908493042 -0.70710676908493042 0
vn 0.92434400320053101 -0.38156014680862427 0
vn 1 0 0
vn 0 -1 0
vn 0.38380616903305054 -0.92341369390487671 0
vn 0.70710676908493042 -0.70710676908493042 0
vn 0.92434400320053101 -0.38156014680862427 0
vn 1 0 0
vn 0 -1 0
vn 0.38380616903305054 -0.92341369390487671 0
vn 0.70710676908493042 -0.70710676908493042 0
vn 0.92434400320053101 -0.38156014680862427 0
vn 1 0 0
vn 0 -1 0
vn 0.38380616903305054 -0.92341369390487671 0
vn 0.70710676908493042 -0.70710676908493042 0
vn 0.92434400320053101 -0.38156014680862427 0
vn 1 0 0
vn 0 -1 0
vn 0.38380616903305054 -0.92341369390487671 0
vn 0.70710676908493042 -0.70710676908493042 0
vn 0.92434400320053101 -0.38156014680862427 0
vn 1 0 0
vn 0 -1 0
vn 0.38380616903305054 -0.92341369390487671 0
vn 0.70710676908493042 -0.70710676908493042 0
vn 0.92434400320053101 -0.38156014680862427 0
vn 1 0 0
vn 0 -1 0
vn 0.38380616903305054 -0.92341369390487671 0
vn 0.70710676908493042 -0.70710676908493042 0
vn 0.92434400320053101 -0.38156014680862427 0
vn 1 0 0
vn 0 -1 0
vn 0.38380616903305054 -0.92341369390487671 0
vn 0.70710676908493042 -0.70710676908493042 0
vn 0.92434400320053101 -0.38156014680862427 0
vn 1 0 0
vn 0 -1 0
vn 0.38380616903305054 -0.92341369390487671 0
vn 0.70710676908493042 -0.70710676908493042 0
vn 0.92434400320053101 -0.38156014680862427 0
vn 1 0 0
vn 0.38380616903305054 -0.92341369390487671 0
vn 0.19380630552768707 -0.98103982210159302 0
vn 0.19380630552768707 -0.98103982210159302 0
vn 0.70710676908493042 -0.70710676908493042 0
vn 0.55765765905380249 -0.83007103204727173 0
vn 0.55765765905380249 -0.83007103204727173 0
vn 0.98127239942550659 -0.19262534379959106 0
vn 0.92434400320053101 -0.38156014680862427 0
vn 0.98127239942550659 -0.19262534379959106 0
vn 0.98127239942550659 -0.19262534379959106 0
vn 0.92434400320053101 -0.38156014680862427 0
vn 0.98127239942550659 -0.19262534379959106 0
vn 0.55765765905380249 -0.83007103204727173 0
vn 0.70710676908493042 -0.70710676908493042 0
vn 0.38380616903305054 -0.92341369390487671 0
vn 0.55765765905380249 -0.83007103204727173 0
vn 0.19380630552768707 -0.98103982210159302 0
vn 0.19380630552768707 -0.98103982210159302 0
vn -1 0 0
vn -1 0 0
vn -1 0 0
vn -1 0 0
vn 0 1 0
vn 0 1 0
vn 0 1 0
vn 0 1 0
vn -1 0 0
vn -1 0 0
vn -1 0 0
vn -1 0 0
vn 0 1 0
vn 0 1 0
vn 0 1 0
vn 0 1 0
vn 1 0 0
vn 1 0 0
vn 1 0 0
vn 1 0 0
vn 0 -1 0
vn 0 -1 0
vn 0 -1 0
vn 0 -1 0
vn 0 -1 0
vn 0 -1 0
vn 0 -1 0
vn 0 -1 0
vn 0 -1 0
vn 0 -1 0
vn 0 -1 0
vn 0 -1 0
vn 0 -1 0
vn 0 -1 0
vn 1 0 0
vn 1 0 0
vn 1 0 0
vn 1 0 0
vn 1 0 0
vn 1 0 0
vn 1 0 0
vn 1 0 0
vn 1 0 0
vn 1 0 0
vn 1 0 0
vn 1 0 0
vn 1 0 0
vn 1 0 0
vn 0 -1 0
vn 0 -1 0
vn 0 -1 0
vn 0 -1 0
vn 0 -1 0
vn 0.38380616903305054 -0.92341369390487671 0
vn 0.70710676908493042 -0.70710676908493042 0
vn 0.92434400320053101 -0.38156014680862427 0
vn 1 0 0
vn 0 -1 0
vn 0.38380616903305054 -0.92341369390487671 0
vn 0.70710676908493042 -0.70710676908493042 0
vn 0.92434400320053101 -0.38156014680862427 0
vn 1 0 0
vn 0 -1 0
vn 0.38380616903305054 -0.92341369390487671 0
vn 0.70710676908493042 -0.70710676908493042 0
vn 0.92434400320053101 -0.38156014680862427 0
vn 1 0 0
vn 0 -1 0
vn 0.38380616903305054 -0.92341369390487671 0
vn 0.70710676908493042 -0.70710676908493042 0
vn 0.92434400320053101 -0.38156014680862427 0
vn 1 0 0
vn 0 -1 0
vn 0.38380616903305054 -0.92341369390487671 0
vn 0.70710676908493042 -0.70710676908493042 0
vn 0.92434400320053101 -0.38156014680862427 0
vn 1 0 0
vn 0 -1 0
vn 0.38380616903305054 -0.92341369390487671 0
vn 0.70710676908493042 -0.70710676908493042 0
vn 0.92434400320053101 -0.38156014680862427 0
vn 1 0 0
vn 0 -1 0
vn 0.38380616903305054 -0.92341369390487671 0
vn 0.70710676908493042 -0.70710676908493042 0
vn 0.92434400320053101 -0.38156014680862427 0
vn 1 0 0
vn 0 -1 0
vn 0.38380616903305054 -0.92341369390487671 0
vn 0.70710676908493042 -0.70710676908493042 0
vn 0.92434400320053101 -0.38156014680862427 0
vn 1 0 0
vn 0 -1 0
vn 0.38380616903305054 -0.92341369390487671 0
vn 0.70710676908493042 -0.70710676908493042 0
vn 0.92434400320053101 -0.38156014680862427 0
vn 1 0 0
vn 0 -1 0
vn 0.38380616903305054 -0.92341369390487671 0
vn 0.70710676908493042 -0.70710676908493042 0
vn 0.92434400320053101 -0.38156014680862427 0
vn 1 0 0
vn 0 -1 0
vn 0.38380616903305054 -0.92341369390487671 0
vn 0.70710676908493042 -0.70710676908493042 0
vn 0.92434400320053101 -0.38156014680862427 0
vn 1 0 0
vn 0 -1 0
vn 0.38380616903305054 -0.92341369390487671 0
vn 0.70710676908493042 -0.70710676908493042 0
vn 0.92434400320053101 -0.38156014680862427 0
vn 1 0 0
vn 0.38380616903305054 -0.92341369390487671 0
vn 0.19380630552768707 -0.98103982210159302 0
vn 0.19380630552768707 -0.98103982210159302 0
vn 0.70710676908493042 -0.70710676908493042 0
vn 0.55765765905380249 -0.83007103204727173 0
vn 0.55765765905380249 -0.83007103204727173 0
vn 0.98127239942550659 -0.19262534379959106 0
vn 0.92434400320053101 -0.38156014680862427 0
vn 0.98127239942550659 -0.19262534379959106 0
vn 0.98127239942550659 -0.19262534379959106 0
vn 0.92434400320053101 -0.38156014680862427 0
vn 0.98127239942550659 -0.19262534379959106 0
vn 0.55765765905380249 -0.83007103204727173 0
vn 0.70710676908493042 -0.70710676908493042 0
vn 0.38380616903305054 -0.92341369390487671 0
vn 0.55765765905380249 -0.83007103204727173 0
vn 0.19380630552768707 -0.98103982210159302 0
vn 0.19380630552768707 -0.98103982210159302 0
vn -1 0 0
vn -1 0 0
vn -1 0 0
vn -1 0 0
vn 0 1 0
vn 0 1 0
vn 0 1 0
vn 0 1 0
vn 1 0 0
vn 1 0 0
vn 1 0 0
vn 1 0 0
vn 0 -1 0
vn 0 -1 0
vn 0 -1 0
vn 0 -1 0
vn 1 0 0
vn 1 0 0
vn 1 0 0
vn 1 0 0
vn 0 -1 0
vn 0 -1 0
vn 0 -1 0
vn 0 -1 0
vn -1 0 0
vn -1 0 0
vn -1 0 0
vn -1 0 0
vn 0 1 0
vn 0 1 0
vn 0 1 0
vn 0 1 0
vn 1 0 0
vn 1 0 0
vn 1 0 0
vn 1 0 0
vn 0 -1 0
vn 0 -1 0
vn 0 -1 0
vn 0 -1 0
vn -1 0 0
vn -1 0 0
vn -1 0 0
vn -1 0 0
vn 0 1 0
vn 0 1 0
vn 0 1 0
vn 0 1 0
vn 0 -1 0
vn 0 -1 0
vn 0 -1 0
vn 0 -1 0
vn -1 0 0
vn -1 0 0
vn -1 0 0
vn -1 0 0
vn 0 1 0
vn 0 1 0
vn 0 1 0
vn 0 1 0
vn 1 0 0
vn 1 0 0
vn 1 0 0
vn 1 0 0
vn 1 0 0
vn 1 0 0
vn 1 0 0
vn 1 0 0
vn 0 -1 0
vn 0 -1 0
vn 0 -1 0
vn 0 -1 0
vn -1 0 0
vn -1 0 0
vn -1 0 0
vn -1 0 0
vn 0 1 0
vn 0 1 0
vn 0 1 0
vn 0 1 0
vn 0 -1 0
vn 0 -1 0
vn 0 -1 0
vn 0 -1 0
vn -1 0 0
vn -1 0 0
vn -1 0 0
vn -1 0 0
vn 0 1 0
vn 0 1 0
vn 0 1 0
vn 0 1 0
vn 1 0 0
vn 1 0 0
vn 1 0 0
vn 1 0 0
vn -1 0 0
vn -1 0 0
vn -1 0 0
vn -1 0 0
vn 0 1 0
vn 0 1 0
vn 0 1 0
vn 0 1 0
vn 1 0 0
vn 1 0 0
vn 1 0 0
vn 1 0 0
vn 0 -1 0
vn 0 -1 0
vn 0 -1 0
vn 0 -1 0
vn 1 0 0
vn 1 0 0
vn 1 0 0
vn 1 0 0
vn 0 -1 0
vn 0 -1 0
vn 0 -1 0
vn 0 -1 0
vn -1 0 0
vn -1 0 0
vn -1 0 0
vn -1 0 0
vn 0 1 0
vn 0 1 0
vn 0 1 0
vn 0 1 0
vn 0 -1 0
vn 0 -1 0
vn 0 -1 0
vn 0 -1 0
vn -1 0 0
vn -1 0 0
vn -1 0 0
vn -1 0 0
vn 0 1 0
vn 0 1 0
vn 0 1 0
vn 0 1 0
vn 1 0 0
vn 1 0 0
vn 1 0 0
vn 1 0 0
vn 0 -1 0
vn 0 -1 0
vn 0 -1 0
vn 0 -1 0
vn -1 0 0
vn -1 0 0
vn -1 0 0
vn -1 0 0
vn 0 1 0
vn 0 1 0
vn 0 1 0
vn 0 1 0
vn 1 0 0
vn 1 0 0
vn 1 0 0
vn 1 0 0
vn -1 0 0
vn -1 0 0
vn -1 0 0
vn -1 0 0
vn 0 1 0
vn 0 1 0
vn 0 1 0
vn 0 1 0
vn 1 0 0
vn 1 0 0
vn 1 0 0
vn 1 0 0
vn 0 -1 0
vn 0 -1 0
vn 0 -1 0
vn 0 -1 0
vn -1 0 0
vn -1 0 0
vn -1 0 0
vn -1 0 0
vn 0 1 0
vn 0 1 0
vn 0 1 0
vn 0 1 0
vn 1 0 0
vn 1 0 0
vn 1 0 0
vn 1 0 0
vn 0 -1 0
vn 0 -1 0
vn 0 -1 0
vn 0 -1 0
vn 0 1 0
vn 0 1 0
vn 0 1 0
vn 0 1 0
vn 1 0 0
vn 1 0 0
vn 1 0 0
vn 1 0 0
vn 0 -1 0
vn 0 -1 0
vn 0 -1 0
vn 0 -1 0
vn -1 0 0
vn -1 0 0
vn -1 0 0
vn -1 0 0
vn -1 0 0
vn -1 0 0
vn -1 0 0
vn -1 0 0
vn 0 1 0
vn 0 1 0
vn 0 1 0
vn 0 1 0
vn 1 0 0
vn 1 0 0
vn 1 0 0
vn 1 0 0
vn 0 -1 0
vn 0 -1 0
vn 0 -1 0
vn 0 -1 0
vn -1 0 0
vn -1 0 0
vn -1 0 0
vn -1 0 0
vn 0 1 0
vn 0 1 0
vn 0 1 0
vn 0 1 0
vn 1 0 0
vn 1 0 0
vn 1 0 0
vn 1 0 0
vn 0 -1 0
vn 0 -1 0
vn 0 -1 0
vn 0 -1 0
vn 0 1 0
vn 0 1 0
vn 0 1 0
vn 0 1 0
vn 1 0 0
vn 1 0 0
vn 1 0 0
vn 1 0 0
vn 0 -1 0
vn 0 -1 0
vn 0 -1 0
vn 0 -1 0
vn -1 0 0
vn -1 0 0
vn -1 0 0
vn -1 0 0
vn 1 0 0
vn 1 0 0
vn 1 0 0
vn 1 0 0
vn 0 -1 0
vn 0 -1 0
vn 0 -1 0
vn 0 -1 0
vn -1 0 0
vn -1 0 0
vn -1 0 0
vn -1 0 0
vn 0 1 0
vn 0 1 0
vn 0 1 0
vn 0 1 0
vn 0 1 0
vn 0 1 0
vn 0 1 0
vn 0 1 0
vn 1 0 0
vn 1 0 0
vn 1 0 0
vn 1 0 0
vn 0 -1 0
vn 0 -1 0
vn 0 -1 0
vn 0 -1 0
vn -1 0 0
vn -1 0 0
vn -1 0 0
vn -1 0 0
vn -1 0 0
vn -1 0 0
vn -1 0 0
vn -1 0 0
vn 0 1 0
vn 0 1 0
vn 0 1 0
vn 0 1 0
vn 1 0 0
vn 1 0 0
vn 1 0 0
vn 1 0 0
vn 0 -1 0
vn 0 -1 0
vn 0 -1 0
vn 0 -1 0
vn 0 -1 0
vn 0 -1 0
vn 0 -1 0
vn 0 -1 0
vn -1 0 0
vn -1 0 0
vn -1 0 0
vn -1 0 0
vn 0 1 0
vn 0 1 0
vn 0 1 0
vn 0 1 0
vn 1 0 0
vn 1 0 0
vn 1 0 0
vn 1 0 0
vn 0 -1 0
vn 0 -1 0
vn 0 -1 0
vn 0 -1 0
vn -1 0 0
vn -1 0 0
vn -1 0 0
vn -1 0 0
vn 0 1 0
vn 0 1 0
vn 0 1 0
vn 0 1 0
vn 1 0 0
vn 1 0 0
vn 1 0 0
vn 1 0 0
vn 0 -1 0
vn 0 -1 0
vn 0 -1 0
vn 0 -1 0
vn -1 0 0
vn -1 0 0
vn -1 0 0
vn -1 0 0
vn 0 1 0
vn 0 1 0
vn 0 1 0
vn 0 1 0
vn 1 0 0
vn 1 0 0
vn 1 0 0
vn 1 0 0
vn 1 0 0
vn 1 0 0
vn 1 0 0
vn 1 0 0
vn 0 -1 0
vn 0 -1 0
vn 0 -1 0
vn 0 -1 0
vn -1 0 0
vn -1 0 0
vn -1 0 0
vn -1 0 0
vn 0 1 0
vn 0 1 0
vn 0 1 0
vn 0 1 0
vn 1 0 0
vn 1 0 0
vn 1 0 0
vn 1 0 0
vn 0 -1 0
vn 0 -1 0
vn 0 -1 0
vn 0 -1 0
vn -1 0 0
vn -1 0 0
vn -1 0 0
vn -1 0 0
vn 0 1 0
vn 0 1 0
vn 0 1 0
vn 0 1 0
vn 1 0 0
vn 1 0 0
vn 1 0 0
vn 1 0 0
vn 0 -1 0
vn 0 -1 0
vn 0 -1 0
vn 0 -1 0
vn -1 0 0
vn -1 0 0
vn -1 0 0
vn -1 0 0
vn 0 1 0
vn 0 1 0
vn 0 1 0
vn 0 1 0
vn 1 0 0
vn 1 0 0
vn 1 0 0
vn 1 0 0
vn 0 -1 0
vn 0 -1 0
vn 0 -1 0
vn 0 -1 0
vn -1 0 0
vn -1 0 0
vn -1 0 0
vn -1 0 0
vn 0 1 0
vn 0 1 0
vn 0 1 0
vn 0 1 0
vn 1 0 0
vn 1 0 0
vn 1 0 0
vn 1 0 0
vn 0 -1 0
vn 0 -1 0
vn 0 -1 0
vn 0 -1 0
vn -1 0 0
vn -1 0 0
vn -1 0 0
vn -1 0 0
vn 0 1 0
vn 0 1 0
vn 0 1 0
vn 0 1 0
vn 1 0 0
vn 1 0 0
vn 1 0 0
vn 1 0 0
vn 0 -1 0
vn 0 -1 0
vn 0 -1 0
vn 0 -1 0
vn -1 0 0
vn -1 0 0
vn -1 0 0
vn -1 0 0
vn 0 1 0
vn 0 1 0
vn 0 1 0
vn 0 1 0
vn 1 0 0
vn 1 0 0
vn 1 0 0
vn 1 0 0
vn 0 -1 0
vn 0 -1 0
vn 0 -1 0
vn 0 -1 0
vn -1 0 0
vn -1 0 0
vn -1 0 0
vn -1 0 0
vn 0 1 0
vn 0 1 0
vn 0 1 0
vn 0 1 0
vn 1 0 0
vn 1 0 0
vn 1 0 0
vn 1 0 0
vn 0 -1 0
vn 0 -1 0
vn 0 -1 0
vn 0 -1 0
vn -1 0 0
vn -1 0 0
vn -1 0 0
vn -1 0 0
vn 0 1 0
vn 0 1 0
vn 0 1 0
vn 0 1 0
vn 0 -1 0
vn 0 -1 0
vn 0 -1 0
vn 0 -1 0
vn -1 0 0
vn -1 0 0
vn -1 0 0
vn -1 0 0
vn 0 1 0
vn 0 1 0
vn 0 1 0
vn 0 1 0
vn 1 0 0
vn 1 0 0
vn 1 0 0
vn 1 0 0
vn 1 0 0
vn 1 0 0
vn 1 0 0
vn 1 0 0
vn 0 -1 0
vn 0 -1 0
vn 0 -1 0
vn 0 -1 0
vn -1 0 0
vn -1 0 0
vn -1 0 0
vn -1 0 0
vn 0 1 0
vn 0 1 0
vn 0 1 0
vn 0 1 0
vn 1 0 0
vn 1 0 0
vn 1 0 0
vn 1 0 0
vn 0 -1 0
vn 0 -1 0
vn 0 -1 0
vn 0 -1 0
vn -1 0 0
vn -1 0 0
vn -1 0 0
vn -1 0 0
vn 0 1 0
vn 0 1 0
vn 0 1 0
vn 0 1 0
vn -1 0 0
vn -1 0 0
vn -1 0 0
vn -1 0 0
vn 0 1 0
vn 0 1 0
vn 0 1 0
vn 0 1 0
vn 1 0 0
vn 1 0 0
vn 1 0 0
vn 1 0 0
vn 0 -1 0
vn 0 -1 0
vn 0 -1 0
vn 0 -1 0
vn 0 -1 0
vn 0 -1 0
vn 0 -1 0
vn 0 -1 0
vn -1 0 0
vn -1 0 0
vn -1 0 0
vn -1 0 0
vn 0 1 0
vn 0 1 0
vn 0 1 0
vn 0 1 0
vn 1 0 0
vn 1 0 0
vn 1 0 0
vn 1 0 0
vn 0 -1 0
vn 0 -1 0
vn 0 -1 0
vn 0 -1 0
vn -1 0 0
vn -1 0 0
vn -1 0 0
vn -1 0 0
vn 0 1 0
vn 0 1 0
vn 0 1 0
vn 0 1 0
vn 1 0 0
vn 1 0 0
vn 1 0 0
vn 1 0 0
vn 1 0 0
vn 1 0 0
vn 1 0 0
vn 1 0 0
vn 0 -1 0
vn 0 -1 0
vn 0 -1 0
vn 0 -1 0
vn -1 0 0
vn -1 0 0
vn -1 0 0
vn -1 0 0
vn 0 1 0
vn 0 1 0
vn 0 1 0
vn 0 1 0
vn 1 0 0
vn 1 0 0
vn 1 0 0
vn 1 0 0
vn 0 -1 0
vn 0 -1 0
vn 0 -1 0
vn 0 -1 0
vn -1 0 0
vn -1 0 0
vn -1 0 0
vn -1 0 0
vn 0 1 0
vn 0 1 0
vn 0 1 0
vn 0 1 0
vn 1 0 0
vn 1 0 0
vn 1 0 0
vn 1 0 0
vn 0 -1 0
vn 0 -1 0
vn 0 -1 0
vn 0 -1 0
vn -1 0 0
vn -1 0 0
vn -1 0 0
vn -1 0 0
vn 0 1 0
vn 0 1 0
vn 0 1 0
vn 0 1 0
vn 1 0 0
vn 1 0 0
vn 1 0 0
vn 1 0 0
vn 0 -1 0
vn 0 -1 0
vn 0 -1 0
vn 0 -1 0
vn -1 0 0
vn -1 0 0
vn -1 0 0
vn -1 0 0
vn 0 1 0
vn 0 1 0
vn 0 1 0
vn 0 1 0
vn 1 0 0
vn 1 0 0
vn 1 0 0
vn 1 0 0
vn 0 -1 0
vn 0 -1 0
vn 0 -1 0
vn 0 -1 0
vn -1 0 0
vn -1 0 0
vn -1 0 0
vn -1 0 0
vn 0 1 0
vn 0 1 0
vn 0 1 0
vn 0 1 0
vn 1 0 0
vn 1 0 0
vn 1 0 0
vn 1 0 0
vn 0 -1 0
vn 0 -1 0
vn 0 -1 0
vn 0 -1 0
vn -1 0 0
vn -1 0 0
vn -1 0 0
vn -1 0 0
vn 0 1 0
vn 0 1 0
vn 0 1 0
vn 0 1 0
vn 0 -1 0
vn 0 -1 0
vn 0 -1 0
vn 0 -1 0
vn -1 0 0
vn -1 0 0
vn -1 0 0
vn -1 0 0
vn 0 1 0
vn 0 1 0
vn 0 1 0
vn 0 1 0
vn 1 0 0
vn 1 0 0
vn 1 0 0
vn 1 0 0
vn 1 0 0
vn 1 0 0
vn 1 0 0
vn 1 0 0
vn 0 -1 0
vn 0 -1 0
vn 0 -1 0
vn 0 -1 0
vn -1 0 0
vn -1 0 0
vn -1 0 0
vn -1 0 0
vn 0 1 0
vn 0 1 0
vn 0 1 0
vn 0 1 0
vn 0 -1 0
vn 0 -1 0
vn 0 -1 0
vn 0 -1 0
vn -1 0 0
vn -1 0 0
vn -1 0 0
vn -1 0 0
vn 0 1 0
vn 0 1 0
vn 0 1 0
vn 0 1 0
vn 1 0 0
vn 1 0 0
vn 1 0 0
vn 1 0 0
vn 0 -1 0
vn 0 -1 0
vn 0 -1 0
vn 0 -1 0
vn -1 0 0
vn -1 0 0
vn -1 0 0
vn -1 0 0
vn 0 1 0
vn 0 1 0
vn 0 1 0
vn 0 1 0
vn 1 0 0
vn 1 0 0
vn 1 0 0
vn 1 0 0
vn 0 -1 0
vn 0 -1 0
vn 0 -1 0
vn 0 -1 0
vn -1 0 0
vn -1 0 0
vn -1 0 0
vn -1 0 0
vn 0 1 0
vn 0 1 0
vn 0 1 0
vn 0 1 0
vn 1 0 0
vn 1 0 0
vn 1 0 0
vn 1 0 0
vn 0 1 0
vn 0 1 0
vn 0 1 0
vn 0 1 0
vn 1 0 0
vn 1 0 0
vn 1 0 0
vn 1 0 0
vn 0 -1 0
vn 0 -1 0
vn 0 -1 0
vn 0 -1 0
vn -1 0 0
vn -1 0 0
vn -1 0 0
vn -1 0 0
vn 0 1 0
vn 0 1 0
vn 0 1 0
vn 0 1 0
vn 1 0 0
vn 1 0 0
vn 1 0 0
vn 1 0 0
vn 0 -1 0
vn 0 -1 0
vn 0 -1 0
vn 0 -1 0
vn -1 0 0
vn -1 0 0
vn -1 0 0
vn -1 0 0
vn -1 0 0
vn -1 0 0
vn -1 0 0
vn -1 0 0
vn 0 1 0
vn 0 1 0
vn 0 1 0
vn 0 1 0
vn 1 0 0
vn 1 0 0
vn 1 0 0
vn 1 0 0
vn 0 -1 0
vn 0 -1 0
vn 0 -1 0
vn 0 -1 0
vn -1 0 0
vn -1 0 0
vn -1 0 0
vn -1 0 0
vn 0 1 0
vn 0 1 0
vn 0 1 0
vn 0 1 0
vn 1 0 0
vn 1 0 0
vn 1 0 0
vn 1 0 0
vn 0 -1 0
vn 0 -1 0
vn 0 -1 0
vn 0 -1 0
vn 0 -1 0
vn 0 -1 0
vn 0 -1 0
vn 0 -1 0
vn -1 0 0
vn -1 0 0
vn -1 0 0
vn -1 0 0
vn 0 1 0
vn 0 1 0
vn 0 1 0
vn 0 1 0
vn 1 0 0
vn 1 0 0
vn 1 0 0
vn 1 0 0
vn 0 -1 0
vn 0 -1 0
vn 0 -1 0
vn 0 -1 0
vn -1 0 0
vn -1 0 0
vn -1 0 0
vn -1 0 0
vn 0 1 0
vn 0 1 0
vn 0 1 0
vn 0 1 0
vn 1 0 0
vn 1 0 0
vn 1 0 0
vn 1 0 0
vn 0 -1 0
vn 0 -1 0
vn 0 -1 0
vn 0 -1 0
vn -1 0 0
vn -1 0 0
vn -1 0 0
vn -1 0 0
vn 0 1 0
vn 0 1 0
vn 0 1 0
vn 0 1 0
vn 1 0 0
vn 1 0 0
vn 1 0 0
vn 1 0 0
vn 0 1 0
vn 0 1 0
vn 0 1 0
vn 0 1 0
vn 1 0 0
vn 1 0 0
vn 1 0 0
vn 1 0 0
vn 0 -1 0
vn 0 -1 0
vn 0 -1 0
vn 0 -1 0
vn -1 0 0
vn -1 0 0
vn -1 0 0
vn -1 0 0
vn 0 -1 0
vn 0 -1 0
vn 0 -1 0
vn 0 -1 0
vn -1 0 0
vn -1 0 0
vn -1 0 0
vn -1 0 0
vn 0 1 0
vn 0 1 0
vn 0 1 0
vn 0 1 0
vn 1 0 0
vn 1 0 0
vn 1 0 0
vn 1 0 0
vn 0 -1 0
vn 0 -1 0
vn 0 -1 0
vn 0 -1 0
vn -1 0 0
vn -1 0 0
vn -1 0 0
vn -1 0 0
vn 0 1 0
vn 0 1 0
vn 0 1 0
vn 0 1 0
vn 1 0 0
vn 1 0 0
vn 1 0 0
vn 1 0 0
vn 1 0 0
vn 1 0 0
vn 1 0 0
vn 1 0 0
vn 0 -1 0
vn 0 -1 0
vn 0 -1 0
vn 0 -1 0
vn -1 0 0
vn -1 0 0
vn -1 0 0
vn -1 0 0
vn 0 1 0
vn 0 1 0
vn 0 1 0
vn 0 1 0
vn 1 0 0
vn 1 0 0
vn 1 0 0
vn 1 0 0
vn 0 -1 0
vn 0 -1 0
vn 0 -1 0
vn 0 -1 0
vn -1 0 0
vn -1 0 0
vn -1 0 0
vn -1 0 0
vn 0 1 0
vn 0 1 0
vn 0 1 0
vn 0 1 0
vn 1 0 0
vn 1 0 0
vn 1 0 0
vn 1 0 0
vn 0 -1 0
vn 0 -1 0
vn 0 -1 0
vn 0 -1 0
vn -1 0 0
vn -1 0 0
vn -1 0 0
vn -1 0 0
vn 0 1 0
vn 0 1 0
vn 0 1 0
vn 0 1 0
vn 1 0 0
vn 1 0 0
vn 1 0 0
vn 1 0 0
vn 0 -1 0
vn 0 -1 0
vn 0 -1 0
vn 0 -1 0
vn -1 0 0
vn -1 0 0
vn -1 0 0
vn -1 0 0
vn 0 1 0
vn 0 1 0
vn 0 1 0
vn 0 1 0
vn 1 0 0
vn 1 0 0
vn 1 0 0
vn 1 0 0
vn 0 -1 0
vn 0 -1 0
vn 0 -1 0
vn 0 -1 0
vn -1 0 0
vn -1 0 0
vn -1 0 0
vn -1 0 0
vn 0 1 0
vn 0 1 0
vn 0 1 0
vn 0 1 0
vn 1 0 0
vn 1 0 0
vn 1 0 0
vn 1 0 0
vn 0 -1 0
vn 0 -1 0
vn 0 -1 0
vn 0 -1 0
vn -1 0 0
vn -1 0 0
vn -1 0 0
vn -1 0 0
vn 0 1 0
vn 0 1 0
vn 0 1 0
vn 0 1 0
vn 1 0 0
vn 1 0 0
vn 1 0 0
vn 1 0 0
vn 0 -1 0
vn 0 -1 0
vn 0 -1 0
vn 0 -1 0
vn -1 0 0
vn -1 0 0
vn -1 0 0
vn -1 0 0
vn 0 1 0
vn 0 1 0
vn 0 1 0
vn 0 1 0
vn 0 -1 0
vn 0 -1 0
vn 0 -1 0
vn 0 -1 0
vn -1 0 0
vn -1 0 0
vn -1 0 0
vn -1 0 0
vn 0 1 0
vn 0 1 0
vn 0 1 0
vn 0 1 0
vn 1 0 0
vn 1 0 0
vn 1 0 0
vn 1 0 0
vn 1 0 0
vn 1 0 0
vn 1 0 0
vn 1 0 0
vn 0 -1 0
vn 0 -1 0
vn 0 -1 0
vn 0 -1 0
vn -1 0 0
vn -1 0 0
vn -1 0 0
vn -1 0 0
vn 0 1 0
vn 0 1 0
vn 0 1 0
vn 0 1 0
vn 0 -1 0
vn 0 -1 0
vn 0 -1 0
vn 0 -1 0
vn -1 0 0
vn -1 0 0
vn -1 0 0
vn -1 0 0
vn 0 1 0
vn 0 1 0
vn 0 1 0
vn 0 1 0
vn 1 0 0
vn 1 0 0
vn 1 0 0
vn 1 0 0
vn 0 1 0
vn 0 1 0
vn 0 1 0
vn 0 1 0
vn 1 0 0
vn 1 0 0
vn 1 0 0
vn 1 0 0
vn 0 -1 0
vn 0 -1 0
vn 0 -1 0
vn 0 -1 0
vn -1 0 0
vn -1 0 0
vn -1 0 0
vn -1 0 0
vn 1 0 0
vn 1 0 0
vn 1 0 0
vn 1 0 0
vn 0 -1 0
vn 0 -1 0
vn 0 -1 0
vn 0 -1 0
vn -1 0 0
vn -1 0 0
vn -1 0 0
vn -1 0 0
vn 0 1 0
vn 0 1 0
vn 0 1 0
vn 0 1 0
vn -1 0 0
vn -1 0 0
vn -1 0 0
vn -1 0 0
vn -1 0 0
vn -1 0 0
vn -1 0 0
vn -1 0 0
vn -1 0 0
vn -1 0 0
vn -1 0 0
vn -1 0 0
vn 1 0 0
vn 1 0 0
vn 1 0 0
vn 1 0 0
vn 0 1 0
vn 0 1 0
vn 0 1 0
vn 0 1 0
vn -1 0 0
vn -1 0 0
vn -1 0 0
vn -1 0 0
vn 0 -1 0
vn 0 -1 0
vn 0 -1 0
vn 0 -1 0
vn 0 -1 0
vn 0 -1 0
vn 0 0 -1
vn 0 0 -1
vn 0 0 -1
vn 0 0 -1
vn 0 0 -1
vn 0 0 -1
vn 0 0 -1
vn 0 0 -1
vn 0 0 -1
vn 0 0 -1
vn 0 0 -1
vn 0 0 -1
vn 0 0 -1
vn 0 0 -1
vn 0 0 -1
vn 0 0 -1
vn 0 0 -1
vn 0 0 -1
vn 0 0 -1
vn 0 0 -1
vn 0 0 -1
vn 0 0 -1
vn 0 0 -1
vn 0 0 -1
vn 0 0 -1
vn 0 0 -1
vn 0 0 -1
vn 0 0 -1
vn 0 0 -1
vn 0 0 -1
vn 0 0 -1
vn 0 0 -1
vn 0 0 -1
vn 0 0 -1
vn 0 0 -1
vn 0 0 -1
vn 0 0 -1
vn 0 0 -1
vn 0 0 -1
vn 0 0 -1
vn 0 0 -1
vn 0 0 -1
vn 0 0 -1
vn 0 0 -1
vn 0 0 -1
vn 0 0 -1
vn 0 0 -1
vn 0 0 -1
vn 0 0 -1
vn 0 0 -1
vn 0 0 -1
vn 0 0 -1
vn 0 0 -1
vn 0 0 -1
vn 0 0 -1
vn 0 0 -1
vn 0 0 -1
vn 0 0 -1
vn 0 0 -1
vn 0 0 -1
vn 0 0 -1
vn 0 0 -1
vn 0 0 -1
vn 0 0 -1
vn 0 0 -1
vn 0 0 -1
vn 0 0 -1
vn 0 0 -1
vn 0 0 -1
vn 0 0 -1
vn 0 0 -1
vn 0 0 -1
vn 0 0 -1
vn 0 0 -1
vn 0 0 -1
vn 0 0 -1
vn 0 0 -1
vn 0 0 -1
vn 0 0 -1
vn 0 0 -1
vn 0 0 -1
vn 0 0 -1
vn 0 0 -1
vn 0 0 -1
vn 0 0 -1
vn 0 0 -1
vn 0 0 -1
vn 0 0 -1
vn 0 0 -1
vn 0 0 -1
vn 0 0 -1
vn 0 0 -1
vn 0 0 -1
vn 0 0 -1
vn 0 0 -1
vn 0 0 -1
vn 0 0 -1
vn 0 0 -1
vn 0 0 -1
vn 0 0 -1
vn 0 0 -1
vn 0 0 -1
vn 0 0 -1
vn 0 0 -1
vn 0 0 -1
vn 0 0 -1
vn 0 0 -1
vn 0 0 -1
vn 0 0 -1
vn 0 0 -1
vn 0 0 -1
vn 0 0 -1
vn 0 0 -1
vn 0 0 -1
vn 0 0 -1
vn 0 0 -1
vn 0 0 -1
vn 0 0 -1
vn 0 0 -1
vn 0 0 -1
vn 0 0 -1
vn 0 0 -1
vn 0 0 -1
vn 0 0 -1
vn 0 0 -1
vn 0 0 -1
vn 0 0 -1
vn 0 0 -1
vn 0 0 -1
vn 0 0 -1
vn 0 0 -1
vn 0 0 -1
vn 0 0 -1
vn 0 0 -1
vn 0 0 -1
vn 0 0 -1
vn 0 0 -1
vn 0 0 -1
vn 0 0 -1
vn 0 0 -1
vn 0 0 -1
vn 0 0 -1
vn 0 0 -1
vn 0 0 -1
vn 0 0 -1
vn 0 0 -1
vn 0 0 -1
vn 0 0 -1
vn 0 0 -1
vn 0 0 -1
vn 0 0 -1
vn 0 0 -1
vn 0 0 -1
vn 0 0 -1
vn 0 0 -1
vn 0 0 -1
vn 0 0 -1
vn 0 0 -1
vn 0 0 -1
vn 0 0 -1
vn 0 0 -1
vn 0 0 -1
vn 0 0 -1
vn 0 0 -1
vn 0 0 -1
vn 0 0 -1
vn 0 0 -1
vn 0 0 -1
vn 0 0 -1
vn 0 0 -1
vn 0 0 -1
vn 0 0 -1
vn 0 0 -1
vn 0 0 -1
vn 0 0 -1
vn 0 0 -1
vn 0 0 -1
vn 0 0 -1
vn 0 0 -1
vn 0 0 -1
vn 0 0 -1
vn 0 0 -1
vn 0 0 -1
vn 0 0 -1
vn 0 0 -1
vn 0 0 -1
vn 0 0 -1
vn 0 0 -1
vn 0 0 -1
vn 0 0 -1
vn 0 0 -1
vn 0 0 -1
vn 0 0 -1
vn 0 0 -1
vn 0 0 -1
vn 0 0 -1
vn 0 0 -1
vn 0 0 -1
vn 0 0 -1
vn 0 0 -1
vn 0 0 -1
vn 0 0 -1
vn 0 0 -1
vn 0 0 -1
vn 0 0 -1
vn 0 0 -1
vn 0 0 -1
vn 0 0 -1
vn 0 0 -1
vn 0 0 -1
vn 0 0 -1
vn 0 0 -1
vn 0 0 -1
vn 0 0 -1
vn 0 0 -1
vn 0 0 -1
vn 0 0 -1
vn 0 0 -1
vn 0 0 -1
vn 0 0 -1
vn 0 0 -1
vn 0 0 -1
vn 0 0 -1
vn 0 0 -1
vn 0 0 -1
vn 0 0 -1
vn 0 0 -1
vn 0 0 -1
vn 0 0 -1
vn 0 0 -1
vn 0 0 -1
vn 0 0 -1
vn 0 0 -1
vn 0 0 -1
vn 0 0 -1
vn 0 0 -1
vn 0 0 -1
vn 0 0 -1
vn 0 0 -1
vn 0 0 -1
vn 0 0 -1
vn 0 0 -1
vn 0 0 -1
vn 0 0 -1
vn 0 0 -1
vn 0 0 -1
vn 0 0 -1
vn 0 0 -1
vn 0 0 -1
vn 0 0 -1
vn 0 0 -1
vn 0 0 -1
vn 0 0 -1
vn 0 0 -1
vn 0 0 -1
vn 0 0 -1
vn 0 0 -1
vn 0 0 -1
vn 0 0 -1
vn 0 0 -1
vn 0 0 -1
vn 0 0 -1
vn 0 0 -1
vn 0 0 -1
vn 0 0 -1
vn 0 0 -1
vn 0 0 -1
vn 0 0 -1
vn 0 0 -1
vn 0 0 -1
vn 0 0 -1
vn 0 0 -1
vn 0 0 -1
vn 0 0 -1
vn 0 0 -1
vn 0 0 -1
vn 0 0 -1
vn 0 0 -1
vn 0 0 -1
vn 0 0 -1
vn 0 0 -1
vn 0 0 -1
vn 0 0 -1
vn 0 0 -1
vn 0 0 -1
vn 0 0 -1
vn 0 0 -1
vn 0 1 0
vn 0 1 0
vn 0 1 0
vn 0 1 0
vn 1 0 0
vn 1 0 0
vn 1 0 0
vn 1 0 0
vn -1 0 0
vn -1 0 0
vn -1 0 0
vn -1 0 0
vn 1 0 0
vn 1 0 0
vn 1 0 0
vn 1 0 0
vn -1 0 0
vn -1 0 0
vn -1 0 0
vn -1 0 0
vn -1 0 0
vn -1 0 0
vn -1 0 0
vn -1 0 0
vn 1 0 0
vn 1 0 0
vn 1 0 0
vn 1 0 0
vn -1 0 0
vn -1 0 0
vn -1 0 0
vn -1 0 0
vn 1 0 0
vn 1 0 0
vn 1 0 0
vn 1 0 0
vn 0 0 1
vn 0 0 1
vn 0 0 1
vn 0 0 1
vn 0 0 1
vn 0 0 1
vn 0 0 1
vn 0 0 1
vn 0 0 1
vn 0 0 1
vn 0 0 1
vn 0 0 1
vn 0 0 1
vn 0 0 1
vn 0 0 1
vn 0 0 1
vn 0 0 1
vn 0 0 1
vn 0 0 1
vn 0 0 1
vn 0 0 1
vn 0 0 1
vn 0 0 1
vn 0 0 1
vn 0 0 1
vn 0 0 1
vn 0 0 1
vn 0 0 1
vn 0 0 1
vn 0 0 1
vn 0 0 1
vn 0 0 1
vn 0 0 1
vn 0 0 1
vn 0 0 1
vn 0 0 1
vn 0 0 1
vn 0 0 1
vn 0 0 1
vn 0 0 1
vn 0 0 1
vn 0 0 1
vn 0 0 1
vn 0 0 1
vn 0 0 1
vn 0 0 1
vn 0 0 1
vn 0 0 1
vn 0 0 1
vn 0 0 1
vn 0 0 1
vn 0 0 1
vn 0 0 1
vn 0 0 1
vn 0 0 1
vn 0 0 1
vn 0 0 1
vn 0 0 1
vn 0 0 1
vn 0 0 1
vn 0 0 1
vn 0 0 1
vn 0 0 1
vn 0 0 1
vn 0 0 1
vn 0 0 1
vn 0 0 1
vn 0 0 1
vn 0 0 1
vn 0 0 1
vn 0 0 1
vn 0 0 1
vn 0 0 1
vn 0 0 1
vn 0 0 1
vn 0 0 1
vn 0 0 1
vn 0 0 1
vn 0 0 1
vn 0 0 1
vn 0 0 1
vn 0 0 1
vn 0 0 1
vn 0 0 1
vn 0 0 1
vn 0 0 1
vn 0 0 1
vn 0 0 1
vn 0 0 1
vn 0 0 1
vn 0 0 1
vn 0 0 1
vn 0 0 1
vn 0 0 1
vn 0 0 1
vn 0 0 1
vn 0 0 1
vn 0 0 1
vn 0 0 1
vn 0 0 1
vn 0 0 1
vn 0 0 1
vn 0 0 1
vn 0 0 1
vn 0 0 1
vn 0 0 1
vn 0 0 1
vn 0 0 1
vn 0 0 1
vn 0 0 1
vn 0 0 1
vn 0 0 1
vn 0 0 1
vn 0 0 1
vn 0 0 1
vn 0 0 1
vn 0 0 1
vn 0 0 1
vn 0 0 1
vn 0 0 1
vn 0 0 1
vn 0 0 1
vn 0 0 1
vn 0 0 1
vn 0 0 1
vn 0 0 1
vn 0 0 1
vn 0 0 1
vn 0 0 1
vn 0 0 1
vn 0 0 1
vn 0 0 1
vn 0 0 1
vn 0 0 1
vn 0 0 1
vn 0 0 1
vn 0 0 1
vn 0 0 1
vn 0 0 1
vn 0 0 1
vn 0 0 1
vn 0 0 1
vn 0 0 1
vn 0 0 1
vn 0 0 1
vn 0 0 1
vn 0 0 1
vn 0 0 1
vn 0 0 1
vn 0 0 1
vn 0 0 1
vn 0 0 1
vn 0 0 1
vn 0 0 1
vn 0 0 1
vn 0 0 1
vn 0 0 1
vn 0 0 1
vn 0 0 1
vn 0 0 1
vn 0 0 1
vn 0 0 1
vn 0 0 1
vn 0 0 1
vn 0 0 1
vn 0 0 1
vn 0 0 1
vn 0 0 1
vn 0 0 1
vn 0 0 1
vn 0 0 1
vn 0 0 1
vn 0 0 -1
vn 0 0 -1
vn 0 0 -1
vn 0 0 -1
vn 0 0 -1
vn 0 0 -1
vn 0 0 -1
vn 0 0 -1
vn 0 0 -1
vn 0 0 -1
vn 0 0 -1
vn 0 0 -1
vn 0 0 -1
vn 0 0 -1
vn 0 0 -1
vn 0 0 -1
vn 0 0 -1
vn 0 0 -1
vn 0 0 -1
vn 0 0 -1
vn 0 0 -1
vn 0 0 -1
vn 0 0 -1
vn 0 0 -1
vn 0 0 -1
vn 0 0 -1
vn 0 0 -1
vn 0 0 -1
vn 0 0 -1
vn 0 0 -1
vn 0 0 -1
vn 0 0 -1
vn 0 0 -1
vn 0 0 -1
vn 0 0 -1
vn 0 0 -1
vn 0 0 -1
vn 0 0 -1
vn 0 0 -1
vn 0 0 -1
vn 0 0 -1
vn 0 0 -1
vn 0 0 -1
vn 0 0 -1
vn 0 0 -1
vn 0 0 -1
vn 0 0 -1
vn 0 0 -1
vn 0 0 -1
vn 0 0 -1
vn 0 0 -1
vn 0 0 -1
vn 0 0 -1
vn 0 0 -1
vn 0 0 -1
vn 0 0 -1
vn 0 0 -1
vn 0 0 -1
vn 0 0 -1
vn 0 0 -1
vn 0 0 -1
vn 0 0 -1
vn 0 0 -1
vn 0 0 -1
vn 0 0 -1
vn 0 0 -1
vn 0 0 -1
vn 0 0 -1
vn 0 0 -1
vn 0 0 -1
vn 0 0 -1
vn 0 0 -1
vn 0 0 -1
vn 0 0 -1
vn 0 0 -1
vn 0 0 -1
vn 0 0 -1
vn 0 0 -1
vn 0 0 -1
vn 0 0 -1
vn 0 0 -1
vn 0 0 -1
vn 0 0 -1
vn 0 0 -1
vn 0 0 -1
vn 0 0 -1
vn 0 0 -1
vn 0 0 -1
vn 0 0 -1
vn 0 0 -1
vn 0 0 -1
vn 0 0 -1
vn 0 0 -1
vn 0 0 -1
vn 0 0 -1
vn 0 0 -1
vn 0 0 -1
vn 0 0 -1
vn 0 0 -1
vn 0 0 -1
vn 0 0 -1
vn 0 0 -1
vn 0 0 -1
vn 0 0 -1
vn 0 0 -1
vn 0 0 -1
vn 0 0 -1
vn 0 0 -1
vn 0 0 -1
vn 0 0 -1
vn 0 0 -1
vn 0 0 -1
vn 0 0 -1
vn 0 0 -1
vn 0 0 -1
vn 0 0 -1
vn 0 0 -1
vn 0 0 -1
vn 0 0 -1
vn 0 0 -1
vn 0 0 -1
vn 0 0 -1
vn 0 0 -1
vn 0 0 -1
vn 0 0 -1
vn 0 0 -1
vn 0 0 -1
vn 0 0 -1
vn 0 0 -1
vn 0 0 -1
vn 0 0 -1
vn 0 0 -1
vn 0 0 -1
vn 0 0 -1
vn 0 0 -1
vn 0 0 -1
vn 0 0 -1
vn 0 0 -1
vn 0 0 -1
vn 0 0 -1
vn 0 0 -1
vn 0 0 -1
vn 0 0 -1
vn 0 0 -1
vn 0 0 -1
vn 0 0 -1
vn 0 0 -1
vn 0 0 -1
vn 0 0 -1
vn 0 0 -1
vn 0 0 -1
vn 0 0 -1
vn 0 0 -1
vn 0 0 -1
vn 0 0 -1
vn 0 0 -1
vn 0 0 -1
vn 0 0 -1
vn 0 0 -1
vn 0 0 -1
vn 0 0 -1
vn 0 0 -1
vn 0 0 -1
vn 0 0 -1
vn 0 0 -1
vn 0 0 -1
vn 0 0 -1
vn 0 0 -1
vn 0 0 -1
vn 0 0 -1
vn 0 0 -1
vn 0 0 -1
vn 0 0 -1
vn 0 0 -1
vn 0 0 -1
vn 0 0 -1
vn 0 0 -1
vn 0 0 -1
vn 0 0 1
vn 0 0 1
vn 0 0 1
vn 0 0 1
vn 0 0 1
vn 0 0 1
vn 0 0 1
vn 0 0 1
vn 0 0 1
vn 0 0 1
vn 0 0 1
vn 0 0 1
vn 0 0 1
vn 0 0 1
vn 0 0 1
vn 0 0 1
vn 0 0 1
vn 0 0 1
vn 0 0 1
vn 0 0 1
vn 0 0 1
vn 0 0 1
vn 0 0 1
vn 0 0 1
vn 0 0 1
vn 0 0 1
vn 0 0 1
vn 0 0 1
vn 0 0 1
vn 0 0 1
vn 0 0 1
vn 0 0 1
vn 0 0 1
vn 0 0 1
vn 0 0 1
vn 0 0 1
vn 0 0 1
vn 0 0 1
vn 0 0 1
vn 0 0 1
vn 0 0 1
vn 0 0 1
vn 0 0 1
vn 0 0 1
vn 0 0 1
vn 0 0 1
vn 0 0 1
vn 0 0 1
vn 0 0 1
vn 0 0 1
vn 0 0 1
vn 0 0 1
vn 0 0 1
vn 0 0 1
vn 0 0 1
vn 0 0 1
vn 0 0 1
vn 0 0 1
vn 0 0 1
vn 0 0 1
vn 0 0 1
vn 0 0 1
vn 0 0 1
vn 0 0 1
vn 0 0 1
vn 0 0 1
vn 0 0 1
vn 0 0 1
vn 0 0 1
vn 0 0 1
vn 0 0 1
vn 0 0 1
vn 0 0 1
vn 0 0 1
vn 0 0 1
vn 0 0 1
vn 0 0 1
vn 0 0 1
vn 0 0 1
vn 0 0 1
vn 0 0 1
vn 0 0 1
vn 0 0 1
vn 0 0 1
vn 0 0 1
vn 0 0 1
vn 0 0 1
vn 0 0 1
vn 0 0 1
vn 0 0 1
vn 0 0 1
vn 0 0 1
vn 0 0 1
vn 0 0 1
vn 0 0 1
vn 0 0 1
vn 0 0 1
vn 0 0 1
vn 0 0 1
vn 0 0 1
vn 0 0 1
vn 0 0 1
vn 0 0 1
vn 0 0 1
vn 0 0 1
vn 0 0 1
vn 0 0 1
vn 0 0 1
vn 0 0 1
vn 0 0 1
vn 0 0 1
vn 0 0 1
vn 0 0 1
vn 0 0 1
vn 0 0 1
vn 0 0 1
vn 0 0 1
vn 0 0 1
vn 0 0 1
vn 0 0 1
vn 0 0 1
vn 0 0 1
vn 0 0 1
vn 0 0 1
vn 0 0 1
vn 0 0 1
vn 0 0 1
vn 0 0 1
vn 0 0 1
vn 0 0 1
vn 0 0 1
vn 0 0 1
vn 0 0 1
vn 0 0 1
vn 0 0 1
vn 0 0 1
vn 0 0 1
vn 0 0 1
vn 0 0 1
vn 0 0 1
vn 0 0 1
vn 0 0 1
vn 0 0 1
vn 0 0 1
vn 0 0 1
vn 0 0 1
vn 0 0 1
vn 0 0 1
vn 0 0 1
vn 0 0 1
vn 0 0 1
vn 0 0 1
vn 0 0 1
vn 0 0 1
vn 0 0 1
vn 0 0 1
vn 0 0 1
vn 0 0 1
vn 0 0 1
vn 0 0 1
vn 0 0 1
vn 0 0 1
vn 0 0 1
vn 0 0 1
vn 0 0 1
vn 0 0 1
vn 0 0 1
vn 0 0 1
vn 0 0 1
vn 0 0 1
vn 0 0 1
vn 0 0 1
vn 0 0 1
vn 0 0 1
vn 0 0 1
vn 0 0 1
vn 0 0 1
vn 0 0 1
vn 0 0 1
vn 0 0 1
vn 0 0 1
vn 0 0 1
vn 0 0 1
vn 0 0 1
vn 0 0 1
vn 0 0 1
vn 0 0 1
vn 0 0 1
vn 0 0 1
vn 0 0 1
vn 0 0 1
vn 0 0 1
vn 0 0 1
vn 0 0 1
vn 0 0 1
vn 0 0 1
vn 0 0 1
vn 0 0 1
vn 0 0 1
vn 0 0 1
vn 0 0 1
vn 0 0 1
vn 0 0 1
vn 0 0 1
vn 0 0 1
vn 0 0 1
vn 0 0 1
vn 0 0 1
vn 0 0 1
vn 0 0 1
vn 0 0 1
vn 0 0 1
vn 0 0 1
vn 0 0 1
vn 0 0 1
vn 0 0 1
vn 0 0 1
vn 0 0 1
vn 0 0 1
vn 0 0 1
vn 0 0 1
vn 0 0 1
vn 0 0 1
vn 0 0 1
vn 0 0 1
vn 0 0 1
vn 0 0 1
vn 0 0 1
vn 0 0 1
vn 0 0 1
vn 0 0 1
vn 0 0 1
vn 0 0 1
vn 0 0 1
vn 0 0 1
vn 0 0 1
vn 0 0 1
vn 0 0 1
vn 0 0 1
vn 0 0 1
vn 0 0 1
vn 0 0 1
vn 0 0 1
vn 0 0 1
vn 0 0 1
vn 0 0 1
vn 0 0 1
vn 0 0 1
vn 0 0 1
vn 0 0 1
vn 0 0 1
vn 0 0 1
vn 0 0 1
vn 0 0 1
vn 0 0 1
vn 0 0 1
vn 0 0 1
vn 0 0 1
vn 0 0 1
vn 0 0 1
vn 0 0 1
vn 0 0 1
vn 0 0 1
vn 0 0 1
vn 0 0 1
vn 0 0 1
vn 0 0 1
vn 0 1 0
vn 0 1 0
vn 0 1 0
vn 0 1 0
vn 0 1 0
vn 0 1 0
vn 0 1 0
vn 0 1 0
vn 0 1 0
vn 0 1 0
vn 0 1 0
vn 0 1 0
vn 0.55765765905380249 -0.83007103204727173 0
vn 0.55765765905380249 -0.83007103204727173 0
vn 0.55765765905380249 -0.83007103204727173 0
vn 0.70710676908493042 -0.70710676908493042 0
vn 0.38380616903305054 -0.92341369390487671 0
vn 0.38380616903305054 -0.92341369390487671 0
vn 0.38380616903305054 -0.92341369390487671 0
vn 0.38380616903305054 -0.92341369390487671 0
vn 0.38380616903305054 -0.92341369390487671 0
vn 0.38380616903305054 -0.92341369390487671 0
vn 0.38380616903305054 -0.92341369390487671 0
vn 0.38380616903305054 -0.92341369390487671 0
vn 0.38380616903305054 -0.92341369390487671 0
vn 0.38380616903305054 -0.92341369390487671 0
vn 0.38380616903305054 -0.92341369390487671 0
vn 0.38380616903305054 -0.92341369390487671 0
vn 0.38380616903305054 -0.92341369390487671 0
vn 0.38380616903305054 -0.92341369390487671 0
vn 0.70710676908493042 -0.70710676908493042 0
vn 0.70710676908493042 -0.70710676908493042 0
vn 0.38380616903305054 -0.92341369390487671 0
vn 0.55765765905380249 -0.83007103204727173 0
vn 0.55765765905380249 -0.83007103204727173 0
vn 0.55765765905380249 -0.83007103204727173 0
vn 0.70710676908493042 -0.70710676908493042 0
vn 0.70710676908493042 -0.70710676908493042 0
vn 0.70710676908493042 -0.70710676908493042 0
vn 0.55765765905380249 -0.83007103204727173 0
vn 0.38380616903305054 -0.92341369390487671 0
vn 0.55765765905380249 -0.83007103204727173 0
vn 0.55765765905380249 -0.83007103204727173 0
vn 0.55765765905380249 -0.83007103204727173 0
vn 0.55765765905380249 -0.83007103204727173 0
vn 0.70710676908493042 -0.70710676908493042 0
vn 0.38380616903305054 -0.92341369390487671 0
vn 0.38380616903305054 -0.92341369390487671 0
vn 0.38380616903305054 -0.92341369390487671 0
vn 0.38380616903305054 -0.92341369390487671 0
vn 0.38380616903305054 -0.92341369390487671 0
vn 0.38380616903305054 -0.92341369390487671 0
vn 0.38380616903305054 -0.92341369390487671 0
vn 0.38380616903305054 -0.92341369390487671 0
vn 0.38380616903305054 -0.92341369390487671 0
vn 0.38380616903305054 -0.92341369390487671 0
vn 0.38380616903305054 -0.92341369390487671 0
vn 0.38380616903305054 -0.92341369390487671 0
vn 0.38380616903305054 -0.92341369390487671 0
vn 0.38380616903305054 -0.92341369390487671 0
vn 0.70710676908493042 -0.70710676908493042 0
vn 0.70710676908493042 -0.70710676908493042 0
vn 0.38380616903305054 -0.92341369390487671 0
vn 0.55765765905380249 -0.83007103204727173 0
vn 0.55765765905380249 -0.83007103204727173 0
vn 0.55765765905380249 -0.83007103204727173 0
vn 0.70710676908493042 -0.70710676908493042 0
vn 0.70710676908493042 -0.70710676908493042 0
vn 0.70710676908493042 -0.70710676908493042 0
vn 0.55765765905380249 -0.83007103204727173 0
vn 0.38380616903305054 -0.92341369390487671 0
vn 0.55765765905380249 -0.83007103204727173 0
vn 0.55765765905380249 -0.83007103204727173 0
vn 0.55765765905380249 -0.83007103204727173 0
vn 0.55765765905380249 -0.83007103204727173 0
vn 0.70710676908493042 -0.70710676908493042 0
vn 0.38380616903305054 -0.92341369390487671 0
vn 0.38380616903305054 -0.92341369390487671 0
vn 0.38380616903305054 -0.92341369390487671 0
vn 0.38380616903305054 -0.92341369390487671 0
vn 0.38380616903305054 -0.92341369390487671 0
vn 0.38380616903305054 -0.92341369390487671 0
vn 0.38380616903305054 -0.92341369390487671 0
vn 0.38380616903305054 -0.92341369390487671 0
vn 0.38380616903305054 -0.92341369390487671 0
vn 0.38380616903305054 -0.92341369390487671 0
vn 0.38380616903305054 -0.92341369390487671 0
vn 0.38380616903305054 -0.92341369390487671 0
vn 0.38380616903305054 -0.92341369390487671 0
vn 0.38380616903305054 -0.92341369390487671 0
vn 0.70710676908493042 -0.70710676908493042 0
vn 0.70710676908493042 -0.70710676908493042 0
vn 0.38380616903305054 -0.92341369390487671 0
vn 0.55765765905380249 -0.83007103204727173 0
vn 0.55765765905380249 -0.83007103204727173 0
vn 0.55765765905380249 -0.83007103204727173 0
vn 0.70710676908493042 -0.70710676908493042 0
vn 0.70710676908493042 -0.70710676908493042 0
vn 0.70710676908493042 -0.70710676908493042 0
vn 0.55765765905380249 -0.83007103204727173 0
vn 0.38380616903305054 -0.92341369390487671 0
vn 0.55765765905380249 -0.83007103204727173 0
vn 0.55765765905380249 -0.83007103204727173 0
vn 0.55765765905380249 -0.83007103204727173 0
vn 0.55765765905380249 -0.83007103204727173 0
vn 0.70710676908493042 -0.70710676908493042 0
vn 0.38380616903305054 -0.92341369390487671 0
vn 0.38380616903305054 -0.92341369390487671 0
vn 0.38380616903305054 -0.92341369390487671 0
vn 0.38380616903305054 -0.92341369390487671 0
vn 0.38380616903305054 -0.92341369390487671 0
vn 0.38380616903305054 -0.92341369390487671 0
vn 0.38380616903305054 -0.92341369390487671 0
vn 0.38380616903305054 -0.92341369390487671 0
vn 0.38380616903305054 -0.92341369390487671 0
vn 0.38380616903305054 -0.92341369390487671 0
vn 0.38380616903305054 -0.92341369390487671 0
vn 0.38380616903305054 -0.92341369390487671 0
vn 0.38380616903305054 -0.92341369390487671 0
vn 0.38380616903305054 -0.92341369390487671 0
vn 0.70710676908493042 -0.70710676908493042 0
vn 0.70710676908493042 -0.70710676908493042 0
vn 0.38380616903305054 -0.92341369390487671 0
vn 0.55765765905380249 -0.83007103204727173 0
vn 0.55765765905380249 -0.83007103204727173 0
vn 0.55765765905380249 -0.83007103204727173 0
vn 0.70710676908493042 -0.70710676908493042 0
vn 0.70710676908493042 -0.70710676908493042 0
vn 0.70710676908493042 -0.70710676908493042 0
vn 0.55765765905380249 -0.83007103204727173 0
vn 0.38380616903305054 -0.92341369390487671 0
vn 0.55765765905380249 -0.83007103204727173 0
vn 0.55765765905380249 -0.83007103204727173 0
vn 0.55765765905380249 -0.83007103204727173 0
vn 0.55765765905380249 -0.83007103204727173 0
vn 0.70710676908493042 -0.70710676908493042 0
vn 0.38380616903305054 -0.92341369390487671 0
vn 0.38380616903305054 -0.92341369390487671 0
vn 0.38380616903305054 -0.92341369390487671 0
vn 0.38380616903305054 -0.92341369390487671 0
vn 0.38380616903305054 -0.92341369390487671 0
vn 0.38380616903305054 -0.92341369390487671 0
vn 0.38380616903305054 -0.92341369390487671 0
vn 0.38380616903305054 -0.92341369390487671 0
vn 0.38380616903305054 -0.92341369390487671 0
vn 0.38380616903305054 -0.92341369390487671 0
vn 0.38380616903305054 -0.92341369390487671 0
vn 0.38380616903305054 -0.92341369390487671 0
vn 0.38380616903305054 -0.92341369390487671 0
vn 0.38380616903305054 -0.92341369390487671 0
vn 0.70710676908493042 -0.70710676908493042 0
vn 0.70710676908493042 -0.70710676908493042 0
vn 0.38380616903305054 -0.92341369390487671 0
vn 0.55765765905380249 -0.83007103204727173 0
vn 0.55765765905380249 -0.83007103204727173 0
vn 0.55765765905380249 -0.83007103204727173 0
vn 0.70710676908493042 -0.70710676908493042 0
vn 0.70710676908493042 -0.70710676908493042 0
vn 0.70710676908493042 -0.70710676908493042 0
vn 0.55765765905380249 -0.83007103204727173 0
vn 0.38380616903305054 -0.92341369390487671 0
vn 0.55765765905380249 -0.83007103204727173 0
f 358/1023/1023 360/1025/1025 359/1024/1024 361/1026/1026
f 365/1030/1030 364/1029/1029 363/1028/1028 362/1027/1027
f 367/1032/1032 369/1034/1034 368/1033/1033 366/1031/1031
f 371/1036/1036 370/1035/1035 372/1037/1037 373/1038/1038
f 376/1043/1043 373/1040/1040 372/1039/1039 374/1041/1041
f 375/1042/1042 376/1043/1043 374/1041/1041
f 375/1045/1045 374/1044/1044 377/1046/1046 378/1047/1047
f 380/1049/1049 382/1051/1051 381/1050/1050 379/1048/1048
f 382/1053/1053 384/1055/1055 383/1054/1054 381/1052/1052
f 387/1060/1060 385/1058/1058 383/1056/1056
f 388/1061/1061 387/1060/1060 383/1056/1056
f 383/1056/1056 390/1063/1063 389/1062/1062
f 388/1061/1061 383/1056/1056 389/1062/1062
f 384/1057/1057 392/1065/1065 391/1064/1064 383/1056/1056
f 390/1063/1063 383/1056/1056 391/1064/1064
f 384/1057/1057 393/1066/1066 392/1065/1065
f 384/1057/1057 395/1068/1068 394/1067/1067
f 384/1057/1057 386/1059/1059 396/1069/1069
f 384/1057/1057 396/1069/1069 395/1068/1068
f 384/1057/1057 394/1067/1067 393/1066/1066
f 399/1072/1072 397/1070/1070 410/1083/1083
f 399/1072/1072 410/1083/1083 409/1082/1082
f 399/1072/1072 408/1081/1081 407/1080/1080
f 400/1073/1073 406/1079/1079 405/1078/1078
f 406/1079/1079 399/1072/1072 407/1080/1080
f 408/1081/1081 399/1072/1072 409/1082/1082
f 400/1073/1073 404/1077/1077 403/1076/1076
f 399/1072/1072 406/1079/1079 400/1073/1073
f 400/1073/1073 405/1078/1078 404/1077/1077
f 400/1073/1073 402/1075/1075 401/1074/1074
f 401/1074/1074 398/1071/1071 400/1073/1073
f 400/1073/1073 403/1076/1076 402/1075/1075
f 400/1085/1085 412/1087/1087 411/1086/1086 399/1084/1084
f 412/1089/1089 380/1091/1091 379/1090/1090 411/1088/1088
f 416/1098/1098 463/1166/1166 466/1169/1169 465/1168/1168
f 417/1099/1099 462/1165/1165 464/3812/3812 461/3813/3813
f 461/1164/1164 464/1167/1167 463/1166/1166 416/1098/1098
f 458/1161/1161 460/1163/1163 459/1162/1162 418/1100/1100
f 461/1164/1164 416/1098/1098 419/1103/1103
f 420/1104/1104 417/1099/1099 461/3814/3814
f 419/1103/1103 420/3815/3815 461/1164/1164
f 421/1105/1105 418/1100/1100 417/1099/1099 420/1104/1104
f 423/1109/1109 420/1104/1104 419/3816/3816 422/3817/3817
f 424/1110/1110 421/1105/1105 420/1104/1104 423/1109/1109
f 426/1114/1114 423/1109/1109 422/3818/3818 425/3819/3819
f 427/1115/1115 424/1110/1110 423/1109/1109 426/1114/1114
f 429/1119/1119 426/1114/1114 425/3820/3820 428/3821/3821
f 430/1120/1120 427/1115/1115 426/1114/1114 429/1119/1119
f 432/1124/1124 429/1119/1119 428/3822/3822 431/3823/3823
f 433/1125/1125 430/1120/1120 429/1119/1119 432/1124/1124
f 435/1129/1129 432/1124/1124 431/3824/3824 434/3825/3825
f 436/1130/1130 433/1125/1125 432/1124/1124 435/1129/1129
f 438/1134/1134 435/1129/1129 434/3826/3826 437/3827/3827
f 439/1135/1135 436/1130/1130 435/1129/1129 438/1134/1134
f 441/1139/1139 438/1134/1134 437/3828/3828 440/3829/3829
f 442/1140/1140 439/1135/1135 438/1134/1134 441/1139/1139
f 453/1156/1156 444/3830/3830 441/3831/3831
f 440/1138/1138 443/1143/1143 453/1156/1156
f 441/1139/1139 440/3832/3832 453/3833/3833
f 445/1145/1145 442/1140/1140 441/1139/1139 444/1144/1144
f 449/1152/1152 443/1143/1143 450/1153/1153 451/1154/1154
f 452/1155/1155 444/1144/1144 453/3834/3834 454/3835/3835
f 454/1157/1157 453/1156/1156 443/1143/1143 449/1152/1152
f 457/1160/1160 455/1158/1158 445/1145/1145 456/1159/1159
f 413/1093/1093 385/1092/1092 466/1169/1169
f 387/1097/1097 466/1169/1169 385/1092/1092
f 466/1169/1169 387/1097/1097 465/1168/1168
f 388/1102/1102 465/1168/1168 387/1097/1097
f 464/1167/1167 414/3836/3836 413/1093/1093
f 413/1093/1093 463/1166/1166 464/1167/1167
f 463/1166/1166 413/1093/1093 466/1169/1169
f 464/1167/1167 462/3837/3837 414/3838/3838
f 389/1107/1107 422/1108/1108 419/1103/1103 388/1102/1102
f 391/1117/1117 428/1118/1118 425/1113/1113 390/1112/1112
f 390/1112/1112 425/1113/1113 422/1108/1108 389/1107/1107
f 419/1103/1103 416/1098/1098 465/1168/1168
f 428/1118/1118 391/1117/1117 392/1122/1122 431/1123/1123
f 388/1102/1102 419/1103/1103 465/1168/1168
f 462/1165/1165 459/1162/1162 415/1095/1095 414/1094/1094
f 417/1099/1099 418/1100/1100 459/1162/1162 462/1165/1165
f 460/1163/1163 415/1095/1095 459/1162/1162
f 460/1163/1163 410/1101/1101 397/1096/1096
f 415/1095/1095 460/1163/1163 397/1096/1096
f 421/1105/1105 458/1161/1161 418/1100/1100
f 458/1161/1161 410/1101/1101 460/1163/1163
f 424/1110/1110 408/1111/1111 409/1106/1106 421/1105/1105
f 430/1120/1120 406/1121/1121 407/1116/1116 427/1115/1115
f 427/1115/1115 407/1116/1116 408/1111/1111 424/1110/1110
f 409/1106/1106 410/1101/1101 458/1161/1161
f 406/1121/1121 430/1120/1120 433/1125/1125 405/1126/1126
f 421/1105/1105 409/1106/1106 458/1161/1161
f 393/1127/1127 434/1128/1128 431/1123/1123 392/1122/1122
f 395/1137/1137 440/1138/1138 437/1133/1133 394/1132/1132
f 394/1132/1132 437/1133/1133 434/1128/1128 393/1127/1127
f 440/1138/1138 395/1137/1137 450/1153/1153
f 395/1137/1137 396/1142/1142 450/1153/1153
f 451/1154/1154 450/1153/1153 396/1142/1142
f 446/1148/1148 451/1154/1154 386/1147/1147
f 396/1142/1142 386/1147/1147 451/1154/1154
f 454/1157/1157 449/1152/1152 446/1148/1148
f 451/1154/1154 446/1148/1148 449/1152/1152
f 447/1149/1149 454/3839/3839 446/3840/3840
f 440/1138/1138 450/1153/1153 443/1143/1143
f 436/1130/1130 404/1131/1131 405/1126/1126 433/1125/1125
f 442/1140/1140 402/1141/1141 403/1136/1136 439/1135/1135
f 439/1135/1135 403/1136/1136 404/1131/1131 436/1130/1130
f 402/1141/1141 442/1140/1140 455/1158/1158
f 452/1155/1155 456/1159/1159 445/1145/1145 444/1144/1144
f 447/1149/1149 448/1150/1150 456/1159/1159 452/1155/1155
f 447/1149/1149 452/1155/1155 454/3841/3841
f 402/1141/1141 455/1158/1158 401/1146/1146
f 457/1160/1160 401/1146/1146 455/1158/1158
f 398/1151/1151 457/1160/1160 448/1150/1150
f 401/1146/1146 457/1160/1160 398/1151/1151
f 457/1160/1160 456/1159/1159 448/1150/1150
f 442/1140/1140 445/1145/1145 455/1158/1158
f 468/1171/1171 467/1170/1170 469/1172/1172 470/1173/1173
f 470/1175/1175 469/1174/1174 471/1176/1176 472/1177/1177
f 472/1179/1179 471/1178/1178 473/1180/1180 474/1181/1181
f 476/1183/1183 478/1185/1185 477/1184/1184 475/1182/1182
f 478/1187/1187 480/1189/1189 479/1188/1188 477/1186/1186
f 483/1194/1194 481/1192/1192 479/1190/1190
f 484/1195/1195 483/1194/1194 479/1190/1190
f 479/1190/1190 486/1197/1197 485/1196/1196
f 484/1195/1195 479/1190/1190 485/1196/1196
f 480/1191/1191 488/1199/1199 487/1198/1198 479/1190/1190
f 486/1197/1197 479/1190/1190 487/1198/1198
f 480/1191/1191 489/1200/1200 488/1199/1199
f 480/1191/1191 491/1202/1202 490/1201/1201
f 480/1191/1191 482/1193/1193 492/1203/1203
f 480/1191/1191 492/1203/1203 491/1202/1202
f 480/1191/1191 490/1201/1201 489/1200/1200
f 495/1206/1206 493/1204/1204 506/1217/1217
f 495/1206/1206 506/1217/1217 505/1216/1216
f 495/1206/1206 504/1215/1215 503/1214/1214
f 495/1206/1206 502/1213/1213 501/1212/1212
f 502/1213/1213 495/1206/1206 503/1214/1214
f 504/1215/1215 495/1206/1206 505/1216/1216
f 496/1207/1207 500/1211/1211 499/1210/1210
f 495/1206/1206 501/1212/1212 496/1207/1207
f 496/1207/1207 501/1212/1212 500/1211/1211
f 496/1207/1207 498/1209/1209 497/1208/1208
f 497/1208/1208 494/1205/1205 496/1207/1207
f 496/1207/1207 499/1210/1210 498/1209/1209
f 496/1219/1219 508/1221/1221 507/1220/1220 495/1218/1218
f 508/1223/1223 476/1225/1225 475/1224/1224 507/1222/1222
f 512/1232/1232 559/1300/1300 562/1303/1303 561/1302/1302
f 513/1233/1233 558/1299/1299 560/3842/3842 557/3843/3843
f 557/1298/1298 560/1301/1301 559/1300/1300 512/1232/1232
f 554/1295/1295 556/1297/1297 555/1296/1296 514/1234/1234
f 557/1298/1298 512/1232/1232 515/1237/1237
f 516/1238/1238 513/1233/1233 557/3844/3844
f 515/1237/1237 516/3845/3845 557/1298/1298
f 517/1239/1239 514/1234/1234 513/1233/1233 516/1238/1238
f 519/1243/1243 516/1238/1238 515/3846/3846 518/3847/3847
f 520/1244/1244 517/1239/1239 516/1238/1238 519/1243/1243
f 522/1248/1248 519/1243/1243 518/3848/3848 521/3849/3849
f 523/1249/1249 520/1244/1244 519/1243/1243 522/1248/1248
f 525/1253/1253 522/1248/1248 521/3850/3850 524/3851/3851
f 526/1254/1254 523/1249/1249 522/1248/1248 525/1253/1253
f 528/1258/1258 525/1253/1253 524/3852/3852 527/3853/3853
f 529/1259/1259 526/1254/1254 525/1253/1253 528/1258/1258
f 531/1263/1263 528/1258/1258 527/3854/3854 530/3855/3855
f 532/1264/1264 529/1259/1259 528/1258/1258 531/1263/1263
f 534/1268/1268 531/1263/1263 530/3856/3856 533/3857/3857
f 535/1269/1269 532/1264/1264 531/1263/1263 534/1268/1268
f 537/1273/1273 534/1268/1268 533/3858/3858 536/3859/3859
f 538/1274/1274 535/1269/1269 534/1268/1268 537/1273/1273
f 549/1290/1290 540/3860/3860 537/3861/3861
f 536/1272/1272 539/1277/1277 549/1290/1290
f 537/1273/1273 536/3862/3862 549/3863/3863
f 541/1279/1279 538/1274/1274 537/1273/1273 540/1278/1278
f 545/1286/1286 539/1277/1277 546/1287/1287 547/1288/1288
f 548/1289/1289 540/1278/1278 549/3864/3864 550/3865/3865
f 550/1291/1291 549/1290/1290 539/1277/1277 545/1286/1286
f 553/1294/1294 551/1292/1292 541/1279/1279 552/1293/1293
f 509/1227/1227 481/1226/1226 562/1303/1303
f 483/1231/1231 562/1303/1303 481/1226/1226
f 562/1303/1303 483/1231/1231 561/1302/1302
f 484/1236/1236 561/1302/1302 483/1231/1231
f 560/1301/1301 510/3866/3866 509/1227/1227
f 509/1227/1227 559/1300/1300 560/1301/1301
f 559/1300/1300 509/1227/1227 562/1303/1303
f 560/1301/1301 558/3867/3867 510/3868/3868
f 485/1241/1241 518/1242/1242 515/1237/1237 484/1236/1236
f 487/1251/1251 524/1252/1252 521/1247/1247 486/1246/1246
f 486/1246/1246 521/1247/1247 518/1242/1242 485/1241/1241
f 515/1237/1237 512/1232/1232 561/1302/1302
f 524/1252/1252 487/1251/1251 488/1256/1256 527/1257/1257
f 484/1236/1236 515/1237/1237 561/1302/1302
f 558/1299/1299 555/1296/1296 511/1229/1229 510/1228/1228
f 513/1233/1233 514/1234/1234 555/1296/1296 558/1299/1299
f 556/1297/1297 511/1229/1229 555/1296/1296
f 556/1297/1297 506/1235/1235 493/1230/1230
f 511/1229/1229 556/1297/1297 493/1230/1230
f 517/1239/1239 554/1295/1295 514/1234/1234
f 554/1295/1295 506/1235/1235 556/1297/1297
f 520/1244/1244 504/1245/1245 505/1240/1240 517/1239/1239
f 526/1254/1254 502/1255/1255 503/1250/1250 523/1249/1249
f 523/1249/1249 503/1250/1250 504/1245/1245 520/1244/1244
f 505/1240/1240 506/1235/1235 554/1295/1295
f 502/1255/1255 526/1254/1254 529/1259/1259 501/1260/1260
f 517/1239/1239 505/1240/1240 554/1295/1295
f 489/1261/1261 530/1262/1262 527/1257/1257 488/1256/1256
f 491/1271/1271 536/1272/1272 533/1267/1267 490/1266/1266
f 490/1266/1266 533/1267/1267 530/1262/1262 489/1261/1261
f 536/1272/1272 491/1271/1271 546/1287/1287
f 491/1271/1271 492/1276/1276 546/1287/1287
f 547/1288/1288 546/1287/1287 492/1276/1276
f 542/1282/1282 547/1288/1288 482/1281/1281
f 492/1276/1276 482/1281/1281 547/1288/1288
f 550/1291/1291 545/1286/1286 542/1282/1282
f 547/1288/1288 542/1282/1282 545/1286/1286
f 543/1283/1283 550/3869/3869 542/3870/3870
f 536/1272/1272 546/1287/1287 539/1277/1277
f 532/1264/1264 500/1265/1265 501/1260/1260 529/1259/1259
f 538/1274/1274 498/1275/1275 499/1270/1270 535/1269/1269
f 535/1269/1269 499/1270/1270 500/1265/1265 532/1264/1264
f 498/1275/1275 538/1274/1274 551/1292/1292
f 548/1289/1289 552/1293/1293 541/1279/1279 540/1278/1278
f 543/1283/1283 544/1284/1284 552/1293/1293 548/1289/1289
f 543/1283/1283 548/1289/1289 550/3871/3871
f 498/1275/1275 551/1292/1292 497/1280/1280
f 553/1294/1294 497/1280/1280 551/1292/1292
f 494/1285/1285 553/1294/1294 544/1284/1284
f 497/1280/1280 553/1294/1294 494/1285/1285
f 553/1294/1294 552/1293/1293 544/1284/1284
f 538/1274/1274 541/1279/1279 551/1292/1292
f 564/1305/1305 563/1304/1304 565/1306/1306 566/1307/1307
f 566/1309/1309 565/1308/1308 567/1310/1310 568/1311/1311
f 568/1313/1313 567/1312/1312 569/1314/1314 570/1315/1315
f 572/1317/1317 574/1319/1319 573/1318/1318 571/1316/1316
f 574/1321/1321 576/1323/1323 575/1322/1322 573/1320/1320
f 579/1328/1328 577/1326/1326 575/1324/1324
f 580/1329/1329 579/1328/1328 575/1324/1324
f 575/1324/1324 582/1331/1331 581/1330/1330
f 580/1329/1329 575/1324/1324 581/1330/1330
f 576/1325/1325 584/1333/1333 583/1332/1332 575/1324/1324
f 582/1331/1331 575/1324/1324 583/1332/1332
f 576/1325/1325 585/1334/1334 584/1333/1333
f 576/1325/1325 587/1336/1336 586/1335/1335
f 576/1325/1325 578/1327/1327 588/1337/1337
f 576/1325/1325 588/1337/1337 587/1336/1336
f 576/1325/1325 586/1335/1335 585/1334/1334
f 591/1340/1340 589/1338/1338 602/1351/1351
f 591/1340/1340 602/1351/1351 601/1350/1350
f 591/1340/1340 600/1349/1349 599/1348/1348
f 592/1341/1341 598/1347/1347 597/1346/1346
f 598/1347/1347 591/1340/1340 599/1348/1348
f 600/1349/1349 591/1340/1340 601/1350/1350
f 592/1341/1341 596/1345/1345 595/1344/1344
f 591/1340/1340 598/1347/1347 592/1341/1341
f 592/1341/1341 597/1346/1346 596/1345/1345
f 592/1341/1341 594/1343/1343 593/1342/1342
f 593/1342/1342 590/1339/1339 592/1341/1341
f 592/1341/1341 595/1344/1344 594/1343/1343
f 592/1353/1353 604/1355/1355 603/1354/1354 591/1352/1352
f 604/1359/1359 572/1357/1357 571/1358/1358 603/1356/1356
f 608/1366/1366 655/1434/1434 658/1437/1437 657/1436/1436
f 609/1367/1367 654/1433/1433 656/3872/3872 653/3873/3873
f 653/1432/1432 656/1435/1435 655/1434/1434 608/1366/1366
f 650/1429/1429 652/1431/1431 651/1430/1430 610/1368/1368
f 653/1432/1432 608/1366/1366 611/1371/1371
f 612/1372/1372 609/1367/1367 653/3874/3874
f 611/1371/1371 612/3875/3875 653/1432/1432
f 613/1373/1373 610/1368/1368 609/1367/1367 612/1372/1372
f 615/1377/1377 612/1372/1372 611/3876/3876 614/3877/3877
f 616/1378/1378 613/1373/1373 612/1372/1372 615/1377/1377
f 618/1382/1382 615/1377/1377 614/3878/3878 617/3879/3879
f 619/1383/1383 616/1378/1378 615/1377/1377 618/1382/1382
f 621/1387/1387 618/1382/1382 617/3880/3880 620/3881/3881
f 622/1388/1388 619/1383/1383 618/1382/1382 621/1387/1387
f 624/1392/1392 621/1387/1387 620/3882/3882 623/3883/3883
f 625/1393/1393 622/1388/1388 621/1387/1387 624/1392/1392
f 627/1397/1397 624/1392/1392 623/3884/3884 626/3885/3885
f 628/1398/1398 625/1393/1393 624/1392/1392 627/1397/1397
f 630/1402/1402 627/1397/1397 626/3886/3886 629/3887/3887
f 631/1403/1403 628/1398/1398 627/1397/1397 630/1402/1402
f 633/1407/1407 630/1402/1402 629/3888/3888 632/3889/3889
f 634/1408/1408 631/1403/1403 630/1402/1402 633/1407/1407
f 645/1424/1424 636/3890/3890 633/3891/3891
f 632/1406/1406 635/1411/1411 645/1424/1424
f 633/1407/1407 632/3892/3892 645/3893/3893
f 637/1413/1413 634/1408/1408 633/1407/1407 636/1412/1412
f 641/1420/1420 635/1411/1411 642/1421/1421 643/1422/1422
f 644/1423/1423 636/1412/1412 645/3894/3894 646/3895/3895
f 646/1425/1425 645/1424/1424 635/1411/1411 641/1420/1420
f 649/1428/1428 647/1426/1426 637/1413/1413 648/1427/1427
f 605/1361/1361 577/1360/1360 658/1437/1437
f 579/1365/1365 658/1437/1437 577/1360/1360
f 658/1437/1437 579/1365/1365 657/1436/1436
f 580/1370/1370 657/1436/1436 579/1365/1365
f 656/1435/1435 606/3896/3896 605/1361/1361
f 605/1361/1361 655/1434/1434 656/1435/1435
f 655/1434/1434 605/1361/1361 658/1437/1437
f 656/1435/1435 654/3897/3897 606/3898/3898
f 581/1375/1375 614/1376/1376 611/1371/1371 580/1370/1370
f 583/1385/1385 620/1386/1386 617/1381/1381 582/1380/1380
f 582/1380/1380 617/1381/1381 614/1376/1376 581/1375/1375
f 611/1371/1371 608/1366/1366 657/1436/1436
f 620/1386/1386 583/1385/1385 584/1390/1390 623/1391/1391
f 580/1370/1370 611/1371/1371 657/1436/1436
f 654/1433/1433 651/1430/1430 607/1363/1363 606/1362/1362
f 609/1367/1367 610/1368/1368 651/1430/1430 654/1433/1433
f 652/1431/1431 607/1363/1363 651/1430/1430
f 652/1431/1431 602/1369/1369 589/1364/1364
f 607/1363/1363 652/1431/1431 589/1364/1364
f 613/1373/1373 650/1429/1429 610/1368/1368
f 650/1429/1429 602/1369/1369 652/1431/1431
f 616/1378/1378 600/1379/1379 601/1374/1374 613/1373/1373
f 622/1388/1388 598/1389/1389 599/1384/1384 619/1383/1383
f 619/1383/1383 599/1384/1384 600/1379/1379 616/1378/1378
f 601/1374/1374 602/1369/1369 650/1429/1429
f 598/1389/1389 622/1388/1388 625/1393/1393 597/1394/1394
f 613/1373/1373 601/1374/1374 650/1429/1429
f 585/1395/1395 626/1396/1396 623/1391/1391 584/1390/1390
f 587/1405/1405 632/1406/1406 629/1401/1401 586/1400/1400
f 586/1400/1400 629/1401/1401 626/1396/1396 585/1395/1395
f 632/1406/1406 587/1405/1405 642/1421/1421
f 587/1405/1405 588/1410/1410 642/1421/1421
f 643/1422/1422 642/1421/1421 588/1410/1410
f 638/1416/1416 643/1422/1422 578/1415/1415
f 588/1410/1410 578/1415/1415 643/1422/1422
f 646/1425/1425 641/1420/1420 638/1416/1416
f 643/1422/1422 638/1416/1416 641/1420/1420
f 639/1417/1417 646/3899/3899 638/3900/3900
f 632/1406/1406 642/1421/1421 635/1411/1411
f 628/1398/1398 596/1399/1399 597/1394/1394 625/1393/1393
f 634/1408/1408 594/1409/1409 595/1404/1404 631/1403/1403
f 631/1403/1403 595/1404/1404 596/1399/1399 628/1398/1398
f 594/1409/1409 634/1408/1408 647/1426/1426
f 644/1423/1423 648/1427/1427 637/1413/1413 636/1412/1412
f 639/1417/1417 640/1418/1418 648/1427/1427 644/1423/1423
f 639/1417/1417 644/1423/1423 646/3901/3901
f 594/1409/1409 647/1426/1426 593/1414/1414
f 649/1428/1428 593/1414/1414 647/1426/1426
f 590/1419/1419 649/1428/1428 640/1418/1418
f 593/1414/1414 649/1428/1428 590/1419/1419
f 649/1428/1428 648/1427/1427 640/1418/1418
f 634/1408/1408 637/1413/1413 647/1426/1426
f 660/1439/1439 659/1438/1438 661/1440/1440 662/1441/1441
f 662/1443/1443 661/1442/1442 663/1444/1444 664/1445/1445
f 666/1447/1447 668/1449/1449 667/1448/1448 665/1446/1446
f 668/1451/1451 670/1453/1453 669/1452/1452 667/1450/1450
f 670/1455/1455 672/1457/1457 671/1456/1456 669/1454/1454
f 674/1459/1459 673/1458/1458 675/1460/1460 676/1461/1461
f 676/1463/1463 675/1462/1462 677/1464/1464 678/1465/1465
f 678/1467/1467 677/1466/1466 679/1468/1468 680/1469/1469
f 680/1471/1471 679/1470/1470 659/1472/1472 660/1473/1473
f 681/1474/1474 683/1476/1476 682/1475/1475 684/1477/1477
f 683/1479/1479 686/1481/1481 685/1480/1480 682/1478/1478
f 686/1483/1483 688/1485/1485 687/1484/1484 685/1482/1482
f 691/1490/1490 689/1488/1488 687/1486/1486
f 692/1491/1491 691/1490/1490 687/1486/1486
f 687/1486/1486 694/1493/1493 693/1492/1492
f 692/1491/1491 687/1486/1486 693/1492/1492
f 688/1487/1487 696/1495/1495 695/1494/1494 687/1486/1486
f 694/1493/1493 687/1486/1486 695/1494/1494
f 688/1487/1487 697/1496/1496 696/1495/1495
f 688/1487/1487 699/1498/1498 698/1497/1497
f 688/1487/1487 690/1489/1489 700/1499/1499
f 688/1487/1487 700/1499/1499 699/1498/1498
f 688/1487/1487 698/1497/1497 697/1496/1496
f 703/1502/1502 701/1500/1500 714/1513/1513
f 703/1502/1502 714/1513/1513 713/1512/1512
f 703/1502/1502 712/1511/1511 711/1510/1510
f 703/1502/1502 710/1509/1509 709/1508/1508
f 710/1509/1509 703/1502/1502 711/1510/1510
f 712/1511/1511 703/1502/1502 713/1512/1512
f 704/1503/1503 708/1507/1507 707/1506/1506
f 703/1502/1502 709/1508/1508 704/1503/1503
f 704/1503/1503 709/1508/1508 708/1507/1507
f 704/1503/1503 706/1505/1505 705/1504/1504
f 705/1504/1504 702/1501/1501 704/1503/1503
f 704/1503/1503 707/1506/1506 706/1505/1505
f 704/1515/1515 681/1517/1517 684/1516/1516 703/1514/1514
f 718/1524/1524 765/1592/1592 768/1595/1595 767/1594/1594
f 719/1525/1525 764/1591/1591 766/3902/3902 763/3903/3903
f 763/1590/1590 766/1593/1593 765/1592/1592 718/1524/1524
f 760/1587/1587 762/1589/1589 761/1588/1588 720/1526/1526
f 763/1590/1590 718/1524/1524 721/1529/1529
f 722/1530/1530 719/1525/1525 763/3904/3904
f 721/1529/1529 722/3905/3905 763/1590/1590
f 723/1531/1531 720/1526/1526 719/1525/1525 722/1530/1530
f 725/1535/1535 722/1530/1530 721/3906/3906 724/3907/3907
f 726/1536/1536 723/1531/1531 722/1530/1530 725/1535/1535
f 728/1540/1540 725/1535/1535 724/3908/3908 727/3909/3909
f 729/1541/1541 726/1536/1536 725/1535/1535 728/1540/1540
f 731/1545/1545 728/1540/1540 727/3910/3910 730/3911/3911
f 732/1546/1546 729/1541/1541 728/1540/1540 731/1545/1545
f 734/1550/1550 731/1545/1545 730/3912/3912 733/3913/3913
f 735/1551/1551 732/1546/1546 731/1545/1545 734/1550/1550
f 737/1555/1555 734/1550/1550 733/3914/3914 736/3915/3915
f 738/1556/1556 735/1551/1551 734/1550/1550 737/1555/1555
f 740/1560/1560 737/1555/1555 736/3916/3916 739/3917/3917
f 741/1561/1561 738/1556/1556 737/1555/1555 740/1560/1560
f 743/1565/1565 740/1560/1560 739/3918/3918 742/3919/3919
f 744/1566/1566 741/1561/1561 740/1560/1560 743/1565/1565
f 755/1582/1582 746/3920/3920 743/3921/3921
f 742/1564/1564 745/1569/1569 755/1582/1582
f 743/1565/1565 742/3922/3922 755/3923/3923
f 747/1571/1571 744/1566/1566 743/1565/1565 746/1570/1570
f 751/1578/1578 745/1569/1569 752/1579/1579 753/1580/1580
f 754/1581/1581 746/1570/1570 755/3924/3924 756/3925/3925
f 756/1583/1583 755/1582/1582 745/1569/1569 751/1578/1578
f 759/1586/1586 757/1584/1584 747/1571/1571 758/1585/1585
f 715/1519/1519 689/1518/1518 768/1595/1595
f 691/1523/1523 768/1595/1595 689/1518/1518
f 768/1595/1595 691/1523/1523 767/1594/1594
f 692/1528/1528 767/1594/1594 691/1523/1523
f 766/1593/1593 716/3926/3926 715/1519/1519
f 715/1519/1519 765/1592/1592 766/1593/1593
f 765/1592/1592 715/1519/1519 768/1595/1595
f 766/1593/1593 764/3927/3927 716/3928/3928
f 693/1533/1533 724/1534/1534 721/1529/1529 692/1528/1528
f 695/1543/1543 730/1544/1544 727/1539/1539 694/1538/1538
f 694/1538/1538 727/1539/1539 724/1534/1534 693/1533/1533
f 721/1529/1529 718/1524/1524 767/1594/1594
f 730/1544/1544 695/1543/1543 696/1548/1548 733/1549/1549
f 692/1528/1528 721/1529/1529 767/1594/1594
f 764/1591/1591 761/1588/1588 717/1521/1521 716/1520/1520
f 719/1525/1525 720/1526/1526 761/1588/1588 764/1591/1591
f 762/1589/1589 717/1521/1521 761/1588/1588
f 762/1589/1589 714/1527/1527 701/1522/1522
f 762/1589/1589 701/1522/1522 717/1521/1521
f 723/1531/1531 760/1587/1587 720/1526/1526
f 760/1587/1587 714/1527/1527 762/1589/1589
f 726/1536/1536 712/1537/1537 713/1532/1532 723/1531/1531
f 732/1546/1546 710/1547/1547 711/1542/1542 729/1541/1541
f 729/1541/1541 711/1542/1542 712/1537/1537 726/1536/1536
f 713/1532/1532 714/1527/1527 760/1587/1587
f 710/1547/1547 732/1546/1546 735/1551/1551 709/1552/1552
f 723/1531/1531 713/1532/1532 760/1587/1587
f 697/1553/1553 736/1554/1554 733/1549/1549 696/1548/1548
f 699/1563/1563 742/1564/1564 739/1559/1559 698/1558/1558
f 698/1558/1558 739/1559/1559 736/1554/1554 697/1553/1553
f 742/1564/1564 699/1563/1563 752/1579/1579
f 699/1563/1563 700/1568/1568 752/1579/1579
f 753/1580/1580 752/1579/1579 700/1568/1568
f 748/1574/1574 753/1580/1580 690/1573/1573
f 700/1568/1568 690/1573/1573 753/1580/1580
f 756/1583/1583 751/1578/1578 748/1574/1574
f 753/1580/1580 748/1574/1574 751/1578/1578
f 749/1575/1575 756/3929/3929 748/3930/3930
f 742/1564/1564 752/1579/1579 745/1569/1569
f 738/1556/1556 708/1557/1557 709/1552/1552 735/1551/1551
f 744/1566/1566 706/1567/1567 707/1562/1562 741/1561/1561
f 741/1561/1561 707/1562/1562 708/1557/1557 738/1556/1556
f 706/1567/1567 744/1566/1566 757/1584/1584
f 754/1581/1581 758/1585/1585 747/1571/1571 746/1570/1570
f 749/1575/1575 750/1576/1576 758/1585/1585 754/1581/1581
f 749/1575/1575 754/1581/1581 756/3931/3931
f 706/1567/1567 757/1584/1584 705/1572/1572
f 759/1586/1586 705/1572/1572 757/1584/1584
f 702/1577/1577 759/1586/1586 750/1576/1576
f 705/1572/1572 759/1586/1586 702/1577/1577
f 759/1586/1586 758/1585/1585 750/1576/1576
f 744/1566/1566 747/1571/1571 757/1584/1584
f 770/1597/1597 769/1596/1596 771/1598/1598 772/1599/1599
f 772/1601/1601 771/1600/1600 673/1602/1602 674/1603/1603
f 774/1605/1605 776/1607/1607 775/1606/1606 773/1604/1604
f 776/1609/1609 778/1611/1611 777/1610/1610 775/1608/1608
f 778/1613/1613 780/1615/1615 779/1614/1614 777/1612/1612
f 783/1620/1620 781/1618/1618 779/1616/1616
f 784/1621/1621 783/1620/1620 779/1616/1616
f 779/1616/1616 786/1623/1623 785/1622/1622
f 784/1621/1621 779/1616/1616 785/1622/1622
f 780/1617/1617 788/1625/1625 787/1624/1624 779/1616/1616
f 786/1623/1623 779/1616/1616 787/1624/1624
f 780/1617/1617 789/1626/1626 788/1625/1625
f 780/1617/1617 791/1628/1628 790/1627/1627
f 780/1617/1617 782/1619/1619 792/1629/1629
f 780/1617/1617 792/1629/1629 791/1628/1628
f 780/1617/1617 790/1627/1627 789/1626/1626
f 795/1632/1632 793/1630/1630 806/1643/1643
f 795/1632/1632 806/1643/1643 805/1642/1642
f 795/1632/1632 804/1641/1641 803/1640/1640
f 796/1633/1633 802/1639/1639 801/1638/1638
f 802/1639/1639 795/1632/1632 803/1640/1640
f 804/1641/1641 795/1632/1632 805/1642/1642
f 796/1633/1633 800/1637/1637 799/1636/1636
f 795/1632/1632 802/1639/1639 796/1633/1633
f 796/1633/1633 801/1638/1638 800/1637/1637
f 796/1633/1633 798/1635/1635 797/1634/1634
f 797/1634/1634 794/1631/1631 796/1633/1633
f 796/1633/1633 799/1636/1636 798/1635/1635
f 796/1645/1645 774/1647/1647 773/1646/1646 795/1644/1644
f 810/1654/1654 857/1722/1722 860/1725/1725 859/1724/1724
f 811/1655/1655 856/1721/1721 858/3932/3932 855/3933/3933
f 855/1720/1720 858/1723/1723 857/1722/1722 810/1654/1654
f 852/1717/1717 854/1719/1719 853/1718/1718 812/1656/1656
f 855/1720/1720 810/1654/1654 813/1659/1659
f 814/1660/1660 811/1655/1655 855/3934/3934
f 813/1659/1659 814/3935/3935 855/1720/1720
f 815/1661/1661 812/1656/1656 811/1655/1655 814/1660/1660
f 817/1665/1665 814/1660/1660 813/3936/3936 816/3937/3937
f 818/1666/1666 815/1661/1661 814/1660/1660 817/1665/1665
f 820/1670/1670 817/1665/1665 816/3938/3938 819/3939/3939
f 821/1671/1671 818/1666/1666 817/1665/1665 820/1670/1670
f 823/1675/1675 820/1670/1670 819/3940/3940 822/3941/3941
f 824/1676/1676 821/1671/1671 820/1670/1670 823/1675/1675
f 826/1680/1680 823/1675/1675 822/3942/3942 825/3943/3943
f 827/1681/1681 824/1676/1676 823/1675/1675 826/1680/1680
f 829/1685/1685 826/1680/1680 825/3944/3944 828/3945/3945
f 830/1686/1686 827/1681/1681 826/1680/1680 829/1685/1685
f 832/1690/1690 829/1685/1685 828/3946/3946 831/3947/3947
f 833/1691/1691 830/1686/1686 829/1685/1685 832/1690/1690
f 835/1695/1695 832/1690/1690 831/3948/3948 834/3949/3949
f 836/1696/1696 833/1691/1691 832/1690/1690 835/1695/1695
f 847/1712/1712 838/3950/3950 835/3951/3951
f 834/1694/1694 837/1699/1699 847/1712/1712
f 835/1695/1695 834/3952/3952 847/3953/3953
f 839/1701/1701 836/1696/1696 835/1695/1695 838/1700/1700
f 843/1708/1708 837/1699/1699 844/1709/1709 845/1710/1710
f 846/1711/1711 838/1700/1700 847/3954/3954 848/3955/3955
f 848/1713/1713 847/1712/1712 837/1699/1699 843/1708/1708
f 851/1716/1716 849/1714/1714 839/1701/1701 850/1715/1715
f 807/1649/1649 781/1648/1648 860/1725/1725
f 783/1653/1653 860/1725/1725 781/1648/1648
f 860/1725/1725 783/1653/1653 859/1724/1724
f 784/1658/1658 859/1724/1724 783/1653/1653
f 858/1723/1723 808/3956/3956 807/1649/1649
f 807/1649/1649 857/1722/1722 858/1723/1723
f 857/1722/1722 807/1649/1649 860/1725/1725
f 858/1723/1723 856/3957/3957 808/3958/3958
f 785/1663/1663 816/1664/1664 813/1659/1659 784/1658/1658
f 787/1673/1673 822/1674/1674 819/1669/1669 786/1668/1668
f 786/1668/1668 819/1669/1669 816/1664/1664 785/1663/1663
f 813/1659/1659 810/1654/1654 859/1724/1724
f 822/1674/1674 787/1673/1673 788/1678/1678 825/1679/1679
f 784/1658/1658 813/1659/1659 859/1724/1724
f 856/1721/1721 853/1718/1718 809/1651/1651 808/1650/1650
f 811/1655/1655 812/1656/1656 853/1718/1718 856/1721/1721
f 854/1719/1719 809/1651/1651 853/1718/1718
f 854/1719/1719 806/1657/1657 793/1652/1652
f 809/1651/1651 854/1719/1719 793/1652/1652
f 815/1661/1661 852/1717/1717 812/1656/1656
f 852/1717/1717 806/1657/1657 854/1719/1719
f 818/1666/1666 804/1667/1667 805/1662/1662 815/1661/1661
f 824/1676/1676 802/1677/1677 803/1672/1672 821/1671/1671
f 821/1671/1671 803/1672/1672 804/1667/1667 818/1666/1666
f 805/1662/1662 806/1657/1657 852/1717/1717
f 802/1677/1677 824/1676/1676 827/1681/1681 801/1682/1682
f 815/1661/1661 805/1662/1662 852/1717/1717
f 789/1683/1683 828/1684/1684 825/1679/1679 788/1678/1678
f 791/1693/1693 834/1694/1694 831/1689/1689 790/1688/1688
f 790/1688/1688 831/1689/1689 828/1684/1684 789/1683/1683
f 834/1694/1694 791/1693/1693 844/1709/1709
f 791/1693/1693 792/1698/1698 844/1709/1709
f 845/1710/1710 844/1709/1709 792/1698/1698
f 840/1704/1704 845/1710/1710 782/1703/1703
f 792/1698/1698 782/1703/1703 845/1710/1710
f 848/1713/1713 843/1708/1708 840/1704/1704
f 845/1710/1710 840/1704/1704 843/1708/1708
f 841/1705/1705 848/3959/3959 840/3960/3960
f 834/1694/1694 844/1709/1709 837/1699/1699
f 830/1686/1686 800/1687/1687 801/1682/1682 827/1681/1681
f 836/1696/1696 798/1697/1697 799/1692/1692 833/1691/1691
f 833/1691/1691 799/1692/1692 800/1687/1687 830/1686/1686
f 798/1697/1697 836/1696/1696 849/1714/1714
f 846/1711/1711 850/1715/1715 839/1701/1701 838/1700/1700
f 841/1705/1705 842/1706/1706 850/1715/1715 846/1711/1711
f 841/1705/1705 846/1711/1711 848/3961/3961
f 798/1697/1697 849/1714/1714 797/1702/1702
f 851/1716/1716 797/1702/1702 849/1714/1714
f 794/1707/1707 851/1716/1716 842/1706/1706
f 797/1702/1702 851/1716/1716 794/1707/1707
f 851/1716/1716 850/1715/1715 842/1706/1706
f 836/1696/1696 839/1701/1701 849/1714/1714
f 862/1727/1727 864/1729/1729 863/1728/1728 861/1726/1726
f 864/1731/1731 866/1733/1733 865/1732/1732 863/1730/1730
f 866/1735/1735 868/1737/1737 867/1736/1736 865/1734/1734
f 868/1739/1739 862/1741/1741 861/1740/1740 867/1738/1738
f 870/1743/1743 872/1745/1745 871/1744/1744 869/1742/1742
f 872/1747/1747 874/1749/1749 873/1748/1748 871/1746/1746
f 874/1751/1751 876/1753/1753 875/1752/1752 873/1750/1750
f 876/1755/1755 870/1757/1757 869/1756/1756 875/1754/1754
f 878/1759/1759 880/1761/1761 879/1760/1760 877/1758/1758
f 880/1764/1764 881/1763/1763 882/1765/1765 879/1762/1762
f 881/1767/1767 884/1769/1769 883/1768/1768 882/1766/1766
f 884/1771/1771 878/1773/1773 877/1772/1772 883/1770/1770
f 886/1775/1775 888/1777/1777 887/1776/1776 885/1774/1774
f 888/1781/1781 890/1780/1780 889/1779/1779 887/1778/1778
f 890/1783/1783 892/1785/1785 891/1784/1784 889/1782/1782
f 892/1789/1789 886/1787/1787 885/1788/1788 891/1786/1786
f 894/1791/1791 896/1793/1793 895/1792/1792 893/1790/1790
f 896/1797/1797 898/1796/1796 897/1795/1795 895/1794/1794
f 898/1799/1799 900/1801/1801 899/1800/1800 897/1798/1798
f 900/1803/1803 894/1805/1805 893/1804/1804 899/1802/1802
f 902/1807/1807 903/1808/1808 904/1809/1809 901/1806/1806
f 903/1812/1812 905/1811/1811 906/1813/1813 904/1810/1810
f 905/1816/1816 907/1815/1815 908/1817/1817 906/1814/1814
f 907/1821/1821 902/1820/1820 901/1819/1819 908/1818/1818
f 910/1823/1823 912/1825/1825 911/1824/1824 909/1822/1822
f 912/1827/1827 914/1829/1829 913/1828/1828 911/1826/1826
f 914/1831/1831 916/1833/1833 915/1832/1832 913/1830/1830
f 916/1835/1835 910/1837/1837 909/1836/1836 915/1834/1834
f 918/1839/1839 920/1841/1841 919/1840/1840 917/1838/1838
f 920/1842/1842 921/1843/1843 922/1844/1844 919/1845/1845
f 921/1849/1849 924/1848/1848 923/1847/1847 922/1846/1846
f 924/1851/1851 918/1853/1853 917/1852/1852 923/1850/1850
f 926/1855/1855 928/1857/1857 927/1856/1856 925/1854/1854
f 928/1859/1859 930/1861/1861 929/1860/1860 927/1858/1858
f 930/1863/1863 931/1864/1864 932/1865/1865 929/1862/1862
f 931/1867/1867 926/1869/1869 925/1868/1868 932/1866/1866
f 934/1871/1871 936/1873/1873 935/1872/1872 933/1870/1870
f 936/1875/1875 938/1877/1877 937/1876/1876 935/1874/1874
f 938/1878/1878 939/1879/1879 940/1880/1880 937/1881/1881
f 939/1885/1885 934/1884/1884 933/1883/1883 940/1882/1882
f 942/1887/1887 943/1888/1888 944/1889/1889 941/1886/1886
f 943/1891/1891 946/1893/1893 945/1892/1892 944/1890/1890
f 946/1895/1895 948/1897/1897 947/1896/1896 945/1894/1894
f 948/1899/1899 942/1901/1901 941/1900/1900 947/1898/1898
f 950/1903/1903 952/1905/1905 951/1904/1904 949/1902/1902
f 952/1907/1907 954/1909/1909 953/1908/1908 951/1906/1906
f 954/1911/1911 956/1913/1913 955/1912/1912 953/1910/1910
f 956/1915/1915 950/1917/1917 949/1916/1916 955/1914/1914
f 958/1919/1919 960/1921/1921 959/1920/1920 957/1918/1918
f 960/1923/1923 962/1925/1925 961/1924/1924 959/1922/1922
f 962/1927/1927 963/1928/1928 964/1929/1929 961/1926/1926
f 963/1932/1932 958/1933/1933 957/1931/1931 964/1930/1930
f 966/1935/1935 968/1937/1937 967/1936/1936 965/1934/1934
f 968/1939/1939 970/1941/1941 969/1940/1940 967/1938/1938
f 970/1943/1943 972/1945/1945 971/1944/1944 969/1942/1942
f 972/1947/1947 966/1948/1948 965/1949/1949 971/1946/1946
f 974/1951/1951 976/1953/1953 975/1952/1952 973/1950/1950
f 976/1955/1955 978/1957/1957 977/1956/1956 975/1954/1954
f 978/1959/1959 980/1961/1961 979/1960/1960 977/1958/1958
f 980/1963/1963 974/1965/1965 973/1964/1964 979/1962/1962
f 982/1967/1967 983/1968/1968 984/1969/1969 981/1966/1966
f 983/1971/1971 986/1973/1973 985/1972/1972 984/1970/1970
f 986/1975/1975 988/1977/1977 987/1976/1976 985/1974/1974
f 988/1978/1978 982/1980/1980 981/1979/1979 987/1981/1981
f 990/1983/1983 992/1985/1985 991/1984/1984 989/1982/1982
f 992/1987/1987 994/1989/1989 993/1988/1988 991/1986/1986
f 994/1991/1991 996/1993/1993 995/1992/1992 993/1990/1990
f 996/1995/1995 990/1997/1997 989/1996/1996 995/1994/1994
f 998/1999/1999 1000/2001/2001 999/2000/2000 997/1998/1998
f 1000/2005/2005 1002/2004/2004 1001/2003/2003 999/2002/2002
f 1002/2007/2007 1004/2009/2009 1003/2008/2008 1001/2006/2006
f 1004/2011/2011 998/2013/2013 997/2012/2012 1003/2010/2010
f 1006/2015/2015 1008/2017/2017 1007/2016/2016 1005/2014/2014
f 1008/2019/2019 1010/2021/2021 1009/2020/2020 1007/2018/2018
f 1010/2024/2024 1011/2023/2023 1012/2025/2025 1009/2022/2022
f 1011/2027/2027 1006/2029/2029 1005/2028/2028 1012/2026/2026
f 1015/2032/2032 1016/2033/2033 1014/2031/2031 1013/2030/2030
f 1016/2034/2034 1018/2037/2037 1017/2035/2035 1014/2036/2036
f 1018/2041/2041 1020/2040/2040 1019/2039/2039 1017/2038/2038
f 1020/2043/2043 1015/2045/2045 1013/2044/2044 1019/2042/2042
f 1022/2047/2047 1024/2049/2049 1023/2048/2048 1021/2046/2046
f 1024/2051/2051 1025/2052/2052 1026/2053/2053 1023/2050/2050
f 1025/2054/2054 1028/2056/2056 1027/2055/2055 1026/2057/2057
f 1028/2059/2059 1022/2061/2061 1021/2060/2060 1027/2058/2058
f 1031/2064/2064 1032/2065/2065 1030/2063/2063 1029/2062/2062
f 1032/2067/2067 1034/2069/2069 1033/2068/2068 1030/2066/2066
f 1034/2071/2071 1035/2072/2072 1036/2073/2073 1033/2070/2070
f 1035/2075/2075 1031/2077/2077 1029/2076/2076 1036/2074/2074
f 1038/2079/2079 1040/2081/2081 1039/2080/2080 1037/2078/2078
f 1040/2083/2083 1042/2085/2085 1041/2084/2084 1039/2082/2082
f 1042/2089/2089 1044/2088/2088 1043/2087/2087 1041/2086/2086
f 1044/2091/2091 1038/2093/2093 1037/2092/2092 1043/2090/2090
f 1046/2095/2095 1048/2097/2097 1047/2096/2096 1045/2094/2094
f 1048/2099/2099 1050/2101/2101 1049/2100/2100 1047/2098/2098
f 1050/2103/2103 1052/2105/2105 1051/2104/2104 1049/2102/2102
f 1052/2107/2107 1046/2109/2109 1045/2108/2108 1051/2106/2106
f 1054/2111/2111 1056/2113/2113 1055/2112/2112 1053/2110/2110
f 1056/2115/2115 1058/2117/2117 1057/2116/2116 1055/2114/2114
f 1058/2118/2118 1060/2120/2120 1059/2119/2119 1057/2121/2121
f 1060/2123/2123 1054/2125/2125 1053/2124/2124 1059/2122/2122
f 1062/2127/2127 1064/2129/2129 1063/2128/2128 1061/2126/2126
f 1064/2131/2131 1066/2133/2133 1065/2132/2132 1063/2130/2130
f 1066/2135/2135 1068/2137/2137 1067/2136/2136 1065/2134/2134
f 1068/2139/2139 1062/2141/2141 1061/2140/2140 1067/2138/2138
f 1070/2143/2143 1072/2145/2145 1071/2144/2144 1069/2142/2142
f 1072/2147/2147 1074/2149/2149 1073/2148/2148 1071/2146/2146
f 1074/2150/2150 1076/2152/2152 1075/2151/2151 1073/2153/2153
f 1076/2154/2154 1070/2156/2156 1069/2155/2155 1075/2157/2157
f 1078/2159/2159 1080/2161/2161 1079/2160/2160 1077/2158/2158
f 1080/2163/2163 1082/2165/2165 1081/2164/2164 1079/2162/2162
f 1082/2167/2167 1084/2169/2169 1083/2168/2168 1081/2166/2166
f 1084/2172/2172 1078/2173/2173 1077/2171/2171 1083/2170/2170
f 1086/2175/2175 1088/2177/2177 1087/2176/2176 1085/2174/2174
f 1088/2179/2179 1090/2181/2181 1089/2180/2180 1087/2178/2178
f 1090/2183/2183 1092/2185/2185 1091/2184/2184 1089/2182/2182
f 1092/2186/2186 1086/2188/2188 1085/2187/2187 1091/2189/2189
f 1094/2191/2191 1096/2193/2193 1095/2192/2192 1093/2190/2190
f 1096/2195/2195 1098/2197/2197 1097/2196/2196 1095/2194/2194
f 1098/2199/2199 1100/2201/2201 1099/2200/2200 1097/2198/2198
f 1100/2203/2203 1094/2205/2205 1093/2204/2204 1099/2202/2202
f 1102/2207/2207 1103/2208/2208 1104/2209/2209 1101/2206/2206
f 1103/2211/2211 1106/2213/2213 1105/2212/2212 1104/2210/2210
f 1106/2217/2217 1108/2216/2216 1107/2215/2215 1105/2214/2214
f 1108/2219/2219 1102/2220/2220 1101/2221/2221 1107/2218/2218
f 1110/2223/2223 1112/2225/2225 1111/2224/2224 1109/2222/2222
f 1112/2227/2227 1114/2229/2229 1113/2228/2228 1111/2226/2226
f 1114/2230/2230 1116/2232/2232 1115/2231/2231 1113/2233/2233
f 1116/2235/2235 1110/2237/2237 1109/2236/2236 1115/2234/2234
f 1118/2239/2239 1119/2240/2240 1120/2241/2241 1117/2238/2238
f 1119/2243/2243 1122/2245/2245 1121/2244/2244 1120/2242/2242
f 1122/2247/2247 1124/2249/2249 1123/2248/2248 1121/2246/2246
f 1124/2251/2251 1118/2253/2253 1117/2252/2252 1123/2250/2250
f 1126/2255/2255 1128/2257/2257 1127/2256/2256 1125/2254/2254
f 1128/2259/2259 1130/2261/2261 1129/2260/2260 1127/2258/2258
f 1130/2263/2263 1132/2265/2265 1131/2264/2264 1129/2262/2262
f 1132/2267/2267 1126/2269/2269 1125/2268/2268 1131/2266/2266
f 1133/2270/2270 1135/2272/2272 1134/2271/2271 1136/2273/2273
f 1135/2275/2275 1138/2277/2277 1137/2276/2276 1134/2274/2274
f 1138/2279/2279 1140/2281/2281 1139/2280/2280 1137/2278/2278
f 1140/2282/2282 1133/2284/2284 1136/2283/2283 1139/2285/2285
f 1142/2287/2287 1144/2289/2289 1143/2288/2288 1141/2286/2286
f 1144/2292/2292 1145/2291/2291 1146/2293/2293 1143/2290/2290
f 1145/2294/2294 1148/2296/2296 1147/2295/2295 1146/2297/2297
f 1148/2298/2298 1142/2300/2300 1141/2299/2299 1147/2301/2301
f 1149/2302/2302 1151/2304/2304 1150/2303/2303 1152/2305/2305
f 1151/2307/2307 1154/2309/2309 1153/2308/2308 1150/2306/2306
f 1154/2311/2311 1155/2312/2312 1156/2313/2313 1153/2310/2310
f 1155/2315/2315 1149/2317/2317 1152/2316/2316 1156/2314/2314
f 1158/2319/2319 1160/2321/2321 1159/2320/2320 1157/2318/2318
f 1160/2323/2323 1162/2325/2325 1161/2324/2324 1159/2322/2322
f 1162/2327/2327 1164/2329/2329 1163/2328/2328 1161/2326/2326
f 1164/2331/2331 1158/2333/2333 1157/2332/2332 1163/2330/2330
f 1165/2334/2334 1167/2336/2336 1166/2335/2335 1168/2337/2337
f 1167/2339/2339 1170/2341/2341 1169/2340/2340 1166/2338/2338
f 1170/2344/2344 1171/2343/2343 1172/2345/2345 1169/2342/2342
f 1171/2347/2347 1165/2349/2349 1168/2348/2348 1172/2346/2346
f 1173/2350/2350 1175/2352/2352 1174/2351/2351 1176/2353/2353
f 1175/2355/2355 1177/2356/2356 1178/2357/2357 1174/2354/2354
f 1177/2359/2359 1180/2361/2361 1179/2360/2360 1178/2358/2358
f 1180/2363/2363 1173/2365/2365 1176/2364/2364 1179/2362/2362
f 1182/2367/2367 1184/2369/2369 1183/2368/2368 1181/2366/2366
f 1184/2371/2371 1186/2373/2373 1185/2372/2372 1183/2370/2370
f 1186/2374/2374 1188/2376/2376 1187/2375/2375 1185/2377/2377
f 1188/2379/2379 1182/2381/2381 1181/2380/2380 1187/2378/2378
f 1190/2383/2383 1192/2385/2385 1191/2384/2384 1189/2382/2382
f 1192/2387/2387 1194/2389/2389 1193/2388/2388 1191/2386/2386
f 1194/2391/2391 1196/2393/2393 1195/2392/2392 1193/2390/2390
f 1196/2395/2395 1190/2397/2397 1189/2396/2396 1195/2394/2394
f 1197/2398/2398 1199/2400/2400 1198/2399/2399 1200/2401/2401
f 1199/2403/2403 1202/2405/2405 1201/2404/2404 1198/2402/2402
f 1202/2407/2407 1204/2409/2409 1203/2408/2408 1201/2406/2406
f 1204/2411/2411 1197/2413/2413 1200/2412/2412 1203/2410/2410
f 1206/2415/2415 1208/2417/2417 1207/2416/2416 1205/2414/2414
f 1208/2418/2418 1209/2419/2419 1210/2420/2420 1207/2421/2421
f 1209/2423/2423 1212/2425/2425 1211/2424/2424 1210/2422/2422
f 1212/2427/2427 1206/2429/2429 1205/2428/2428 1211/2426/2426
f 1214/2431/2431 1216/2433/2433 1215/2432/2432 1213/2430/2430
f 1216/2435/2435 1218/2437/2437 1217/2436/2436 1215/2434/2434
f 1218/2439/2439 1220/2441/2441 1219/2440/2440 1217/2438/2438
f 1220/2443/2443 1214/2445/2445 1213/2444/2444 1219/2442/2442
f 1221/2446/2446 1223/2448/2448 1222/2447/2447 1224/2449/2449
f 1223/2452/2452 1225/2451/2451 1226/2453/2453 1222/2450/2450
f 1225/2455/2455 1228/2457/2457 1227/2456/2456 1226/2454/2454
f 1228/2459/2459 1221/2461/2461 1224/2460/2460 1227/2458/2458
f 1232/2465/2465 1231/2464/2464 1230/2463/2463 1229/2462/2462
f 1231/2466/2466 1234/2468/2468 1233/2467/2467 1230/2469/2469
f 1234/2472/2472 1235/2471/2471 1236/2473/2473 1233/2470/2470
f 1235/2475/2475 1232/2477/2477 1229/2476/2476 1236/2474/2474
f 1238/2479/2479 1240/2481/2481 1239/2480/2480 1237/2478/2478
f 1240/2483/2483 1242/2485/2485 1241/2484/2484 1239/2482/2482
f 1242/2487/2487 1244/2489/2489 1243/2488/2488 1241/2486/2486
f 1244/2491/2491 1238/2493/2493 1237/2492/2492 1243/2490/2490
f 1246/2495/2495 1247/2496/2496 1248/2497/2497 1245/2494/2494
f 1247/2499/2499 1250/2501/2501 1249/2500/2500 1248/2498/2498
f 1250/2503/2503 1252/2505/2505 1251/2504/2504 1249/2502/2502
f 1252/2507/2507 1246/2509/2509 1245/2508/2508 1251/2506/2506
f 1256/2513/2513 1255/2512/2512 1254/2511/2511 1253/2510/2510
f 1255/2515/2515 1258/2517/2517 1257/2516/2516 1254/2514/2514
f 1258/2519/2519 1260/2521/2521 1259/2520/2520 1257/2518/2518
f 1260/2523/2523 1256/2524/2524 1253/2525/2525 1259/2522/2522
f 1262/2527/2527 1264/2529/2529 1263/2528/2528 1261/2526/2526
f 1264/2531/2531 1266/2533/2533 1265/2532/2532 1263/2530/2530
f 1266/2535/2535 1268/2537/2537 1267/2536/2536 1265/2534/2534
f 1268/2539/2539 1262/2540/2540 1261/2541/2541 1267/2538/2538
f 1270/2543/2543 1272/2545/2545 1271/2544/2544 1269/2542/2542
f 1272/2547/2547 1274/2549/2549 1273/2548/2548 1271/2546/2546
f 1274/2551/2551 1276/2553/2553 1275/2552/2552 1273/2550/2550
f 1276/2557/2557 1270/2556/2556 1269/2555/2555 1275/2554/2554
f 1278/2559/2559 1280/2561/2561 1279/2560/2560 1277/2558/2558
f 1280/2563/2563 1282/2565/2565 1281/2564/2564 1279/2562/2562
f 1282/2567/2567 1284/2569/2569 1283/2568/2568 1281/2566/2566
f 1284/2573/2573 1278/2572/2572 1277/2571/2571 1283/2570/2570
f 1286/2575/2575 1288/2577/2577 1287/2576/2576 1285/2574/2574
f 1288/2581/2581 1290/2580/2580 1289/2579/2579 1287/2578/2578
f 1290/2585/2585 1292/2584/2584 1291/2583/2583 1289/2582/2582
f 1292/2587/2587 1286/2589/2589 1285/2588/2588 1291/2586/2586
f 1294/2591/2591 1296/2593/2593 1295/2592/2592 1293/2590/2590
f 1296/2595/2595 1298/2597/2597 1297/2596/2596 1295/2594/2594
f 1298/2599/2599 1300/2601/2601 1299/2600/2600 1297/2598/2598
f 1300/2602/2602 1294/2604/2604 1293/2603/2603 1299/2605/2605
f 1304/2609/2609 1303/2608/2608 1302/2607/2607 1301/2606/2606
f 1303/2611/2611 1306/2613/2613 1305/2612/2612 1302/2610/2610
f 1306/2615/2615 1308/2617/2617 1307/2616/2616 1305/2614/2614
f 1308/2619/2619 1304/2621/2621 1301/2620/2620 1307/2618/2618
f 1309/2622/2622 1310/2623/2623 1311/2624/2624 1312/2625/2625
f 1310/2627/2627 1314/2629/2629 1313/2628/2628 1311/2626/2626
f 1314/2631/2631 1315/2632/2632 1316/2633/2633 1313/2630/2630
f 1315/2635/2635 1309/2637/2637 1312/2636/2636 1316/2634/2634
f 1318/2639/2639 1320/2641/2641 1319/2640/2640 1317/2638/2638
f 1320/2643/2643 1322/2645/2645 1321/2644/2644 1319/2642/2642
f 1322/2647/2647 1324/2649/2649 1323/2648/2648 1321/2646/2646
f 1324/2650/2650 1318/2653/2653 1317/2651/2651 1323/2652/2652
f 1326/2655/2655 1328/2657/2657 1327/2656/2656 1325/2654/2654
f 1328/2659/2659 1330/2661/2661 1329/2660/2660 1327/2658/2658
f 1330/2663/2663 1332/2665/2665 1331/2664/2664 1329/2662/2662
f 1332/2666/2666 1326/2668/2668 1325/2667/2667 1331/2669/2669
f 1334/2671/2671 1336/2673/2673 1335/2672/2672 1333/2670/2670
f 1336/2675/2675 1338/2677/2677 1337/2676/2676 1335/2674/2674
f 1338/2679/2679 1340/2681/2681 1339/2680/2680 1337/2678/2678
f 1340/2682/2682 1334/2684/2684 1333/2683/2683 1339/2685/2685
f 1342/2687/2687 1344/2689/2689 1343/2688/2688 1341/2686/2686
f 1344/2691/2691 1346/2693/2693 1345/2692/2692 1343/2690/2690
f 1346/2695/2695 1348/2697/2697 1347/2696/2696 1345/2694/2694
f 1348/2701/2701 1342/2699/2699 1341/2700/2700 1347/2698/2698
f 1350/2703/2703 1352/2705/2705 1351/2704/2704 1349/2702/2702
f 1352/2707/2707 1353/2708/2708 1354/2709/2709 1351/2706/2706
f 1353/2711/2711 1355/2712/2712 1356/2713/2713 1354/2710/2710
f 1355/2714/2714 1350/2716/2716 1349/2715/2715 1356/2717/2717
f 1358/2719/2719 1360/2721/2721 1359/2720/2720 1357/2718/2718
f 1360/2723/2723 1362/2725/2725 1361/2724/2724 1359/2722/2722
f 1362/2727/2727 1363/2728/2728 1364/2729/2729 1361/2726/2726
f 1363/2730/2730 1358/2732/2732 1357/2731/2731 1364/2733/2733
f 1366/2735/2735 1368/2737/2737 1367/2736/2736 1365/2734/2734
f 1368/2739/2739 1370/2741/2741 1369/2740/2740 1367/2738/2738
f 1370/2743/2743 1372/2745/2745 1371/2744/2744 1369/2742/2742
f 1372/2746/2746 1366/2748/2748 1365/2747/2747 1371/2749/2749
f 1373/2750/2750 1375/2752/2752 1374/2751/2751 1376/2753/2753
f 1375/2757/2757 1378/2756/2756 1377/2755/2755 1374/2754/2754
f 1378/2759/2759 1379/2760/2760 1380/2761/2761 1377/2758/2758
f 1379/2763/2763 1373/2765/2765 1376/2764/2764 1380/2762/2762
f 1382/2767/2767 1384/2769/2769 1383/2768/2768 1381/2766/2766
f 1384/2771/2771 1386/2773/2773 1385/2772/2772 1383/2770/2770
f 1386/2775/2775 1387/2776/2776 1388/2777/2777 1385/2774/2774
f 1387/2781/2781 1382/2780/2780 1381/2779/2779 1388/2778/2778
f 1390/2783/2783 1391/2784/2784 1392/2785/2785 1389/2782/2782
f 1391/2787/2787 1394/2789/2789 1393/2788/2788 1392/2786/2786
f 1394/2790/2790 1396/2792/2792 1395/2791/2791 1393/2793/2793
f 1396/2795/2795 1390/2797/2797 1389/2796/2796 1395/2794/2794
f 1398/2799/2799 1400/2801/2801 1399/2800/2800 1397/2798/2798
f 1400/2803/2803 1402/2805/2805 1401/2804/2804 1399/2802/2802
f 1402/2807/2807 1404/2809/2809 1403/2808/2808 1401/2806/2806
f 1404/2813/2813 1398/2811/2811 1397/2812/2812 1403/2810/2810
f 1406/2815/2815 1408/2817/2817 1407/2816/2816 1405/2814/2814
f 1408/2819/2819 1410/2821/2821 1409/2820/2820 1407/2818/2818
f 1410/2823/2823 1412/2825/2825 1411/2824/2824 1409/2822/2822
f 1412/2827/2827 1406/2829/2829 1405/2828/2828 1411/2826/2826
f 664/2831/2831 663/2830/2830 563/2832/2832 564/2833/2833
f 570/2835/2835 569/2834/2834 467/2836/2836 468/2837/2837
f 474/2838/2838 473/2841/2841 370/2839/2839 371/2840/2840
f 672/2843/2843 666/2845/2845 665/2844/2844 671/2842/2842
f 1414/2847/2847 1413/2846/2846 769/2848/2848 770/2849/2849
f 1416/2851/2851 1415/2850/2850 1413/2852/2852 1414/2853/2853
f 1418/2855/2855 1417/2854/2854 1420/2859/2859
f 1417/2854/2854 1419/2858/2858 1416/2857/2857 1420/2859/2859
f 1416/2857/2857 1419/2858/2858 1415/2856/2856
f 921/2887/2887 914/2884/2884 924/2888/2888
f 914/2884/2884 921/2887/2887 916/2885/2885
f 910/2882/2882 902/2879/2879 907/2881/2881 912/2883/2883
f 890/2873/2873 894/2875/2875 902/2879/2879 910/2882/2882
f 878/2870/2870 884/2869/2869 921/2887/2887 920/2886/2886
f 892/2874/2874 890/2873/2873 910/2882/2882 916/2885/2885
f 916/2885/2885 921/2887/2887 884/2869/2869 892/2874/2874
f 881/2868/2868 886/2871/2871 892/2874/2874 884/2869/2869
f 962/2889/2889 903/2880/2880 900/2878/2878 970/2895/2895
f 1421/2892/2892 1020/2920/2920 1022/2921/2921 1422/2923/2923
f 1015/2917/2917 1421/2892/2892 963/2890/2890
f 1421/2892/2892 958/2891/2891 963/2890/2890
f 894/2875/2875 900/2878/2878 903/2880/2880 902/2879/2879
f 888/2872/2872 896/2876/2876 894/2875/2875 890/2873/2873
f 970/2895/2895 968/2894/2894 963/2890/2890 962/2889/2889
f 963/2890/2890 968/2894/2894 1010/2915/2915 1015/2917/2917
f 966/2893/2893 1011/2916/2916 1010/2915/2915 968/2894/2894
f 898/2877/2877 972/2896/2896 970/2895/2895 900/2878/2878
f 888/2872/2872 886/2871/2871 866/2867/2867 864/2866/2866
f 886/2871/2871 881/2868/2868 876/2955/2955 866/2867/2867
f 898/2877/2877 896/2876/2876 778/2865/2865 776/2864/2864
f 978/2899/2899 776/2864/2864 980/2900/2900
f 864/2866/2866 778/2865/2865 896/2876/2876 888/2872/2872
f 980/2900/2900 776/2864/2864 774/2863/2863
f 980/2900/2900 774/2863/2863 983/2902/2902
f 776/2864/2864 978/2899/2899 972/2896/2896 898/2877/2877
f 978/2899/2899 976/2898/2898 972/2896/2896
f 966/2893/2893 972/2896/2896 976/2898/2898
f 1002/2911/2911 976/2898/2898 974/2897/2897
f 966/2893/2893 976/2898/2898 1000/2910/2910
f 966/2893/2893 1000/2910/2910 1011/2916/2916
f 1002/2911/2911 974/2897/2897 982/2901/2901
f 980/2900/2900 983/2902/2902 974/2897/2897
f 774/2863/2863 986/2903/2903 983/2902/2902
f 672/2862/2862 992/2906/2906 988/2904/2904
f 988/2904/2904 992/2906/2906 990/2905/2905 982/2901/2901
f 683/2954/2954 672/2862/2862 988/2904/2904
f 982/2901/2901 974/2897/2897 983/2902/2902
f 1002/2911/2911 1000/2910/2910 976/2898/2898
f 1024/2922/2922 1022/2921/2921 1020/2920/2920 1018/2919/2919
f 1421/2892/2892 1015/2917/2917 1020/2920/2920
f 1423/2927/2927 1044/2926/2926 1042/2925/2925
f 1008/2914/2914 1016/2918/2918 1010/2915/2915
f 1015/2917/2917 1010/2915/2915 1016/2918/2918
f 1008/2914/2914 1046/2928/2928 1040/2924/2924 1016/2918/2918
f 1046/2928/2928 1052/2931/2931 1040/2924/2924
f 1042/2925/2925 1040/2924/2924 1052/2931/2931
f 1046/2928/2928 1008/2914/2914 1006/2913/2913 1048/2929/2929
f 1110/2944/2944 1119/2949/2949 1042/2925/2925 1052/2931/2931
f 1423/2927/2927 1132/2952/2952 1426/2953/2953
f 1118/2948/2948 1132/2952/2952 1423/2927/2927
f 1423/2927/2927 1042/2925/2925 1119/2949/2949
f 1124/2951/2951 1126/2860/2860 1118/2948/2948
f 1132/2952/2952 1118/2948/2948 1126/2860/2860
f 1119/2949/2949 1118/2948/2948 1423/2927/2927
f 1052/2931/2931 1050/2930/2930 1112/2945/2945 1110/2944/2944
f 1110/2944/2944 1116/2947/2947 1122/2950/2950 1119/2949/2949
f 1112/2945/2945 1050/2930/2930 1060/2935/2935 1108/2941/2941
f 998/2909/2909 1006/2913/2913 1011/2916/2916
f 998/2909/2909 1054/2932/2932 1048/2929/2929 1006/2913/2913
f 1004/2912/2912 1056/2933/2933 1054/2932/2932 998/2909/2909
f 1054/2932/2932 1060/2935/2935 1050/2930/2930 1048/2929/2929
f 1004/2912/2912 996/2908/2908 1062/2936/2936 1056/2933/2933
f 982/2901/2901 990/2905/2905 1002/2911/2911
f 990/2905/2905 996/2908/2908 1004/2912/2912 1002/2911/2911
f 996/2908/2908 994/2907/2907 1062/2936/2936
f 992/2906/2906 670/2861/2861 994/2907/2907
f 672/2862/2862 670/2861/2861 992/2906/2906
f 998/2909/2909 1011/2916/2916 1000/2910/2910
f 1108/2941/2941 1060/2935/2935 1425/2943/2943
f 1425/2943/2943 1060/2935/2935 1058/2934/2934
f 1108/2941/2941 1106/2940/2940 1114/2946/2946 1112/2945/2945
f 1102/2942/2942 1108/2941/2941 1425/2943/2943
f 1062/2936/2936 994/2907/2907 1064/2937/2937
f 1056/2933/2933 1062/2936/2936 1058/2934/2934
f 1058/2934/2934 1062/2936/2936 1068/2938/2938
f 1068/2938/2938 1424/2939/2939 1425/2943/2943 1058/2934/2934
f 1338/3120/3120 1336/3119/3119 364/2959/2959 365/2958/2958
f 1336/3119/3119 1209/3100/3100 367/3124/3124 364/2959/2959
f 400/2965/2965 398/2964/2964 373/2970/2970 376/2969/2969
f 371/3125/3125 373/2970/2970 384/2962/2962
f 398/2964/2964 448/2968/2968 373/2970/2970
f 448/2968/2968 447/2967/2967 373/2970/2970
f 446/2966/2966 373/2970/2970 447/2967/2967
f 446/2966/2966 386/2963/2963 373/2970/2970
f 1334/3118/3118 1212/3101/3101 1209/3100/3100 1336/3119/3119
f 1199/3099/3099 1212/3101/3101 1334/3118/3118 1328/3134/3134
f 1212/3101/3101 1199/3099/3099 1197/3098/3098 1206/3102/3102
f 1194/3097/3097 380/2960/2960 1206/3102/3102 1197/3098/3098
f 1194/3097/3097 1192/3096/3096 382/2961/2961 380/2960/2960
f 382/2961/2961 474/3135/3135 371/3125/3125 384/2962/2962
f 386/2963/2963 384/2962/2962 373/2970/2970
f 496/2976/2976 472/3136/3136 474/3135/3135
f 508/2977/2977 496/2976/2976 474/3135/3135
f 474/3135/3135 382/2961/2961 508/2977/2977
f 1192/3096/3096 508/2977/2977 382/2961/2961
f 494/2975/2975 470/3126/3126 496/2976/2976
f 496/2976/2976 470/3126/3126 472/3136/3136
f 494/2975/2975 544/2980/2980 470/3126/3126
f 482/2974/2974 470/3126/3126 542/2978/2978
f 544/2980/2980 543/2979/2979 470/3126/3126
f 542/2978/2978 470/3126/3126 543/2979/2979
f 480/2973/2973 468/3127/3127 470/3126/3126
f 508/2977/2977 1192/3096/3096 1190/3095/3095 476/2971/2971
f 478/2972/2972 476/2971/2971 1098/3076/3076 1096/3075/3075
f 478/2972/2972 1096/3075/3075 604/2987/2987
f 604/2987/2987 592/2986/2986 570/3137/3137
f 570/3137/3137 592/2986/2986 568/3138/3138
f 478/2972/2972 604/2987/2987 570/3137/3137
f 480/2973/2973 478/2972/2972 570/3137/3137
f 640/2990/2990 566/3128/3128 590/2985/2985
f 592/2986/2986 590/2985/2985 566/3128/3128
f 468/3127/3127 480/2973/2973 570/3137/3137
f 480/2973/2973 470/3126/3126 482/2974/2974
f 604/2987/2987 1096/3075/3075 1094/3074/3074 572/2981/2981
f 1270/3110/3110 1284/3115/3115 1282/3114/3114 1272/3111/3111
f 1430/3123/3123 1272/3111/3111 1282/3114/3114 1429/3117/3117
f 1406/3121/3121 1430/3123/3123 1408/3122/3122
f 1274/3112/3112 1272/3111/3111 1430/3123/3123
f 1255/3104/3104 1256/3103/3103 1278/3116/3116 1284/3115/3115
f 1284/3115/3115 1270/3110/3110 1262/3105/3105 1255/3104/3104
f 1133/3085/3085 1148/3090/3090 1145/3089/3089 1135/3086/3086
f 1145/3089/3089 1427/3092/3092 1135/3086/3086
f 1274/3112/3112 1430/3123/3123 1406/3121/3121
f 1276/3113/3113 1264/3106/3106 1262/3105/3105 1270/3110/3110
f 1276/3113/3113 1274/3112/3112 1420/2956/2956
f 1406/3121/3121 1420/2956/2956 1274/3112/3112
f 1264/3106/3106 1276/3113/3113 1420/2956/2956
f 1266/3107/3107 1428/3109/3109 1268/3108/3108
f 1427/3092/3092 1428/3109/3109 1135/3086/3086
f 1138/3087/3087 1135/3086/3086 1428/3109/3109
f 1420/2956/2956 1266/3107/3107 1264/3106/3106
f 1428/3109/3109 1266/3107/3107 1138/3087/3087
f 1420/2956/2956 1138/3087/3087 1266/3107/3107
f 1140/3088/3088 1138/3087/3087 1420/2956/2956
f 1098/3076/3076 1184/3094/3094 1182/3093/3093 1100/3077/3077
f 1100/3077/3077 1182/3093/3093 1175/3133/3133 1082/3073/3073
f 1082/3073/3073 1080/3072/3072 1094/3074/3074 1100/3077/3077
f 1080/3072/3072 1074/3071/3071 572/2981/2981 1094/3074/3074
f 1122/3078/3078 1142/3091/3091 1148/3090/3090 1124/3079/3079
f 572/2981/2981 1074/3071/3071 1072/3070/3070 574/2982/2982
f 1133/3085/3085 1126/3080/3080 1124/3079/3079 1148/3090/3090
f 1128/3081/3081 1126/3080/3080 1133/3085/3085 1140/3088/3088
f 1420/2956/2956 1128/3081/3081 1140/3088/3088
f 1426/3084/3084 1032/3062/3062 1423/3068/3068
f 1130/3082/3082 1426/3084/3084 1132/3083/3083
f 1034/3063/3063 1032/3062/3062 1426/3084/3084 1130/3082/3082
f 1031/3061/3061 1038/3065/3065 1044/3067/3067 1032/3062/3062
f 1130/3082/3082 1420/2956/2956 1034/3063/3063
f 1032/3062/3062 1044/3067/3067 1423/3068/3068
f 1128/3081/3081 1420/2956/2956 1130/3082/3082
f 1035/3064/3064 1034/3063/3063 1420/2956/2956
f 639/2989/2989 566/3128/3128 640/2990/2990
f 564/3129/3129 566/3128/3128 576/2983/2983
f 638/2988/2988 566/3128/3128 639/2989/2989
f 638/2988/2988 578/2984/2984 566/3128/3128
f 576/2983/2983 566/3128/3128 578/2984/2984
f 574/2982/2982 664/3139/3139 576/2983/2983
f 592/2986/2986 566/3128/3128 568/3138/3138
f 564/3129/3129 576/2983/2983 664/3139/3139
f 664/3139/3139 668/2992/2992 666/2991/2991 662/3140/3140
f 672/3130/3130 660/3143/3143 666/2991/2991
f 664/3139/3139 574/2982/2982 668/2992/2992
f 672/3130/3130 681/2994/2994 660/3143/3143
f 660/3143/3143 662/3140/3140 666/2991/2991
f 668/2992/2992 574/2982/2982 1072/3070/3070
f 704/3000/3000 680/3142/3142 660/3143/3143 681/2994/2994
f 1072/3070/3070 670/2993/2993 668/2992/2992
f 1072/3070/3070 1070/3069/3069 670/2993/2993
f 672/3130/3130 683/2995/2995 681/2994/2994
f 749/3002/3002 678/3131/3131 750/3003/3003
f 750/3003/3003 678/3131/3131 702/2999/2999
f 678/3131/3131 704/3000/3000 702/2999/2999
f 748/3001/3001 678/3131/3131 749/3002/3002
f 676/3132/3132 678/3131/3131 688/2997/2997
f 690/2998/2998 678/3131/3131 748/3001/3001
f 678/3131/3131 690/2998/2998 688/2997/2997
f 676/3132/3132 688/2997/2997 686/2996/2996 674/3141/3141
f 683/2995/2995 988/3053/3053 986/3052/3052
f 704/3000/3000 678/3131/3131 680/3142/3142
f 986/3052/3052 686/2996/2996 683/2995/2995
f 674/3141/3141 774/3009/3009 796/3008/3008 772/3144/3144
f 686/2996/2996 986/3052/3052 674/3141/3141
f 986/3052/3052 774/3009/3009 674/3141/3141
f 842/3012/3012 770/3145/3145 794/3007/3007
f 770/3145/3145 796/3008/3008 794/3007/3007
f 841/3011/3011 770/3145/3145 842/3012/3012
f 841/3011/3011 840/3010/3010 770/3145/3145
f 782/3006/3006 770/3145/3145 840/3010/3010
f 782/3006/3006 780/3005/3005 770/3145/3145
f 770/3145/3145 868/3016/3016 1414/3146/3146
f 780/3005/3005 862/3013/3013 770/3145/3145
f 870/3017/3017 1414/3146/3146 872/3018/3018
f 872/3018/3018 1414/3146/3146 874/3019/3019
f 772/3144/3144 796/3008/3008 770/3145/3145
f 874/3019/3019 868/3016/3016 866/3015/3015 876/3020/3020
f 862/3013/3013 780/3005/3005 778/3004/3004 864/3014/3014
f 868/3016/3016 770/3145/3145 862/3013/3013
f 868/3016/3016 874/3019/3019 1414/3146/3146
f 1016/3054/3054 1040/3066/3066 1038/3065/3065 1018/3055/3055
f 1031/3061/3061 1024/3056/3056 1018/3055/3055 1038/3065/3065
f 903/3024/3024 962/3050/3050 960/3049/3049 905/3025/3025
f 1422/3060/3060 950/3044/3044 958/3048/3048 1421/3051/3051
f 960/3049/3049 958/3048/3048 950/3044/3044 956/3047/3047
f 942/3040/3040 948/3043/3043 907/3026/3026 905/3025/3025
f 905/3025/3025 960/3049/3049 956/3047/3047 942/3040/3040
f 1028/3058/3058 1422/3060/3060 1022/3059/3059
f 1416/2957/2957 1025/3057/3057 1035/3064/3064
f 1024/3056/3056 1031/3061/3061 1035/3064/3064 1025/3057/3057
f 1416/2957/2957 1028/3058/3058 1025/3057/3057
f 1028/3058/3058 952/3045/3045 1422/3060/3060
f 942/3040/3040 956/3047/3047 954/3046/3046 943/3041/3041
f 1416/2957/2957 954/3046/3046 952/3045/3045
f 1416/2957/2957 943/3041/3041 954/3046/3046
f 1422/3060/3060 952/3045/3045 950/3044/3044
f 1416/2957/2957 952/3045/3045 1028/3058/3058
f 881/3023/3023 880/3022/3022 870/3017/3017 876/3020/3020
f 880/3022/3022 1414/3146/3146 870/3017/3017
f 878/3021/3021 1414/3146/3146 880/3022/3022
f 1416/2957/2957 920/3030/3030 918/3029/3029
f 914/3028/3028 934/3036/3036 928/3033/3033 924/3031/3031
f 920/3030/3030 1416/2957/2957 878/3021/3021
f 918/3029/3029 924/3031/3031 928/3033/3033 926/3032/3032
f 912/3027/3027 907/3026/3026 948/3043/3043 936/3037/3037
f 934/3036/3036 914/3028/3028 912/3027/3027
f 934/3036/3036 912/3027/3027 936/3037/3037
f 936/3037/3037 948/3043/3043 946/3042/3042 938/3038/3038
f 1416/2957/2957 938/3038/3038 946/3042/3042
f 928/3033/3033 934/3036/3036 939/3039/3039 930/3034/3034
f 1416/2957/2957 931/3035/3035 930/3034/3034
f 926/3032/3032 931/3035/3035 1416/2957/2957
f 939/3039/3039 1416/2957/2957 930/3034/3034
f 1416/2957/2957 918/3029/3029 926/3032/3032
f 938/3038/3038 1416/2957/2957 939/3039/3039
f 943/3041/3041 1416/2957/2957 946/3042/3042
f 1414/3146/3146 878/3021/3021 1416/2957/2957
f 1420/2956/2956 1416/2957/2957 1035/3064/3064
f 1433/3149/3149 1431/3147/3147 1434/3150/3150 1432/3148/3148
f 360/3153/3153 1435/3152/3152 1436/3154/3154 359/3151/3151
f 1433/3155/3155 358/3157/3157 361/3156/3156 1431/3158/3158
f 364/3160/3160 1437/3161/3161 1438/3162/3162 363/3159/3159
f 1439/3163/3163 365/3164/3164 362/3165/3165 1440/3166/3166
f 1441/3167/3167 367/3169/3169 366/3168/3168 1442/3170/3170
f 369/3172/3172 1444/3174/3174 1443/3173/3173 368/3171/3171
f 378/3176/3176 377/3175/3175 1445/3177/3177 1446/3178/3178
f 1432/3182/3182 1434/3179/3179 1417/3180/3180 1418/3181/3181
f 1458/3327/3327 1219/3325/3325 1213/3324/3324 1457/3326/3326
f 1455/3308/3308 1458/3327/3327 1187/3312/3312
f 1458/3327/3327 1457/3326/3326 1185/3311/3311 1187/3312/3312
f 1187/3312/3312 1178/3306/3306 1455/3308/3308
f 1178/3306/3306 1187/3312/3312 1181/3310/3310 1174/3307/3307
f 1099/3305/3305 1181/3310/3310 1183/3309/3309 1097/3304/3304
f 1185/3311/3311 1457/3326/3326 1456/3319/3319 1195/3316/3316
f 1456/3319/3319 1193/3315/3315 1195/3316/3316
f 1456/3319/3319 1203/3318/3318 1200/3317/3317
f 1195/3316/3316 1189/3314/3314 1183/3309/3309 1185/3311/3311
f 1097/3304/3304 1183/3309/3309 1189/3314/3314 475/3200/3200
f 1095/3302/3302 1097/3304/3304 475/3200/3200 477/3199/3199
f 1189/3314/3314 1191/3313/3313 475/3200/3200
f 571/3210/3210 1093/3303/3303 1095/3302/3302 603/3215/3215
f 569/3350/3350 477/3199/3199 479/3201/3201
f 573/3209/3209 1071/3299/3299 1073/3301/3301 571/3210/3210
f 575/3211/3211 663/3351/3351 573/3209/3209
f 1071/3299/3299 669/3221/3221 1069/3300/3300
f 1012/3295/3295 1453/3297/3297 1454/3298/3298 1009/3296/3296
f 665/3220/3220 659/3342/3342 671/3346/3346
f 667/3219/3219 663/3351/3351 661/3343/3343 665/3220/3220
f 667/3219/3219 573/3209/3209 663/3351/3351
f 573/3209/3209 667/3219/3219 1071/3299/3299
f 667/3219/3219 669/3221/3221 1071/3299/3299
f 565/3339/3339 589/3214/3214 591/3213/3213
f 603/3215/3215 1095/3302/3302 477/3199/3199
f 591/3213/3213 603/3215/3215 569/3350/3350
f 603/3215/3215 477/3199/3199 569/3350/3350
f 567/3340/3340 591/3213/3213 569/3350/3350
f 565/3339/3339 607/3216/3216 589/3214/3214
f 577/3212/3212 605/3218/3218 565/3339/3339
f 575/3211/3211 577/3212/3212 565/3339/3339
f 606/3217/3217 565/3339/3339 605/3218/3218
f 563/3341/3341 575/3211/3211 565/3339/3339
f 607/3216/3216 565/3339/3339 606/3217/3217
f 563/3341/3341 663/3351/3351 575/3211/3211
f 591/3213/3213 567/3340/3340 565/3339/3339
f 1211/3323/3323 1333/3329/3329 1335/3328/3328 1210/3322/3322
f 1335/3328/3328 1337/3330/3330 362/3185/3185 363/3184/3184
f 1210/3322/3322 1335/3328/3328 363/3184/3184 366/3187/3187
f 1193/3315/3315 1456/3319/3319 1200/3317/3317
f 1207/3320/3320 379/3190/3190 1205/3321/3321
f 368/3186/3186 1207/3320/3320 1210/3322/3322
f 377/3331/3331 368/3186/3186 1443/3188/3188
f 366/3187/3187 368/3186/3186 1210/3322/3322
f 1207/3320/3320 368/3186/3186 411/3195/3195
f 1207/3320/3320 411/3195/3195 379/3190/3190
f 372/3333/3333 397/3194/3194 399/3193/3193
f 399/3193/3193 411/3195/3195 377/3331/3331
f 377/3331/3331 374/3334/3334 399/3193/3193
f 1443/3188/3188 1445/3332/3332 377/3331/3331
f 372/3333/3333 415/3196/3196 397/3194/3194
f 368/3186/3186 377/3331/3331 411/3195/3195
f 379/3190/3190 381/3189/3189 1191/3313/3313 1193/3315/3315
f 475/3200/3200 1191/3313/3313 507/3205/3205
f 511/3206/3206 493/3204/3204 469/3336/3336
f 381/3189/3189 507/3205/3205 1191/3313/3313
f 469/3336/3336 510/3207/3207 511/3206/3206
f 383/3191/3191 370/3335/3335 473/3349/3349 381/3189/3189
f 479/3201/3201 467/3338/3338 569/3350/3350
f 469/3336/3336 479/3201/3201 481/3202/3202
f 509/3208/3208 469/3336/3336 481/3202/3202
f 467/3338/3338 479/3201/3201 469/3336/3336
f 469/3336/3336 493/3204/3204 495/3203/3203
f 510/3207/3207 469/3336/3336 509/3208/3208
f 372/3333/3333 385/3192/3192 413/3198/3198
f 413/3198/3198 414/3197/3197 372/3333/3333
f 399/3193/3193 374/3334/3334 372/3333/3333
f 414/3197/3197 415/3196/3196 372/3333/3333
f 372/3333/3333 383/3191/3191 385/3192/3192
f 507/3205/3205 473/3349/3349 471/3337/3337 495/3203/3203
f 372/3333/3333 370/3335/3335 383/3191/3191
f 495/3203/3203 471/3337/3337 469/3336/3336
f 473/3349/3349 507/3205/3205 381/3189/3189
f 964/3273/3273 1449/3275/3275 1454/3298/3298 967/3276/3276
f 967/3276/3276 1454/3298/3298 1453/3297/3297 965/3277/3277
f 967/3276/3276 969/3278/3278 961/3274/3274 964/3273/3273
f 889/3257/3257 891/3256/3256 1447/3262/3262 909/3260/3260
f 965/3277/3277 1452/3294/3294 975/3280/3280
f 975/3280/3280 971/3279/3279 965/3277/3277
f 1452/3294/3294 965/3277/3277 1453/3297/3297
f 975/3280/3280 1452/3294/3294 1451/3293/3293 973/3281/3281
f 1001/3291/3291 1452/3294/3294 999/3292/3292
f 975/3280/3280 977/3282/3282 971/3279/3279
f 977/3282/3282 775/3232/3232 897/3258/3258 971/3279/3279
f 775/3232/3232 777/3234/3234 895/3259/3259 897/3258/3258
f 887/3254/3254 895/3259/3259 777/3234/3234 863/3242/3242
f 775/3232/3232 977/3282/3282 979/3283/3283
f 863/3242/3242 865/3244/3244 885/3255/3255 887/3254/3254
f 863/3242/3242 777/3234/3234 779/3235/3235 861/3243/3243
f 923/3266/3266 917/3264/3264 925/3269/3269 927/3268/3268
f 1419/3272/3272 929/3271/3271 932/3270/3270 1415/3183/3183
f 925/3269/3269 1415/3183/3183 932/3270/3270
f 1415/3183/3183 925/3269/3269 917/3264/3264
f 1415/3183/3183 917/3264/3264 919/3263/3263
f 919/3263/3263 877/3251/3251 1415/3183/3183
f 919/3263/3263 922/3265/3265 1448/3267/3267
f 883/3253/3253 891/3256/3256 882/3252/3252
f 865/3244/3244 882/3252/3252 885/3255/3255
f 891/3256/3256 885/3255/3255 882/3252/3252
f 875/3249/3249 882/3252/3252 865/3244/3244
f 883/3253/3253 1447/3262/3262 891/3256/3256
f 877/3251/3251 1448/3267/3267 883/3253/3253
f 1447/3262/3262 883/3253/3253 1448/3267/3267
f 919/3263/3263 1448/3267/3267 877/3251/3251
f 869/3247/3247 879/3250/3250 882/3252/3252 875/3249/3249
f 879/3250/3250 869/3247/3247 1413/3354/3354
f 875/3249/3249 865/3244/3244 867/3245/3245 873/3248/3248
f 1413/3354/3354 877/3251/3251 879/3250/3250
f 1415/3183/3183 877/3251/3251 1413/3354/3354
f 909/3260/3260 1447/3262/3262 915/3261/3261
f 1451/3293/3293 1452/3294/3294 1001/3291/3291
f 991/3288/3288 1450/3290/3290 989/3289/3289
f 1450/3290/3290 981/3285/3285 1451/3293/3293
f 973/3281/3281 1451/3293/3293 981/3285/3285
f 985/3286/3286 987/3287/3287 682/3222/3222
f 985/3286/3286 682/3222/3222 685/3224/3224
f 1450/3290/3290 987/3287/3287 981/3285/3285
f 1450/3290/3290 991/3288/3288 987/3287/3287
f 684/3223/3223 682/3222/3222 671/3346/3346
f 665/3220/3220 661/3343/3343 659/3342/3342
f 684/3223/3223 659/3342/3342 679/3345/3345 703/3227/3227
f 703/3227/3227 677/3344/3344 701/3228/3228
f 715/3231/3231 716/3230/3230 677/3344/3344
f 689/3226/3226 715/3231/3231 677/3344/3344
f 703/3227/3227 679/3345/3345 677/3344/3344
f 716/3230/3230 717/3229/3229 677/3344/3344
f 717/3229/3229 701/3228/3228 677/3344/3344
f 687/3225/3225 689/3226/3226 677/3344/3344
f 984/3284/3284 979/3283/3283 973/3281/3281 981/3285/3285
f 671/3346/3346 659/3342/3342 684/3223/3223
f 809/3239/3239 769/3347/3347 808/3240/3240
f 808/3240/3240 769/3347/3347 807/3241/3241
f 979/3283/3283 773/3233/3233 775/3232/3232
f 769/3347/3347 779/3235/3235 781/3236/3236
f 867/3245/3245 861/3243/3243 769/3347/3347
f 1413/3354/3354 873/3248/3248 867/3245/3245
f 1413/3354/3354 867/3245/3245 769/3347/3347
f 781/3236/3236 807/3241/3241 769/3347/3347
f 871/3246/3246 873/3248/3248 1413/3354/3354
f 685/3224/3224 673/3353/3353 985/3286/3286
f 773/3233/3233 985/3286/3286 673/3353/3353
f 687/3225/3225 675/3352/3352 673/3353/3353 685/3224/3224
f 677/3344/3344 675/3352/3352 687/3225/3225
f 769/3347/3347 793/3238/3238 795/3237/3237
f 809/3239/3239 793/3238/3238 769/3347/3347
f 769/3347/3347 795/3237/3237 771/3348/3348
f 771/3348/3348 795/3237/3237 773/3233/3233 673/3353/3353
f 779/3235/3235 769/3347/3347 861/3243/3243
f 984/3284/3284 985/3286/3286 773/3233/3233
f 979/3283/3283 984/3284/3284 773/3233/3233
f 1413/3354/3354 869/3247/3247 871/3246/3246
f 1116/3378/3378 1149/3383/3383 1142/3379/3379 1122/3510/3510
f 1114/3377/3377 1151/3384/3384 1149/3383/3383 1116/3378/3378
f 1106/3375/3375 1158/3387/3387 1151/3384/3384 1114/3377/3377
f 1149/3383/3383 1155/3386/3386 1144/3380/3380 1142/3379/3379
f 1427/3382/3382 1145/3381/3381 1144/3380/3380
f 1155/3386/3386 1247/3427/3427 1260/3432/3432 1144/3380/3380
f 1158/3387/3387 1164/3390/3390 1154/3385/3385 1151/3384/3384
f 1424/3361/3361 1086/3369/3369 1102/3373/3373 1425/3376/3376
f 1066/3359/3359 1424/3361/3361 1068/3360/3360
f 1088/3370/3370 1086/3369/3369 1424/3361/3361
f 1086/3369/3369 1092/3372/3372 1103/3374/3374 1102/3373/3373
f 1103/3374/3374 1160/3388/3388 1158/3387/3387 1106/3375/3375
f 1092/3372/3372 1165/3391/3391 1160/3388/3388 1103/3374/3374
f 1090/3371/3371 1167/3392/3392 1165/3391/3391 1092/3372/3372
f 1165/3391/3391 1171/3394/3394 1162/3389/3389 1160/3388/3388
f 1258/3431/3431 1268/3434/3434 1428/3436/3436
f 1260/3432/3432 1427/3382/3382 1144/3380/3380
f 1428/3436/3436 1427/3382/3382 1258/3431/3431
f 1258/3431/3431 1427/3382/3382 1260/3432/3432
f 1255/3430/3430 1262/3435/3435 1268/3434/3434 1258/3431/3431
f 1256/3433/3433 1260/3432/3432 1247/3427/3427 1246/3426/3426
f 1292/3444/3444 1256/3433/3433 1246/3426/3426
f 1250/3428/3428 1247/3427/3427 1154/3385/3385
f 1155/3386/3386 1154/3385/3385 1247/3427/3427
f 1240/3423/3423 1164/3390/3390 1162/3389/3389 1242/3424/3424
f 1240/3423/3423 1154/3385/3385 1164/3390/3390
f 1171/3394/3394 1235/3421/3421 1242/3424/3424 1162/3389/3389
f 1238/3422/3422 1252/3429/3429 1250/3428/3428
f 1235/3421/3421 1234/3420/3420 1242/3424/3424
f 1298/3447/3447 1238/3422/3422 1244/3425/3425
f 1244/3425/3425 1242/3424/3424 1234/3420/3420
f 1238/3422/3422 1296/3446/3446 1286/3441/3441 1252/3429/3429
f 1238/3422/3422 1250/3428/3428 1240/3423/3423
f 1240/3423/3423 1250/3428/3428 1154/3385/3385
f 1235/3421/3421 1171/3394/3394 1170/3393/3393 1232/3418/3418
f 1252/3429/3429 1292/3444/3444 1246/3426/3426
f 1070/3364/3364 1076/3363/3363 1066/3359/3359 1064/3358/3358
f 1064/3358/3358 994/3508/3508 670/3507/3507 1070/3364/3364
f 1076/3363/3363 1078/3365/3365 1088/3370/3370 1066/3359/3359
f 1084/3368/3368 1090/3371/3371 1088/3370/3370
f 1078/3365/3365 1084/3368/3368 1088/3370/3370
f 1090/3371/3371 1084/3368/3368 1173/3395/3395
f 1167/3392/3392 1090/3371/3371 1173/3395/3395
f 1088/3370/3370 1424/3361/3361 1066/3359/3359
f 1078/3365/3365 1076/3363/3363 1074/3362/3362 1080/3366/3366
f 476/3506/3506 1190/3405/3405 1184/3399/3399 1098/3509/3509
f 1182/3402/3402 1177/3397/3397 1175/3396/3396
f 1175/3396/3396 1173/3395/3395 1084/3368/3368 1082/3367/3367
f 1173/3395/3395 1180/3398/3398 1170/3393/3393 1167/3392/3392
f 1180/3398/3398 1228/3417/3417 1232/3418/3418 1170/3393/3393
f 1177/3397/3397 1221/3414/3414 1228/3417/3417 1180/3398/3398
f 1177/3397/3397 1188/3401/3401 1220/3413/3413 1221/3414/3414
f 1177/3397/3397 1182/3402/3402 1188/3401/3401
f 1232/3418/3418 1228/3417/3417 1231/3419/3419
f 1304/3449/3449 1308/3452/3452 1234/3420/3420 1231/3419/3419
f 1225/3416/3416 1231/3419/3419 1228/3417/3417
f 1223/3415/3415 1221/3414/3414 1220/3413/3413 1218/3412/3412
f 1196/3404/3404 1204/3408/3408 1214/3410/3410 1186/3400/3400
f 1186/3400/3400 1184/3399/3399 1190/3405/3405 1196/3404/3404
f 1194/3403/3403 1197/3409/3409 1204/3408/3408 1196/3404/3404
f 1214/3410/3410 1220/3413/3413 1188/3401/3401 1186/3400/3400
f 1204/3408/3408 1202/3407/3407 1216/3411/3411 1214/3410/3410
f 1223/3415/3415 1218/3412/3412 1318/3457/3457 1309/3453/3453
f 1298/3447/3447 1244/3425/3425 1234/3420/3420
f 1290/3443/3443 1278/3437/3437 1292/3444/3444
f 1278/3437/3437 1256/3433/3433 1292/3444/3444
f 1278/3437/3437 1290/3443/3443 1280/3438/3438
f 1252/3429/3429 1286/3441/3441 1292/3444/3444
f 1412/3502/3502 1418/3355/3355 1420/3505/3505 1406/3503/3503
f 1280/3438/3438 1429/3440/3440 1282/3439/3439
f 1429/3440/3440 1400/3497/3497 1408/3500/3500 1430/3504/3504
f 1396/3495/3495 1402/3498/3498 1280/3438/3438 1290/3443/3443
f 1402/3498/3498 1429/3440/3440 1280/3438/3438
f 1396/3495/3495 1290/3443/3443 1288/3442/3442
f 1296/3446/3446 1238/3422/3422 1298/3447/3447
f 1296/3446/3446 1294/3445/3445 1288/3442/3442 1286/3441/3441
f 1298/3447/3447 1308/3452/3452 1300/3448/3448
f 1298/3447/3447 1234/3420/3420 1308/3452/3452
f 1294/3445/3445 1382/3488/3488 1390/3492/3492 1288/3442/3442
f 1308/3452/3452 1306/3451/3451 1300/3448/3448
f 1306/3451/3451 1379/3487/3487 1384/3489/3489 1300/3448/3448
f 1303/3450/3450 1373/3484/3484 1379/3487/3487 1306/3451/3451
f 1300/3448/3448 1384/3489/3489 1382/3488/3488 1294/3445/3445
f 1303/3450/3450 1304/3449/3449 1315/3456/3456
f 1231/3419/3419 1225/3416/3416 1315/3456/3456 1304/3449/3449
f 1400/3497/3497 1398/3496/3496 1410/3501/3501 1408/3500/3500
f 1429/3440/3440 1402/3498/3498 1400/3497/3497
f 1396/3495/3495 1394/3494/3494 1404/3499/3499 1402/3498/3498
f 1398/3496/3496 1418/3355/3355 1410/3501/3501
f 1412/3502/3502 1410/3501/3501 1418/3355/3355
f 1418/3355/3355 1398/3496/3496 1404/3499/3499
f 1418/3355/3355 1404/3499/3499 1394/3494/3494
f 1394/3494/3494 1391/3493/3493 1418/3355/3355
f 1382/3488/3488 1387/3491/3491 1391/3493/3493 1390/3492/3492
f 1378/3486/3486 1386/3490/3490 1384/3489/3489 1379/3487/3487
f 1418/3355/3355 1391/3493/3493 1387/3491/3491
f 1378/3486/3486 1418/3355/3355 1386/3490/3490
f 1375/3485/3485 1418/3355/3355 1378/3486/3486
f 1386/3490/3490 1418/3355/3355 1387/3491/3491
f 1373/3484/3484 1303/3450/3450 1314/3455/3455 1366/3480/3480
f 1375/3485/3485 1432/3514/3514 1418/3355/3355
f 1288/3442/3442 1390/3492/3492 1396/3495/3495
f 1375/3485/3485 1373/3484/3484 1366/3480/3480 1372/3483/3483
f 1225/3416/3416 1223/3415/3415 1309/3453/3453 1315/3456/3456
f 1218/3412/3412 1216/3411/3411 1320/3458/3458 1318/3457/3457
f 1309/3453/3453 1318/3457/3457 1324/3460/3460 1310/3454/3454
f 1310/3454/3454 1368/3481/3481 1366/3480/3480 1314/3455/3455
f 1322/3459/3459 1332/3464/3464 1350/3472/3472 1360/3477/3477
f 1320/3458/3458 1326/3461/3461 1332/3464/3464 1322/3459/3459
f 1324/3460/3460 1358/3476/3476 1368/3481/3481 1310/3454/3454
f 1314/3455/3455 1303/3450/3450 1315/3456/3456
f 1216/3411/3411 1202/3407/3407 1326/3461/3461 1320/3458/3458
f 1202/3407/3407 1199/3406/3406 1328/3462/3462 1326/3461/3461
f 1328/3462/3462 1334/3467/3467 1340/3466/3466 1330/3463/3463
f 1352/3473/3473 1350/3472/3472 1332/3464/3464 1330/3463/3463
f 365/3511/3511 360/3356/3356 1344/3469/3469 1338/3465/3465
f 1435/3512/3512 365/3511/3511 1439/3513/3513
f 1344/3469/3469 1342/3468/3468 1340/3466/3466 1338/3465/3465
f 1330/3463/3463 1340/3466/3466 1342/3468/3468 1352/3473/3473
f 1360/3477/3477 1358/3476/3476 1324/3460/3460 1322/3459/3459
f 1350/3472/3472 1355/3475/3475 1362/3478/3478 1360/3477/3477
f 1363/3479/3479 1370/3482/3482 1368/3481/3481 1358/3476/3476
f 1432/3514/3514 1372/3483/3483 1370/3482/3482
f 1363/3479/3479 1362/3478/3478 1432/3514/3514
f 1432/3514/3514 1362/3478/3478 1355/3475/3475
f 1432/3514/3514 1370/3482/3482 1363/3479/3479
f 1342/3468/3468 1348/3471/3471 1353/3474/3474 1352/3473/3473
f 360/3356/3356 358/3357/3357 1346/3470/3470 1344/3469/3469
f 365/3511/3511 1435/3512/3512 360/3356/3356
f 1432/3514/3514 1353/3474/3474 1348/3471/3471
f 1432/3514/3514 1348/3471/3471 1346/3470/3470
f 1432/3514/3514 358/3357/3357 1433/3515/3515
f 1346/3470/3470 358/3357/3357 1432/3514/3514
f 1432/3514/3514 1355/3475/3475 1353/3474/3474
f 1432/3514/3514 1375/3485/3485 1372/3483/3483
f 1441/3519/3519 1437/3517/3517 364/3518/3518 367/3516/3516
f 369/3521/3521 412/3526/3526 378/3531/3531
f 378/3531/3531 400/3525/3525 375/3523/3523
f 376/3524/3524 375/3523/3523 400/3525/3525
f 412/3526/3526 400/3525/3525 378/3531/3531
f 412/3526/3526 1208/3529/3529 1206/3528/3528 380/3527/3527
f 369/3521/3521 1209/3530/3530 1208/3529/3529
f 369/3521/3521 1208/3529/3529 412/3526/3526
f 1446/3532/3532 1444/3522/3522 378/3531/3531
f 1444/3522/3522 369/3521/3521 378/3531/3531
f 367/3520/3520 1209/3530/3530 369/3521/3521
f 945/3566/3566 937/3562/3562 1419/3533/3533
f 940/3563/3563 1419/3533/3533 937/3562/3562
f 1419/3533/3533 940/3563/3563 929/3558/3558
f 937/3562/3562 945/3566/3566 947/3567/3567
f 955/3571/3571 944/3564/3564 953/3570/3570
f 1419/3533/3533 953/3570/3570 944/3564/3564
f 955/3571/3571 941/3565/3565 944/3564/3564
f 945/3566/3566 1419/3533/3533 944/3564/3564
f 933/3561/3561 929/3558/3558 940/3563/3563
f 951/3568/3568 953/3570/3570 1419/3533/3533
f 911/3550/3550 933/3561/3561 935/3560/3560
f 911/3550/3550 913/3552/3552 933/3561/3561
f 913/3552/3552 923/3555/3555 927/3559/3559 933/3561/3561
f 937/3562/3562 947/3567/3567 935/3560/3560
f 908/3549/3549 911/3550/3550 935/3560/3560
f 906/3548/3548 947/3567/3567 941/3565/3565
f 947/3567/3567 906/3548/3548 908/3549/3549
f 908/3549/3549 935/3560/3560 947/3567/3567
f 959/3572/3572 941/3565/3565 955/3571/3571
f 959/3572/3572 961/3574/3574 906/3548/3548
f 927/3559/3559 929/3558/3558 933/3561/3561
f 906/3548/3548 941/3565/3565 959/3572/3572
f 1419/3533/3533 1026/3602/3602 1027/3603/3603
f 951/3568/3568 1027/3603/3603 1021/3601/3601
f 951/3568/3568 1419/3533/3533 1027/3603/3603
f 1029/3605/3605 1023/3600/3600 1026/3602/3602
f 1036/3607/3607 1419/3533/3533 1033/3606/3606
f 1043/3611/3611 1029/3605/3605 1030/3604/3604
f 1029/3605/3605 1026/3602/3602 1036/3607/3607
f 1030/3604/3604 1033/3606/3606 1131/3652/3652
f 1029/3605/3605 1037/3609/3609 1023/3600/3600
f 1026/3602/3602 1419/3533/3533 1036/3607/3607
f 949/3569/3569 1021/3601/3601 1019/3599/3599
f 951/3568/3568 1021/3601/3601 949/3569/3569
f 955/3571/3571 949/3569/3569 957/3573/3573
f 957/3573/3573 949/3569/3569 1019/3599/3599
f 1043/3611/3611 1037/3609/3609 1029/3605/3605
f 1021/3601/3601 1017/3598/3598 1019/3599/3599
f 1023/3600/3600 1037/3609/3609 1017/3598/3598
f 1039/3608/3608 1017/3598/3598 1037/3609/3609
f 1019/3599/3599 1449/3576/3576 957/3573/3573
f 1017/3598/3598 1021/3601/3601 1023/3600/3600
f 955/3571/3571 957/3573/3573 959/3572/3572
f 1030/3604/3604 1117/3646/3646 1043/3611/3611
f 908/3549/3549 901/3547/3547 911/3550/3550
f 1129/3651/3651 1033/3606/3606 1419/3533/3533
f 915/3553/3553 923/3555/3555 913/3552/3552
f 1447/3554/3554 922/3556/3556 915/3553/3553
f 923/3555/3555 915/3553/3553 922/3556/3556
f 961/3574/3574 969/3578/3578 904/3546/3546
f 904/3546/3546 906/3548/3548 961/3574/3574
f 909/3551/3551 901/3547/3547 893/3543/3543
f 911/3550/3550 901/3547/3547 909/3551/3551
f 901/3547/3547 904/3546/3546 899/3544/3544
f 922/3556/3556 1447/3554/3554 1448/3557/3557
f 895/3542/3542 887/3541/3541 889/3540/3540
f 909/3551/3551 893/3543/3543 889/3540/3540
f 893/3543/3543 901/3547/3547 899/3544/3544
f 895/3542/3542 889/3540/3540 893/3543/3543
f 899/3544/3544 904/3546/3546 969/3578/3578
f 897/3545/3545 899/3544/3544 971/3577/3577
f 1014/3596/3596 1045/3613/3613 1007/3590/3590
f 1039/3608/3608 1014/3596/3596 1017/3598/3598
f 1014/3596/3596 1009/3592/3592 1013/3597/3597
f 1449/3576/3576 1019/3599/3599 1013/3597/3597
f 957/3573/3573 1449/3576/3576 964/3575/3575
f 1013/3597/3597 1454/3595/3595 1449/3576/3576
f 1051/3615/3615 1039/3608/3608 1041/3610/3610
f 1039/3608/3608 1051/3615/3615 1045/3613/3613
f 1045/3613/3613 1014/3596/3596 1039/3608/3608
f 1109/3642/3642 1051/3615/3615 1041/3610/3610
f 1013/3597/3597 1009/3592/3592 1454/3595/3595
f 1012/3593/3593 1005/3591/3591 997/3585/3585
f 971/3577/3577 899/3544/3544 969/3578/3578
f 1009/3592/3592 1014/3596/3596 1007/3590/3590
f 1059/3619/3619 1053/3617/3617 1047/3612/3612 1049/3614/3614
f 1007/3590/3590 1047/3612/3612 1005/3591/3591
f 1053/3617/3617 997/3585/3585 1005/3591/3591 1047/3612/3612
f 1045/3613/3613 1047/3612/3612 1007/3590/3590
f 1012/3593/3593 999/3584/3584 1453/3594/3594
f 1041/3610/3610 1043/3611/3611 1120/3645/3645
f 1417/3534/3534 1137/3655/3655 1139/3656/3656
f 1127/3649/3649 1139/3656/3656 1136/3654/3654
f 1127/3649/3649 1129/3651/3651 1417/3534/3534
f 1417/3534/3534 1139/3656/3656 1127/3649/3649
f 1417/3534/3534 1265/3713/3713 1137/3655/3655
f 1257/3709/3709 1134/3653/3653 1267/3714/3714
f 1137/3655/3655 1265/3713/3713 1267/3714/3714
f 1267/3714/3714 1134/3653/3653 1137/3655/3655
f 1263/3711/3711 1265/3713/3713 1417/3534/3534
f 1123/3648/3648 1131/3652/3652 1125/3650/3650
f 1127/3649/3649 1136/3654/3654 1125/3650/3650
f 1123/3648/3648 1147/3660/3660 1141/3658/3658
f 1131/3652/3652 1123/3648/3648 1117/3646/3646
f 1131/3652/3652 1117/3646/3646 1030/3604/3604
f 1147/3660/3660 1123/3648/3648 1125/3650/3650
f 1136/3654/3654 1134/3653/3653 1146/3659/3659
f 1257/3709/3709 1146/3659/3659 1134/3653/3653
f 1146/3659/3659 1257/3709/3709 1259/3710/3710
f 1136/3654/3654 1146/3659/3659 1147/3660/3660
f 1147/3660/3660 1125/3650/3650 1136/3654/3654
f 1129/3651/3651 1131/3652/3652 1033/3606/3606
f 1257/3709/3709 1267/3714/3714 1254/3707/3707
f 1273/3717/3717 1405/3783/3783 1407/3782/3782
f 1417/3534/3534 1405/3783/3783 1273/3717/3717
f 1275/3718/3718 1417/3534/3534 1273/3717/3717
f 1271/3715/3715 1273/3717/3717 1407/3782/3782
f 1409/3784/3784 1411/3785/3785 1417/3534/3534
f 1411/3785/3785 1405/3783/3783 1417/3534/3534
f 1397/3779/3779 1407/3782/3782 1409/3784/3784
f 1397/3779/3779 1409/3784/3784 1417/3534/3534
f 1407/3782/3782 1399/3778/3778 1271/3715/3715
f 1263/3711/3711 1417/3534/3534 1275/3718/3718
f 1283/3722/3722 1261/3712/3712 1269/3716/3716
f 1263/3711/3711 1275/3718/3718 1269/3716/3716
f 1261/3712/3712 1283/3722/3722 1254/3707/3707
f 1254/3707/3707 1267/3714/3714 1261/3712/3712
f 1281/3721/3721 1283/3722/3722 1269/3716/3716
f 1397/3779/3779 1399/3778/3778 1407/3782/3782
f 1281/3721/3721 1401/3780/3780 1279/3719/3719
f 1393/3776/3776 1401/3780/3780 1403/3781/3781
f 1281/3721/3721 1399/3778/3778 1401/3780/3780
f 1271/3715/3715 1399/3778/3778 1281/3721/3721
f 1417/3534/3534 1403/3781/3781 1397/3779/3779
f 1254/3707/3707 1283/3722/3722 1277/3720/3720
f 1281/3721/3721 1269/3716/3716 1271/3715/3715
f 1269/3716/3716 1261/3712/3712 1263/3711/3711
f 1393/3776/3776 1403/3781/3781 1417/3534/3534
f 1419/3533/3533 1417/3534/3534 1129/3651/3651
f 1152/3662/3662 1121/3647/3647 1141/3658/3658
f 1121/3647/3647 1123/3648/3648 1141/3658/3658
f 1152/3662/3662 1115/3644/3644 1121/3647/3647
f 1120/3645/3645 1121/3647/3647 1115/3644/3644
f 1156/3664/3664 1152/3662/3662 1141/3658/3658
f 1248/3703/3703 1143/3657/3657 1259/3710/3710
f 1249/3705/3705 1156/3664/3664 1248/3703/3703
f 1143/3657/3657 1248/3703/3703 1156/3664/3664
f 1156/3664/3664 1141/3658/3658 1143/3657/3657
f 1245/3704/3704 1248/3703/3703 1259/3710/3710
f 1143/3657/3657 1146/3659/3659 1259/3710/3710
f 1120/3645/3645 1115/3644/3644 1109/3642/3642
f 1105/3639/3639 1107/3640/3640 1111/3641/3641 1113/3643/3643
f 1051/3615/3615 1109/3642/3642 1111/3641/3641
f 1109/3642/3642 1041/3610/3610 1120/3645/3645
f 1251/3706/3706 1237/3700/3700 1249/3705/3705
f 1153/3663/3663 1156/3664/3664 1249/3705/3705
f 1153/3663/3663 1249/3705/3705 1239/3699/3699
f 1115/3644/3644 1150/3661/3661 1113/3643/3643
f 1163/3668/3668 1157/3666/3666 1150/3661/3661 1153/3663/3663
f 1157/3666/3666 1105/3639/3639 1113/3643/3643 1150/3661/3661
f 1150/3661/3661 1115/3644/3644 1152/3662/3662
f 1120/3645/3645 1043/3611/3611 1117/3646/3646
f 1291/3726/3726 1253/3708/3708 1277/3720/3720
f 1253/3708/3708 1254/3707/3707 1277/3720/3720
f 1253/3708/3708 1291/3726/3726 1245/3704/3704
f 1253/3708/3708 1245/3704/3704 1259/3710/3710
f 1289/3725/3725 1291/3726/3726 1277/3720/3720
f 1279/3719/3719 1401/3780/3780 1395/3777/3777
f 1393/3776/3776 1395/3777/3777 1401/3780/3780
f 1289/3725/3725 1395/3777/3777 1389/3775/3775
f 1279/3719/3719 1395/3777/3777 1289/3725/3725
f 1289/3725/3725 1277/3720/3720 1279/3719/3719
f 1245/3704/3704 1291/3726/3726 1285/3724/3724
f 1293/3728/3728 1295/3727/3727 1285/3724/3724 1287/3723/3723
f 1295/3727/3727 1237/3700/3700 1251/3706/3706 1285/3724/3724
f 1251/3706/3706 1245/3704/3704 1285/3724/3724
f 1388/3773/3773 1381/3771/3771 1389/3775/3775 1392/3774/3774
f 1381/3771/3771 1293/3728/3728 1287/3723/3723 1389/3775/3775
f 1293/3728/3728 1381/3771/3771 1383/3770/3770
f 1417/3534/3534 1388/3773/3773 1392/3774/3774
f 1287/3723/3723 1289/3725/3725 1389/3775/3775
f 1417/3534/3534 1392/3774/3774 1393/3776/3776
f 1107/3640/3640 1059/3619/3619 1049/3614/3614 1111/3641/3641
f 1051/3615/3615 1111/3641/3641 1049/3614/3614
f 1385/3772/3772 1388/3773/3773 1417/3534/3534
f 997/3585/3585 1053/3617/3617 1055/3616/3616
f 1003/3586/3586 997/3585/3585 1055/3616/3616
f 1453/3594/3594 999/3584/3584 1452/3589/3589
f 1059/3619/3619 1107/3640/3640 1101/3638/3638
f 1061/3621/3621 1055/3616/3616 1057/3618/3618
f 1059/3619/3619 1101/3638/3638 1057/3618/3618
f 989/3582/3582 1451/3588/3588 1001/3587/3587
f 995/3581/3581 1061/3621/3621 1063/3620/3620
f 1451/3588/3588 989/3582/3582 1450/3583/3583
f 995/3581/3581 989/3582/3582 1001/3587/3587
f 995/3581/3581 1003/3586/3586 1055/3616/3616
f 1067/3623/3623 1061/3621/3621 1057/3618/3618
f 995/3581/3581 1055/3616/3616 1061/3621/3621
f 995/3581/3581 1001/3587/3587 1003/3586/3586
f 1085/3632/3632 1087/3631/3631 1067/3623/3623
f 1067/3623/3623 1057/3618/3618 1085/3632/3632
f 1159/3665/3665 1105/3639/3639 1157/3666/3666
f 1172/3672/3672 1159/3665/3665 1161/3667/3667
f 1105/3639/3639 1159/3665/3665 1104/3637/3637
f 1241/3701/3701 1163/3668/3668 1239/3699/3699
f 1163/3668/3668 1153/3663/3663 1239/3699/3699
f 1161/3667/3667 1241/3701/3701 1236/3698/3698
f 1163/3668/3668 1241/3701/3701 1161/3667/3667
f 1104/3637/3637 1159/3665/3665 1168/3670/3670
f 1159/3665/3665 1172/3672/3672 1168/3670/3670
f 1168/3670/3670 1091/3634/3634 1104/3637/3637
f 1089/3633/3633 1091/3634/3634 1166/3669/3669
f 1101/3638/3638 1091/3634/3634 1085/3632/3632
f 1085/3632/3632 1057/3618/3618 1101/3638/3638
f 1166/3669/3669 1091/3634/3634 1168/3670/3670
f 1229/3696/3696 1172/3672/3672 1236/3698/3698
f 1172/3672/3672 1161/3667/3667 1236/3698/3698
f 1229/3696/3696 1169/3671/3671 1172/3672/3672
f 1179/3675/3675 1166/3669/3669 1169/3671/3671
f 1227/3694/3694 1169/3671/3671 1229/3696/3696
f 1104/3637/3637 1091/3634/3634 1101/3638/3638
f 1236/3698/3698 1241/3701/3701 1233/3697/3697
f 1012/3593/3593 997/3585/3585 999/3584/3584
f 1063/3620/3620 1075/3624/3624 1069/3626/3626
f 991/3580/3580 993/3579/3579 669/3539/3539
f 1063/3620/3620 1069/3626/3626 993/3579/3579
f 1077/3628/3628 1065/3622/3622 1087/3631/3631
f 1079/3627/3627 1075/3624/3624 1077/3628/3628
f 1065/3622/3622 1077/3628/3628 1075/3624/3624
f 1075/3624/3624 1063/3620/3620 1065/3622/3622
f 1077/3628/3628 1087/3631/3631 1083/3630/3630
f 671/3538/3538 987/3787/3787 991/3580/3580
f 1065/3622/3622 1067/3623/3623 1087/3631/3631
f 669/3539/3539 993/3579/3579 1069/3626/3626
f 987/3787/3787 671/3538/3538 682/3786/3786
f 669/3539/3539 671/3538/3538 991/3580/3580
f 1093/3635/3635 1073/3625/3625 1079/3627/3627
f 1073/3625/3625 1075/3624/3624 1079/3627/3627
f 1073/3625/3625 1093/3635/3635 571/3788/3788
f 1093/3635/3635 1079/3627/3627 1099/3636/3636
f 1169/3671/3671 1227/3694/3694 1179/3675/3675
f 1179/3675/3675 1176/3674/3674 1166/3669/3669
f 1089/3633/3633 1176/3674/3674 1083/3630/3630
f 1089/3633/3633 1083/3630/3630 1087/3631/3631
f 1455/3677/3677 1227/3694/3694 1224/3692/3692
f 1179/3675/3675 1227/3694/3694 1455/3677/3677
f 1455/3677/3677 1178/3676/3676 1179/3675/3675
f 1455/3677/3677 1224/3692/3692 1219/3688/3688
f 1174/3673/3673 1083/3630/3630 1176/3674/3674
f 1176/3674/3674 1089/3633/3633 1166/3669/3669
f 1181/3789/3789 1081/3629/3629 1174/3673/3673
f 1083/3630/3630 1174/3673/3673 1081/3629/3629
f 1081/3629/3629 1181/3789/3789 1099/3636/3636
f 1099/3636/3636 1079/3627/3627 1081/3629/3629
f 1458/3690/3690 1455/3677/3677 1219/3688/3688
f 379/3791/3791 1193/3790/3790 1205/3683/3683
f 1457/3689/3689 1213/3686/3686 1203/3681/3681 1456/3682/3682
f 1063/3620/3620 993/3579/3579 995/3581/3581
f 1227/3694/3694 1229/3696/3696 1230/3695/3695
f 1243/3702/3702 1237/3700/3700 1297/3729/3729
f 1297/3729/3729 1233/3697/3697 1243/3702/3702
f 1241/3701/3701 1243/3702/3702 1233/3697/3697
f 1307/3734/3734 1233/3697/3697 1297/3729/3729
f 1380/3769/3769 1305/3733/3733 1299/3730/3730
f 1307/3734/3734 1299/3730/3730 1305/3733/3733
f 1233/3697/3697 1307/3734/3734 1301/3732/3732
f 1307/3734/3734 1297/3729/3729 1299/3730/3730
f 1301/3732/3732 1230/3695/3695 1233/3697/3697
f 1293/3728/3728 1383/3770/3770 1299/3730/3730
f 1301/3732/3732 1316/3738/3738 1226/3693/3693
f 1226/3693/3693 1227/3694/3694 1230/3695/3695
f 1222/3691/3691 1217/3687/3687 1224/3692/3692
f 1312/3736/3736 1222/3691/3691 1226/3693/3693
f 1312/3736/3736 1226/3693/3693 1316/3738/3738
f 1312/3736/3736 1317/3740/3740 1217/3687/3687
f 1312/3736/3736 1217/3687/3687 1222/3691/3691
f 1313/3737/3737 1316/3738/3738 1301/3732/3732
f 1319/3739/3739 1217/3687/3687 1317/3740/3740
f 1230/3695/3695 1301/3732/3732 1226/3693/3693
f 1219/3688/3688 1224/3692/3692 1217/3687/3687
f 1317/3740/3740 1312/3736/3736 1311/3735/3735
f 1377/3768/3768 1380/3769/3769 1383/3770/3770
f 1380/3769/3769 1299/3730/3730 1383/3770/3770
f 1365/3763/3763 1376/3767/3767 1371/3765/3765
f 1305/3733/3733 1380/3769/3769 1376/3767/3767
f 1305/3733/3733 1376/3767/3767 1302/3731/3731
f 1417/3534/3534 1374/3766/3766 1377/3768/3768
f 1383/3770/3770 1385/3772/3772 1377/3768/3768
f 1434/3795/3795 1374/3766/3766 1417/3534/3534
f 1376/3767/3767 1374/3766/3766 1371/3765/3765
f 1374/3766/3766 1434/3795/3795 1371/3765/3765
f 1365/3763/3763 1302/3731/3731 1376/3767/3767
f 1313/3737/3737 1365/3763/3763 1367/3762/3762
f 1302/3731/3731 1365/3763/3763 1313/3737/3737
f 1311/3735/3735 1313/3737/3737 1367/3762/3762
f 1317/3740/3740 1311/3735/3735 1323/3742/3742
f 1313/3737/3737 1301/3732/3732 1302/3731/3731
f 1323/3742/3742 1311/3735/3735 1357/3759/3759
f 1364/3761/3761 1367/3762/3762 1369/3764/3764
f 1367/3762/3762 1364/3761/3761 1357/3759/3759
f 1434/3795/3795 1364/3761/3761 1369/3764/3764
f 1357/3759/3759 1311/3735/3735 1367/3762/3762
f 1434/3795/3795 1369/3764/3764 1371/3765/3765
f 1323/3742/3742 1357/3759/3759 1359/3758/3758
f 1434/3795/3795 1361/3760/3760 1364/3761/3761
f 1295/3727/3727 1297/3729/3729 1237/3700/3700
f 1201/3680/3680 1203/3681/3681 1213/3686/3686 1215/3685/3685
f 1217/3687/3687 1319/3739/3739 1215/3685/3685
f 1325/3744/3744 1201/3680/3680 1215/3685/3685
f 1331/3746/3746 1319/3739/3739 1321/3741/3741
f 1319/3739/3739 1331/3746/3746 1325/3744/3744
f 1325/3744/3744 1215/3685/3685 1319/3739/3739
f 1321/3741/3741 1359/3758/3758 1349/3755/3755 1331/3746/3746
f 1327/3743/3743 1201/3680/3680 1325/3744/3744
f 1205/3683/3683 1200/3679/3679 1198/3678/3678
f 1201/3680/3680 1327/3743/3743 1198/3678/3678
f 1198/3678/3678 1211/3684/3684 1205/3683/3683
f 1327/3743/3743 1211/3684/3684 1198/3678/3678
f 1339/3747/3747 1327/3743/3743 1329/3745/3745
f 1327/3743/3743 1339/3747/3747 1333/3749/3749
f 1333/3749/3749 1211/3684/3684 1327/3743/3743
f 1329/3745/3745 1331/3746/3746 1351/3754/3754
f 1200/3679/3679 1205/3683/3683 1193/3790/3790
f 1339/3747/3747 1329/3745/3745 1341/3751/3751
f 1359/3758/3758 1361/3760/3760 1356/3757/3757 1349/3755/3755
f 1341/3751/3751 1329/3745/3745 1351/3754/3754
f 1349/3755/3755 1351/3754/3754 1331/3746/3746
f 1341/3751/3751 1351/3754/3754 1347/3753/3753
f 1434/3795/3795 1354/3756/3756 1356/3757/3757
f 1434/3795/3795 1347/3753/3753 1354/3756/3756
f 1354/3756/3756 1347/3753/3753 1351/3754/3754
f 1345/3752/3752 1347/3753/3753 1434/3795/3795
f 1337/3748/3748 1343/3750/3750 359/3536/3536
f 1339/3747/3747 1341/3751/3751 1343/3750/3750
f 362/3792/3792 1337/3748/3748 359/3536/3536
f 1440/3794/3794 362/3792/3792 1436/3535/3535
f 1343/3750/3750 361/3537/3537 359/3536/3536
f 361/3537/3537 1434/3795/3795 1431/3793/3793
f 1436/3535/3535 362/3792/3792 359/3536/3536
f 1345/3752/3752 1434/3795/3795 361/3537/3537
f 1345/3752/3752 361/3537/3537 1343/3750/3750
f 1343/3750/3750 1337/3748/3748 1339/3747/3747
f 1361/3760/3760 1434/3795/3795 1356/3757/3757
f 1323/3742/3742 1359/3758/3758 1321/3741/3741
f 1385/3772/3772 1417/3534/3534 1377/3768/3768
f 1249/3705/3705 1237/3700/3700 1239/3699/3699
f 363/3797/3797 1438/3796/3796 1442/3798/3798 366/3799/3799
f 1441/3800/3800 1442/3803/3803 1438/3802/3802 1437/3801/3801
f 1446/3804/3804 1445/3807/3807 1443/3805/3805 1444/3806/3806
f 1439/3810/3810 1440/3808/3808 1436/3809/3809 1435/3811/3811
v -0.94404470920562744 0.0020166577305644751 -0.16636005043983459
v -0.94404470920562744 0.24948650598526001 -0.16636005043983459
v -0.92636829614639282 0.0020166577305644751 -0.16636005043983459
v -0.92636829614639282 0.24948650598526001 -0.16636005043983459
v -0.94404470920562744 0.0020166577305644751 -0.18403647840023041
v -0.94404470920562744 0.24948650598526001 -0.18403647840023041
v -0.92636829614639282 0.0020166577305644751 -0.18403647840023041
v -1.2975730895996094 0.0020166577305644751 -0.16636005043983459
v -1.2975730895996094 0.24948650598526001 -0.16636005043983459
v -1.27989661693573 0.0020166577305644751 -0.16636005043983459
v -1.27989661693573 0.24948650598526001 -0.16636005043983459
v -1.27989661693573 0.0020166577305644751 -0.18403647840023041
v -1.27989661693573 0.24948650598526001 -0.18403647840023041
v -1.2975730895996094 0.0020166577305644751 -0.18403647840023041
v -0.92636829614639282 0.0020166577305644751 0.6467551589012146
v -0.92636829614639282 0.24948650598526001 0.6467551589012146
v -0.94404470920562744 0.0020166577305644751 0.6467551589012146
v -0.94404470920562744 0.24948650598526001 0.6467551589012146
v -0.94404470920562744 0.0020166577305644751 0.66443157196044922
v -0.94404470920562744 0.24948650598526001 0.66443157196044922
v -0.92636829614639282 0.0020166577305644751 0.66443157196044922
v -1.27989661693573 0.0020166577305644751 0.66443157196044922
v -1.27989661693573 0.24948650598526001 0.66443157196044922
v -1.27989661693573 0.0020166577305644751 0.6467551589012146
v -1.27989661693573 0.24948650598526001 0.6467551589012146
v -1.2975730895996094 0.0020166577305644751 0.6467551589012146
v -1.2975730895996094 0.24948650598526001 0.6467551589012146
v -1.2975730895996094 0.0020166577305644751 0.66443157196044922
v -0.92636829614639282 0.26716291904449463 -0.18403647840023041
v -0.92636829614639282 0.26716291904449463 0.66443157196044922
v -1.2975730895996094 0.26716291904449463 -0.18403647840023041
v -1.2975730895996094 0.26716291904449463 0.66443157196044922
vt -0.095510885119438171 0.0006709342123940587
vt -0.095510885119438171 0.083003193140029907
vt -0.089630007743835449 0.0006709342123940587
vt -0.089630007743835449 0.083003193140029907
vt -1.8490873575210571 0.0006709342123940587
vt -1.8490873575210571 0.083003193140029907
vt -1.8432064056396484 0.0006709342123940587
vt -1.8432064056396484 0.083003193140029907
vt 1.0955108404159546 2.8432064056396484
vt 1.0955108404159546 2.8490872383117676
vt 1.0896300077438354 2.8432064056396484
vt 1.0896300077438354 2.8490872383117676
vt -0.21312840282917023 0.0006709342123940587
vt -0.21312840282917023 0.083003193140029907
vt -0.20724751055240631 0.0006709342123940587
vt -0.20724751055240631 0.083003193140029907
vt 2.8432064056396484 0.0006709342123940587
vt 2.8432064056396484 0.083003193140029907
vt 2.8490872383117676 0.0006709342123940587
vt 2.8490872383117676 0.083003193140029907
vt 1.2131284475326538 2.8432064056396484
vt 1.2131284475326538 2.8490872383117676
vt 1.2072474956512451 2.8432064056396484
vt 1.2072474956512451 2.8490872383117676
vt 1.0896300077438354 0.0006709342123940587
vt 1.0896300077438354 0.083003193140029907
vt 1.0955108404159546 0.0006709342123940587
vt 1.0955108404159546 0.083003193140029907
vt -1.5726861953735352 0.0006709342123940587
vt -1.5726861953735352 0.083003193140029907
vt -1.566805362701416 0.0006709342123940587
vt -1.566805362701416 0.083003193140029907
vt 1.0955108404159546 2.566805362701416
vt 1.0955108404159546 2.5726861953735352
vt 1.0896300077438354 2.566805362701416
vt 1.0896300077438354 2.5726861953735352
vt 2.566805362701416 0.0006709342123940587
vt 2.566805362701416 0.083003193140029907
vt 2.5726861953735352 0.0006709342123940587
vt 2.5726861953735352 0.083003193140029907
vt 1.2072474956512451 0.0006709342123940587
vt 1.2072474956512451 0.083003193140029907
vt 1.2131284475326538 0.0006709342123940587
vt 1.2131284475326538 0.083003193140029907
vt 1.2131284475326538 2.566805362701416
vt 1.2131284475326538 2.5726861953735352
vt 1.2072474956512451 2.566805362701416
vt 1.2072474956512451 2.5726861953735352
vt -0.089630007743835449 2.8490872383117676
vt -0.089630007743835449 2.566805362701416
vt -0.21312840282917023 2.8490872383117676
vt -0.21312840282917023 2.566805362701416
vt 1.0896300077438354 2.8432064056396484
vt 1.0955108404159546 2.8432064056396484
vt 1.0955108404159546 2.8490872383117676
vt 1.2072474956512451 2.8432064056396484
vt 1.2131284475326538 2.8432064056396484
vt 1.2072474956512451 2.8490872383117676
vt 1.0955108404159546 2.5726861953735352
vt 1.0896300077438354 2.5726861953735352
vt 1.0955108404159546 2.566805362701416
vt 1.2072474956512451 2.5726861953735352
vt 1.2072474956512451 2.566805362701416
vt 1.2131284475326538 2.5726861953735352
vt 1.0896300077438354 0.0006709342123940587
vt 1.0896300077438354 0.088884063065052032
vt 1.2131284475326538 0.0006709342123940587
vt 1.2131284475326538 0.088884063065052032
vt 1.0955108404159546 0.0006709342123940587
vt 1.0955108404159546 0.083003193140029907
vt 1.2072474956512451 0.083003193140029907
vt 1.2072474956512451 0.0006709342123940587
vt 2.566805362701416 0.0006709342123940587
vt 2.566805362701416 0.088884063065052032
vt 2.8490872383117676 0.0006709342123940587
vt 2.8490872383117676 0.088884063065052032
vt 2.8432064056396484 0.083003193140029907
vt 2.8432064056396484 0.0006709342123940587
vt 2.5726861953735352 0.0006709342123940587
vt 2.5726861953735352 0.083003193140029907
vt -0.21312840282917023 0.0006709342123940587
vt -0.21312840282917023 0.088884063065052032
vt -0.089630007743835449 0.0006709342123940587
vt -0.089630007743835449 0.088884063065052032
vt -0.095510885119438171 0.0006709342123940587
vt -0.095510885119438171 0.083003193140029907
vt -0.20724751055240631 0.0006709342123940587
vt -0.20724751055240631 0.083003193140029907
vt -1.8490873575210571 0.0006709342123940587
vt -1.8490873575210571 0.088884063065052032
vt -1.566805362701416 0.0006709342123940587
vt -1.566805362701416 0.088884063065052032
vt -1.8432064056396484 0.0006709342123940587
vt -1.8432064056396484 0.083003193140029907
vt -1.5726861953735352 0.083003193140029907
vt -1.5726861953735352 0.0006709342123940587
vn 0 0 1
vn 0 0 1
vn 0 0 1
vn 0 0 1
vn -1 0 0
vn -1 0 0
vn -1 0 0
vn -1 0 0
vn 0 -1 0
vn 0 -1 0
vn 0 -1 0
vn 0 -1 0
vn 0 0 1
vn 0 0 1
vn 0 0 1
vn 0 0 1
vn 1 0 0
vn 1 0 0
vn 1 0 0
vn 1 0 0
vn 0 -1 0
vn 0 -1 0
vn 0 -1 0
vn 0 -1 0
vn 0 0 -1
vn 0 0 -1
vn 0 0 -1
vn 0 0 -1
vn -1 0 0
vn -1 0 0
vn -1 0 0
vn -1 0 0
vn 0 -1 0
vn 0 -1 0
vn 0 -1 0
vn 0 -1 0
vn 1 0 0
vn 1 0 0
vn 1 0 0
vn 1 0 0
vn 0 0 -1
vn 0 0 -1
vn 0 0 -1
vn 0 0 -1
vn 0 -1 0
vn 0 -1 0
vn 0 -1 0
vn 0 -1 0
vn 0 1 0
vn 0 1 0
vn 0 1 0
vn 0 1 0
vn 0 -1 0
vn 0 -1 0
vn 0 -1 0
vn 0 -1 0
vn 0 -1 0
vn 0 -1 0
vn 0 -1 0
vn 0 -1 0
vn 0 -1 0
vn 0 -1 0
vn 0 -1 0
vn 0 -1 0
vn 0 0 -1
vn 0 0 -1
vn 0 0 -1
vn 0 0 -1
vn 0 0 -1
vn 0 0 -1
vn 0 0 -1
vn 0 0 -1
vn 1 0 0
vn 1 0 0
vn 1 0 0
vn 1 0 0
vn 1 0 0
vn 1 0 0
vn 1 0 0
vn 1 0 0
vn 0 0 1
vn 0 0 1
vn 0 0 1
vn 0 0 1
vn 0 0 1
vn 0 0 1
vn 0 0 1
vn 0 0 1
vn -1 0 0
vn -1 0 0
vn -1 0 0
vn -1 0 0
vn -1 0 0
vn -1 0 0
vn -1 0 0
vn -1 0 0
f 1460/3963/3963 1459/3962/3962 1461/3964/3964 1462/3965/3965
f 1464/3967/3967 1463/3966/3966 1459/3968/3968 1460/3969/3969
f 1463/3971/3971 1465/3973/3973 1461/3972/3972 1459/3970/3970
f 1467/3975/3975 1466/3974/3974 1468/3976/3976 1469/3977/3977
f 1469/3979/3979 1468/3978/3978 1470/3980/3980 1471/3981/3981
f 1472/3983/3983 1470/3985/3985 1468/3984/3984 1466/3982/3982
f 1474/3987/3987 1473/3986/3986 1475/3988/3988 1476/3989/3989
f 1476/3991/3991 1475/3990/3990 1477/3992/3992 1478/3993/3993
f 1475/3995/3995 1473/3997/3997 1479/3996/3996 1477/3994/3994
f 1481/3999/3999 1480/3998/3998 1482/4000/4000 1483/4001/4001
f 1483/4003/4003 1482/4002/4002 1484/4004/4004 1485/4005/4005
f 1484/4007/4007 1482/4009/4009 1480/4008/4008 1486/4006/4006
f 1488/4011/4011 1487/4010/4010 1489/4012/4012 1490/4013/4013
f 1464/4016/4016 1460/4015/4015 1469/4017/4017 1471/4019/4019
f 1460/4015/4015 1462/4014/4014 1474/4021/4021 1476/4020/4020
f 1481/4024/4024 1483/4023/4023 1476/4020/4020 1478/4022/4022
f 1476/4020/4020 1483/4023/4023 1469/4017/4017 1460/4015/4015
f 1483/4023/4023 1485/4025/4025 1467/4018/4018 1469/4017/4017
f 1463/4030/4030 1464/4031/4031 1487/4027/4027 1465/4026/4026
f 1464/4031/4031 1471/4032/4032 1489/4029/4029 1487/4027/4027
f 1471/4032/4032 1470/4033/4033 1472/4028/4028 1489/4029/4029
f 1473/4040/4040 1474/4041/4041 1488/4035/4035 1479/4034/4034
f 1474/4041/4041 1462/4038/4038 1487/4037/4037 1488/4035/4035
f 1462/4038/4038 1461/4039/4039 1465/4036/4036 1487/4037/4037
f 1480/4048/4048 1481/4049/4049 1490/4043/4043 1486/4042/4042
f 1481/4049/4049 1478/4047/4047 1488/4045/4045 1490/4043/4043
f 1478/4047/4047 1477/4046/4046 1479/4044/4044 1488/4045/4045
f 1466/4054/4054 1467/4055/4055 1489/4051/4051 1472/4050/4050
f 1467/4055/4055 1485/4056/4056 1490/4053/4053 1489/4051/4051
f 1485/4056/4056 1484/4057/4057 1486/4052/4052 1490/4053/4053
v -1.0364654064178467 0.16110442578792572 0.77882242202758789
v -1.0364654064178467 0.30251577496528625 0.77882242202758789
v -1.1951895952224731 0.16110442578792572 0.76807308197021484
v -1.1951895952224731 0.30251577496528625 0.76807308197021484
v -1.1963839530944824 0.30251577496528625 0.78570908308029175
v -1.037659764289856 0.30251577496528625 0.79645848274230957
v -1.1787478923797607 0.0020166577305644751 0.7869035005569458
v -1.1787478923797607 0.14342799782752991 0.7869035005569458
v -1.1775535345077515 0.0020166577305644751 0.76926743984222412
v -1.1775535345077515 0.14342799782752991 0.76926743984222412
v -1.1951895952224731 0.0020166577305644751 0.76807308197021484
v -1.1951895952224731 0.14342799782752991 0.76807308197021484
v -1.1963839530944824 0.0020166577305644751 0.78570908308029175
v -1.0364654064178467 0.0020166577305644751 0.77882242202758789
v -1.0364654064178467 0.14342799782752991 0.77882242202758789
v -1.0541014671325684 0.0020166577305644751 0.77762806415557861
v -1.0541014671325684 0.14342799782752991 0.77762806415557861
v -1.0552958250045776 0.0020166577305644751 0.79526412487030029
v -1.0552958250045776 0.14342799782752991 0.79526412487030029
v -1.037659764289856 0.0020166577305644751 0.79645848274230957
v -1.1856346130371094 0.0020166577305644751 0.62698489427566528
v -1.1856346130371094 0.14342799782752991 0.62698489427566528
v -1.1679985523223877 0.0020166577305644751 0.62817931175231934
v -1.1679985523223877 0.14342799782752991 0.62817931175231934
v -1.1668041944503784 0.0020166577305644751 0.61054325103759766
v -1.1668041944503784 0.14342799782752991 0.61054325103759766
v -1.1844402551651001 0.0020166577305644751 0.60934889316558838
v -1.044546365737915 0.0020166577305644751 0.63653993606567383
v -1.044546365737915 0.14342799782752991 0.63653993606567383
v -1.0269104242324829 0.0020166577305644751 0.63773429393768311
v -1.0269104242324829 0.14342799782752991 0.63773429393768311
v -1.0433520078659058 0.0020166577305644751 0.61890387535095215
v -1.0433520078659058 0.14342799782752991 0.61890387535095215
v -1.0257160663604736 0.0020166577305644751 0.62009823322296143
v -1.114035964012146 0.14342799782752991 0.74699372053146362
v -1.11552894115448 0.14342799782752991 0.76903873682022095
v -1.1537169218063354 0.14342799782752991 0.74430638551712036
v -1.1552098989486694 0.14342799782752991 0.76635140180587769
v -1.074354887008667 0.14342799782752991 0.74968105554580688
v -1.075847864151001 0.14342799782752991 0.77172613143920898
v -1.1080640554428101 0.14342799782752991 0.65881365537643433
v -1.1065710783004761 0.14342799782752991 0.63676857948303223
v -1.1477451324462891 0.14342799782752991 0.65612632036209106
v -1.1462521553039551 0.14342799782752991 0.63408124446868896
v -1.0683829784393311 0.14342799782752991 0.66150099039077759
v -1.0668900012969971 0.14342799782752991 0.63945597410202026
v -1.1844402551651001 0.16110442578792572 0.60934889316558838
v -1.0257160663604736 0.16110442578792572 0.62009823322296143
vt 1.1262588500976562 0.053598817437887192
vt 1.1262588500976562 0.10064582526683807
vt 1.1790658235549927 0.053598817437887192
vt 1.1790658235549927 0.10064582526683807
vt -0.17946316301822662 2.5264568328857422
vt -0.17906580865383148 2.5323240756988525
vt -0.12665624916553497 2.5228805541992188
vt -0.12625889480113983 2.5287477970123291
vt 2.5260593891143799 0.0006709342123940587
vt 2.5260593891143799 0.04771794006228447
vt 2.5319268703460693 0.0006709342123940587
vt 2.5319268703460693 0.04771794006228447
vt 1.1731983423233032 0.0006709342123940587
vt 1.1731983423233032 0.04771794006228447
vt 1.1790658235549927 0.0006709342123940587
vt 1.1790658235549927 0.04771794006228447
vt 1.1794631481170654 2.5264568328857422
vt 1.1790658235549927 2.5323240756988525
vt 1.173595666885376 2.5260593891143799
vt 1.1731983423233032 2.5319268703460693
vt 1.1262588500976562 0.0006709342123940587
vt 1.1262588500976562 0.04771794006228447
vt 1.1321263313293457 0.0006709342123940587
vt 1.1321263313293457 0.04771794006228447
vt -1.5291452407836914 0.0006709342123940587
vt -1.5291452407836914 0.04771794006228447
vt -1.5232778787612915 0.0006709342123940587
vt -1.5232778787612915 0.04771794006228447
vt 1.1325236558914185 2.523277759552002
vt 1.1321263313293457 2.5291452407836914
vt 1.1266562938690186 2.5228805541992188
vt 1.1262588500976562 2.5287477970123291
vt -0.17588689923286438 0.0006709342123940587
vt -0.17588689923286438 0.04771794006228447
vt -0.17001946270465851 0.0006709342123940587
vt -0.17001946270465851 0.04771794006228447
vt 2.5788662433624268 0.0006709342123940587
vt 2.5788662433624268 0.04771794006228447
vt 2.5847337245941162 0.0006709342123940587
vt 2.5847337245941162 0.04771794006228447
vt 1.175886869430542 2.5792636871337891
vt 1.1754895448684692 2.5851311683654785
vt 1.1700195074081421 2.5788662433624268
vt 1.1696220636367798 2.5847337245941162
vt -0.12894739210605621 0.0006709342123940587
vt -0.12894739210605621 0.04771794006228447
vt -0.12307998538017273 0.0006709342123940587
vt -0.12307998538017273 0.04771794006228447
vt -1.5819522142410278 0.0006709342123940587
vt -1.5819522142410278 0.04771794006228447
vt -1.5760847330093384 0.0006709342123940587
vt -1.5760847330093384 0.04771794006228447
vt 1.128947377204895 2.5760848522186279
vt 1.1285500526428223 2.5819520950317383
vt 1.1230800151824951 2.5756874084472656
vt 1.1226825714111328 2.5815548896789551
vt 1.1731983423233032 2.5319268703460693
vt 1.173595666885376 2.5260593891143799
vt 1.1520663499832153 2.539337158203125
vt 1.1525629758834839 2.5320029258728027
vt 1.1652680635452271 2.5402312278747559
vt 1.1657646894454956 2.5328969955444336
vt 1.1790658235549927 2.5323240756988525
vt 1.1321263313293457 2.5291452407836914
vt 1.1262588500976562 2.5287477970123291
vt 1.1388645172119141 2.5384430885314941
vt 1.1393612623214722 2.5311088562011719
vt 1.1325236558914185 2.523277759552002
vt 1.1700195074081421 2.5788662433624268
vt 1.175886869430542 2.5792636871337891
vt 1.1500794887542725 2.5686743259429932
vt 1.1495827436447144 2.5760085582733154
vt 1.1632812023162842 2.569568395614624
vt 1.1627844572067261 2.5769026279449463
vt 1.1696220636367798 2.5847337245941162
vt 1.1230800151824951 2.5756874084472656
vt 1.128947377204895 2.5760848522186279
vt 1.1368777751922607 2.5677802562713623
vt 1.1363810300827026 2.5751144886016846
vt 1.1285500526428223 2.5819520950317383
vt -0.17906580865383148 2.5323240756988525
vt -0.17548954486846924 2.5851311683654785
vt -0.12625889480113983 2.5287477970123291
vt -0.12268262356519699 2.5815548896789551
vt -0.17946316301822662 0.0006709342123940587
vt -0.17946316301822662 0.10064582526683807
vt -0.12665624916553497 0.0006709342123940587
vt -0.12665624916553497 0.10064582526683807
vt -0.17359572649002075 0.0006709342123940587
vt -0.17359572649002075 0.04771794006228447
vt -0.13252370059490204 0.0006709342123940587
vt -0.13252370059490204 0.04771794006228447
vt -1.585131049156189 0.0006709342123940587
vt -1.5264567136764526 0.0006709342123940587
vt -1.5264567136764526 0.10064582526683807
vt -1.5323241949081421 0.10064582526683807
vt -1.5323241949081421 0.053598817437887192
vt -1.5323241949081421 0.04771794006228447
vt -1.5323241949081421 0.0006709342123940587
vt -1.5792636871337891 0.0006709342123940587
vt -1.5792636871337891 0.04771794006228447
vt -1.585131049156189 0.053598817437887192
vt 2.5228805541992188 0.0006709342123940587
vt 2.5228805541992188 0.10064582526683807
vt 2.5815548896789551 0.0006709342123940587
vt 2.5287477970123291 0.053598817437887192
vt 2.5287477970123291 0.10064582526683807
vt 2.5287477970123291 0.0006709342123940587
vt 2.5287477970123291 0.04771794006228447
vt 2.5756874084472656 0.04771794006228447
vt 2.5756874084472656 0.0006709342123940587
vt 2.5815548896789551 0.053598817437887192
vt 1.1226825714111328 0.0006709342123940587
vt 1.1226825714111328 0.053598817437887192
vt 1.1754895448684692 0.0006709342123940587
vt 1.1754895448684692 0.053598817437887192
vt 1.1696220636367798 0.04771794006228447
vt 1.1696220636367798 0.0006709342123940587
vt 1.1285500526428223 0.0006709342123940587
vt 1.1285500526428223 0.04771794006228447
vn 0.06756872683763504 0 -0.99771463871002197
vn 0.06756872683763504 0 -0.99771463871002197
vn 0.06756872683763504 0 -0.99771463871002197
vn 0.06756872683763504 0 -0.99771463871002197
vn 0 1 0
vn 0 1 0
vn 0 1 0
vn 0 1 0
vn 0.99771463871002197 0 0.06756872683763504
vn 0.99771463871002197 0 0.06756872683763504
vn 0.99771463871002197 0 0.06756872683763504
vn 0.99771463871002197 0 0.06756872683763504
vn 0.06756872683763504 0 -0.99771463871002197
vn 0.06756872683763504 0 -0.99771463871002197
vn 0.06756872683763504 0 -0.99771463871002197
vn 0.06756872683763504 0 -0.99771463871002197
vn 0 -1 0
vn 0 -1 0
vn 0 -1 0
vn 0 -1 0
vn 0.06756872683763504 0 -0.99771463871002197
vn 0.06756872683763504 0 -0.99771463871002197
vn 0.06756872683763504 0 -0.99771463871002197
vn 0.06756872683763504 0 -0.99771463871002197
vn -0.99771463871002197 0 -0.06756872683763504
vn -0.99771463871002197 0 -0.06756872683763504
vn -0.99771463871002197 0 -0.06756872683763504
vn -0.99771463871002197 0 -0.06756872683763504
vn 0 -1 0
vn 0 -1 0
vn 0 -1 0
vn 0 -1 0
vn -0.06756872683763504 0 0.99771463871002197
vn -0.06756872683763504 0 0.99771463871002197
vn -0.06756872683763504 0 0.99771463871002197
vn -0.06756872683763504 0 0.99771463871002197
vn 0.99771463871002197 0 0.06756872683763504
vn 0.99771463871002197 0 0.06756872683763504
vn 0.99771463871002197 0 0.06756872683763504
vn 0.99771463871002197 0 0.06756872683763504
vn 0 -1 0
vn 0 -1 0
vn 0 -1 0
vn 0 -1 0
vn -0.06756872683763504 0 0.99771463871002197
vn -0.06756872683763504 0 0.99771463871002197
vn -0.06756872683763504 0 0.99771463871002197
vn -0.06756872683763504 0 0.99771463871002197
vn -0.99771463871002197 0 -0.06756872683763504
vn -0.99771463871002197 0 -0.06756872683763504
vn -0.99771463871002197 0 -0.06756872683763504
vn -0.99771463871002197 0 -0.06756872683763504
vn 0 -1 0
vn 0 -1 0
vn 0 -1 0
vn 0 -1 0
vn 0 -1 0
vn 0 -1 0
vn 0 -1 0
vn 0 -1 0
vn 0 -1 0
vn 0 -1 0
vn 0 -1 0
vn 0 -1 0
vn 0 -1 0
vn 0 -1 0
vn 0 -1 0
vn 0 -1 0
vn 0 -1 0
vn 0 -1 0
vn 0 -1 0
vn 0 -1 0
vn 0 -1 0
vn 0 -1 0
vn 0 -1 0
vn 0 -1 0
vn 0 -1 0
vn 0 -1 0
vn 0 -1 0
vn 0 -1 0
vn 0 1 0
vn 0 1 0
vn 0 1 0
vn 0 1 0
vn -0.06756872683763504 0 0.99771463871002197
vn -0.06756872683763504 0 0.99771463871002197
vn -0.06756872683763504 0 0.99771463871002197
vn -0.06756872683763504 0 0.99771463871002197
vn -0.06756872683763504 0 0.99771463871002197
vn -0.06756872683763504 0 0.99771463871002197
vn -0.06756872683763504 0 0.99771463871002197
vn -0.06756872683763504 0 0.99771463871002197
vn -0.99771463871002197 0 -0.06756872683763504
vn -0.99771463871002197 0 -0.06756872683763504
vn -0.99771463871002197 0 -0.06756872683763504
vn -0.99771463871002197 0 -0.06756872683763504
vn -0.99771463871002197 0 -0.06756872683763504
vn -0.99771463871002197 0 -0.06756872683763504
vn -0.99771463871002197 0 -0.06756872683763504
vn -0.99771463871002197 0 -0.06756872683763504
vn -0.99771463871002197 0 -0.06756872683763504
vn -0.99771463871002197 0 -0.06756872683763504
vn 0.99771463871002197 0 0.06756872683763504
vn 0.99771463871002197 0 0.06756872683763504
vn 0.99771463871002197 0 0.06756872683763504
vn 0.99771463871002197 0 0.06756872683763504
vn 0.99771463871002197 0 0.06756872683763504
vn 0.99771463871002197 0 0.06756872683763504
vn 0.99771463871002197 0 0.06756872683763504
vn 0.99771463871002197 0 0.06756872683763504
vn 0.99771463871002197 0 0.06756872683763504
vn 0.99771463871002197 0 0.06756872683763504
vn 0.06756872683763504 0 -0.99771463871002197
vn 0.06756872683763504 0 -0.99771463871002197
vn 0.06756872683763504 0 -0.99771463871002197
vn 0.06756872683763504 0 -0.99771463871002197
vn 0.06756872683763504 0 -0.99771463871002197
vn 0.06756872683763504 0 -0.99771463871002197
vn 0.06756872683763504 0 -0.99771463871002197
vn 0.06756872683763504 0 -0.99771463871002197
f 1492/4059/4059 1491/4058/4058 1493/4060/4060 1494/4061/4061
f 1494/4063/4063 1495/4062/4062 1496/4064/4064 1492/4065/4065
f 1498/4067/4067 1497/4066/4066 1499/4068/4068 1500/4069/4069
f 1500/4071/4071 1499/4070/4070 1501/4072/4072 1502/4073/4073
f 1501/4075/4075 1499/4077/4077 1497/4076/4076 1503/4074/4074
f 1505/4079/4079 1504/4078/4078 1506/4080/4080 1507/4081/4081
f 1507/4083/4083 1506/4082/4082 1508/4084/4084 1509/4085/4085
f 1506/4087/4087 1504/4089/4089 1510/4088/4088 1508/4086/4086
f 1512/4091/4091 1511/4090/4090 1513/4092/4092 1514/4093/4093
f 1514/4095/4095 1513/4094/4094 1515/4096/4096 1516/4097/4097
f 1517/4099/4099 1515/4101/4101 1513/4100/4100 1511/4098/4098
f 1519/4103/4103 1518/4102/4102 1520/4104/4104 1521/4105/4105
f 1523/4107/4107 1522/4106/4106 1518/4108/4108 1519/4109/4109
f 1522/4111/4111 1524/4113/4113 1520/4112/4112 1518/4110/4110
f 1525/4116/4116 1526/4117/4117 1528/4119/4119 1527/4118/4118
f 1529/4123/4123 1530/4124/4124 1526/4117/4117 1525/4116/4116
f 1536/4136/4136 1535/4135/4135 1531/4128/4128 1532/4129/4129
f 1532/4129/4129 1531/4128/4128 1533/4130/4130 1534/4131/4131
f 1528/4119/4119 1498/4115/4115 1500/4114/4114
f 1527/4118/4118 1500/4114/4114 1502/4120/4120
f 1498/4115/4115 1528/4119/4119 1526/4117/4117
f 1500/4114/4114 1527/4118/4118 1528/4119/4119
f 1526/4117/4117 1509/4125/4125 1498/4115/4115
f 1527/4118/4118 1502/4120/4120 1512/4127/4127 1533/4130/4130
f 1533/4130/4130 1512/4127/4127 1514/4126/4126
f 1534/4131/4131 1514/4126/4126 1516/4132/4132
f 1525/4116/4116 1527/4118/4118 1533/4130/4130 1531/4128/4128
f 1514/4126/4126 1534/4131/4131 1533/4130/4130
f 1532/4129/4129 1534/4131/4131 1516/4132/4132
f 1531/4128/4128 1535/4135/4135 1529/4123/4123 1525/4116/4116
f 1507/4121/4121 1530/4124/4124 1529/4123/4123
f 1529/4123/4123 1505/4122/4122 1507/4121/4121
f 1530/4124/4124 1507/4121/4121 1509/4125/4125
f 1509/4125/4125 1526/4117/4117 1530/4124/4124
f 1535/4135/4135 1521/4133/4133 1505/4122/4122 1529/4123/4123
f 1519/4134/4134 1535/4135/4135 1536/4136/4136
f 1523/4137/4137 1536/4136/4136 1532/4129/4129
f 1535/4135/4135 1519/4134/4134 1521/4133/4133
f 1536/4136/4136 1523/4137/4137 1519/4134/4134
f 1516/4132/4132 1523/4137/4137 1532/4129/4129
f 1537/4139/4139 1493/4138/4138 1491/4140/4140 1538/4141/4141
f 1498/4147/4147 1503/4142/4142 1497/4146/4146
f 1498/4147/4147 1509/4149/4149 1496/4145/4145 1495/4143/4143
f 1503/4142/4142 1498/4147/4147 1495/4143/4143
f 1509/4149/4149 1508/4148/4148 1510/4144/4144
f 1510/4144/4144 1496/4145/4145 1509/4149/4149
f 1511/4157/4157 1512/4158/4158 1537/4159/4159 1517/4150/4150
f 1493/4154/4154 1537/4159/4159 1512/4158/4158 1502/4155/4155
f 1502/4155/4155 1501/4156/4156 1503/4151/4151
f 1494/4153/4153 1493/4154/4154 1495/4152/4152
f 1495/4152/4152 1493/4154/4154 1502/4155/4155
f 1503/4151/4151 1495/4152/4152 1502/4155/4155
f 1505/4166/4166 1510/4160/4160 1504/4165/4165
f 1491/4163/4163 1496/4161/4161 1505/4166/4166
f 1510/4160/4160 1505/4166/4166 1496/4161/4161
f 1505/4166/4166 1521/4167/4167 1538/4169/4169 1491/4163/4163
f 1492/4164/4164 1496/4161/4161 1491/4163/4163
f 1521/4167/4167 1520/4168/4168 1524/4162/4162 1538/4169/4169
f 1522/4176/4176 1523/4177/4177 1538/4171/4171 1524/4170/4170
f 1523/4177/4177 1516/4174/4174 1537/4173/4173 1538/4171/4171
f 1516/4174/4174 1515/4175/4175 1517/4172/4172 1537/4173/4173
v -0.79771453142166138 0.16110442578792572 -0.075080551207065582
v -0.79771453142166138 0.30251577496528625 -0.075080551207065582
v -0.78569012880325317 0.16110442578792572 0.083552144467830658
v -0.78569012880325317 0.30251577496528625 0.083552144467830658
v -0.76806432008743286 0.30251577496528625 0.082216106355190277
v -0.78008866310119629 0.30251577496528625 -0.076416589319705963
v -0.77848291397094727 0.30251577496528625 0.0032337685115635395
v -0.78148901462554932 0.30251577496528625 -0.036424405872821808
v -0.77627968788146973 0.30251577496528625 0.0030667637474834919
v -0.77928578853607178 0.30251577496528625 -0.036591410636901855
v -0.7872958779335022 0.30251577496528625 0.0039017882663756609
v -0.78949910402297974 0.30251577496528625 0.0040687932632863522
v -0.79030197858810425 0.30251577496528625 -0.035756386816501617
v -0.79250520467758179 0.30251577496528625 -0.03558938205242157
v -0.78428977727890015 0.30251577496528625 0.043559961020946503
v -0.78649300336837769 0.30251577496528625 0.04372696578502655
v -0.77547687292098999 0.30251577496528625 0.042891941964626312
v -0.77327358722686768 0.30251577496528625 0.042724937200546265
v -0.76940035820007324 0.0020166577305644751 0.064590252935886383
v -0.76940035820007324 0.14342799782752991 0.064590252935886383
v -0.78702616691589355 0.0020166577305644751 0.065926291048526764
v -0.78702616691589355 0.14342799782752991 0.065926291048526764
v -0.78569012880325317 0.0020166577305644751 0.083552144467830658
v -0.78569012880325317 0.14342799782752991 0.083552144467830658
v -0.76806432008743286 0.0020166577305644751 0.082216106355190277
v -0.79771453142166138 0.0020166577305644751 -0.075080551207065582
v -0.79771453142166138 0.14342799782752991 -0.075080551207065582
v -0.79637843370437622 0.0020166577305644751 -0.05745469406247139
v -0.79637843370437622 0.14342799782752991 -0.05745469406247139
v -0.77875262498855591 0.0020166577305644751 -0.058790732175111771
v -0.77875262498855591 0.14342799782752991 -0.058790732175111771
v -0.78008866310119629 0.0020166577305644751 -0.076416589319705963
v -0.9266970157623291 0.0020166577305644751 0.094240456819534302
v -0.9266970157623291 0.14342799782752991 0.094240456819534302
v -0.92803305387496948 0.0020166577305644751 0.076614603400230408
v -0.92803305387496948 0.14342799782752991 0.076614603400230408
v -0.94565886259078979 0.0020166577305644751 0.077950641512870789
v -0.94565886259078979 0.14342799782752991 0.077950641512870789
v -0.94432282447814941 0.0020166577305644751 0.09557650238275528
v -0.93738532066345215 0.0020166577305644751 -0.046766377985477448
v -0.93738532066345215 0.14342799782752991 -0.046766377985477448
v -0.93872135877609253 0.0020166577305644751 -0.064392231404781342
v -0.93872135877609253 0.14342799782752991 -0.064392231404781342
v -0.95501112937927246 0.0020166577305644751 -0.045430339872837067
v -0.95501112937927246 0.14342799782752991 -0.045430339872837067
v -0.95634716749191284 0.0020166577305644751 -0.063056193292140961
v -0.8591996431350708 0.14342799782752991 0.049238130450248718
v -0.81513500213623047 0.14342799782752991 0.045898031443357468
v -0.85769659280776978 0.14342799782752991 0.069067217409610748
v -0.81363195180892944 0.14342799782752991 0.065727114677429199
v -0.8652118444442749 0.14342799782752991 -0.030078217387199402
v -0.86671489477157593 0.14342799782752991 -0.049907304346561432
v -0.82114720344543457 0.14342799782752991 -0.033418316394090652
v -0.8226502537727356 0.14342799782752991 -0.053247403353452682
v -0.90326428413391113 0.14342799782752991 0.052578229457139969
v -0.90176123380661011 0.14342799782752991 0.0724073126912117
v -0.90927648544311523 0.14342799782752991 -0.0267381202429533
v -0.91077953577041626 0.14342799782752991 -0.046567205339670181
v -0.94432282447814941 0.16110442578792572 0.09557650238275528
v -0.95634716749191284 0.16110442578792572 -0.063056193292140961
vt -1.812838077545166 0.053598817437887192
vt -1.812838077545166 0.10064582526683807
vt -1.7600616216659546 0.053598817437887192
vt -1.7600616216659546 0.10064582526683807
vt -0.036962889134883881 2.7605061531066895
vt -0.042826928198337555 2.7600617408752441
vt -0.040963340550661087 2.8132827281951904
vt -0.046827398240566254 2.812838077545166
vt -0.040429115295410156 2.7867832183837891
vt -0.041429232805967331 2.7999773025512695
vt -0.039696108549833298 2.7868387699127197
vt -0.040696229785680771 2.8000328540802002
vt -0.043361153453588486 2.7865610122680664
vt -0.044094160199165344 2.7865054607391357
vt -0.04436127096414566 2.7997550964355469
vt -0.045094277709722519 2.7996995449066162
vt -0.042361035943031311 2.7733669281005859
vt -0.043094038963317871 2.7733113765716553
vt -0.039429016411304474 2.7735891342163086
vt -0.038695991039276123 2.7736446857452393
vt 1.037407398223877 0.0006709342123940587
vt 1.037407398223877 0.04771794006228447
vt 1.0432714223861694 0.0006709342123940587
vt 1.0432714223861694 0.04771794006228447
vt -1.7659256458282471 0.0006709342123940587
vt -1.7659256458282471 0.04771794006228447
vt -1.7600616216659546 0.0006709342123940587
vt -1.7600616216659546 0.04771794006228447
vt 1.0369628667831421 2.7605061531066895
vt 1.0428268909454346 2.7600617408752441
vt 1.037407398223877 2.7663702964782715
vt 1.0432714223861694 2.7659256458282471
vt -1.812838077545166 0.0006709342123940587
vt -1.812838077545166 0.04771794006228447
vt -1.8069740533828735 0.0006709342123940587
vt -1.8069740533828735 0.04771794006228447
vt -0.046382885426282883 0.0006709342123940587
vt -0.046382885426282883 0.04771794006228447
vt -0.040518846362829208 0.0006709342123940587
vt -0.040518846362829208 0.04771794006228447
vt 1.0405188798904419 2.8074185848236084
vt 1.0463829040527344 2.8069741725921631
vt 1.0409632921218872 2.8132827281951904
vt 1.0468274354934692 2.812838077545166
vt 2.7565057277679443 0.0006709342123940587
vt 2.7565057277679443 0.04771794006228447
vt 2.7623696327209473 0.0006709342123940587
vt 2.7623696327209473 0.04771794006228447
vt 1.0901838541030884 0.0006709342123940587
vt 1.0901838541030884 0.04771794006228447
vt 1.0960478782653809 0.0006709342123940587
vt 1.0960478782653809 0.04771794006228447
vt 1.0897393226623535 2.7565057277679443
vt 1.0956034660339355 2.7560610771179199
vt 1.0901838541030884 2.7623696327209473
vt 1.0960478782653809 2.761925220489502
vt 2.8034181594848633 0.0006709342123940587
vt 2.8034181594848633 0.04771794006228447
vt 2.8092820644378662 0.0006709342123940587
vt 2.8092820644378662 0.04771794006228447
vt -0.099159367382526398 0.0006709342123940587
vt -0.099159367382526398 0.04771794006228447
vt -0.093295328319072723 0.0006709342123940587
vt -0.093295328319072723 0.04771794006228447
vt 1.0932953357696533 2.8034181594848633
vt 1.0991593599319458 2.8029735088348389
vt 1.0937398672103882 2.8092820644378662
vt 1.0996038913726807 2.8088376522064209
vt 1.0432714223861694 2.7659256458282471
vt 1.037407398223877 2.7663702964782715
vt 1.0672832727432251 2.7714776992797852
vt 1.0526231527328491 2.7725889682769775
vt 1.0667831897735596 2.7648806571960449
vt 1.0521230697631836 2.7659919261932373
vt 1.0428268909454346 2.7600617408752441
vt 1.0463829040527344 2.8069741725921631
vt 1.0468274354934692 2.812838077545166
vt 1.0692834854125977 2.7978661060333252
vt 1.0697835683822632 2.8044631481170654
vt 1.0546233654022217 2.7989771366119385
vt 1.0551234483718872 2.8055744171142578
vt 1.0405188798904419 2.8074185848236084
vt 1.0901838541030884 2.7623696327209473
vt 1.0897393226623535 2.7565057277679443
vt 1.0819433927536011 2.7703664302825928
vt 1.0814433097839355 2.7637693881988525
vt 1.0960478782653809 2.761925220489502
vt 1.0937398672103882 2.8092820644378662
vt 1.0932953357696533 2.8034181594848633
vt 1.0839436054229736 2.7967548370361328
vt 1.0844436883926392 2.803351879119873
vt 1.0991593599319458 2.8029735088348389
vt -0.042826928198337555 2.7600617408752441
vt -0.095603406429290771 2.7560610771179199
vt -0.046827398240566254 2.812838077545166
vt -0.099603861570358276 2.8088376522064209
vt 2.7605061531066895 0.0006709342123940587
vt 2.7605061531066895 0.10064582526683807
vt 2.8132827281951904 0.0006709342123940587
vt 2.8132827281951904 0.10064582526683807
vt 2.7663702964782715 0.0006709342123940587
vt 2.7663702964782715 0.04771794006228447
vt 2.8074185848236084 0.0006709342123940587
vt 2.8074185848236084 0.04771794006228447
vt -0.095603406429290771 0.0006709342123940587
vt -0.036962889134883881 0.0006709342123940587
vt -0.036962889134883881 0.10064582526683807
vt -0.042826928198337555 0.10064582526683807
vt -0.042826928198337555 0.053598817437887192
vt -0.042826928198337555 0.04771794006228447
vt -0.042826928198337555 0.0006709342123940587
vt -0.089739374816417694 0.0006709342123940587
vt -0.089739374816417694 0.04771794006228447
vt -0.095603406429290771 0.053598817437887192
vt 1.0409632921218872 0.0006709342123940587
vt 1.0409632921218872 0.10064582526683807
vt 1.0996038913726807 0.0006709342123940587
vt 1.0468274354934692 0.053598817437887192
vt 1.0468274354934692 0.10064582526683807
vt 1.0468274354934692 0.0006709342123940587
vt 1.0468274354934692 0.04771794006228447
vt 1.0937398672103882 0.04771794006228447
vt 1.0937398672103882 0.0006709342123940587
vt 1.0996038913726807 0.053598817437887192
vt -1.8088376522064209 0.0006709342123940587
vt -1.8088376522064209 0.053598817437887192
vt -1.7560611963272095 0.0006709342123940587
vt -1.7560611963272095 0.053598817437887192
vt -1.761925220489502 0.04771794006228447
vt -1.761925220489502 0.0006709342123940587
vt -1.8029736280441284 0.0006709342123940587
vt -1.8029736280441284 0.04771794006228447
vn -0.99713951349258423 0 0.07558315247297287
vn -0.99713951349258423 0 0.07558315247297287
vn -0.99713951349258423 0 0.07558315247297287
vn -0.99713951349258423 0 0.07558315247297287
vn 0 1 0
vn 0 1 0
vn 0 1 0
vn 0 1 0
vn 0 1 0
vn 0 1 0
vn 0 1 0
vn 0 1 0
vn 0 1 0
vn 0 1 0
vn 0 1 0
vn 0 1 0
vn 0 1 0
vn 0 1 0
vn 0 1 0
vn 0 1 0
vn -0.07558315247297287 0 -0.99713951349258423
vn -0.07558315247297287 0 -0.99713951349258423
vn -0.07558315247297287 0 -0.99713951349258423
vn -0.07558315247297287 0 -0.99713951349258423
vn -0.99713951349258423 0 0.07558315247297287
vn -0.99713951349258423 0 0.07558315247297287
vn -0.99713951349258423 0 0.07558315247297287
vn -0.99713951349258423 0 0.07558315247297287
vn 0 -1 0
vn 0 -1 0
vn 0 -1 0
vn 0 -1 0
vn -0.99713951349258423 0 0.07558315247297287
vn -0.99713951349258423 0 0.07558315247297287
vn -0.99713951349258423 0 0.07558315247297287
vn -0.99713951349258423 0 0.07558315247297287
vn 0.07558315247297287 0 0.99713951349258423
vn 0.07558315247297287 0 0.99713951349258423
vn 0.07558315247297287 0 0.99713951349258423
vn 0.07558315247297287 0 0.99713951349258423
vn 0 -1 0
vn 0 -1 0
vn 0 -1 0
vn 0 -1 0
vn 0.99713951349258423 0 -0.07558315247297287
vn 0.99713951349258423 0 -0.07558315247297287
vn 0.99713951349258423 0 -0.07558315247297287
vn 0.99713951349258423 0 -0.07558315247297287
vn -0.07558315247297287 0 -0.99713951349258423
vn -0.07558315247297287 0 -0.99713951349258423
vn -0.07558315247297287 0 -0.99713951349258423
vn -0.07558315247297287 0 -0.99713951349258423
vn 0 -1 0
vn 0 -1 0
vn 0 -1 0
vn 0 -1 0
vn 0.99713951349258423 0 -0.07558315247297287
vn 0.99713951349258423 0 -0.07558315247297287
vn 0.99713951349258423 0 -0.07558315247297287
vn 0.99713951349258423 0 -0.07558315247297287
vn 0.07558315247297287 0 0.99713951349258423
vn 0.07558315247297287 0 0.99713951349258423
vn 0.07558315247297287 0 0.99713951349258423
vn 0.07558315247297287 0 0.99713951349258423
vn 0 -1 0
vn 0 -1 0
vn 0 -1 0
vn 0 -1 0
vn 0 -1 0
vn 0 -1 0
vn 0 -1 0
vn 0 -1 0
vn 0 -1 0
vn 0 -1 0
vn 0 -1 0
vn 0 -1 0
vn 0 -1 0
vn 0 -1 0
vn 0 -1 0
vn 0 -1 0
vn 0 -1 0
vn 0 -1 0
vn 0 -1 0
vn 0 -1 0
vn 0 -1 0
vn 0 -1 0
vn 0 -1 0
vn 0 -1 0
vn 0 -1 0
vn 0 -1 0
vn 0 -1 0
vn 0 -1 0
vn 0 1 0
vn 0 1 0
vn 0 1 0
vn 0 1 0
vn 0.99713951349258423 0 -0.07558315247297287
vn 0.99713951349258423 0 -0.07558315247297287
vn 0.99713951349258423 0 -0.07558315247297287
vn 0.99713951349258423 0 -0.07558315247297287
vn 0.99713951349258423 0 -0.07558315247297287
vn 0.99713951349258423 0 -0.07558315247297287
vn 0.99713951349258423 0 -0.07558315247297287
vn 0.99713951349258423 0 -0.07558315247297287
vn 0.07558315247297287 0 0.99713951349258423
vn 0.07558315247297287 0 0.99713951349258423
vn 0.07558315247297287 0 0.99713951349258423
vn 0.07558315247297287 0 0.99713951349258423
vn 0.07558315247297287 0 0.99713951349258423
vn 0.07558315247297287 0 0.99713951349258423
vn 0.07558315247297287 0 0.99713951349258423
vn 0.07558315247297287 0 0.99713951349258423
vn 0.07558315247297287 0 0.99713951349258423
vn 0.07558315247297287 0 0.99713951349258423
vn -0.07558315247297287 0 -0.99713951349258423
vn -0.07558315247297287 0 -0.99713951349258423
vn -0.07558315247297287 0 -0.99713951349258423
vn -0.07558315247297287 0 -0.99713951349258423
vn -0.07558315247297287 0 -0.99713951349258423
vn -0.07558315247297287 0 -0.99713951349258423
vn -0.07558315247297287 0 -0.99713951349258423
vn -0.07558315247297287 0 -0.99713951349258423
vn -0.07558315247297287 0 -0.99713951349258423
vn -0.07558315247297287 0 -0.99713951349258423
vn -0.99713951349258423 0 0.07558315247297287
vn -0.99713951349258423 0 0.07558315247297287
vn -0.99713951349258423 0 0.07558315247297287
vn -0.99713951349258423 0 0.07558315247297287
vn -0.99713951349258423 0 0.07558315247297287
vn -0.99713951349258423 0 0.07558315247297287
vn -0.99713951349258423 0 0.07558315247297287
vn -0.99713951349258423 0 0.07558315247297287
f 1540/4179/4179 1539/4178/4178 1541/4180/4180 1542/4181/4181
f 1545/4186/4186 1555/4196/4196 1556/4197/4197 1547/4188/4188
f 1546/4187/4187 1545/4186/4186 1547/4188/4188 1548/4189/4189
f 1552/4193/4193 1550/4191/4191 1549/4190/4190 1551/4192/4192
f 1550/4191/4191 1554/4195/4195 1553/4194/4194 1549/4190/4190
f 1555/4196/4196 1543/4182/4182 1556/4197/4197
f 1547/4188/4188 1556/4197/4197 1543/4182/4182
f 1547/4188/4188 1543/4182/4182 1544/4184/4184
f 1555/4196/4196 1553/4194/4194 1542/4183/4183 1543/4182/4182
f 1554/4195/4195 1542/4183/4183 1553/4194/4194
f 1545/4186/4186 1549/4190/4190 1553/4194/4194 1555/4196/4196
f 1550/4191/4191 1542/4183/4183 1554/4195/4195
f 1549/4190/4190 1545/4186/4186 1546/4187/4187 1551/4192/4192
f 1548/4189/4189 1544/4184/4184 1546/4187/4187
f 1544/4184/4184 1548/4189/4189 1547/4188/4188
f 1544/4184/4184 1540/4185/4185 1551/4192/4192 1546/4187/4187
f 1550/4191/4191 1552/4193/4193 1540/4185/4185
f 1551/4192/4192 1540/4185/4185 1552/4193/4193
f 1542/4183/4183 1550/4191/4191 1540/4185/4185
f 1558/4199/4199 1557/4198/4198 1559/4200/4200 1560/4201/4201
f 1560/4203/4203 1559/4202/4202 1561/4204/4204 1562/4205/4205
f 1561/4207/4207 1559/4209/4209 1557/4208/4208 1563/4206/4206
f 1565/4211/4211 1564/4210/4210 1566/4212/4212 1567/4213/4213
f 1567/4215/4215 1566/4214/4214 1568/4216/4216 1569/4217/4217
f 1566/4219/4219 1564/4221/4221 1570/4220/4220 1568/4218/4218
f 1572/4223/4223 1571/4222/4222 1573/4224/4224 1574/4225/4225
f 1574/4227/4227 1573/4226/4226 1575/4228/4228 1576/4229/4229
f 1577/4231/4231 1575/4233/4233 1573/4232/4232 1571/4230/4230
f 1579/4235/4235 1578/4234/4234 1580/4236/4236 1581/4237/4237
f 1583/4239/4239 1582/4238/4238 1578/4240/4240 1579/4241/4241
f 1582/4243/4243 1584/4245/4245 1580/4244/4244 1578/4242/4242
f 1593/4262/4262 1585/4248/4248 1587/4250/4250 1594/4263/4263
f 1585/4248/4248 1586/4249/4249 1588/4251/4251 1587/4250/4250
f 1596/4268/4268 1590/4256/4256 1589/4255/4255 1595/4267/4267
f 1590/4256/4256 1592/4258/4258 1591/4257/4257 1589/4255/4255
f 1586/4249/4249 1558/4247/4247 1560/4246/4246
f 1588/4251/4251 1560/4246/4246 1562/4252/4252
f 1560/4246/4246 1588/4251/4251 1586/4249/4249
f 1562/4252/4252 1587/4250/4250 1588/4251/4251
f 1558/4247/4247 1586/4249/4249 1591/4257/4257 1569/4259/4259
f 1572/4261/4261 1594/4263/4263 1587/4250/4250 1562/4252/4252
f 1594/4263/4263 1572/4261/4261 1574/4260/4260
f 1593/4262/4262 1574/4260/4260 1576/4264/4264
f 1593/4262/4262 1595/4267/4267 1589/4255/4255 1585/4248/4248
f 1574/4260/4260 1593/4262/4262 1594/4263/4263
f 1593/4262/4262 1576/4264/4264 1583/4269/4269 1595/4267/4267
f 1585/4248/4248 1589/4255/4255 1591/4257/4257 1586/4249/4249
f 1567/4253/4253 1591/4257/4257 1592/4258/4258
f 1592/4258/4258 1565/4254/4254 1567/4253/4253
f 1591/4257/4257 1567/4253/4253 1569/4259/4259
f 1565/4254/4254 1592/4258/4258 1590/4256/4256
f 1581/4265/4265 1590/4256/4256 1596/4268/4268
f 1579/4266/4266 1596/4268/4268 1595/4267/4267
f 1596/4268/4268 1579/4266/4266 1581/4265/4265
f 1595/4267/4267 1583/4269/4269 1579/4266/4266
f 1581/4265/4265 1565/4254/4254 1590/4256/4256
f 1597/4271/4271 1541/4270/4270 1539/4272/4272 1598/4273/4273
f 1558/4279/4279 1563/4274/4274 1557/4278/4278
f 1558/4279/4279 1569/4281/4281 1544/4277/4277 1543/4275/4275
f 1563/4274/4274 1558/4279/4279 1543/4275/4275
f 1569/4281/4281 1568/4280/4280 1570/4276/4276
f 1570/4276/4276 1544/4277/4277 1569/4281/4281
f 1571/4289/4289 1572/4290/4290 1597/4291/4291 1577/4282/4282
f 1541/4286/4286 1597/4291/4291 1572/4290/4290 1562/4287/4287
f 1562/4287/4287 1561/4288/4288 1563/4283/4283
f 1542/4285/4285 1541/4286/4286 1543/4284/4284
f 1543/4284/4284 1541/4286/4286 1562/4287/4287
f 1563/4283/4283 1543/4284/4284 1562/4287/4287
f 1565/4298/4298 1570/4292/4292 1564/4297/4297
f 1539/4295/4295 1544/4293/4293 1565/4298/4298
f 1570/4292/4292 1565/4298/4298 1544/4293/4293
f 1565/4298/4298 1581/4299/4299 1598/4301/4301 1539/4295/4295
f 1540/4296/4296 1544/4293/4293 1539/4295/4295
f 1581/4299/4299 1580/4300/4300 1584/4294/4294 1598/4301/4301
f 1582/4308/4308 1583/4309/4309 1598/4303/4303 1584/4302/4302
f 1583/4309/4309 1576/4306/4306 1597/4305/4305 1598/4303/4303
f 1576/4306/4306 1575/4307/4307 1577/4304/4304 1597/4305/4305
v -0.80828976631164551 0.16110442578792572 0.34742060303688049
v -0.80828976631164551 0.30251577496528625 0.34742060303688049
v -0.82075178623199463 0.16110442578792572 0.50601953268051147
v -0.82075178623199463 0.30251577496528625 0.50601953268051147
v -0.80312967300415039 0.30251577496528625 0.50740420818328857
v -0.79066771268844604 0.30251577496528625 0.34880527853965759
v -0.80174499750137329 0.0020166577305644751 0.48978209495544434
v -0.80174499750137329 0.14342799782752991 0.48978209495544434
v -0.81936711072921753 0.0020166577305644751 0.48839741945266724
v -0.81936711072921753 0.14342799782752991 0.48839741945266724
v -0.82075178623199463 0.0020166577305644751 0.50601953268051147
v -0.82075178623199463 0.14342799782752991 0.50601953268051147
v -0.80312967300415039 0.0020166577305644751 0.50740420818328857
v -0.80828976631164551 0.0020166577305644751 0.34742060303688049
v -0.80828976631164551 0.14342799782752991 0.34742060303688049
v -0.80967444181442261 0.0020166577305644751 0.36504271626472473
v -0.80967444181442261 0.14342799782752991 0.36504271626472473
v -0.79205232858657837 0.0020166577305644751 0.36642736196517944
v -0.79205232858657837 0.14342799782752991 0.36642736196517944
v -0.79066771268844604 0.0020166577305644751 0.34880527853965759
v -0.96172857284545898 0.0020166577305644751 0.49494218826293945
v -0.96172857284545898 0.14342799782752991 0.49494218826293945
v -0.96034395694732666 0.0020166577305644751 0.47732007503509521
v -0.96034395694732666 0.14342799782752991 0.47732007503509521
v -0.97796601057052612 0.0020166577305644751 0.4759354293346405
v -0.97796601057052612 0.14342799782752991 0.4759354293346405
v -0.97935068607330322 0.0020166577305644751 0.49355751276016235
v -0.95065128803253174 0.0020166577305644751 0.35396537184715271
v -0.95065128803253174 0.14342799782752991 0.35396537184715271
v -0.94926661252975464 0.0020166577305644751 0.33634328842163086
v -0.94926661252975464 0.14342799782752991 0.33634328842163086
v -0.9682733416557312 0.0020166577305644751 0.35258069634437561
v -0.9682733416557312 0.14342799782752991 0.35258069634437561
v -0.96688872575759888 0.0020166577305644751 0.33495861291885376
v -0.88500916957855225 0.14342799782752991 0.42118138074874878
v -0.84095394611358643 0.14342799782752991 0.42464306950569153
v -0.88812470436096191 0.14342799782752991 0.46083113551139832
v -0.84406942129135132 0.14342799782752991 0.46429279446601868
v -0.88189369440078735 0.14342799782752991 0.38153165578842163
v -0.83783841133117676 0.14342799782752991 0.38499334454536438
v -0.92906445264816284 0.14342799782752991 0.41771972179412842
v -0.93217992782592773 0.14342799782752991 0.45736944675445557
v -0.92594891786575317 0.14342799782752991 0.37806999683380127
v -0.97935068607330322 0.16110442578792572 0.49355751276016235
v -0.96688872575759888 0.16110442578792572 0.33495861291885376
vt -1.6722736358642578 0.053598817437887192
vt -1.6722736358642578 0.10064582526683807
vt -1.6195083856582642 0.053598817437887192
vt -1.6195083856582642 0.10064582526683807
vt -0.048628997057676315 2.6190476417541504
vt -0.054491803050041199 2.6195082664489746
vt -0.044482950121164322 2.6718130111694336
vt -0.050345737487077713 2.6722736358642578
vt 1.0481683015823364 0.0006709342123940587
vt 1.0481683015823364 0.04771794006228447
vt 1.0540311336517334 0.0006709342123940587
vt 1.0540311336517334 0.04771794006228447
vt -1.6253712177276611 0.0006709342123940587
vt -1.6253712177276611 0.04771794006228447
vt -1.6195083856582642 0.0006709342123940587
vt -1.6195083856582642 0.04771794006228447
vt 1.0486290454864502 2.6190476417541504
vt 1.0544917583465576 2.6195082664489746
vt 1.0481683015823364 2.6249105930328369
vt 1.0540311336517334 2.6253712177276611
vt -1.6722736358642578 0.0006709342123940587
vt -1.6722736358642578 0.04771794006228447
vt -1.6664108037948608 0.0006709342123940587
vt -1.6664108037948608 0.04771794006228447
vt -0.05080641433596611 0.0006709342123940587
vt -0.05080641433596611 0.04771794006228447
vt -0.044943604618310928 0.0006709342123940587
vt -0.044943604618310928 0.04771794006228447
vt 1.0449435710906982 2.6659500598907471
vt 1.0508064031600952 2.6664109230041504
vt 1.044482946395874 2.6718130111694336
vt 1.050345778465271 2.6722736358642578
vt 2.6231937408447266 0.0006709342123940587
vt 2.6231937408447266 0.04771794006228447
vt 2.6290566921234131 0.0006709342123940587
vt 2.6290566921234131 0.04771794006228447
vt 1.1009335517883301 0.0006709342123940587
vt 1.1009335517883301 0.04771794006228447
vt 1.1067963838577271 0.0006709342123940587
vt 1.1067963838577271 0.04771794006228447
vt 1.1013941764831543 2.6231937408447266
vt 1.1072570085525513 2.6236543655395508
vt 1.1009335517883301 2.6290566921234131
vt 1.1067963838577271 2.6295173168182373
vt 2.6700961589813232 0.0006709342123940587
vt 2.6700961589813232 0.04771794006228447
vt 2.6759591102600098 0.0006709342123940587
vt 2.6759591102600098 0.04771794006228447
vt -0.10357165336608887 0.0006709342123940587
vt -0.10357165336608887 0.04771794006228447
vt -0.097708866000175476 0.0006709342123940587
vt -0.097708866000175476 0.04771794006228447
vt 1.0977088212966919 2.6700961589813232
vt 1.1035716533660889 2.6705567836761475
vt 1.0972481966018677 2.6759591102600098
vt 1.1031110286712646 2.676419734954834
vt 1.0758700370788574 2.6477336883544922
vt 1.0540311336517334 2.6253712177276611
vt 1.0481683015823364 2.6249105930328369
vt 1.0612130165100098 2.6465821266174316
vt 1.0769065618515015 2.6345424652099609
vt 1.0622495412826538 2.6333906650543213
vt 1.0544917583465576 2.6195082664489746
vt 1.0508064031600952 2.6664109230041504
vt 1.050345778465271 2.6722736358642578
vt 1.0748335123062134 2.6609249114990234
vt 1.0601764917373657 2.6597733497619629
vt 1.0449435710906982 2.6659500598907471
vt 1.1009335517883301 2.6290566921234131
vt 1.1013941764831543 2.6231937408447266
vt 1.0905270576477051 2.6488854885101318
vt 1.0915634632110596 2.6356940269470215
vt 1.1067963838577271 2.6295173168182373
vt 1.0972481966018677 2.6759591102600098
vt 1.0977088212966919 2.6700961589813232
vt 1.089490532875061 2.6620767116546631
vt 1.1035716533660889 2.6705567836761475
vt -0.054491803050041199 2.6195082664489746
vt -0.10725704580545425 2.6236543655395508
vt -0.050345737487077713 2.6722736358642578
vt -0.10311099886894226 2.676419734954834
vt 2.6190476417541504 0.0006709342123940587
vt 2.6190476417541504 0.10064582526683807
vt 2.6718130111694336 0.0006709342123940587
vt 2.6718130111694336 0.10064582526683807
vt 2.6249105930328369 0.0006709342123940587
vt 2.6249105930328369 0.04771794006228447
vt 2.6659500598907471 0.0006709342123940587
vt 2.6659500598907471 0.04771794006228447
vt -0.10725704580545425 0.0006709342123940587
vt -0.048628997057676315 0.0006709342123940587
vt -0.048628997057676315 0.10064582526683807
vt -0.054491803050041199 0.10064582526683807
vt -0.054491803050041199 0.053598817437887192
vt -0.054491803050041199 0.04771794006228447
vt -0.054491803050041199 0.0006709342123940587
vt -0.10139423608779907 0.0006709342123940587
vt -0.10139423608779907 0.04771794006228447
vt -0.10725704580545425 0.053598817437887192
vt 1.044482946395874 0.0006709342123940587
vt 1.044482946395874 0.10064582526683807
vt 1.1031110286712646 0.0006709342123940587
vt 1.050345778465271 0.053598817437887192
vt 1.050345778465271 0.10064582526683807
vt 1.050345778465271 0.0006709342123940587
vt 1.050345778465271 0.04771794006228447
vt 1.0972481966018677 0.04771794006228447
vt 1.0972481966018677 0.0006709342123940587
vt 1.1031110286712646 0.053598817437887192
vt -1.676419734954834 0.0006709342123940587
vt -1.676419734954834 0.053598817437887192
vt -1.6236544847488403 0.0006709342123940587
vt -1.6236544847488403 0.053598817437887192
vt -1.6295171976089478 0.04771794006228447
vt -1.6295171976089478 0.0006709342123940587
vt -1.670556902885437 0.0006709342123940587
vt -1.670556902885437 0.04771794006228447
vn -0.99692714214324951 0 -0.07833409309387207
vn -0.99692714214324951 0 -0.07833409309387207
vn -0.99692714214324951 0 -0.07833409309387207
vn -0.99692714214324951 0 -0.07833409309387207
vn 0 1 0
vn 0 1 0
vn 0 1 0
vn 0 1 0
vn 0.07833409309387207 0 -0.99692714214324951
vn 0.07833409309387207 0 -0.99692714214324951
vn 0.07833409309387207 0 -0.99692714214324951
vn 0.07833409309387207 0 -0.99692714214324951
vn -0.99692714214324951 0 -0.07833409309387207
vn -0.99692714214324951 0 -0.07833409309387207
vn -0.99692714214324951 0 -0.07833409309387207
vn -0.99692714214324951 0 -0.07833409309387207
vn 0 -1 0
vn 0 -1 0
vn 0 -1 0
vn 0 -1 0
vn -0.99692714214324951 0 -0.07833409309387207
vn -0.99692714214324951 0 -0.07833409309387207
vn -0.99692714214324951 0 -0.07833409309387207
vn -0.99692714214324951 0 -0.07833409309387207
vn -0.07833409309387207 0 0.99692714214324951
vn -0.07833409309387207 0 0.99692714214324951
vn -0.07833409309387207 0 0.99692714214324951
vn -0.07833409309387207 0 0.99692714214324951
vn 0 -1 0
vn 0 -1 0
vn 0 -1 0
vn 0 -1 0
vn 0.99692714214324951 0 0.07833409309387207
vn 0.99692714214324951 0 0.07833409309387207
vn 0.99692714214324951 0 0.07833409309387207
vn 0.99692714214324951 0 0.07833409309387207
vn 0.07833409309387207 0 -0.99692714214324951
vn 0.07833409309387207 0 -0.99692714214324951
vn 0.07833409309387207 0 -0.99692714214324951
vn 0.07833409309387207 0 -0.99692714214324951
vn 0 -1 0
vn 0 -1 0
vn 0 -1 0
vn 0 -1 0
vn 0.99692714214324951 0 0.07833409309387207
vn 0.99692714214324951 0 0.07833409309387207
vn 0.99692714214324951 0 0.07833409309387207
vn 0.99692714214324951 0 0.07833409309387207
vn -0.07833409309387207 0 0.99692714214324951
vn -0.07833409309387207 0 0.99692714214324951
vn -0.07833409309387207 0 0.99692714214324951
vn -0.07833409309387207 0 0.99692714214324951
vn 0 -1 0
vn 0 -1 0
vn 0 -1 0
vn 0 -1 0
vn 0 -1 0
vn 0 -1 0
vn 0 -1 0
vn 0 -1 0
vn 0 -1 0
vn 0 -1 0
vn 0 -1 0
vn 0 -1 0
vn 0 -1 0
vn 0 -1 0
vn 0 -1 0
vn 0 -1 0
vn 0 -1 0
vn 0 -1 0
vn 0 -1 0
vn 0 -1 0
vn 0 -1 0
vn 0 -1 0
vn 0 -1 0
vn 0 -1 0
vn 0 -1 0
vn 0 1 0
vn 0 1 0
vn 0 1 0
vn 0 1 0
vn 0.99692714214324951 0 0.07833409309387207
vn 0.99692714214324951 0 0.07833409309387207
vn 0.99692714214324951 0 0.07833409309387207
vn 0.99692714214324951 0 0.07833409309387207
vn 0.99692714214324951 0 0.07833409309387207
vn 0.99692714214324951 0 0.07833409309387207
vn 0.99692714214324951 0 0.07833409309387207
vn 0.99692714214324951 0 0.07833409309387207
vn -0.07833409309387207 0 0.99692714214324951
vn -0.07833409309387207 0 0.99692714214324951
vn -0.07833409309387207 0 0.99692714214324951
vn -0.07833409309387207 0 0.99692714214324951
vn -0.07833409309387207 0 0.99692714214324951
vn -0.07833409309387207 0 0.99692714214324951
vn -0.07833409309387207 0 0.99692714214324951
vn -0.07833409309387207 0 0.99692714214324951
vn -0.07833409309387207 0 0.99692714214324951
vn -0.07833409309387207 0 0.99692714214324951
vn 0.07833409309387207 0 -0.99692714214324951
vn 0.07833409309387207 0 -0.99692714214324951
vn 0.07833409309387207 0 -0.99692714214324951
vn 0.07833409309387207 0 -0.99692714214324951
vn 0.07833409309387207 0 -0.99692714214324951
vn 0.07833409309387207 0 -0.99692714214324951
vn 0.07833409309387207 0 -0.99692714214324951
vn 0.07833409309387207 0 -0.99692714214324951
vn 0.07833409309387207 0 -0.99692714214324951
vn 0.07833409309387207 0 -0.99692714214324951
vn -0.99692714214324951 0 -0.07833409309387207
vn -0.99692714214324951 0 -0.07833409309387207
vn -0.99692714214324951 0 -0.07833409309387207
vn -0.99692714214324951 0 -0.07833409309387207
vn -0.99692714214324951 0 -0.07833409309387207
vn -0.99692714214324951 0 -0.07833409309387207
vn -0.99692714214324951 0 -0.07833409309387207
vn -0.99692714214324951 0 -0.07833409309387207
f 1600/4311/4311 1599/4310/4310 1601/4312/4312 1602/4313/4313
f 1602/4315/4315 1603/4314/4314 1604/4316/4316 1600/4317/4317
f 1606/4319/4319 1605/4318/4318 1607/4320/4320 1608/4321/4321
f 1608/4323/4323 1607/4322/4322 1609/4324/4324 1610/4325/4325
f 1609/4327/4327 1607/4329/4329 1605/4328/4328 1611/4326/4326
f 1613/4331/4331 1612/4330/4330 1614/4332/4332 1615/4333/4333
f 1615/4335/4335 1614/4334/4334 1616/4336/4336 1617/4337/4337
f 1614/4339/4339 1612/4341/4341 1618/4340/4340 1616/4338/4338
f 1620/4343/4343 1619/4342/4342 1621/4344/4344 1622/4345/4345
f 1622/4347/4347 1621/4346/4346 1623/4348/4348 1624/4349/4349
f 1625/4351/4351 1623/4353/4353 1621/4352/4352 1619/4350/4350
f 1627/4355/4355 1626/4354/4354 1628/4356/4356 1629/4357/4357
f 1631/4359/4359 1630/4358/4358 1626/4360/4360 1627/4361/4361
f 1630/4363/4363 1632/4365/4365 1628/4364/4364 1626/4362/4362
f 1633/4366/4366 1634/4369/4369 1636/4371/4371 1635/4370/4370
f 1639/4380/4380 1633/4366/4366 1635/4370/4370 1640/4381/4381
f 1637/4375/4375 1638/4376/4376 1634/4369/4369 1633/4366/4366
f 1641/4385/4385 1637/4375/4375 1633/4366/4366 1639/4380/4380
f 1608/4367/4367 1636/4371/4371 1606/4368/4368
f 1634/4369/4369 1606/4368/4368 1636/4371/4371
f 1610/4372/4372 1636/4371/4371 1608/4367/4367
f 1634/4369/4369 1617/4377/4377 1606/4368/4368
f 1635/4370/4370 1636/4371/4371 1610/4372/4372
f 1640/4381/4381 1620/4379/4379 1622/4378/4378
f 1624/4382/4382 1640/4381/4381 1622/4378/4378
f 1635/4370/4370 1620/4379/4379 1640/4381/4381
f 1639/4380/4380 1640/4381/4381 1624/4382/4382
f 1635/4370/4370 1610/4372/4372 1620/4379/4379
f 1613/4374/4374 1638/4376/4376 1637/4375/4375
f 1638/4376/4376 1613/4374/4374 1615/4373/4373
f 1638/4376/4376 1615/4373/4373 1617/4377/4377
f 1617/4377/4377 1634/4369/4369 1638/4376/4376
f 1613/4374/4374 1637/4375/4375 1641/4385/4385 1629/4383/4383
f 1631/4386/4386 1641/4385/4385 1639/4380/4380
f 1641/4385/4385 1627/4384/4384 1629/4383/4383
f 1641/4385/4385 1631/4386/4386 1627/4384/4384
f 1624/4382/4382 1631/4386/4386 1639/4380/4380
f 1642/4388/4388 1601/4387/4387 1599/4389/4389 1643/4390/4390
f 1606/4396/4396 1611/4391/4391 1605/4395/4395
f 1606/4396/4396 1617/4398/4398 1604/4394/4394 1603/4392/4392
f 1611/4391/4391 1606/4396/4396 1603/4392/4392
f 1617/4398/4398 1616/4397/4397 1618/4393/4393
f 1618/4393/4393 1604/4394/4394 1617/4398/4398
f 1619/4406/4406 1620/4407/4407 1642/4408/4408 1625/4399/4399
f 1601/4403/4403 1642/4408/4408 1620/4407/4407 1610/4404/4404
f 1610/4404/4404 1609/4405/4405 1611/4400/4400
f 1602/4402/4402 1601/4403/4403 1603/4401/4401
f 1603/4401/4401 1601/4403/4403 1610/4404/4404
f 1611/4400/4400 1603/4401/4401 1610/4404/4404
f 1613/4415/4415 1618/4409/4409 1612/4414/4414
f 1599/4412/4412 1604/4410/4410 1613/4415/4415
f 1618/4409/4409 1613/4415/4415 1604/4410/4410
f 1613/4415/4415 1629/4416/4416 1643/4418/4418 1599/4412/4412
f 1600/4413/4413 1604/4410/4410 1599/4412/4412
f 1629/4416/4416 1628/4417/4417 1632/4411/4411 1643/4418/4418
f 1630/4425/4425 1631/4426/4426 1643/4420/4420 1632/4419/4419
f 1642/4422/4422 1643/4420/4420 1631/4426/4426 1624/4423/4423
f 1624/4423/4423 1623/4424/4424 1625/4421/4421 1642/4422/4422
v -1.431354284286499 0.16110442578792572 0.49889644980430603
v -1.431354284286499 0.30251577496528625 0.49889644980430603
v -1.4386425018310547 0.16110442578792572 0.33997571468353271
v -1.4386425018310547 0.30251577496528625 0.33997571468353271
v -1.4563003778457642 0.30251577496528625 0.34078553318977356
v -1.4490121603012085 0.30251577496528625 0.49970626831054688
v -1.4554905891418457 0.0020166577305644751 0.35844337940216064
v -1.4554905891418457 0.14342799782752991 0.35844337940216064
v -1.4378327131271362 0.0020166577305644751 0.35763359069824219
v -1.4378327131271362 0.14342799782752991 0.35763359069824219
v -1.4386425018310547 0.0020166577305644751 0.33997571468353271
v -1.4386425018310547 0.14342799782752991 0.33997571468353271
v -1.4563003778457642 0.0020166577305644751 0.34078553318977356
v -1.431354284286499 0.0020166577305644751 0.49889644980430603
v -1.431354284286499 0.14342799782752991 0.49889644980430603
v -1.4321640729904175 0.0020166577305644751 0.48123860359191895
v -1.4321640729904175 0.14342799782752991 0.48123860359191895
v -1.449821949005127 0.0020166577305644751 0.4820483922958374
v -1.449821949005127 0.14342799782752991 0.4820483922958374
v -1.4490121603012085 0.0020166577305644751 0.49970626831054688
v -1.2973796129226685 0.0020166577305644751 0.33349725604057312
v -1.2973796129226685 0.14342799782752991 0.33349725604057312
v -1.29656982421875 0.0020166577305644751 0.35115513205528259
v -1.29656982421875 0.14342799782752991 0.35115513205528259
v -1.2789119482040405 0.0020166577305644751 0.35034531354904175
v -1.2789119482040405 0.14342799782752991 0.35034531354904175
v -1.279721736907959 0.0020166577305644751 0.33268746733665466
v -1.2909011840820312 0.0020166577305644751 0.47476014494895935
v -1.2909011840820312 0.14342799782752991 0.47476014494895935
v -1.2900913953781128 0.0020166577305644751 0.49241799116134644
v -1.2900913953781128 0.14342799782752991 0.49241799116134644
v -1.2732433080673218 0.0020166577305644751 0.47395032644271851
v -1.2732433080673218 0.14342799782752991 0.47395032644271851
v -1.2724335193634033 0.0020166577305644751 0.49160817265510559
v -1.4085116386413574 0.14342799782752991 0.41822138428688049
v -1.4305839538574219 0.14342799782752991 0.41923362016677856
v -1.4103336334228516 0.14342799782752991 0.37849119305610657
v -1.432405948638916 0.14342799782752991 0.37950345873832703
v -1.4066895246505737 0.14342799782752991 0.45795154571533203
v -1.4287618398666382 0.14342799782752991 0.45896381139755249
v -1.3202222585678101 0.14342799782752991 0.41417235136032104
v -1.2981499433517456 0.14342799782752991 0.41316008567810059
v -1.3220443725585938 0.14342799782752991 0.37444216012954712
v -1.2999720573425293 0.14342799782752991 0.37342989444732666
v -1.3184002637863159 0.14342799782752991 0.45390251278877258
v -1.2963279485702515 0.14342799782752991 0.45289027690887451
v -1.279721736907959 0.16110442578792572 0.33268746733665466
v -1.2724335193634033 0.16110442578792572 0.49160817265510559
vt 2.6218781471252441 0.053598817437887192
vt 2.6218781471252441 0.10064582526683807
vt 2.6747505664825439 0.053598817437887192
vt 2.6747505664825439 0.10064582526683807
vt -0.26593634486198425 2.6744811534881592
vt -0.26006165146827698 2.6747505664825439
vt -0.26351159811019897 2.6216087341308594
vt -0.25763687491416931 2.6218781471252441
vt -0.26566693186759949 0.0006709342123940587
vt -0.26566693186759949 0.04771794006228447
vt -0.25979223847389221 0.0006709342123940587
vt -0.25979223847389221 0.04771794006228447
vt 2.6688756942749023 0.0006709342123940587
vt 2.6688756942749023 0.04771794006228447
vt 2.6747505664825439 0.0006709342123940587
vt 2.6747505664825439 0.04771794006228447
vt 1.2659363746643066 2.6744811534881592
vt 1.2600616216659546 2.6747505664825439
vt 1.2656669616699219 2.6686062812805176
vt 1.2597922086715698 2.6688756942749023
vt 2.6218781471252441 0.0006709342123940587
vt 2.6218781471252441 0.04771794006228447
vt 2.6277527809143066 0.0006709342123940587
vt 2.6277527809143066 0.04771794006228447
vt 1.2579063177108765 0.0006709342123940587
vt 1.2579063177108765 0.04771794006228447
vt 1.263780951499939 0.0006709342123940587
vt 1.263780951499939 0.04771794006228447
vt 1.263780951499939 2.6274833679199219
vt 1.2579063177108765 2.6277527809143066
vt 1.2635115385055542 2.6216087341308594
vt 1.2576369047164917 2.6218781471252441
vt -1.6769058704376221 0.0006709342123940587
vt -1.6769058704376221 0.04771794006228447
vt -1.67103111743927 0.0006709342123940587
vt -1.67103111743927 0.04771794006228447
vt -0.21279461681842804 0.0006709342123940587
vt -0.21279461681842804 0.04771794006228447
vt -0.20691990852355957 0.0006709342123940587
vt -0.20691990852355957 0.04771794006228447
vt 1.2130640745162964 2.6769058704376221
vt 1.2071893215179443 2.6771752834320068
vt 1.2127946615219116 2.6710312366485596
vt 1.2069199085235596 2.6713006496429443
vt -1.6299082040786743 0.0006709342123940587
vt -1.6299082040786743 0.04771794006228447
vt -1.6240335702896118 0.0006709342123940587
vt -1.6240335702896118 0.04771794006228447
vt 1.2050340175628662 0.0006709342123940587
vt 1.2050340175628662 0.04771794006228447
vt 1.2109086513519287 0.0006709342123940587
vt 1.2109086513519287 0.04771794006228447
vt 1.2109086513519287 2.6299083232879639
vt 1.2050340175628662 2.6301777362823486
vt 1.2106392383575439 2.6240334510803223
vt 1.2047646045684814 2.624302864074707
vt 1.2597922086715698 2.6688756942749023
vt 1.2656669616699219 2.6686062812805176
vt 1.2500371932983398 2.6487185955047607
vt 1.2573806047439575 2.6483817100524902
vt 1.2506433725357056 2.6619365215301514
vt 1.2579867839813232 2.66159987449646
vt 1.2600616216659546 2.6747505664825439
vt 1.2579063177108765 2.6277527809143066
vt 1.2576369047164917 2.6218781471252441
vt 1.2494310140609741 2.635500431060791
vt 1.2567744255065918 2.6351635456085205
vt 1.263780951499939 2.6274833679199219
vt 1.2127946615219116 2.6710312366485596
vt 1.2130640745162964 2.6769058704376221
vt 1.2206636667251587 2.6500656604766846
vt 1.2133203744888306 2.650402307510376
vt 1.2212698459625244 2.6632835865020752
vt 1.2139265537261963 2.6636204719543457
vt 1.2069199085235596 2.6713006496429443
vt 1.2106392383575439 2.6240334510803223
vt 1.2109086513519287 2.6299083232879639
vt 1.220057487487793 2.6368474960327148
vt 1.2127141952514648 2.6371843814849854
vt 1.2050340175628662 2.6301777362823486
vt -0.26006165146827698 2.6747505664825439
vt -0.20718932151794434 2.6771752834320068
vt -0.25763687491416931 2.6218781471252441
vt -0.20476455986499786 2.624302864074707
vt -1.6744810342788696 0.0006709342123940587
vt -1.6744810342788696 0.10064582526683807
vt -1.6216087341308594 0.0006709342123940587
vt -1.6216087341308594 0.10064582526683807
vt -1.6686064004898071 0.0006709342123940587
vt -1.6686064004898071 0.04771794006228447
vt -1.6274834871292114 0.0006709342123940587
vt -1.6274834871292114 0.04771794006228447
vt 1.2071893215179443 0.0006709342123940587
vt 1.2659363746643066 0.0006709342123940587
vt 1.2659363746643066 0.10064582526683807
vt 1.2600616216659546 0.10064582526683807
vt 1.2600616216659546 0.053598817437887192
vt 1.2600616216659546 0.04771794006228447
vt 1.2600616216659546 0.0006709342123940587
vt 1.2130640745162964 0.0006709342123940587
vt 1.2130640745162964 0.04771794006228447
vt 1.2071893215179443 0.053598817437887192
vt -0.26351159811019897 0.0006709342123940587
vt -0.26351159811019897 0.10064582526683807
vt -0.20476455986499786 0.0006709342123940587
vt -0.25763687491416931 0.053598817437887192
vt -0.25763687491416931 0.10064582526683807
vt -0.25763687491416931 0.0006709342123940587
vt -0.25763687491416931 0.04771794006228447
vt -0.21063926815986633 0.04771794006228447
vt -0.21063926815986633 0.0006709342123940587
vt -0.20476455986499786 0.053598817437887192
vt 2.624302864074707 0.0006709342123940587
vt 2.624302864074707 0.053598817437887192
vt 2.6771752834320068 0.0006709342123940587
vt 2.6771752834320068 0.053598817437887192
vt 2.6713006496429443 0.04771794006228447
vt 2.6713006496429443 0.0006709342123940587
vt 2.6301777362823486 0.0006709342123940587
vt 2.6301777362823486 0.04771794006228447
vn 0.99895006418228149 0 -0.045812848955392838
vn 0.99895006418228149 0 -0.045812848955392838
vn 0.99895006418228149 0 -0.045812848955392838
vn 0.99895006418228149 0 -0.045812848955392838
vn 0 1 0
vn 0 1 0
vn 0 1 0
vn 0 1 0
vn 0.045812848955392838 0 0.99895006418228149
vn 0.045812848955392838 0 0.99895006418228149
vn 0.045812848955392838 0 0.99895006418228149
vn 0.045812848955392838 0 0.99895006418228149
vn 0.99895006418228149 0 -0.045812848955392838
vn 0.99895006418228149 0 -0.045812848955392838
vn 0.99895006418228149 0 -0.045812848955392838
vn 0.99895006418228149 0 -0.045812848955392838
vn 0 -1 0
vn 0 -1 0
vn 0 -1 0
vn 0 -1 0
vn 0.99895006418228149 0 -0.045812848955392838
vn 0.99895006418228149 0 -0.045812848955392838
vn 0.99895006418228149 0 -0.045812848955392838
vn 0.99895006418228149 0 -0.045812848955392838
vn -0.045812848955392838 0 -0.99895006418228149
vn -0.045812848955392838 0 -0.99895006418228149
vn -0.045812848955392838 0 -0.99895006418228149
vn -0.045812848955392838 0 -0.99895006418228149
vn 0 -1 0
vn 0 -1 0
vn 0 -1 0
vn 0 -1 0
vn -0.99895006418228149 0 0.045812848955392838
vn -0.99895006418228149 0 0.045812848955392838
vn -0.99895006418228149 0 0.045812848955392838
vn -0.99895006418228149 0 0.045812848955392838
vn 0.045812848955392838 0 0.99895006418228149
vn 0.045812848955392838 0 0.99895006418228149
vn 0.045812848955392838 0 0.99895006418228149
vn 0.045812848955392838 0 0.99895006418228149
vn 0 -1 0
vn 0 -1 0
vn 0 -1 0
vn 0 -1 0
vn -0.99895006418228149 0 0.045812848955392838
vn -0.99895006418228149 0 0.045812848955392838
vn -0.99895006418228149 0 0.045812848955392838
vn -0.99895006418228149 0 0.045812848955392838
vn -0.045812848955392838 0 -0.99895006418228149
vn -0.045812848955392838 0 -0.99895006418228149
vn -0.045812848955392838 0 -0.99895006418228149
vn -0.045812848955392838 0 -0.99895006418228149
vn 0 -1 0
vn 0 -1 0
vn 0 -1 0
vn 0 -1 0
vn 0 -1 0
vn 0 -1 0
vn 0 -1 0
vn 0 -1 0
vn 0 -1 0
vn 0 -1 0
vn 0 -1 0
vn 0 -1 0
vn 0 -1 0
vn 0 -1 0
vn 0 -1 0
vn 0 -1 0
vn 0 -1 0
vn 0 -1 0
vn 0 -1 0
vn 0 -1 0
vn 0 -1 0
vn 0 -1 0
vn 0 -1 0
vn 0 -1 0
vn 0 -1 0
vn 0 -1 0
vn 0 -1 0
vn 0 -1 0
vn 0 1 0
vn 0 1 0
vn 0 1 0
vn 0 1 0
vn -0.99895006418228149 0 0.045812848955392838
vn -0.99895006418228149 0 0.045812848955392838
vn -0.99895006418228149 0 0.045812848955392838
vn -0.99895006418228149 0 0.045812848955392838
vn -0.99895006418228149 0 0.045812848955392838
vn -0.99895006418228149 0 0.045812848955392838
vn -0.99895006418228149 0 0.045812848955392838
vn -0.99895006418228149 0 0.045812848955392838
vn -0.045812848955392838 0 -0.99895006418228149
vn -0.045812848955392838 0 -0.99895006418228149
vn -0.045812848955392838 0 -0.99895006418228149
vn -0.045812848955392838 0 -0.99895006418228149
vn -0.045812848955392838 0 -0.99895006418228149
vn -0.045812848955392838 0 -0.99895006418228149
vn -0.045812848955392838 0 -0.99895006418228149
vn -0.045812848955392838 0 -0.99895006418228149
vn -0.045812848955392838 0 -0.99895006418228149
vn -0.045812848955392838 0 -0.99895006418228149
vn 0.045812848955392838 0 0.99895006418228149
vn 0.045812848955392838 0 0.99895006418228149
vn 0.045812848955392838 0 0.99895006418228149
vn 0.045812848955392838 0 0.99895006418228149
vn 0.045812848955392838 0 0.99895006418228149
vn 0.045812848955392838 0 0.99895006418228149
vn 0.045812848955392838 0 0.99895006418228149
vn 0.045812848955392838 0 0.99895006418228149
vn 0.045812848955392838 0 0.99895006418228149
vn 0.045812848955392838 0 0.99895006418228149
vn 0.99895006418228149 0 -0.045812848955392838
vn 0.99895006418228149 0 -0.045812848955392838
vn 0.99895006418228149 0 -0.045812848955392838
vn 0.99895006418228149 0 -0.045812848955392838
vn 0.99895006418228149 0 -0.045812848955392838
vn 0.99895006418228149 0 -0.045812848955392838
vn 0.99895006418228149 0 -0.045812848955392838
vn 0.99895006418228149 0 -0.045812848955392838
f 1645/4428/4428 1644/4427/4427 1646/4429/4429 1647/4430/4430
f 1647/4432/4432 1648/4431/4431 1649/4433/4433 1645/4434/4434
f 1651/4436/4436 1650/4435/4435 1652/4437/4437 1653/4438/4438
f 1653/4440/4440 1652/4439/4439 1654/4441/4441 1655/4442/4442
f 1654/4444/4444 1652/4446/4446 1650/4445/4445 1656/4443/4443
f 1658/4448/4448 1657/4447/4447 1659/4449/4449 1660/4450/4450
f 1660/4452/4452 1659/4451/4451 1661/4453/4453 1662/4454/4454
f 1659/4456/4456 1657/4458/4458 1663/4457/4457 1661/4455/4455
f 1665/4460/4460 1664/4459/4459 1666/4461/4461 1667/4462/4462
f 1667/4464/4464 1666/4463/4463 1668/4465/4465 1669/4466/4466
f 1670/4468/4468 1668/4470/4470 1666/4469/4469 1664/4467/4467
f 1672/4472/4472 1671/4471/4471 1673/4473/4473 1674/4474/4474
f 1676/4476/4476 1675/4475/4475 1671/4477/4477 1672/4478/4478
f 1675/4480/4480 1677/4482/4482 1673/4481/4481 1671/4479/4479
f 1678/4485/4485 1679/4486/4486 1681/4488/4488 1680/4487/4487
f 1682/4492/4492 1683/4493/4493 1679/4486/4486 1678/4485/4485
f 1689/4505/4505 1688/4504/4504 1684/4497/4497 1685/4498/4498
f 1685/4498/4498 1684/4497/4497 1686/4499/4499 1687/4500/4500
f 1681/4488/4488 1651/4484/4484 1653/4483/4483
f 1680/4487/4487 1653/4483/4483 1655/4489/4489
f 1651/4484/4484 1681/4488/4488 1679/4486/4486
f 1653/4483/4483 1680/4487/4487 1681/4488/4488
f 1679/4486/4486 1662/4494/4494 1651/4484/4484
f 1680/4487/4487 1655/4489/4489 1665/4496/4496 1686/4499/4499
f 1686/4499/4499 1665/4496/4496 1667/4495/4495
f 1687/4500/4500 1667/4495/4495 1669/4501/4501
f 1678/4485/4485 1680/4487/4487 1686/4499/4499 1684/4497/4497
f 1667/4495/4495 1687/4500/4500 1686/4499/4499
f 1685/4498/4498 1687/4500/4500 1669/4501/4501
f 1684/4497/4497 1688/4504/4504 1682/4492/4492 1678/4485/4485
f 1660/4490/4490 1683/4493/4493 1682/4492/4492
f 1682/4492/4492 1658/4491/4491 1660/4490/4490
f 1683/4493/4493 1660/4490/4490 1662/4494/4494
f 1662/4494/4494 1679/4486/4486 1683/4493/4493
f 1688/4504/4504 1674/4502/4502 1658/4491/4491 1682/4492/4492
f 1672/4503/4503 1688/4504/4504 1689/4505/4505
f 1676/4506/4506 1689/4505/4505 1685/4498/4498
f 1688/4504/4504 1672/4503/4503 1674/4502/4502
f 1689/4505/4505 1676/4506/4506 1672/4503/4503
f 1669/4501/4501 1676/4506/4506 1685/4498/4498
f 1690/4508/4508 1646/4507/4507 1644/4509/4509 1691/4510/4510
f 1651/4516/4516 1656/4511/4511 1650/4515/4515
f 1651/4516/4516 1662/4518/4518 1649/4514/4514 1648/4512/4512
f 1656/4511/4511 1651/4516/4516 1648/4512/4512
f 1662/4518/4518 1661/4517/4517 1663/4513/4513
f 1663/4513/4513 1649/4514/4514 1662/4518/4518
f 1664/4526/4526 1665/4527/4527 1690/4528/4528 1670/4519/4519
f 1646/4523/4523 1690/4528/4528 1665/4527/4527 1655/4524/4524
f 1655/4524/4524 1654/4525/4525 1656/4520/4520
f 1647/4522/4522 1646/4523/4523 1648/4521/4521
f 1648/4521/4521 1646/4523/4523 1655/4524/4524
f 1656/4520/4520 1648/4521/4521 1655/4524/4524
f 1658/4535/4535 1663/4529/4529 1657/4534/4534
f 1644/4532/4532 1649/4530/4530 1658/4535/4535
f 1663/4529/4529 1658/4535/4535 1649/4530/4530
f 1658/4535/4535 1674/4536/4536 1691/4538/4538 1644/4532/4532
f 1645/4533/4533 1649/4530/4530 1644/4532/4532
f 1674/4536/4536 1673/4537/4537 1677/4531/4531 1691/4538/4538
f 1675/4545/4545 1676/4546/4546 1691/4540/4540 1677/4539/4539
f 1676/4546/4546 1669/4543/4543 1690/4542/4542 1691/4540/4540
f 1669/4543/4543 1668/4544/4544 1670/4541/4541 1690/4542/4542
v -1.4385740756988525 0.16110442578792572 0.11339771747589111
v -1.4385740756988525 0.30251577496528625 0.11339771747589111
v -1.4382055997848511 0.16110442578792572 -0.045689616352319717
v -1.4382055997848511 0.30251577496528625 -0.045689616352319717
v -1.4558819532394409 0.30251577496528625 -0.045730557292699814
v -1.4562504291534424 0.30251577496528625 0.11335677653551102
v -1.4559228420257568 0.0020166577305644751 -0.028054188936948776
v -1.4559228420257568 0.14342799782752991 -0.028054188936948776
v -1.438246488571167 0.0020166577305644751 -0.028013246133923531
v -1.438246488571167 0.14342799782752991 -0.028013246133923531
v -1.4382055997848511 0.0020166577305644751 -0.045689616352319717
v -1.4382055997848511 0.14342799782752991 -0.045689616352319717
v -1.4558819532394409 0.0020166577305644751 -0.045730557292699814
v -1.4385740756988525 0.0020166577305644751 0.11339771747589111
v -1.4385740756988525 0.14342799782752991 0.11339771747589111
v -1.4385330677032471 0.0020166577305644751 0.095721349120140076
v -1.4385330677032471 0.14342799782752991 0.095721349120140076
v -1.4562094211578369 0.0020166577305644751 0.095680408179759979
v -1.4562094211578369 0.14342799782752991 0.095680408179759979
v -1.4562504291534424 0.0020166577305644751 0.11335677653551102
v -1.2967945337295532 0.0020166577305644751 -0.045362081378698349
v -1.2967945337295532 0.14342799782752991 -0.045362081378698349
v -1.2968355417251587 0.0020166577305644751 -0.027685709297657013
v -1.2968355417251587 0.14342799782752991 -0.027685709297657013
v -1.2791591882705688 0.0020166577305644751 -0.027644766494631767
v -1.2791591882705688 0.14342799782752991 -0.027644766494631767
v -1.2791181802749634 0.0020166577305644751 -0.045321136713027954
v -1.2971221208572388 0.0020166577305644751 0.096048884093761444
v -1.2971221208572388 0.14342799782752991 0.096048884093761444
v -1.2971630096435547 0.0020166577305644751 0.11372525990009308
v -1.2971630096435547 0.14342799782752991 0.11372525990009308
v -1.2794457674026489 0.0020166577305644751 0.096089825034141541
v -1.2794457674026489 0.14342799782752991 0.096089825034141541
v -1.2794866561889648 0.0020166577305644751 0.11376620084047318
v -1.2791181802749634 0.16110442578792572 -0.045321136713027954
v -1.2794866561889648 0.16110442578792572 0.11376620084047318
vt 2.7501320838928223 0.053598817437887192
vt 2.7501320838928223 0.10064582526683807
vt 2.8030598163604736 0.053598817437887192
vt 2.8030598163604736 0.10064582526683807
vt -0.26579713821411133 2.8030734062194824
vt -0.25991630554199219 2.8030598163604736
vt -0.26591974496841431 2.7501456737518311
vt -0.26003888249397278 2.7501320838928223
vt -0.2658107578754425 0.0006709342123940587
vt -0.2658107578754425 0.04771794006228447
vt -0.25992989540100098 0.0006709342123940587
vt -0.25992989540100098 0.04771794006228447
vt 2.7971789836883545 0.0006709342123940587
vt 2.7971789836883545 0.04771794006228447
vt 2.8030598163604736 0.0006709342123940587
vt 2.8030598163604736 0.04771794006228447
vt 1.2657971382141113 2.8030734062194824
vt 1.2599163055419922 2.8030598163604736
vt 1.2658107280731201 2.7971925735473633
vt 1.259929895401001 2.7971789836883545
vt 2.7501320838928223 0.0006709342123940587
vt 2.7501320838928223 0.04771794006228447
vt 2.7560129165649414 0.0006709342123940587
vt 2.7560129165649414 0.04771794006228447
vt 1.2600252628326416 0.0006709342123940587
vt 1.2600252628326416 0.04771794006228447
vt 1.2659060955047607 0.0006709342123940587
vt 1.2659060955047607 0.04771794006228447
vt 1.2659060955047607 2.7560265064239502
vt 1.2600252628326416 2.7560129165649414
vt 1.2659196853637695 2.7501456737518311
vt 1.2600388526916504 2.7501320838928223
vt -1.8029508590698242 0.0006709342123940587
vt -1.8029508590698242 0.04771794006228447
vt -1.7970700263977051 0.0006709342123940587
vt -1.7970700263977051 0.04771794006228447
vt -0.21288302540779114 0.0006709342123940587
vt -0.21288302540779114 0.04771794006228447
vt -0.20700216293334961 0.0006709342123940587
vt -0.20700216293334961 0.04771794006228447
vt 1.21286940574646 2.8029508590698242
vt 1.2069885730743408 2.8029372692108154
vt 1.2128829956054688 2.7970700263977051
vt 1.2070021629333496 2.7970564365386963
vt -1.7559040784835815 0.0006709342123940587
vt -1.7559040784835815 0.04771794006228447
vt -1.7500231266021729 0.0006709342123940587
vt -1.7500231266021729 0.04771794006228447
vt 1.2070975303649902 0.0006709342123940587
vt 1.2070975303649902 0.04771794006228447
vt 1.2129783630371094 0.0006709342123940587
vt 1.2129783630371094 0.04771794006228447
vt 1.2129783630371094 2.755903959274292
vt 1.2070975303649902 2.7558903694152832
vt 1.2129919528961182 2.7500231266021729
vt 1.207111120223999 2.7500095367431641
vt 1.259929895401001 2.7971789836883545
vt 1.2658107280731201 2.7971925735473633
vt 1.2599163055419922 2.8030598163604736
vt 1.2600252628326416 2.7560129165649414
vt 1.2600388526916504 2.7501320838928223
vt 1.2659060955047607 2.7560265064239502
vt 1.2128829956054688 2.7970700263977051
vt 1.21286940574646 2.8029508590698242
vt 1.2070021629333496 2.7970564365386963
vt 1.2129919528961182 2.7500231266021729
vt 1.2129783630371094 2.755903959274292
vt 1.2070975303649902 2.7558903694152832
vt -0.25991630554199219 2.8030598163604736
vt -0.20698852837085724 2.8029372692108154
vt -0.26003888249397278 2.7501320838928223
vt -0.20711112022399902 2.7500095367431641
vt -1.803073525428772 0.0006709342123940587
vt -1.803073525428772 0.10064582526683807
vt -1.7501457929611206 0.0006709342123940587
vt -1.7501457929611206 0.10064582526683807
vt -1.7971925735473633 0.0006709342123940587
vt -1.7971925735473633 0.04771794006228447
vt -1.7560266256332397 0.0006709342123940587
vt -1.7560266256332397 0.04771794006228447
vt 1.2069885730743408 0.0006709342123940587
vt 1.2657971382141113 0.0006709342123940587
vt 1.2657971382141113 0.10064582526683807
vt 1.2599163055419922 0.10064582526683807
vt 1.2599163055419922 0.053598817437887192
vt 1.2599163055419922 0.04771794006228447
vt 1.2599163055419922 0.0006709342123940587
vt 1.21286940574646 0.0006709342123940587
vt 1.21286940574646 0.04771794006228447
vt 1.2069885730743408 0.053598817437887192
vt -0.26591974496841431 0.0006709342123940587
vt -0.26591974496841431 0.10064582526683807
vt -0.20711112022399902 0.0006709342123940587
vt -0.26003888249397278 0.053598817437887192
vt -0.26003888249397278 0.10064582526683807
vt -0.26003888249397278 0.0006709342123940587
vt -0.26003888249397278 0.04771794006228447
vt -0.21299196779727936 0.04771794006228447
vt -0.21299196779727936 0.0006709342123940587
vt -0.20711112022399902 0.053598817437887192
vt 2.7500095367431641 0.0006709342123940587
vt 2.7500095367431641 0.053598817437887192
vt 2.8029372692108154 0.0006709342123940587
vt 2.8029372692108154 0.053598817437887192
vt 2.7970564365386963 0.04771794006228447
vt 2.7970564365386963 0.0006709342123940587
vt 2.7558903694152832 0.0006709342123940587
vt 2.7558903694152832 0.04771794006228447
vn 0.99999731779098511 0 0.0023161980789154768
vn 0.99999731779098511 0 0.0023161980789154768
vn 0.99999731779098511 0 0.0023161980789154768
vn 0.99999731779098511 0 0.0023161980789154768
vn 0 1 0
vn 0 1 0
vn 0 1 0
vn 0 1 0
vn -0.0023161980789154768 0 0.99999731779098511
vn -0.0023161980789154768 0 0.99999731779098511
vn -0.0023161980789154768 0 0.99999731779098511
vn -0.0023161980789154768 0 0.99999731779098511
vn 0.99999731779098511 0 0.0023161980789154768
vn 0.99999731779098511 0 0.0023161980789154768
vn 0.99999731779098511 0 0.0023161980789154768
vn 0.99999731779098511 0 0.0023161980789154768
vn 0 -1 0
vn 0 -1 0
vn 0 -1 0
vn 0 -1 0
vn 0.99999731779098511 0 0.0023161980789154768
vn 0.99999731779098511 0 0.0023161980789154768
vn 0.99999731779098511 0 0.0023161980789154768
vn 0.99999731779098511 0 0.0023161980789154768
vn 0.0023161980789154768 0 -0.99999731779098511
vn 0.0023161980789154768 0 -0.99999731779098511
vn 0.0023161980789154768 0 -0.99999731779098511
vn 0.0023161980789154768 0 -0.99999731779098511
vn 0 -1 0
vn 0 -1 0
vn 0 -1 0
vn 0 -1 0
vn -0.99999731779098511 0 -0.0023161980789154768
vn -0.99999731779098511 0 -0.0023161980789154768
vn -0.99999731779098511 0 -0.0023161980789154768
vn -0.99999731779098511 0 -0.0023161980789154768
vn -0.0023161980789154768 0 0.99999731779098511
vn -0.0023161980789154768 0 0.99999731779098511
vn -0.0023161980789154768 0 0.99999731779098511
vn -0.0023161980789154768 0 0.99999731779098511
vn 0 -1 0
vn 0 -1 0
vn 0 -1 0
vn 0 -1 0
vn -0.99999731779098511 0 -0.0023161980789154768
vn -0.99999731779098511 0 -0.0023161980789154768
vn -0.99999731779098511 0 -0.0023161980789154768
vn -0.99999731779098511 0 -0.0023161980789154768
vn 0.0023161980789154768 0 -0.99999731779098511
vn 0.0023161980789154768 0 -0.99999731779098511
vn 0.0023161980789154768 0 -0.99999731779098511
vn 0.0023161980789154768 0 -0.99999731779098511
vn 0 -1 0
vn 0 -1 0
vn 0 -1 0
vn 0 -1 0
vn 0 -1 0
vn 0 -1 0
vn 0 -1 0
vn 0 -1 0
vn 0 -1 0
vn 0 -1 0
vn 0 -1 0
vn 0 -1 0
vn 0 -1 0
vn 0 -1 0
vn 0 -1 0
vn 0 -1 0
vn 0 1 0
vn 0 1 0
vn 0 1 0
vn 0 1 0
vn -0.99999731779098511 0 -0.0023161980789154768
vn -0.99999731779098511 0 -0.0023161980789154768
vn -0.99999731779098511 0 -0.0023161980789154768
vn -0.99999731779098511 0 -0.0023161980789154768
vn -0.99999731779098511 0 -0.0023161980789154768
vn -0.99999731779098511 0 -0.0023161980789154768
vn -0.99999731779098511 0 -0.0023161980789154768
vn -0.99999731779098511 0 -0.0023161980789154768
vn 0.0023161980789154768 0 -0.99999731779098511
vn 0.0023161980789154768 0 -0.99999731779098511
vn 0.0023161980789154768 0 -0.99999731779098511
vn 0.0023161980789154768 0 -0.99999731779098511
vn 0.0023161980789154768 0 -0.99999731779098511
vn 0.0023161980789154768 0 -0.99999731779098511
vn 0.0023161980789154768 0 -0.99999731779098511
vn 0.0023161980789154768 0 -0.99999731779098511
vn 0.0023161980789154768 0 -0.99999731779098511
vn 0.0023161980789154768 0 -0.99999731779098511
vn -0.0023161980789154768 0 0.99999731779098511
vn -0.0023161980789154768 0 0.99999731779098511
vn -0.0023161980789154768 0 0.99999731779098511
vn -0.0023161980789154768 0 0.99999731779098511
vn -0.0023161980789154768 0 0.99999731779098511
vn -0.0023161980789154768 0 0.99999731779098511
vn -0.0023161980789154768 0 0.99999731779098511
vn -0.0023161980789154768 0 0.99999731779098511
vn -0.0023161980789154768 0 0.99999731779098511
vn -0.0023161980789154768 0 0.99999731779098511
vn 0.99999731779098511 0 0.0023161980789154768
vn 0.99999731779098511 0 0.0023161980789154768
vn 0.99999731779098511 0 0.0023161980789154768
vn 0.99999731779098511 0 0.0023161980789154768
vn 0.99999731779098511 0 0.0023161980789154768
vn 0.99999731779098511 0 0.0023161980789154768
vn 0.99999731779098511 0 0.0023161980789154768
vn 0.99999731779098511 0 0.0023161980789154768
f 1693/4548/4548 1692/4547/4547 1694/4549/4549 1695/4550/4550
f 1695/4552/4552 1696/4551/4551 1697/4553/4553 1693/4554/4554
f 1699/4556/4556 1698/4555/4555 1700/4557/4557 1701/4558/4558
f 1701/4560/4560 1700/4559/4559 1702/4561/4561 1703/4562/4562
f 1702/4564/4564 1700/4566/4566 1698/4565/4565 1704/4563/4563
f 1706/4568/4568 1705/4567/4567 1707/4569/4569 1708/4570/4570
f 1708/4572/4572 1707/4571/4571 1709/4573/4573 1710/4574/4574
f 1707/4576/4576 1705/4578/4578 1711/4577/4577 1709/4575/4575
f 1713/4580/4580 1712/4579/4579 1714/4581/4581 1715/4582/4582
f 1715/4584/4584 1714/4583/4583 1716/4585/4585 1717/4586/4586
f 1718/4588/4588 1716/4590/4590 1714/4589/4589 1712/4587/4587
f 1720/4592/4592 1719/4591/4591 1721/4593/4593 1722/4594/4594
f 1724/4596/4596 1723/4595/4595 1719/4597/4597 1720/4598/4598
f 1723/4600/4600 1725/4602/4602 1721/4601/4601 1719/4599/4599
f 1701/4603/4603 1708/4606/4606 1710/4608/4608 1699/4604/4604
f 1701/4603/4603 1703/4605/4605 1713/4610/4610 1715/4609/4609
f 1717/4611/4611 1724/4614/4614 1720/4613/4613 1715/4609/4609
f 1715/4609/4609 1720/4613/4613 1708/4606/4606 1701/4603/4603
f 1720/4613/4613 1722/4612/4612 1706/4607/4607 1708/4606/4606
f 1726/4616/4616 1694/4615/4615 1692/4617/4617 1727/4618/4618
f 1699/4624/4624 1704/4619/4619 1698/4623/4623
f 1699/4624/4624 1710/4626/4626 1697/4622/4622 1696/4620/4620
f 1704/4619/4619 1699/4624/4624 1696/4620/4620
f 1710/4626/4626 1709/4625/4625 1711/4621/4621
f 1711/4621/4621 1697/4622/4622 1710/4626/4626
f 1712/4634/4634 1713/4635/4635 1726/4636/4636 1718/4627/4627
f 1694/4631/4631 1726/4636/4636 1713/4635/4635 1703/4632/4632
f 1703/4632/4632 1702/4633/4633 1704/4628/4628
f 1695/4630/4630 1694/4631/4631 1696/4629/4629
f 1696/4629/4629 1694/4631/4631 1703/4632/4632
f 1704/4628/4628 1696/4629/4629 1703/4632/4632
f 1706/4643/4643 1711/4637/4637 1705/4642/4642
f 1692/4640/4640 1697/4638/4638 1706/4643/4643
f 1711/4637/4637 1706/4643/4643 1697/4638/4638
f 1706/4643/4643 1722/4644/4644 1727/4646/4646 1692/4640/4640
f 1693/4641/4641 1697/4638/4638 1692/4640/4640
f 1722/4644/4644 1721/4645/4645 1725/4639/4639 1727/4646/4646
f 1723/4653/4653 1724/4654/4654 1727/4648/4648 1725/4647/4647
f 1724/4654/4654 1717/4651/4651 1726/4650/4650 1727/4648/4648
f 1717/4651/4651 1716/4652/4652 1718/4649/4649 1726/4650/4650
v -1.1879262924194336 0.16110442578792572 -0.37281942367553711
v -1.1879262924194336 0.30251577496528625 -0.37281942367553711
v -1.0289067029953003 0.16110442578792572 -0.37747558951377869
v -1.0289067029953003 0.30251577496528625 -0.37747558951377869
v -1.0294240713119507 0.30251577496528625 -0.39514443278312683
v -1.188443660736084 0.30251577496528625 -0.39048826694488525
v -1.10880446434021 0.30251577496528625 -0.3883991539478302
v -1.1485594511032104 0.30251577496528625 -0.38723510503768921
v -1.108869194984436 0.30251577496528625 -0.39060774445533752
v -1.148624062538147 0.30251577496528625 -0.38944372534751892
v -1.1085457801818848 0.30251577496528625 -0.37956473231315613
v -1.1084811687469482 0.30251577496528625 -0.37735611200332642
v -1.1483007669448853 0.30251577496528625 -0.37840068340301514
v -1.1482360363006592 0.30251577496528625 -0.37619209289550781
v -1.0687909126281738 0.30251577496528625 -0.38072878122329712
v -1.0687263011932373 0.30251577496528625 -0.37852016091346741
v -1.069049596786499 0.30251577496528625 -0.38956320285797119
v -1.0691143274307251 0.30251577496528625 -0.39177179336547852
v -1.0470929145812988 0.0020166577305644751 -0.39462709426879883
v -1.0470929145812988 0.14342799782752991 -0.39462709426879883
v -1.0465755462646484 0.0020166577305644751 -0.37695825099945068
v -1.0465755462646484 0.14342799782752991 -0.37695825099945068
v -1.0289067029953003 0.0020166577305644751 -0.37747558951377869
v -1.0289067029953003 0.14342799782752991 -0.37747558951377869
v -1.0294240713119507 0.0020166577305644751 -0.39514443278312683
v -1.1879262924194336 0.0020166577305644751 -0.37281942367553711
v -1.1879262924194336 0.14342799782752991 -0.37281942367553711
v -1.1702574491500854 0.0020166577305644751 -0.3733367919921875
v -1.1702574491500854 0.14342799782752991 -0.3733367919921875
v -1.1707748174667358 0.0020166577305644751 -0.39100563526153564
v -1.1707748174667358 0.14342799782752991 -0.39100563526153564
v -1.188443660736084 0.0020166577305644751 -0.39048826694488525
v -1.0247678756713867 0.0020166577305644751 -0.23612482845783234
v -1.0247678756713867 0.14342799782752991 -0.23612482845783234
v -1.0424367189407349 0.0020166577305644751 -0.23560747504234314
v -1.0424367189407349 0.14342799782752991 -0.23560747504234314
v -1.0419193506240845 0.0020166577305644751 -0.217938631772995
v -1.0419193506240845 0.14342799782752991 -0.217938631772995
v -1.0242505073547363 0.0020166577305644751 -0.21845598518848419
v -1.1661186218261719 0.0020166577305644751 -0.23198601603507996
v -1.1661186218261719 0.14342799782752991 -0.23198601603507996
v -1.18378746509552 0.0020166577305644751 -0.23146866261959076
v -1.18378746509552 0.14342799782752991 -0.23146866261959076
v -1.1656012535095215 0.0020166577305644751 -0.21431717276573181
v -1.1656012535095215 0.14342799782752991 -0.21431717276573181
v -1.1832700967788696 0.0020166577305644751 -0.21379981935024261
v -1.1063470840454102 0.14342799782752991 -0.30447211861610413
v -1.1076405048370361 0.14342799782752991 -0.34864425659179688
v -1.0665922164916992 0.14342799782752991 -0.30563616752624512
v -1.0678855180740356 0.14342799782752991 -0.34980827569961548
v -1.1461019515991211 0.14342799782752991 -0.30330809950828552
v -1.1473953723907471 0.14342799782752991 -0.34748020768165588
v -1.1050536632537842 0.14342799782752991 -0.26030001044273376
v -1.0652987957000732 0.14342799782752991 -0.26146405935287476
v -1.1448086500167847 0.14342799782752991 -0.25913596153259277
v -1.0242505073547363 0.16110442578792572 -0.21845598518848419
v -1.1832700967788696 0.16110442578792572 -0.21379981935024261
vt -0.17664933204650879 0.053598817437887192
vt -0.17664933204650879 0.10064582526683807
vt -0.12374413758516312 0.053598817437887192
vt -0.12374413758516312 0.10064582526683807
vt -0.12391626089811325 2.9193220138549805
vt -0.12374413758516312 2.9134438037872314
vt -0.17682147026062012 2.9177730083465576
vt -0.17664933204650879 2.9118947982788086
vt -0.15032581984996796 2.9170780181884766
vt -0.16355215013027191 2.9166908264160156
vt -0.15034735202789307 2.9178128242492676
vt -0.16357363760471344 2.9174256324768066
vt -0.15023975074291229 2.9141387939453125
vt -0.15021824836730957 2.9134039878845215
vt -0.16346608102321625 2.9137516021728516
vt -0.16344454884529114 2.9130167961120605
vt -0.13701346516609192 2.9145259857177734
vt -0.1369919627904892 2.9137914180755615
vt -0.13709951937198639 2.9174652099609375
vt -0.1371210515499115 2.9182000160217285
vt -1.9191499948501587 0.0006709342123940587
vt -1.9191499948501587 0.04771794006228447
vt -1.9132716655731201 0.0006709342123940587
vt -1.9132716655731201 0.04771794006228447
vt -0.12962248921394348 0.0006709342123940587
vt -0.12962248921394348 0.04771794006228447
vt -0.12374413758516312 0.0006709342123940587
vt -0.12374413758516312 0.04771794006228447
vt 1.1239162683486938 2.9193220138549805
vt 1.1237441301345825 2.9134438037872314
vt 1.1297945976257324 2.9191501140594482
vt 1.1296224594116211 2.9132716655731201
vt -0.17664933204650879 0.0006709342123940587
vt -0.17664933204650879 0.04771794006228447
vt -0.17077098786830902 0.0006709342123940587
vt -0.17077098786830902 0.04771794006228447
vt 2.9120666980743408 0.0006709342123940587
vt 2.9120666980743408 0.04771794006228447
vt 2.9179451465606689 0.0006709342123940587
vt 2.9179451465606689 0.04771794006228447
vt 1.1709431409835815 2.9179451465606689
vt 1.1707710027694702 2.9120666980743408
vt 1.1768214702606201 2.9177730083465576
vt 1.1766493320465088 2.9118947982788086
vt 1.1223671436309814 0.0006709342123940587
vt 1.1223671436309814 0.04771794006228447
vt 1.12824547290802 0.0006709342123940587
vt 1.12824547290802 0.04771794006228447
vt -1.8662447929382324 0.0006709342123940587
vt -1.8662447929382324 0.04771794006228447
vt -1.8603664636611938 0.0006709342123940587
vt -1.8603664636611938 0.04771794006228447
vt 1.1223671436309814 2.8664169311523438
vt 1.1221950054168701 2.8605384826660156
vt 1.12824547290802 2.8662447929382324
vt 1.1280734539031982 2.8603663444519043
vt 1.1693940162658691 0.0006709342123940587
vt 1.1693940162658691 0.04771794006228447
vt 1.1752723455429077 0.0006709342123940587
vt 1.1752723455429077 0.04771794006228447
vt 2.8591616153717041 0.0006709342123940587
vt 2.8591616153717041 0.04771794006228447
vt 2.8650400638580322 0.0006709342123940587
vt 2.8650400638580322 0.04771794006228447
vt 1.1693940162658691 2.8650400638580322
vt 1.1692218780517578 2.8591616153717041
vt 1.1752723455429077 2.8648679256439209
vt 1.1751002073287964 2.8589894771575928
vt 1.1495082378387451 2.8891558647155762
vt 1.1296224594116211 2.9132716655731201
vt 1.1297945976257324 2.9191501140594482
vt 1.1499385833740234 2.9038517475128174
vt 1.1362819671630859 2.8895430564880371
vt 1.1367121934890747 2.9042389392852783
vt 1.1237441301345825 2.9134438037872314
vt 1.1707710027694702 2.9120666980743408
vt 1.1766493320465088 2.9118947982788086
vt 1.1627345085144043 2.8887684345245361
vt 1.1631648540496826 2.9034643173217773
vt 1.1709431409835815 2.9179451465606689
vt 1.12824547290802 2.8662447929382324
vt 1.1223671436309814 2.8664169311523438
vt 1.1490778923034668 2.874459981918335
vt 1.1358516216278076 2.8748471736907959
vt 1.1280734539031982 2.8603663444519043
vt 1.1752723455429077 2.8648679256439209
vt 1.1693940162658691 2.8650400638580322
vt 1.1623042821884155 2.8740725517272949
vt 1.1692218780517578 2.8591616153717041
vt -0.12374413758516312 2.9134438037872314
vt -0.1221950426697731 2.8605384826660156
vt -0.17664933204650879 2.9118947982788086
vt -0.17510023713111877 2.8589894771575928
vt 1.1239162683486938 0.0006709342123940587
vt 1.1239162683486938 0.10064582526683807
vt 1.1768214702606201 0.0006709342123940587
vt 1.1768214702606201 0.10064582526683807
vt 1.1297945976257324 0.0006709342123940587
vt 1.1297945976257324 0.04771794006228447
vt 1.1709431409835815 0.0006709342123940587
vt 1.1709431409835815 0.04771794006228447
vt 2.8605384826660156 0.0006709342123940587
vt 2.9193220138549805 0.0006709342123940587
vt 2.9193220138549805 0.10064582526683807
vt 2.9134438037872314 0.10064582526683807
vt 2.9134438037872314 0.053598817437887192
vt 2.9134438037872314 0.04771794006228447
vt 2.9134438037872314 0.0006709342123940587
vt 2.8664169311523438 0.0006709342123940587
vt 2.8664169311523438 0.04771794006228447
vt 2.8605384826660156 0.053598817437887192
vt -1.9177730083465576 0.0006709342123940587
vt -1.9177730083465576 0.10064582526683807
vt -1.8589894771575928 0.0006709342123940587
vt -1.911894679069519 0.053598817437887192
vt -1.911894679069519 0.10064582526683807
vt -1.911894679069519 0.0006709342123940587
vt -1.911894679069519 0.04771794006228447
vt -1.8648678064346313 0.04771794006228447
vt -1.8648678064346313 0.0006709342123940587
vt -1.8589894771575928 0.053598817437887192
vt -0.17510023713111877 0.0006709342123940587
vt -0.17510023713111877 0.053598817437887192
vt -0.1221950426697731 0.0006709342123940587
vt -0.1221950426697731 0.053598817437887192
vt -0.12807339429855347 0.04771794006228447
vt -0.12807339429855347 0.0006709342123940587
vt -0.16922187805175781 0.0006709342123940587
vt -0.16922187805175781 0.04771794006228447
vn 0.029267901554703712 0 0.99957162141799927
vn 0.029267901554703712 0 0.99957162141799927
vn 0.029267901554703712 0 0.99957162141799927
vn 0.029267901554703712 0 0.99957162141799927
vn 0 1 0
vn 0 1 0
vn 0 1 0
vn 0 1 0
vn 0 1 0
vn 0 1 0
vn 0 1 0
vn 0 1 0
vn 0 1 0
vn 0 1 0
vn 0 1 0
vn 0 1 0
vn 0 1 0
vn 0 1 0
vn 0 1 0
vn 0 1 0
vn -0.99957162141799927 0 0.029267901554703712
vn -0.99957162141799927 0 0.029267901554703712
vn -0.99957162141799927 0 0.029267901554703712
vn -0.99957162141799927 0 0.029267901554703712
vn 0.029267901554703712 0 0.99957162141799927
vn 0.029267901554703712 0 0.99957162141799927
vn 0.029267901554703712 0 0.99957162141799927
vn 0.029267901554703712 0 0.99957162141799927
vn 0 -1 0
vn 0 -1 0
vn 0 -1 0
vn 0 -1 0
vn 0.029267901554703712 0 0.99957162141799927
vn 0.029267901554703712 0 0.99957162141799927
vn 0.029267901554703712 0 0.99957162141799927
vn 0.029267901554703712 0 0.99957162141799927
vn 0.99957162141799927 0 -0.029267901554703712
vn 0.99957162141799927 0 -0.029267901554703712
vn 0.99957162141799927 0 -0.029267901554703712
vn 0.99957162141799927 0 -0.029267901554703712
vn 0 -1 0
vn 0 -1 0
vn 0 -1 0
vn 0 -1 0
vn -0.029267901554703712 0 -0.99957162141799927
vn -0.029267901554703712 0 -0.99957162141799927
vn -0.029267901554703712 0 -0.99957162141799927
vn -0.029267901554703712 0 -0.99957162141799927
vn -0.99957162141799927 0 0.029267901554703712
vn -0.99957162141799927 0 0.029267901554703712
vn -0.99957162141799927 0 0.029267901554703712
vn -0.99957162141799927 0 0.029267901554703712
vn 0 -1 0
vn 0 -1 0
vn 0 -1 0
vn 0 -1 0
vn -0.029267901554703712 0 -0.99957162141799927
vn -0.029267901554703712 0 -0.99957162141799927
vn -0.029267901554703712 0 -0.99957162141799927
vn -0.029267901554703712 0 -0.99957162141799927
vn 0.99957162141799927 0 -0.029267901554703712
vn 0.99957162141799927 0 -0.029267901554703712
vn 0.99957162141799927 0 -0.029267901554703712
vn 0.99957162141799927 0 -0.029267901554703712
vn 0 -1 0
vn 0 -1 0
vn 0 -1 0
vn 0 -1 0
vn 0 -1 0
vn 0 -1 0
vn 0 -1 0
vn 0 -1 0
vn 0 -1 0
vn 0 -1 0
vn 0 -1 0
vn 0 -1 0
vn 0 -1 0
vn 0 -1 0
vn 0 -1 0
vn 0 -1 0
vn 0 -1 0
vn 0 -1 0
vn 0 -1 0
vn 0 -1 0
vn 0 -1 0
vn 0 -1 0
vn 0 -1 0
vn 0 -1 0
vn 0 -1 0
vn 0 1 0
vn 0 1 0
vn 0 1 0
vn 0 1 0
vn -0.029267901554703712 0 -0.99957162141799927
vn -0.029267901554703712 0 -0.99957162141799927
vn -0.029267901554703712 0 -0.99957162141799927
vn -0.029267901554703712 0 -0.99957162141799927
vn -0.029267901554703712 0 -0.99957162141799927
vn -0.029267901554703712 0 -0.99957162141799927
vn -0.029267901554703712 0 -0.99957162141799927
vn -0.029267901554703712 0 -0.99957162141799927
vn 0.99957162141799927 0 -0.029267901554703712
vn 0.99957162141799927 0 -0.029267901554703712
vn 0.99957162141799927 0 -0.029267901554703712
vn 0.99957162141799927 0 -0.029267901554703712
vn 0.99957162141799927 0 -0.029267901554703712
vn 0.99957162141799927 0 -0.029267901554703712
vn 0.99957162141799927 0 -0.029267901554703712
vn 0.99957162141799927 0 -0.029267901554703712
vn 0.99957162141799927 0 -0.029267901554703712
vn 0.99957162141799927 0 -0.029267901554703712
vn -0.99957162141799927 0 0.029267901554703712
vn -0.99957162141799927 0 0.029267901554703712
vn -0.99957162141799927 0 0.029267901554703712
vn -0.99957162141799927 0 0.029267901554703712
vn -0.99957162141799927 0 0.029267901554703712
vn -0.99957162141799927 0 0.029267901554703712
vn -0.99957162141799927 0 0.029267901554703712
vn -0.99957162141799927 0 0.029267901554703712
vn -0.99957162141799927 0 0.029267901554703712
vn -0.99957162141799927 0 0.029267901554703712
vn 0.029267901554703712 0 0.99957162141799927
vn 0.029267901554703712 0 0.99957162141799927
vn 0.029267901554703712 0 0.99957162141799927
vn 0.029267901554703712 0 0.99957162141799927
vn 0.029267901554703712 0 0.99957162141799927
vn 0.029267901554703712 0 0.99957162141799927
vn 0.029267901554703712 0 0.99957162141799927
vn 0.029267901554703712 0 0.99957162141799927
f 1729/4656/4656 1728/4655/4655 1730/4657/4657 1731/4658/4658
f 1734/4663/4663 1744/4673/4673 1745/4674/4674 1736/4665/4665
f 1735/4664/4664 1734/4663/4663 1736/4665/4665 1737/4666/4666
f 1741/4670/4670 1739/4668/4668 1738/4667/4667 1740/4669/4669
f 1739/4668/4668 1743/4672/4672 1742/4671/4671 1738/4667/4667
f 1744/4673/4673 1732/4659/4659 1745/4674/4674
f 1736/4665/4665 1745/4674/4674 1732/4659/4659
f 1736/4665/4665 1732/4659/4659 1733/4661/4661
f 1744/4673/4673 1742/4671/4671 1731/4660/4660 1732/4659/4659
f 1743/4672/4672 1731/4660/4660 1742/4671/4671
f 1734/4663/4663 1738/4667/4667 1742/4671/4671 1744/4673/4673
f 1739/4668/4668 1731/4660/4660 1743/4672/4672
f 1738/4667/4667 1734/4663/4663 1735/4664/4664 1740/4669/4669
f 1737/4666/4666 1733/4661/4661 1735/4664/4664
f 1733/4661/4661 1737/4666/4666 1736/4665/4665
f 1733/4661/4661 1729/4662/4662 1740/4669/4669 1735/4664/4664
f 1739/4668/4668 1741/4670/4670 1729/4662/4662
f 1740/4669/4669 1729/4662/4662 1741/4670/4670
f 1731/4660/4660 1739/4668/4668 1729/4662/4662
f 1747/4676/4676 1746/4675/4675 1748/4677/4677 1749/4678/4678
f 1749/4680/4680 1748/4679/4679 1750/4681/4681 1751/4682/4682
f 1750/4684/4684 1748/4686/4686 1746/4685/4685 1752/4683/4683
f 1754/4688/4688 1753/4687/4687 1755/4689/4689 1756/4690/4690
f 1756/4692/4692 1755/4691/4691 1757/4693/4693 1758/4694/4694
f 1755/4696/4696 1753/4698/4698 1759/4697/4697 1757/4695/4695
f 1761/4700/4700 1760/4699/4699 1762/4701/4701 1763/4702/4702
f 1763/4704/4704 1762/4703/4703 1764/4705/4705 1765/4706/4706
f 1766/4708/4708 1764/4710/4710 1762/4709/4709 1760/4707/4707
f 1768/4712/4712 1767/4711/4711 1769/4713/4713 1770/4714/4714
f 1772/4716/4716 1771/4715/4715 1767/4717/4717 1768/4718/4718
f 1771/4720/4720 1773/4722/4722 1769/4721/4721 1767/4719/4719
f 1774/4723/4723 1775/4726/4726 1777/4728/4728 1776/4727/4727
f 1780/4737/4737 1774/4723/4723 1776/4727/4727 1781/4738/4738
f 1778/4732/4732 1779/4733/4733 1775/4726/4726 1774/4723/4723
f 1782/4742/4742 1778/4732/4732 1774/4723/4723 1780/4737/4737
f 1749/4724/4724 1777/4728/4728 1747/4725/4725
f 1775/4726/4726 1747/4725/4725 1777/4728/4728
f 1751/4729/4729 1777/4728/4728 1749/4724/4724
f 1775/4726/4726 1758/4734/4734 1747/4725/4725
f 1776/4727/4727 1777/4728/4728 1751/4729/4729
f 1781/4738/4738 1761/4736/4736 1763/4735/4735
f 1765/4739/4739 1781/4738/4738 1763/4735/4735
f 1776/4727/4727 1761/4736/4736 1781/4738/4738
f 1780/4737/4737 1781/4738/4738 1765/4739/4739
f 1776/4727/4727 1751/4729/4729 1761/4736/4736
f 1754/4731/4731 1779/4733/4733 1778/4732/4732
f 1779/4733/4733 1754/4731/4731 1756/4730/4730
f 1779/4733/4733 1756/4730/4730 1758/4734/4734
f 1758/4734/4734 1775/4726/4726 1779/4733/4733
f 1754/4731/4731 1778/4732/4732 1782/4742/4742 1770/4740/4740
f 1772/4743/4743 1782/4742/4742 1780/4737/4737
f 1782/4742/4742 1768/4741/4741 1770/4740/4740
f 1782/4742/4742 1772/4743/4743 1768/4741/4741
f 1765/4739/4739 1772/4743/4743 1780/4737/4737
f 1783/4745/4745 1730/4744/4744 1728/4746/4746 1784/4747/4747
f 1747/4753/4753 1752/4748/4748 1746/4752/4752
f 1733/4751/4751 1732/4749/4749 1747/4753/4753 1758/4755/4755
f 1752/4748/4748 1747/4753/4753 1732/4749/4749
f 1758/4755/4755 1757/4754/4754 1759/4750/4750
f 1759/4750/4750 1733/4751/4751 1758/4755/4755
f 1760/4763/4763 1761/4764/4764 1783/4765/4765 1766/4756/4756
f 1730/4760/4760 1783/4765/4765 1761/4764/4764 1751/4761/4761
f 1751/4761/4761 1750/4762/4762 1752/4757/4757
f 1731/4759/4759 1730/4760/4760 1732/4758/4758
f 1732/4758/4758 1730/4760/4760 1751/4761/4761
f 1752/4757/4757 1732/4758/4758 1751/4761/4761
f 1754/4772/4772 1759/4766/4766 1753/4771/4771
f 1728/4769/4769 1733/4767/4767 1754/4772/4772
f 1759/4766/4766 1754/4772/4772 1733/4767/4767
f 1754/4772/4772 1770/4773/4773 1784/4775/4775 1728/4769/4769
f 1729/4770/4770 1733/4767/4767 1728/4769/4769
f 1770/4773/4773 1769/4774/4774 1773/4768/4768 1784/4775/4775
f 1771/4782/4782 1772/4783/4783 1784/4777/4777 1773/4776/4776
f 1783/4779/4779 1784/4777/4777 1772/4783/4783 1765/4780/4780
f 1765/4780/4780 1764/4781/4781 1766/4778/4778 1783/4779/4779
v -0.38533034920692444 0.03565557673573494 -1.5111308097839355
v -0.38533034920692444 0.0020166577305644751 -1.5111308097839355
v -0.38533034920692444 0.03565557673573494 -1.4702030420303345
v -0.38533034920692444 0.0020166577305644751 -1.4702030420303345
v -0.42625808715820312 0.03565557673573494 -1.4702030420303345
v -0.42625808715820312 0.0020166577305644751 -1.4702030420303345
v -0.42625808715820312 0.0020166577305644751 -1.5111308097839355
v -0.14519590139389038 0.03565557673573494 -1.4702030420303345
v -0.14519590139389038 0.0020166577305644751 -1.4702030420303345
v -0.14519590139389038 0.03565557673573494 -1.5111308097839355
v -0.14519590139389038 0.0020166577305644751 -1.5111308097839355
v -0.1042681410908699 0.03565557673573494 -1.4702030420303345
v -0.1042681410908699 0.0020166577305644751 -1.4702030420303345
v -0.1042681410908699 0.0020166577305644751 -1.5111308097839355
v -0.42625808715820312 0.03565557673573494 -0.7830842137336731
v -0.42625808715820312 0.0020166577305644751 -0.7830842137336731
v -0.38533034920692444 0.03565557673573494 -0.7830842137336731
v -0.38533034920692444 0.0020166577305644751 -0.7830842137336731
v -0.38533034920692444 0.03565557673573494 -0.74215644598007202
v -0.38533034920692444 0.0020166577305644751 -0.74215644598007202
v -0.42625808715820312 0.0020166577305644751 -0.74215644598007202
v -0.14519590139389038 0.03565557673573494 -0.74215644598007202
v -0.14519590139389038 0.0020166577305644751 -0.74215644598007202
v -0.14519590139389038 0.03565557673573494 -0.7830842137336731
v -0.14519590139389038 0.0020166577305644751 -0.7830842137336731
v -0.1042681410908699 0.03565557673573494 -0.7830842137336731
v -0.1042681410908699 0.0020166577305644751 -0.7830842137336731
v -0.1042681410908699 0.0020166577305644751 -0.74215644598007202
v -0.3587963879108429 0.1345897912979126 -0.79825431108474731
v -0.3587963879108429 0.32702061533927917 -0.79825431108474731
v -0.3587963879108429 0.1345897912979126 -1.4550329446792603
v -0.3587963879108429 0.32702061533927917 -1.4550329446792603
v -0.3587963879108429 0.2406482994556427 -0.79825431108474731
v -0.3587963879108429 0.2406482994556427 -1.4550329446792603
v -0.42625808715820312 0.32702061533927917 -0.79825431108474731
v -0.42625808715820312 0.32702061533927917 -1.4550329446792603
v -0.1042681410908699 0.1345897912979126 -0.79825431108474731
v -0.1042681410908699 0.2406482994556427 -0.79825431108474731
v -0.42625808715820312 0.2406482994556427 -0.74215644598007202
v -0.42625808715820312 0.2406482994556427 -0.79825431108474731
v -0.1042681410908699 0.2406482994556427 -0.74215644598007202
v -0.1042681410908699 0.2406482994556427 -1.5111308097839355
v -0.1042681410908699 0.2406482994556427 -1.4550329446792603
v -0.42625808715820312 0.2406482994556427 -1.5111308097839355
v -0.42625808715820312 0.2406482994556427 -1.4550329446792603
v -0.1042681410908699 0.1345897912979126 -1.4550329446792603
vt 3.2906064987182617 0.011862471699714661
vt 3.2906064987182617 0.0006709342123940587
vt 3.2769899368286133 0.011862471699714661
vt 3.2769899368286133 0.0006709342123940587
vt 0.090371221303939819 0.011862471699714661
vt 0.090371221303939819 0.0006709342123940587
vt 0.076754719018936157 0.011862471699714661
vt 0.076754719018936157 0.0006709342123940587
vt 0.92324531078338623 3.2769899368286133
vt 0.90962880849838257 3.2769899368286133
vt 0.92324531078338623 3.2906064987182617
vt 0.90962880849838257 3.2906064987182617
vt -2.2769899368286133 0.011862471699714661
vt -2.2769899368286133 0.0006709342123940587
vt -2.2906064987182617 0.011862471699714661
vt -2.2906064987182617 0.0006709342123940587
vt 0.18387952446937561 0.011862471699714661
vt 0.18387952446937561 0.0006709342123940587
vt 0.17026302218437195 0.011862471699714661
vt 0.17026302218437195 0.0006709342123940587
vt 0.82973700761795044 3.2769899368286133
vt 0.816120445728302 3.2769899368286133
vt 0.82973700761795044 3.2906064987182617
vt 0.816120445728302 3.2906064987182617
vt 0.92324531078338623 0.011862471699714661
vt 0.92324531078338623 0.0006709342123940587
vt 0.90962880849838257 0.011862471699714661
vt 0.90962880849838257 0.0006709342123940587
vt 3.0483882427215576 0.011862471699714661
vt 3.0483882427215576 0.0006709342123940587
vt 3.0347716808319092 0.011862471699714661
vt 3.0347716808319092 0.0006709342123940587
vt 0.92324531078338623 3.0347716808319092
vt 0.90962880849838257 3.0347716808319092
vt 0.92324531078338623 3.0483882427215576
vt 0.90962880849838257 3.0483882427215576
vt -2.0347716808319092 0.011862471699714661
vt -2.0347716808319092 0.0006709342123940587
vt -2.0483882427215576 0.011862471699714661
vt -2.0483882427215576 0.0006709342123940587
vt 0.82973700761795044 0.011862471699714661
vt 0.82973700761795044 0.0006709342123940587
vt 0.816120445728302 0.011862471699714661
vt 0.816120445728302 0.0006709342123940587
vt 0.82973700761795044 3.0347716808319092
vt 0.816120445728302 3.0347716808319092
vt 0.82973700761795044 3.0483882427215576
vt 0.816120445728302 3.0483882427215576
vt 0.90962880849838257 3.2906064987182617
vt 0.90962880849838257 3.2769899368286133
vt 0.92324531078338623 3.2769899368286133
vt 0.82973700761795044 3.2769899368286133
vt 0.82973700761795044 3.2906064987182617
vt 0.816120445728302 3.2769899368286133
vt 0.92324531078338623 3.0483882427215576
vt 0.90962880849838257 3.0483882427215576
vt 0.90962880849838257 3.0347716808319092
vt 0.82973700761795044 3.0347716808319092
vt 0.82973700761795044 3.0483882427215576
vt 0.816120445728302 3.0483882427215576
vt 3.0534353256225586 0.044777501374483109
vt 3.0534353256225586 0.10879848897457123
vt 3.2719428539276123 0.044777501374483109
vt 3.2719428539276123 0.10879848897457123
vt 3.0534353256225586 0.080062754452228546
vt 3.2719428539276123 0.080062754452228546
vt 0.076754719018936157 3.0534353256225586
vt 0.076754719018936157 3.2719428539276123
vt 0.099198967218399048 3.0534353256225586
vt 0.099198967218399048 3.2719428539276123
vt 0.816120445728302 0.044777501374483109
vt 0.816120445728302 0.080062754452228546
vt 0.90080106258392334 0.044777501374483109
vt 0.90080106258392334 0.080062754452228546
vt 0.076754719018936157 3.0347716808319092
vt 0.076754719018936157 3.0534353256225586
vt 0.18387952446937561 3.0347716808319092
vt 0.18387952446937561 3.0534353256225586
vt 0.099198967218399048 3.0534353256225586
vt 0.076754719018936157 0.10879848897457123
vt 0.099198967218399048 0.080062754452228546
vt 0.099198967218399048 0.10879848897457123
vt 0.076754719018936157 0.080062754452228546
vt 0.18387952446937561 3.2906064987182617
vt 0.18387952446937561 3.2719428539276123
vt 0.076754719018936157 3.2906064987182617
vt 0.076754719018936157 3.2719428539276123
vt 0.099198967218399048 3.2719428539276123
vt 0.90080106258392334 0.080062754452228546
vt 0.90080106258392334 0.10879848897457123
vt 0.92324531078338623 0.10879848897457123
vt 0.92324531078338623 0.080062754452228546
vt 0.099198967218399048 0.044777501374483109
vt 0.099198967218399048 0.080062754452228546
vt 0.18387952446937561 0.044777501374483109
vt 0.18387952446937561 0.080062754452228546
vt 0.099198967218399048 3.0534353256225586
vt 0.099198967218399048 3.2719428539276123
vt 0.18387952446937561 3.2719428539276123
vt 0.18387952446937561 3.0534353256225586
vt 0.076754719018936157 0.0006709342123940587
vt 0.076754719018936157 0.080062754452228546
vt 0.18387952446937561 0.0006709342123940587
vt 0.18387952446937561 0.080062754452228546
vt 0.090371221303939819 0.0006709342123940587
vt 0.090371221303939819 0.011862471699714661
vt 0.17026302218437195 0.011862471699714661
vt 0.17026302218437195 0.0006709342123940587
vt -2.2906064987182617 0.0006709342123940587
vt -2.0347716808319092 0.0006709342123940587
vt -2.2769899368286133 0.0006709342123940587
vt -2.2769899368286133 0.011862471699714661
vt -2.0483882427215576 0.011862471699714661
vt -2.0483882427215576 0.0006709342123940587
vt -2.0534353256225586 0.10879848897457123
vt -2.2719428539276123 0.10879848897457123
vt -2.0347716808319092 0.080062754452228546
vt -2.0534353256225586 0.080062754452228546
vt -2.2719428539276123 0.080062754452228546
vt -2.2906064987182617 0.080062754452228546
vt 3.0347716808319092 0.0006709342123940587
vt 3.0347716808319092 0.080062754452228546
vt 3.2906064987182617 0.0006709342123940587
vt 3.2906064987182617 0.080062754452228546
vt 3.2769899368286133 0.011862471699714661
vt 3.2769899368286133 0.0006709342123940587
vt 3.0483882427215576 0.0006709342123940587
vt 3.0483882427215576 0.011862471699714661
vt 3.0534353256225586 0.044777501374483109
vt 3.0534353256225586 0.080062754452228546
vt 3.2719428539276123 0.080062754452228546
vt 3.2719428539276123 0.044777501374483109
vt 0.816120445728302 0.0006709342123940587
vt 0.816120445728302 0.080062754452228546
vt 0.92324531078338623 0.0006709342123940587
vt 0.92324531078338623 0.080062754452228546
vt 0.90962880849838257 0.011862471699714661
vt 0.90962880849838257 0.0006709342123940587
vt 0.82973700761795044 0.0006709342123940587
vt 0.82973700761795044 0.011862471699714661
vn 1 0 0
vn 1 0 0
vn 1 0 0
vn 1 0 0
vn 0 0 1
vn 0 0 1
vn 0 0 1
vn 0 0 1
vn 0 -1 0
vn 0 -1 0
vn 0 -1 0
vn 0 -1 0
vn -1 0 0
vn -1 0 0
vn -1 0 0
vn -1 0 0
vn 0 0 1
vn 0 0 1
vn 0 0 1
vn 0 0 1
vn 0 -1 0
vn 0 -1 0
vn 0 -1 0
vn 0 -1 0
vn 0 0 -1
vn 0 0 -1
vn 0 0 -1
vn 0 0 -1
vn 1 0 0
vn 1 0 0
vn 1 0 0
vn 1 0 0
vn 0 -1 0
vn 0 -1 0
vn 0 -1 0
vn 0 -1 0
vn -1 0 0
vn -1 0 0
vn -1 0 0
vn -1 0 0
vn 0 0 -1
vn 0 0 -1
vn 0 0 -1
vn 0 0 -1
vn 0 -1 0
vn 0 -1 0
vn 0 -1 0
vn 0 -1 0
vn 0 -1 0
vn 0 -1 0
vn 0 -1 0
vn 0 -1 0
vn 0 -1 0
vn 0 -1 0
vn 0 -1 0
vn 0 -1 0
vn 0 -1 0
vn 0 -1 0
vn 0 -1 0
vn 0 -1 0
vn 1 0 0
vn 1 0 0
vn 1 0 0
vn 1 0 0
vn 1 0 0
vn 1 0 0
vn 0 1 0
vn 0 1 0
vn 0 1 0
vn 0 1 0
vn 0 0 -1
vn 0 0 -1
vn 0 0 -1
vn 0 0 -1
vn 0 1 0
vn 0 1 0
vn 0 1 0
vn 0 1 0
vn 0 1 0
vn 0 0 1
vn 0 0 1
vn 0 0 1
vn 0 0 1
vn 0 1 0
vn 0 1 0
vn 0 1 0
vn 0 1 0
vn 0 1 0
vn 0 0 -1
vn 0 0 -1
vn 0 0 -1
vn 0 0 -1
vn 0 0 1
vn 0 0 1
vn 0 0 1
vn 0 0 1
vn 0 1 0
vn 0 1 0
vn 0 1 0
vn 0 1 0
vn 0 0 1
vn 0 0 1
vn 0 0 1
vn 0 0 1
vn 0 0 1
vn 0 0 1
vn 0 0 1
vn 0 0 1
vn -1 0 0
vn -1 0 0
vn -1 0 0
vn -1 0 0
vn -1 0 0
vn -1 0 0
vn -1 0 0
vn -1 0 0
vn -1 0 0
vn -1 0 0
vn -1 0 0
vn -1 0 0
vn 1 0 0
vn 1 0 0
vn 1 0 0
vn 1 0 0
vn 1 0 0
vn 1 0 0
vn 1 0 0
vn 1 0 0
vn 1 0 0
vn 1 0 0
vn 1 0 0
vn 1 0 0
vn 0 0 -1
vn 0 0 -1
vn 0 0 -1
vn 0 0 -1
vn 0 0 -1
vn 0 0 -1
vn 0 0 -1
vn 0 0 -1
f 1786/4785/4785 1785/4784/4784 1787/4786/4786 1788/4787/4787
f 1788/4789/4789 1787/4788/4788 1789/4790/4790 1790/4791/4791
f 1788/4793/4793 1790/4792/4792 1791/4794/4794 1786/4795/4795
f 1793/4797/4797 1792/4796/4796 1794/4798/4798 1795/4799/4799
f 1797/4801/4801 1796/4800/4800 1792/4802/4802 1793/4803/4803
f 1797/4805/4805 1793/4804/4804 1795/4806/4806 1798/4807/4807
f 1800/4809/4809 1799/4808/4808 1801/4810/4810 1802/4811/4811
f 1802/4813/4813 1801/4812/4812 1803/4814/4814 1804/4815/4815
f 1804/4817/4817 1805/4816/4816 1800/4818/4818 1802/4819/4819
f 1807/4821/4821 1806/4820/4820 1808/4822/4822 1809/4823/4823
f 1809/4825/4825 1808/4824/4824 1810/4826/4826 1811/4827/4827
f 1812/4829/4829 1807/4828/4828 1809/4830/4830 1811/4831/4831
f 1803/4840/4840 1801/4839/4839 1808/4842/4842 1806/4841/4841
f 1789/4834/4834 1787/4833/4833 1801/4839/4839 1799/4838/4838
f 1787/4833/4833 1785/4832/4832 1794/4836/4836 1792/4835/4835
f 1787/4833/4833 1792/4835/4835 1808/4842/4842 1801/4839/4839
f 1810/4843/4843 1808/4842/4842 1792/4835/4835 1796/4837/4837
f 1817/4848/4848 1813/4844/4844 1815/4846/4846 1818/4849/4849
f 1814/4845/4845 1817/4848/4848 1818/4849/4849 1816/4847/4847
f 1820/4851/4851 1819/4850/4850 1814/4852/4852 1816/4853/4853
f 1822/4855/4855 1821/4854/4854 1813/4856/4856 1817/4857/4857
f 1817/4862/4862 1824/4859/4859 1823/4858/4858
f 1822/4861/4861 1817/4862/4862 1823/4858/4858 1825/4860/4860
f 1819/4863/4863 1824/4866/4866 1817/4864/4864 1814/4865/4865
f 1818/4871/4871 1827/4868/4868 1826/4867/4867 1828/4869/4869
f 1829/4870/4870 1818/4871/4871 1828/4869/4869
f 1816/4873/4873 1818/4872/4872 1829/4875/4875 1820/4874/4874
f 1818/4877/4877 1815/4876/4876 1830/4878/4878 1827/4879/4879
f 1815/4881/4881 1813/4880/4880 1821/4883/4883 1830/4882/4882
f 1803/4889/4889 1805/4884/4884 1804/4888/4888
f 1803/4889/4889 1806/4890/4890 1825/4887/4887 1823/4885/4885
f 1805/4884/4884 1803/4889/4889 1823/4885/4885
f 1806/4890/4890 1807/4891/4891 1812/4886/4886
f 1812/4886/4886 1825/4887/4887 1806/4890/4890
f 1789/4895/4895 1791/4892/4892 1790/4894/4894
f 1824/4901/4901 1829/4902/4902 1789/4895/4895 1799/4896/4896
f 1828/4903/4903 1791/4892/4892 1789/4895/4895
f 1789/4895/4895 1829/4902/4902 1828/4903/4903
f 1820/4899/4899 1829/4902/4902 1824/4901/4901 1819/4898/4898
f 1799/4896/4896 1800/4897/4897 1805/4893/4893
f 1823/4900/4900 1799/4896/4896 1805/4893/4893
f 1799/4896/4896 1823/4900/4900 1824/4901/4901
f 1810/4911/4911 1812/4904/4904 1811/4910/4910
f 1810/4911/4911 1796/4908/4908 1830/4915/4915 1821/4912/4912
f 1821/4912/4912 1812/4904/4904 1810/4911/4911
f 1822/4913/4913 1825/4905/4905 1821/4912/4912
f 1812/4904/4904 1821/4912/4912 1825/4905/4905
f 1796/4908/4908 1797/4909/4909 1798/4906/4906
f 1830/4915/4915 1796/4908/4908 1798/4906/4906
f 1827/4914/4914 1830/4915/4915 1826/4907/4907
f 1798/4906/4906 1826/4907/4907 1830/4915/4915
f 1794/4923/4923 1798/4916/4916 1795/4922/4922
f 1794/4923/4923 1785/4920/4920 1828/4919/4919 1826/4917/4917
f 1798/4916/4916 1794/4923/4923 1826/4917/4917
f 1785/4920/4920 1786/4921/4921 1791/4918/4918
f 1791/4918/4918 1828/4919/4919 1785/4920/4920
v 0.12821327149868011 0.0020166577305644751 -1.3215873241424561
v 0.12821327149868011 0.1345897912979126 -1.3215873241424561
v 0.14588968455791473 0.0020166577305644751 -1.3215873241424561
v 0.14588968455791473 0.1345897912979126 -1.3215873241424561
v 0.14588968455791473 0.0020166577305644751 -1.3392636775970459
v 0.14588968455791473 0.1345897912979126 -1.3392636775970459
v 0.12821327149868011 0.0020166577305644751 -1.3392636775970459
v 0.14588968455791473 0.0020166577305644751 -0.91502964496612549
v 0.14588968455791473 0.1345897912979126 -0.91502964496612549
v 0.14588968455791473 0.0020166577305644751 -0.93270605802536011
v 0.14588968455791473 0.1345897912979126 -0.93270605802536011
v 0.12821327149868011 0.0020166577305644751 -0.93270605802536011
v 0.12821327149868011 0.1345897912979126 -0.93270605802536011
v 0.12821327149868011 0.0020166577305644751 -0.91502964496612549
v 0.32265385985374451 0.0020166577305644751 -1.3215873241424561
v 0.32265385985374451 0.1345897912979126 -1.3215873241424561
v 0.34033027291297913 0.0020166577305644751 -1.3215873241424561
v 0.34033027291297913 0.1345897912979126 -1.3215873241424561
v 0.32265385985374451 0.0020166577305644751 -1.3392636775970459
v 0.32265385985374451 0.1345897912979126 -1.3392636775970459
v 0.34033027291297913 0.0020166577305644751 -1.3392636775970459
v 0.34033027291297913 0.0020166577305644751 -0.93270605802536011
v 0.34033027291297913 0.1345897912979126 -0.93270605802536011
v 0.32265385985374451 0.0020166577305644751 -0.93270605802536011
v 0.32265385985374451 0.1345897912979126 -0.93270605802536011
v 0.32265385985374451 0.0020166577305644751 -0.91502964496612549
v 0.32265385985374451 0.1345897912979126 -0.91502964496612549
v 0.34033027291297913 0.0020166577305644751 -0.91502964496612549
v 0.12821327149868011 0.15226621925830841 -0.91502964496612549
v 0.12821327149868011 0.15226621925830841 -1.3392636775970459
v 0.34033027291297913 0.15226621925830841 -0.91502964496612549
v 0.34033027291297913 0.15226621925830841 -1.3392636775970459
vt 0.26122519373893738 0.0006709342123940587
vt 0.26122519373893738 0.044777501374483109
vt 0.26710605621337891 0.0006709342123940587
vt 0.26710605621337891 0.044777501374483109
vt 3.2275459766387939 0.0006709342123940587
vt 3.2275459766387939 0.044777501374483109
vt 3.2334270477294922 0.0006709342123940587
vt 3.2334270477294922 0.044777501374483109
vt 0.73877483606338501 3.2275459766387939
vt 0.73877483606338501 3.2334270477294922
vt 0.73289394378662109 3.2275459766387939
vt 0.73289394378662109 3.2334270477294922
vt 3.0922858715057373 0.0006709342123940587
vt 3.0922858715057373 0.044777501374483109
vt 3.0981667041778564 0.0006709342123940587
vt 3.0981667041778564 0.044777501374483109
vt 0.73289394378662109 0.0006709342123940587
vt 0.73289394378662109 0.044777501374483109
vt 0.73877483606338501 0.0006709342123940587
vt 0.73877483606338501 0.044777501374483109
vt 0.73877483606338501 3.0922858715057373
vt 0.73877483606338501 3.0981667041778564
vt 0.73289394378662109 3.0922858715057373
vt 0.73289394378662109 3.0981667041778564
vt 0.32591482996940613 0.0006709342123940587
vt 0.32591482996940613 0.044777501374483109
vt 0.33179569244384766 0.0006709342123940587
vt 0.33179569244384766 0.044777501374483109
vt -2.2334270477294922 0.0006709342123940587
vt -2.2334270477294922 0.044777501374483109
vt -2.2275459766387939 0.0006709342123940587
vt -2.2275459766387939 0.044777501374483109
vt 0.67408519983291626 3.2275459766387939
vt 0.67408519983291626 3.2334270477294922
vt 0.66820430755615234 3.2275459766387939
vt 0.66820430755615234 3.2334270477294922
vt 0.66820430755615234 0.0006709342123940587
vt 0.66820430755615234 0.044777501374483109
vt 0.67408519983291626 0.0006709342123940587
vt 0.67408519983291626 0.044777501374483109
vt -2.0981667041778564 0.0006709342123940587
vt -2.0981667041778564 0.044777501374483109
vt -2.0922858715057373 0.0006709342123940587
vt -2.0922858715057373 0.044777501374483109
vt 0.67408519983291626 3.0922858715057373
vt 0.67408519983291626 3.0981667041778564
vt 0.66820430755615234 3.0922858715057373
vt 0.66820430755615234 3.0981667041778564
vt 0.26122519373893738 3.0922858715057373
vt 0.26122519373893738 3.2334270477294922
vt 0.33179569244384766 3.0922858715057373
vt 0.33179569244384766 3.2334270477294922
vt 0.73289394378662109 3.2275459766387939
vt 0.73877483606338501 3.2275459766387939
vt 0.73289394378662109 3.2334270477294922
vt 0.73289394378662109 3.0981667041778564
vt 0.73289394378662109 3.0922858715057373
vt 0.73877483606338501 3.0981667041778564
vt 0.66820430755615234 3.2275459766387939
vt 0.67408519983291626 3.2275459766387939
vt 0.67408519983291626 3.2334270477294922
vt 0.67408519983291626 3.0981667041778564
vt 0.66820430755615234 3.0981667041778564
vt 0.67408519983291626 3.0922858715057373
vt -2.2334270477294922 0.0006709342123940587
vt -2.2334270477294922 0.050658378750085831
vt -2.0922858715057373 0.0006709342123940587
vt -2.0922858715057373 0.050658378750085831
vt -2.2275459766387939 0.0006709342123940587
vt -2.2275459766387939 0.044777501374483109
vt -2.0981667041778564 0.044777501374483109
vt -2.0981667041778564 0.0006709342123940587
vt 0.66820430755615234 0.0006709342123940587
vt 0.66820430755615234 0.050658378750085831
vt 0.73877483606338501 0.0006709342123940587
vt 0.73877483606338501 0.050658378750085831
vt 0.73289394378662109 0.044777501374483109
vt 0.73289394378662109 0.0006709342123940587
vt 0.67408519983291626 0.0006709342123940587
vt 0.67408519983291626 0.044777501374483109
vt 0.26122519373893738 0.0006709342123940587
vt 0.26122519373893738 0.050658378750085831
vt 0.33179569244384766 0.0006709342123940587
vt 0.33179569244384766 0.050658378750085831
vt 0.26710605621337891 0.0006709342123940587
vt 0.26710605621337891 0.044777501374483109
vt 0.32591482996940613 0.0006709342123940587
vt 0.32591482996940613 0.044777501374483109
vt 3.0922858715057373 0.0006709342123940587
vt 3.0922858715057373 0.050658378750085831
vt 3.2334270477294922 0.0006709342123940587
vt 3.2334270477294922 0.050658378750085831
vt 3.2275459766387939 0.044777501374483109
vt 3.2275459766387939 0.0006709342123940587
vt 3.0981667041778564 0.0006709342123940587
vt 3.0981667041778564 0.044777501374483109
vn 0 0 1
vn 0 0 1
vn 0 0 1
vn 0 0 1
vn 1 0 0
vn 1 0 0
vn 1 0 0
vn 1 0 0
vn 0 -1 0
vn 0 -1 0
vn 0 -1 0
vn 0 -1 0
vn 1 0 0
vn 1 0 0
vn 1 0 0
vn 1 0 0
vn 0 0 -1
vn 0 0 -1
vn 0 0 -1
vn 0 0 -1
vn 0 -1 0
vn 0 -1 0
vn 0 -1 0
vn 0 -1 0
vn 0 0 1
vn 0 0 1
vn 0 0 1
vn 0 0 1
vn -1 0 0
vn -1 0 0
vn -1 0 0
vn -1 0 0
vn 0 -1 0
vn 0 -1 0
vn 0 -1 0
vn 0 -1 0
vn 0 0 -1
vn 0 0 -1
vn 0 0 -1
vn 0 0 -1
vn -1 0 0
vn -1 0 0
vn -1 0 0
vn -1 0 0
vn 0 -1 0
vn 0 -1 0
vn 0 -1 0
vn 0 -1 0
vn 0 1 0
vn 0 1 0
vn 0 1 0
vn 0 1 0
vn 0 -1 0
vn 0 -1 0
vn 0 -1 0
vn 0 -1 0
vn 0 -1 0
vn 0 -1 0
vn 0 -1 0
vn 0 -1 0
vn 0 -1 0
vn 0 -1 0
vn 0 -1 0
vn 0 -1 0
vn -1 0 0
vn -1 0 0
vn -1 0 0
vn -1 0 0
vn -1 0 0
vn -1 0 0
vn -1 0 0
vn -1 0 0
vn 0 0 -1
vn 0 0 -1
vn 0 0 -1
vn 0 0 -1
vn 0 0 -1
vn 0 0 -1
vn 0 0 -1
vn 0 0 -1
vn 0 0 1
vn 0 0 1
vn 0 0 1
vn 0 0 1
vn 0 0 1
vn 0 0 1
vn 0 0 1
vn 0 0 1
vn 1 0 0
vn 1 0 0
vn 1 0 0
vn 1 0 0
vn 1 0 0
vn 1 0 0
vn 1 0 0
vn 1 0 0
f 1832/4925/4925 1831/4924/4924 1833/4926/4926 1834/4927/4927
f 1834/4929/4929 1833/4928/4928 1835/4930/4930 1836/4931/4931
f 1837/4933/4933 1835/4935/4935 1833/4934/4934 1831/4932/4932
f 1839/4937/4937 1838/4936/4936 1840/4938/4938 1841/4939/4939
f 1841/4941/4941 1840/4940/4940 1842/4942/4942 1843/4943/4943
f 1842/4945/4945 1840/4947/4947 1838/4946/4946 1844/4944/4944
f 1846/4949/4949 1845/4948/4948 1847/4950/4950 1848/4951/4951
f 1850/4953/4953 1849/4952/4952 1845/4954/4954 1846/4955/4955
f 1849/4957/4957 1851/4959/4959 1847/4958/4958 1845/4956/4956
f 1853/4961/4961 1852/4960/4960 1854/4962/4962 1855/4963/4963
f 1855/4965/4965 1854/4964/4964 1856/4966/4966 1857/4967/4967
f 1854/4969/4969 1852/4971/4971 1858/4970/4970 1856/4968/4968
f 1860/4973/4973 1859/4972/4972 1861/4974/4974 1862/4975/4975
f 1855/4985/4985 1857/4987/4987 1839/4980/4980 1841/4979/4979
f 1841/4979/4979 1843/4981/4981 1832/4977/4977 1834/4976/4976
f 1834/4976/4976 1836/4978/4978 1850/4984/4984 1846/4983/4983
f 1834/4976/4976 1846/4983/4983 1855/4985/4985 1841/4979/4979
f 1853/4986/4986 1855/4985/4985 1846/4983/4983 1848/4982/4982
f 1831/4992/4992 1832/4993/4993 1860/4989/4989 1837/4988/4988
f 1832/4993/4993 1843/4994/4994 1859/4991/4991 1860/4989/4989
f 1843/4994/4994 1842/4995/4995 1844/4990/4990 1859/4991/4991
f 1849/5002/5002 1850/5003/5003 1862/4997/4997 1851/4996/4996
f 1850/5003/5003 1836/5000/5000 1860/4999/4999 1862/4997/4997
f 1836/5000/5000 1835/5001/5001 1837/4998/4998 1860/4999/4999
f 1838/5008/5008 1839/5009/5009 1859/5005/5005 1844/5004/5004
f 1839/5009/5009 1857/5011/5011 1861/5007/5007 1859/5005/5005
f 1857/5011/5011 1856/5010/5010 1858/5006/5006 1861/5007/5007
f 1852/5018/5018 1853/5019/5019 1861/5013/5013 1858/5012/5012
f 1853/5019/5019 1848/5016/5016 1862/5015/5015 1861/5013/5013
f 1848/5016/5016 1847/5017/5017 1851/5014/5014 1862/5015/5015
v 0.95574140548706055 0.1345897912979126 -1.5486392974853516
v 0.95574140548706055 0.32702061533927917 -1.5486392974853516
v 1.0101001262664795 0.1345897912979126 -1.3178173303604126
v 1.0101001262664795 0.32702061533927917 -1.3178173303604126
v 0.95574140548706055 0.2406482994556427 -1.5486392974853516
v 1.0101001262664795 0.2406482994556427 -1.3178173303604126
v 1.0214067697525024 0.32702061533927917 -1.5641036033630371
v 1.0757654905319214 0.32702061533927917 -1.3332815170288086
v 1.0792429447174072 0.0020166577305644751 -1.318515419960022
v 1.0792429447174072 0.03565557673573494 -1.318515419960022
v 1.0394049882888794 0.0020166577305644751 -1.3091335296630859
v 1.0394049882888794 0.03565557673573494 -1.3091335296630859
v 1.0487868785858154 0.0020166577305644751 -1.2692955732345581
v 1.0487868785858154 0.03565557673573494 -1.2692955732345581
v 1.0886248350143433 0.0020166577305644751 -1.2786774635314941
v 0.96870952844619751 0.0020166577305644751 -1.6093257665634155
v 0.96870952844619751 0.03565557673573494 -1.6093257665634155
v 0.97809141874313354 0.0020166577305644751 -1.5694878101348877
v 0.97809141874313354 0.03565557673573494 -1.5694878101348877
v 1.0179293155670166 0.0020166577305644751 -1.5788697004318237
v 1.0179293155670166 0.03565557673573494 -1.5788697004318237
v 1.0085474252700806 0.0020166577305644751 -1.6187076568603516
v 0.8056647777557373 0.0020166577305644751 -1.2540875673294067
v 0.8056647777557373 0.03565557673573494 -1.2540875673294067
v 0.76582688093185425 0.0020166577305644751 -1.2447056770324707
v 0.76582688093185425 0.03565557673573494 -1.2447056770324707
v 0.81504666805267334 0.0020166577305644751 -1.2142496109008789
v 0.81504666805267334 0.03565557673573494 -1.2142496109008789
v 0.77520871162414551 0.0020166577305644751 -1.2048677206039429
v 0.77520871162414551 0.2406482994556427 -1.2048677206039429
v 0.76234942674636841 0.2406482994556427 -1.2594717741012573
v 1.0886248350143433 0.2406482994556427 -1.2786774635314941
v 1.0757654905319214 0.2406482994556427 -1.3332815170288086
v 0.70799064636230469 0.1345897912979126 -1.4902938604354858
v 0.70799064636230469 0.2406482994556427 -1.4902938604354858
v 1.0085474252700806 0.2406482994556427 -1.6187076568603516
v 1.0214067697525024 0.2406482994556427 -1.5641036033630371
v 0.69513136148452759 0.2406482994556427 -1.5448979139328003
v 0.70451325178146362 0.0020166577305644751 -1.5050599575042725
v 0.70451325178146362 0.03565557673573494 -1.5050599575042725
v 0.74435120820999146 0.0020166577305644751 -1.5144418478012085
v 0.74435120820999146 0.03565557673573494 -1.5144418478012085
v 0.73496931791305542 0.0020166577305644751 -1.5542798042297363
v 0.73496931791305542 0.03565557673573494 -1.5542798042297363
v 0.69513136148452759 0.0020166577305644751 -1.5448979139328003
v 0.76234942674636841 0.1345897912979126 -1.2594717741012573
vt -2.3030853271484375 0.044777501374483109
vt -2.3030853271484375 0.10879848897457123
vt -2.2262918949127197 0.044777501374483109
vt -2.2262918949127197 0.10879848897457123
vt -2.3030853271484375 0.080062754452228546
vt -2.2262918949127197 0.080062754452228546
vt 0.55838721990585327 3.3082304000854492
vt 0.57647216320037842 3.2314367294311523
vt 0.53654056787490845 3.3030853271484375
vt 0.55462551116943359 3.2262918949127197
vt 0.42237094044685364 0.0006709342123940587
vt 0.42237094044685364 0.011862471699714661
vt 0.4356248676776886 0.0006709342123940587
vt 0.4356248676776886 0.011862471699714661
vt -2.223402738571167 0.0006709342123940587
vt -2.223402738571167 0.011862471699714661
vt -2.210148811340332 0.0006709342123940587
vt -2.210148811340332 0.011862471699714661
vt 0.42237094044685364 3.2265241146087646
vt 0.41924962401390076 3.2132701873779297
vt 0.4356248676776886 3.223402738571167
vt 0.43250355124473572 3.210148811340332
vt -2.3232755661010742 0.0006709342123940587
vt -2.3232755661010742 0.011862471699714661
vt -2.3100216388702393 0.0006709342123940587
vt -2.3100216388702393 0.011862471699714661
vt 0.54397636651992798 0.0006709342123940587
vt 0.54397636651992798 0.011862471699714661
vt 0.55723029375076294 0.0006709342123940587
vt 0.55723029375076294 0.011862471699714661
vt 0.44589105248451233 3.3263969421386719
vt 0.44276973605155945 3.3131430149078369
vt 0.45914497971534729 3.3232755661010742
vt 0.45602366328239441 3.3100216388702393
vt 0.51338934898376465 0.0006709342123940587
vt 0.51338934898376465 0.011862471699714661
vt 0.52664321660995483 0.0006709342123940587
vt 0.52664321660995483 0.011862471699714661
vt 3.1918351650238037 0.0006709342123940587
vt 3.1918351650238037 0.011862471699714661
vt 3.2050890922546387 0.0006709342123940587
vt 3.2050890922546387 0.011862471699714661
vt 0.51338934898376465 3.2050890922546387
vt 0.51026803255081177 3.1918351650238037
vt 0.52664321660995483 3.2019679546356201
vt 0.52352195978164673 3.1887140274047852
vt 0.47647807002067566 3.1887140274047852
vt 0.47219982743263245 3.2068805694580078
vt 0.58075040578842163 3.2132701873779297
vt 0.57647216320037842 3.2314367294311523
vt 0.55462551116943359 3.2262918949127197
vt 0.4541148841381073 0.044777501374483109
vt 0.4541148841381073 0.080062754452228546
vt 0.53654056787490845 0.044777501374483109
vt 0.53654056787490845 0.080062754452228546
vt 0.55410891771316528 3.3263969421386719
vt 0.55838721990585327 3.3082304000854492
vt 0.44983664155006409 3.3018405437469482
vt 0.4541148841381073 3.2836740016937256
vt 0.53654056787490845 3.3030853271484375
vt 0.45295795798301697 0.0006709342123940587
vt 0.45295795798301697 0.011862471699714661
vt 0.46621188521385193 0.0006709342123940587
vt 0.46621188521385193 0.011862471699714661
vt 3.2917079925537109 0.0006709342123940587
vt 3.2917079925537109 0.011862471699714661
vt 3.3049619197845459 0.0006709342123940587
vt 3.3049619197845459 0.011862471699714661
vt 0.53690940141677856 3.3049619197845459
vt 0.53378808498382568 3.2917079925537109
vt 0.5501633882522583 3.3018405437469482
vt 0.54704207181930542 3.2885866165161133
vt 0.4356248676776886 3.223402738571167
vt 0.42237094044685364 3.2265241146087646
vt 0.43250355124473572 3.210148811340332
vt 0.45602366328239441 3.3100216388702393
vt 0.45914497971534729 3.3232755661010742
vt 0.44276973605155945 3.3131430149078369
vt 0.52664321660995483 3.2019679546356201
vt 0.51338934898376465 3.2050890922546387
vt 0.51026803255081177 3.1918351650238037
vt 0.53378808498382568 3.2917079925537109
vt 0.54704207181930542 3.2885866165161133
vt 0.53690940141677856 3.3049619197845459
vt 0.44161280989646912 0.080062754452228546
vt 0.44161280989646912 0.10879848897457123
vt 0.46345940232276917 0.080062754452228546
vt 0.46345940232276917 0.10879848897457123
vt 0.55462551116943359 0.080062754452228546
vt 0.55462551116943359 0.10879848897457123
vt 0.57647216320037842 0.080062754452228546
vt 0.57647216320037842 0.10879848897457123
vt 0.44537448883056641 0.044777501374483109
vt 0.44537448883056641 0.080062754452228546
vt 0.52780020236968994 0.044777501374483109
vt 0.52780020236968994 0.080062754452228546
vt 0.53654056787490845 3.3030853271484375
vt 0.55462551116943359 3.2262918949127197
vt 0.4541148841381073 3.2836740016937256
vt 0.47219982743263245 3.2068805694580078
vt 0.47647807002067566 0.0006709342123940587
vt 0.47647807002067566 0.080062754452228546
vt 0.58075040578842163 0.0006709342123940587
vt 0.58075040578842163 0.080062754452228546
vt 0.56749647855758667 0.011862471699714661
vt 0.56749647855758667 0.0006709342123940587
vt 0.48973199725151062 0.0006709342123940587
vt 0.48973199725151062 0.011862471699714661
vt 3.2132701873779297 0.0006709342123940587
vt 3.3263969421386719 0.0006709342123940587
vt 3.3082304000854492 0.10879848897457123
vt 3.2314367294311523 0.10879848897457123
vt 3.2265241146087646 0.0006709342123940587
vt 3.2265241146087646 0.011862471699714661
vt 3.3131430149078369 0.011862471699714661
vt 3.3131430149078369 0.0006709342123940587
vt 3.2314367294311523 0.080062754452228546
vt 3.2132701873779297 0.080062754452228546
vt 3.3263969421386719 0.080062754452228546
vt 3.3082304000854492 0.080062754452228546
vt 0.44589105248451233 0.0006709342123940587
vt 0.44589105248451233 0.080062754452228546
vt 0.5501633882522583 0.0006709342123940587
vt 0.5501633882522583 0.080062754452228546
vt 0.45914497971534729 0.0006709342123940587
vt 0.45914497971534729 0.011862471699714661
vt 0.53690940141677856 0.0006709342123940587
vt 0.53690940141677856 0.011862471699714661
vt -2.3018405437469482 0.0006709342123940587
vt -2.3018405437469482 0.080062754452228546
vt -2.1887140274047852 0.0006709342123940587
vt -2.1887140274047852 0.080062754452228546
vt -2.2019679546356201 0.011862471699714661
vt -2.2019679546356201 0.0006709342123940587
vt -2.2068805694580078 0.080062754452228546
vt -2.2068805694580078 0.044777501374483109
vt -2.2836740016937256 0.044777501374483109
vt -2.2836740016937256 0.080062754452228546
vt -2.2885866165161133 0.0006709342123940587
vt -2.2885866165161133 0.011862471699714661
vn -0.97337234020233154 0 0.22922985255718231
vn -0.97337234020233154 0 0.22922985255718231
vn -0.97337234020233154 0 0.22922985255718231
vn -0.97337234020233154 0 0.22922985255718231
vn -0.97337234020233154 0 0.22922985255718231
vn -0.97337234020233154 0 0.22922985255718231
vn 0 1 0
vn 0 1 0
vn 0 1 0
vn 0 1 0
vn -0.22922985255718231 0 -0.97337234020233154
vn -0.22922985255718231 0 -0.97337234020233154
vn -0.22922985255718231 0 -0.97337234020233154
vn -0.22922985255718231 0 -0.97337234020233154
vn -0.97337234020233154 0 0.22922985255718231
vn -0.97337234020233154 0 0.22922985255718231
vn -0.97337234020233154 0 0.22922985255718231
vn -0.97337234020233154 0 0.22922985255718231
vn 0 -1 0
vn 0 -1 0
vn 0 -1 0
vn 0 -1 0
vn -0.97337234020233154 0 0.22922985255718231
vn -0.97337234020233154 0 0.22922985255718231
vn -0.97337234020233154 0 0.22922985255718231
vn -0.97337234020233154 0 0.22922985255718231
vn 0.22922985255718231 0 0.97337234020233154
vn 0.22922985255718231 0 0.97337234020233154
vn 0.22922985255718231 0 0.97337234020233154
vn 0.22922985255718231 0 0.97337234020233154
vn 0 -1 0
vn 0 -1 0
vn 0 -1 0
vn 0 -1 0
vn -0.22922985255718231 0 -0.97337234020233154
vn -0.22922985255718231 0 -0.97337234020233154
vn -0.22922985255718231 0 -0.97337234020233154
vn -0.22922985255718231 0 -0.97337234020233154
vn 0.97337234020233154 0 -0.22922985255718231
vn 0.97337234020233154 0 -0.22922985255718231
vn 0.97337234020233154 0 -0.22922985255718231
vn 0.97337234020233154 0 -0.22922985255718231
vn 0 -1 0
vn 0 -1 0
vn 0 -1 0
vn 0 -1 0
vn 0 1 0
vn 0 1 0
vn 0 1 0
vn 0 1 0
vn 0 1 0
vn 0.22922985255718231 0 0.97337234020233154
vn 0.22922985255718231 0 0.97337234020233154
vn 0.22922985255718231 0 0.97337234020233154
vn 0.22922985255718231 0 0.97337234020233154
vn 0 1 0
vn 0 1 0
vn 0 1 0
vn 0 1 0
vn 0 1 0
vn 0.22922985255718231 0 0.97337234020233154
vn 0.22922985255718231 0 0.97337234020233154
vn 0.22922985255718231 0 0.97337234020233154
vn 0.22922985255718231 0 0.97337234020233154
vn 0.97337234020233154 0 -0.22922985255718231
vn 0.97337234020233154 0 -0.22922985255718231
vn 0.97337234020233154 0 -0.22922985255718231
vn 0.97337234020233154 0 -0.22922985255718231
vn 0 -1 0
vn 0 -1 0
vn 0 -1 0
vn 0 -1 0
vn 0 -1 0
vn 0 -1 0
vn 0 -1 0
vn 0 -1 0
vn 0 -1 0
vn 0 -1 0
vn 0 -1 0
vn 0 -1 0
vn 0 -1 0
vn 0 -1 0
vn 0 -1 0
vn 0 -1 0
vn -0.22922985255718231 0 -0.97337234020233154
vn -0.22922985255718231 0 -0.97337234020233154
vn -0.22922985255718231 0 -0.97337234020233154
vn -0.22922985255718231 0 -0.97337234020233154
vn 0.22922985255718231 0 0.97337234020233154
vn 0.22922985255718231 0 0.97337234020233154
vn 0.22922985255718231 0 0.97337234020233154
vn 0.22922985255718231 0 0.97337234020233154
vn -0.22922985255718231 0 -0.97337234020233154
vn -0.22922985255718231 0 -0.97337234020233154
vn -0.22922985255718231 0 -0.97337234020233154
vn -0.22922985255718231 0 -0.97337234020233154
vn 0 1 0
vn 0 1 0
vn 0 1 0
vn 0 1 0
vn 0.22922985255718231 0 0.97337234020233154
vn 0.22922985255718231 0 0.97337234020233154
vn 0.22922985255718231 0 0.97337234020233154
vn 0.22922985255718231 0 0.97337234020233154
vn 0.22922985255718231 0 0.97337234020233154
vn 0.22922985255718231 0 0.97337234020233154
vn 0.22922985255718231 0 0.97337234020233154
vn 0.22922985255718231 0 0.97337234020233154
vn 0.97337234020233154 0 -0.22922985255718231
vn 0.97337234020233154 0 -0.22922985255718231
vn 0.97337234020233154 0 -0.22922985255718231
vn 0.97337234020233154 0 -0.22922985255718231
vn 0.97337234020233154 0 -0.22922985255718231
vn 0.97337234020233154 0 -0.22922985255718231
vn 0.97337234020233154 0 -0.22922985255718231
vn 0.97337234020233154 0 -0.22922985255718231
vn 0.97337234020233154 0 -0.22922985255718231
vn 0.97337234020233154 0 -0.22922985255718231
vn 0.97337234020233154 0 -0.22922985255718231
vn 0.97337234020233154 0 -0.22922985255718231
vn -0.22922985255718231 0 -0.97337234020233154
vn -0.22922985255718231 0 -0.97337234020233154
vn -0.22922985255718231 0 -0.97337234020233154
vn -0.22922985255718231 0 -0.97337234020233154
vn -0.22922985255718231 0 -0.97337234020233154
vn -0.22922985255718231 0 -0.97337234020233154
vn -0.22922985255718231 0 -0.97337234020233154
vn -0.22922985255718231 0 -0.97337234020233154
vn -0.97337234020233154 0 0.22922985255718231
vn -0.97337234020233154 0 0.22922985255718231
vn -0.97337234020233154 0 0.22922985255718231
vn -0.97337234020233154 0 0.22922985255718231
vn -0.97337234020233154 0 0.22922985255718231
vn -0.97337234020233154 0 0.22922985255718231
vn -0.97337234020233154 0 0.22922985255718231
vn -0.97337234020233154 0 0.22922985255718231
vn -0.97337234020233154 0 0.22922985255718231
vn -0.97337234020233154 0 0.22922985255718231
vn -0.97337234020233154 0 0.22922985255718231
vn -0.97337234020233154 0 0.22922985255718231
f 1867/5024/5024 1863/5020/5020 1865/5022/5022 1868/5025/5025
f 1864/5021/5021 1867/5024/5024 1868/5025/5025 1866/5023/5023
f 1870/5027/5027 1869/5026/5026 1864/5028/5028 1866/5029/5029
f 1872/5031/5031 1871/5030/5030 1873/5032/5032 1874/5033/5033
f 1874/5035/5035 1873/5034/5034 1875/5036/5036 1876/5037/5037
f 1877/5039/5039 1875/5041/5041 1873/5040/5040 1871/5038/5038
f 1879/5043/5043 1878/5042/5042 1880/5044/5044 1881/5045/5045
f 1881/5047/5047 1880/5046/5046 1882/5048/5048 1883/5049/5049
f 1882/5051/5051 1880/5053/5053 1878/5052/5052 1884/5050/5050
f 1886/5055/5055 1885/5054/5054 1887/5056/5056 1888/5057/5057
f 1890/5059/5059 1889/5058/5058 1885/5060/5060 1886/5061/5061
f 1889/5063/5063 1891/5065/5065 1887/5064/5064 1885/5062/5062
f 1868/5070/5070 1893/5067/5067 1892/5066/5066 1894/5068/5068
f 1895/5069/5069 1868/5070/5070 1894/5068/5068
f 1897/5072/5072 1896/5071/5071 1863/5073/5073 1867/5074/5074
f 1867/5079/5079 1899/5076/5076 1898/5075/5075
f 1897/5078/5078 1867/5079/5079 1898/5075/5075 1900/5077/5077
f 1902/5081/5081 1901/5080/5080 1903/5082/5082 1904/5083/5083
f 1904/5085/5085 1903/5084/5084 1905/5086/5086 1906/5087/5087
f 1903/5089/5089 1901/5091/5091 1907/5090/5090 1905/5088/5088
f 1879/5096/5096 1881/5095/5095 1904/5101/5101 1906/5103/5103
f 1872/5093/5093 1874/5092/5092 1881/5095/5095 1883/5097/5097
f 1874/5092/5092 1876/5094/5094 1890/5100/5100 1886/5099/5099
f 1874/5092/5092 1886/5099/5099 1904/5101/5101 1881/5095/5095
f 1902/5102/5102 1904/5101/5101 1886/5099/5099 1888/5098/5098
f 1869/5105/5105 1899/5104/5104 1867/5106/5106 1864/5107/5107
f 1866/5109/5109 1868/5108/5108 1895/5110/5110 1870/5111/5111
f 1868/5113/5113 1865/5112/5112 1908/5114/5114 1893/5115/5115
f 1865/5117/5117 1863/5116/5116 1896/5118/5118 1908/5119/5119
f 1890/5127/5127 1891/5120/5120 1889/5126/5126
f 1890/5127/5127 1876/5124/5124 1894/5123/5123 1892/5121/5121
f 1891/5120/5120 1890/5127/5127 1892/5121/5121
f 1876/5124/5124 1875/5125/5125 1877/5122/5122
f 1877/5122/5122 1894/5123/5123 1876/5124/5124
f 1872/5133/5133 1877/5128/5128 1871/5132/5132
f 1872/5133/5133 1883/5134/5134 1899/5139/5139 1895/5136/5136
f 1894/5137/5137 1877/5128/5128 1872/5133/5133
f 1872/5133/5133 1895/5136/5136 1894/5137/5137
f 1870/5131/5131 1895/5136/5136 1899/5139/5139 1869/5130/5130
f 1883/5134/5134 1882/5135/5135 1884/5129/5129
f 1898/5138/5138 1883/5134/5134 1884/5129/5129
f 1883/5134/5134 1898/5138/5138 1899/5139/5139
f 1879/5145/5145 1884/5140/5140 1878/5144/5144
f 1879/5145/5145 1906/5147/5147 1900/5143/5143 1898/5141/5141
f 1884/5140/5140 1879/5145/5145 1898/5141/5141
f 1906/5147/5147 1905/5146/5146 1907/5142/5142
f 1907/5142/5142 1900/5143/5143 1906/5147/5147
f 1902/5159/5159 1907/5148/5148 1901/5158/5158
f 1902/5159/5159 1888/5152/5152 1908/5155/5155 1896/5156/5156
f 1896/5156/5156 1907/5148/5148 1902/5159/5159
f 1897/5157/5157 1900/5149/5149 1896/5156/5156
f 1907/5148/5148 1896/5156/5156 1900/5149/5149
f 1888/5152/5152 1887/5153/5153 1891/5150/5150
f 1908/5155/5155 1888/5152/5152 1891/5150/5150
f 1893/5154/5154 1908/5155/5155 1892/5151/5151
f 1891/5150/5150 1892/5151/5151 1908/5155/5155
v 0.98374778032302856 0.1345897912979126 -0.99547368288040161
v 0.98374778032302856 0.32702061533927917 -0.99547368288040161
v 0.95664775371551514 0.1345897912979126 -0.75989079475402832
v 0.95664775371551514 0.32702061533927917 -0.75989079475402832
v 0.98374778032302856 0.2406482994556427 -0.99547368288040161
v 0.95664775371551514 0.2406482994556427 -0.75989079475402832
v 1.0507675409317017 0.32702061533927917 -0.98776412010192871
v 1.0236674547195435 0.32702061533927917 -0.7521812915802002
v 1.0219337940216064 0.0020166577305644751 -0.73711055517196655
v 1.0219337940216064 0.03565557673573494 -0.73711055517196655
v 0.98127424716949463 0.0020166577305644751 -0.74178779125213623
v 0.98127424716949463 0.03565557673573494 -0.74178779125213623
v 0.97659701108932495 0.0020166577305644751 -0.70112818479537964
v 0.97659701108932495 0.03565557673573494 -0.70112818479537964
v 1.0172566175460815 0.0020166577305644751 -0.69645094871520996
v 1.0165187120437622 0.0020166577305644751 -1.0481716394424438
v 1.0165187120437622 0.03565557673573494 -1.0481716394424438
v 1.0118415355682373 0.0020166577305644751 -1.007512092590332
v 1.0118415355682373 0.03565557673573494 -1.007512092590332
v 1.0525010824203491 0.0020166577305644751 -1.0028347969055176
v 1.0525010824203491 0.03565557673573494 -1.0028347969055176
v 1.0571783781051636 0.0020166577305644751 -1.0434944629669189
v 0.74271303415298462 0.0020166577305644751 -0.7692304253578186
v 0.74271303415298462 0.03565557673573494 -0.7692304253578186
v 0.70205342769622803 0.0020166577305644751 -0.77390766143798828
v 0.70205342769622803 0.03565557673573494 -0.77390766143798828
v 0.73803579807281494 0.0020166577305644751 -0.72857081890106201
v 0.73803579807281494 0.03565557673573494 -0.72857081890106201
v 0.69737619161605835 0.0020166577305644751 -0.73324805498123169
v 0.69737619161605835 0.2406482994556427 -0.73324805498123169
v 0.70378702878952026 0.2406482994556427 -0.78897833824157715
v 1.0172566175460815 0.2406482994556427 -0.69645094871520996
v 1.0236674547195435 0.2406482994556427 -0.7521812915802002
v 0.73088705539703369 0.1345897912979126 -1.0245611667633057
v 0.73088705539703369 0.2406482994556427 -1.0245611667633057
v 1.0571783781051636 0.2406482994556427 -1.0434944629669189
v 1.0507675409317017 0.2406482994556427 -0.98776412010192871
v 0.73729789257049561 0.2406482994556427 -1.0802915096282959
v 0.7326207160949707 0.0020166577305644751 -1.0396318435668945
v 0.7326207160949707 0.03565557673573494 -1.0396318435668945
v 0.77328032255172729 0.0020166577305644751 -1.0349546670913696
v 0.77328032255172729 0.03565557673573494 -1.0349546670913696
v 0.77795755863189697 0.0020166577305644751 -1.075614333152771
v 0.77795755863189697 0.03565557673573494 -1.075614333152771
v 0.73729789257049561 0.0020166577305644751 -1.0802915096282959
v 0.70378702878952026 0.1345897912979126 -0.78897833824157715
v 0.97720825672149658 0.12133248150348663 -1.0526937246322632
v 0.97720825672149658 0.061674568802118301 -1.0526937246322632
v 1.0171933174133301 0.12133248150348663 -1.0480940341949463
v 1.0171933174133301 0.061674568802118301 -1.0480940341949463
v 0.8172680139541626 0.12133248150348663 -1.0710922479629517
v 0.7772829532623291 0.12133248150348663 -1.075691819190979
v 0.8172680139541626 0.061674568802118301 -1.0710922479629517
v 0.7772829532623291 0.061674568802118301 -1.075691819190979
vt -2.1190493106842041 0.044777501374483109
vt -2.1190493106842041 0.10879848897457123
vt -2.0406718254089355 0.044777501374483109
vt -2.0406718254089355 0.10879848897457123
vt -2.1190493106842041 0.080062754452228546
vt -2.0406718254089355 0.080062754452228546
vt 0.56815540790557861 3.1164844036102295
vt 0.55913931131362915 3.0381069183349609
vt 0.54585820436477661 3.1190493106842041
vt 0.53684210777282715 3.0406718254089355
vt 0.44143745303153992 0.0006709342123940587
vt 0.44143745303153992 0.011862471699714661
vt 0.45496472716331482 0.0006709342123940587
vt 0.45496472716331482 0.011862471699714661
vt -2.034649133682251 0.0006709342123940587
vt -2.034649133682251 0.011862471699714661
vt -2.0211217403411865 0.0006709342123940587
vt -2.0211217403411865 0.011862471699714661
vt 0.44143745303153992 3.0330929756164551
vt 0.44299355149269104 3.0195655822753906
vt 0.45496472716331482 3.034649133682251
vt 0.45652082562446594 3.0211217403411865
vt -2.1365816593170166 0.0006709342123940587
vt -2.1365816593170166 0.011862471699714661
vt -2.1230545043945312 0.0006709342123940587
vt -2.1230545043945312 0.011862471699714661
vt 0.55520486831665039 0.0006709342123940587
vt 0.55520486831665039 0.011862471699714661
vt 0.56873214244842529 0.0006709342123940587
vt 0.56873214244842529 0.011862471699714661
vt 0.4297117292881012 3.1350257396697998
vt 0.43126782774925232 3.1214983463287354
vt 0.44323903322219849 3.1365816593170166
vt 0.44479510188102722 3.1230545043945312
vt 0.53433310985565186 0.0006709342123940587
vt 0.53433310985565186 0.011862471699714661
vt 0.54786044359207153 0.0006709342123940587
vt 0.54786044359207153 0.011862471699714661
vt 3.0302517414093018 0.0006709342123940587
vt 3.0302517414093018 0.011862471699714661
vt 3.0437791347503662 0.0006709342123940587
vt 3.0437791347503662 0.011862471699714661
vt 0.53433310985565186 3.0437791347503662
vt 0.53588920831680298 3.0302517414093018
vt 0.54786044359207153 3.0453352928161621
vt 0.54941654205322266 3.0318078994750977
vt 0.45058348774909973 3.0318078994750977
vt 0.45271635055541992 3.050349235534668
vt 0.55700647830963135 3.0195655822753906
vt 0.55913931131362915 3.0381069183349609
vt 0.53684210777282715 3.0406718254089355
vt 0.461732417345047 0.044777501374483109
vt 0.461732417345047 0.080062754452228546
vt 0.54585820436477661 0.044777501374483109
vt 0.54585820436477661 0.080062754452228546
vt 0.57028830051422119 3.1350257396697998
vt 0.56815540790557861 3.1164844036102295
vt 0.46386528015136719 3.1472678184509277
vt 0.461732417345047 3.1287267208099365
vt 0.54585820436477661 3.1190493106842041
vt 0.46230921149253845 0.0006709342123940587
vt 0.46230921149253845 0.011862471699714661
vt 0.47583648562431335 0.0006709342123940587
vt 0.47583648562431335 0.011862471699714661
vt 3.1321845054626465 0.0006709342123940587
vt 3.1321845054626465 0.011862471699714661
vt 3.1457118988037109 0.0006709342123940587
vt 3.1457118988037109 0.011862471699714661
vt 0.52260738611221313 3.1457118988037109
vt 0.52416348457336426 3.1321845054626465
vt 0.53613471984863281 3.1472678184509277
vt 0.53769081830978394 3.1337406635284424
vt 0.45496472716331482 3.034649133682251
vt 0.44143745303153992 3.0330929756164551
vt 0.45652082562446594 3.0211217403411865
vt 0.44479510188102722 3.1230545043945312
vt 0.44323903322219849 3.1365816593170166
vt 0.43126782774925232 3.1214983463287354
vt 0.54786044359207153 3.0453352928161621
vt 0.53433310985565186 3.0437791347503662
vt 0.53588920831680298 3.0302517414093018
vt 0.52416348457336426 3.1321845054626465
vt 0.53769081830978394 3.1337406635284424
vt 0.52260738611221313 3.1457118988037109
vt 0.43184459209442139 0.080062754452228546
vt 0.43184459209442139 0.10879848897457123
vt 0.45414179563522339 0.080062754452228546
vt 0.45414179563522339 0.10879848897457123
vt 0.53684210777282715 0.080062754452228546
vt 0.53684210777282715 0.10879848897457123
vt 0.55913931131362915 0.080062754452228546
vt 0.55913931131362915 0.10879848897457123
vt 0.46315786242485046 0.044777501374483109
vt 0.46315786242485046 0.080062754452228546
vt 0.54728364944458008 0.044777501374483109
vt 0.54728364944458008 0.080062754452228546
vt 0.54585820436477661 3.1190493106842041
vt 0.53684210777282715 3.0406718254089355
vt 0.461732417345047 3.1287267208099365
vt 0.45271635055541992 3.050349235534668
vt 0.45058348774909973 0.0006709342123940587
vt 0.45058348774909973 0.080062754452228546
vt 0.55700647830963135 0.0006709342123940587
vt 0.55700647830963135 0.080062754452228546
vt 0.54347914457321167 0.011862471699714661
vt 0.54347914457321167 0.0006709342123940587
vt 0.46411079168319702 0.0006709342123940587
vt 0.46411079168319702 0.011862471699714661
vt 3.0195655822753906 0.0006709342123940587
vt 3.1350257396697998 0.0006709342123940587
vt 3.1164844036102295 0.10879848897457123
vt 3.0381069183349609 0.10879848897457123
vt 3.0330929756164551 0.0006709342123940587
vt 3.0330929756164551 0.011862471699714661
vt 3.1214983463287354 0.011862471699714661
vt 3.1214983463287354 0.0006709342123940587
vt 3.0381069183349609 0.080062754452228546
vt 3.0195655822753906 0.080062754452228546
vt 3.1350257396697998 0.080062754452228546
vt 3.1164844036102295 0.080062754452228546
vt 0.4297117292881012 0.0006709342123940587
vt 0.4297117292881012 0.080062754452228546
vt 0.53613471984863281 0.0006709342123940587
vt 0.53613471984863281 0.080062754452228546
vt 0.44323903322219849 0.0006709342123940587
vt 0.4563174843788147 0.040366847068071365
vt 0.44323903322219849 0.011862471699714661
vt 0.4563174843788147 0.020518889650702477
vt 0.44301459193229675 0.040366847068071365
vt 0.44301459193229675 0.020518889650702477
vt 0.52260738611221313 0.0006709342123940587
vt 0.5095289945602417 0.040366847068071365
vt 0.52260738611221313 0.011862471699714661
vt 0.52283185720443726 0.040366847068071365
vt 0.5095289945602417 0.020518889650702477
vt 0.52283185720443726 0.020518889650702477
vt -2.1472678184509277 0.0006709342123940587
vt -2.1472678184509277 0.080062754452228546
vt -2.0318078994750977 0.0006709342123940587
vt -2.0318078994750977 0.080062754452228546
vt -2.0453352928161621 0.011862471699714661
vt -2.0453352928161621 0.0006709342123940587
vt -2.050349235534668 0.080062754452228546
vt -2.050349235534668 0.044777501374483109
vt -2.1287267208099365 0.044777501374483109
vt -2.1287267208099365 0.080062754452228546
vt -2.1337406635284424 0.0006709342123940587
vt -2.1337406635284424 0.011862471699714661
vn -0.99344855546951294 0 -0.11428023129701614
vn -0.99344855546951294 0 -0.11428023129701614
vn -0.99344855546951294 0 -0.11428023129701614
vn -0.99344855546951294 0 -0.11428023129701614
vn -0.99344855546951294 0 -0.11428023129701614
vn -0.99344855546951294 0 -0.11428023129701614
vn 0 1 0
vn 0 1 0
vn 0 1 0
vn 0 1 0
vn 0.11428023129701614 0 -0.99344855546951294
vn 0.11428023129701614 0 -0.99344855546951294
vn 0.11428023129701614 0 -0.99344855546951294
vn 0.11428023129701614 0 -0.99344855546951294
vn -0.99344855546951294 0 -0.11428023129701614
vn -0.99344855546951294 0 -0.11428023129701614
vn -0.99344855546951294 0 -0.11428023129701614
vn -0.99344855546951294 0 -0.11428023129701614
vn 0 -1 0
vn 0 -1 0
vn 0 -1 0
vn 0 -1 0
vn -0.99344855546951294 0 -0.11428023129701614
vn -0.99344855546951294 0 -0.11428023129701614
vn -0.99344855546951294 0 -0.11428023129701614
vn -0.99344855546951294 0 -0.11428023129701614
vn -0.11428023129701614 0 0.99344855546951294
vn -0.11428023129701614 0 0.99344855546951294
vn -0.11428023129701614 0 0.99344855546951294
vn -0.11428023129701614 0 0.99344855546951294
vn 0 -1 0
vn 0 -1 0
vn 0 -1 0
vn 0 -1 0
vn 0.11428023129701614 0 -0.99344855546951294
vn 0.11428023129701614 0 -0.99344855546951294
vn 0.11428023129701614 0 -0.99344855546951294
vn 0.11428023129701614 0 -0.99344855546951294
vn 0.99344855546951294 0 0.11428023129701614
vn 0.99344855546951294 0 0.11428023129701614
vn 0.99344855546951294 0 0.11428023129701614
vn 0.99344855546951294 0 0.11428023129701614
vn 0 -1 0
vn 0 -1 0
vn 0 -1 0
vn 0 -1 0
vn 0 1 0
vn 0 1 0
vn 0 1 0
vn 0 1 0
vn 0 1 0
vn -0.11428023129701614 0 0.99344855546951294
vn -0.11428023129701614 0 0.99344855546951294
vn -0.11428023129701614 0 0.99344855546951294
vn -0.11428023129701614 0 0.99344855546951294
vn 0 1 0
vn 0 1 0
vn 0 1 0
vn 0 1 0
vn 0 1 0
vn -0.11428023129701614 0 0.99344855546951294
vn -0.11428023129701614 0 0.99344855546951294
vn -0.11428023129701614 0 0.99344855546951294
vn -0.11428023129701614 0 0.99344855546951294
vn 0.99344855546951294 0 0.11428023129701614
vn 0.99344855546951294 0 0.11428023129701614
vn 0.99344855546951294 0 0.11428023129701614
vn 0.99344855546951294 0 0.11428023129701614
vn 0 -1 0
vn 0 -1 0
vn 0 -1 0
vn 0 -1 0
vn 0 -1 0
vn 0 -1 0
vn 0 -1 0
vn 0 -1 0
vn 0 -1 0
vn 0 -1 0
vn 0 -1 0
vn 0 -1 0
vn 0 -1 0
vn 0 -1 0
vn 0 -1 0
vn 0 -1 0
vn 0.11428023129701614 0 -0.99344855546951294
vn 0.11428023129701614 0 -0.99344855546951294
vn 0.11428023129701614 0 -0.99344855546951294
vn 0.11428023129701614 0 -0.99344855546951294
vn -0.11428023129701614 0 0.99344855546951294
vn -0.11428023129701614 0 0.99344855546951294
vn -0.11428023129701614 0 0.99344855546951294
vn -0.11428023129701614 0 0.99344855546951294
vn 0.11428023129701614 0 -0.99344855546951294
vn 0.11428023129701614 0 -0.99344855546951294
vn 0.11428023129701614 0 -0.99344855546951294
vn 0.11428023129701614 0 -0.99344855546951294
vn 0 1 0
vn 0 1 0
vn 0 1 0
vn 0 1 0
vn -0.11428023129701614 0 0.99344855546951294
vn -0.11428023129701614 0 0.99344855546951294
vn -0.11428023129701614 0 0.99344855546951294
vn -0.11428023129701614 0 0.99344855546951294
vn -0.11428023129701614 0 0.99344855546951294
vn -0.11428023129701614 0 0.99344855546951294
vn -0.11428023129701614 0 0.99344855546951294
vn -0.11428023129701614 0 0.99344855546951294
vn 0.99344855546951294 0 0.11428023129701614
vn 0.99344855546951294 0 0.11428023129701614
vn 0.99344855546951294 0 0.11428023129701614
vn 0.99344855546951294 0 0.11428023129701614
vn 0.99344855546951294 0 0.11428023129701614
vn 0.99344855546951294 0 0.11428023129701614
vn 0.99344855546951294 0 0.11428023129701614
vn 0.99344855546951294 0 0.11428023129701614
vn 0.99344855546951294 0 0.11428023129701614
vn 0.99344855546951294 0 0.11428023129701614
vn 0.99344855546951294 0 0.11428023129701614
vn 0.99344855546951294 0 0.11428023129701614
vn 0.11428023129701614 0 -0.99344855546951294
vn 0.11428023129701614 0 -0.99344855546951294
vn 0.11428023129701614 0 -0.99344855546951294
vn 0.11428023129701614 0 -0.99344855546951294
vn 0.11428023129701614 0 -0.99344855546951294
vn 0.11428023129701614 0 -0.99344855546951294
vn 0.11428023129701614 0 -0.99344855546951294
vn 0.11428023129701614 0 -0.99344855546951294
vn 0.11428023129701614 0 -0.99344855546951294
vn 0.11428023129701614 0 -0.99344855546951294
vn 0.11428023129701614 0 -0.99344855546951294
vn 0.11428023129701614 0 -0.99344855546951294
vn 0.11428023129701614 0 -0.99344855546951294
vn 0.11428023129701614 0 -0.99344855546951294
vn 0.11428023129701614 0 -0.99344855546951294
vn 0.11428023129701614 0 -0.99344855546951294
vn -0.99344855546951294 0 -0.11428023129701614
vn -0.99344855546951294 0 -0.11428023129701614
vn -0.99344855546951294 0 -0.11428023129701614
vn -0.99344855546951294 0 -0.11428023129701614
vn -0.99344855546951294 0 -0.11428023129701614
vn -0.99344855546951294 0 -0.11428023129701614
vn -0.99344855546951294 0 -0.11428023129701614
vn -0.99344855546951294 0 -0.11428023129701614
vn -0.99344855546951294 0 -0.11428023129701614
vn -0.99344855546951294 0 -0.11428023129701614
vn -0.99344855546951294 0 -0.11428023129701614
vn -0.99344855546951294 0 -0.11428023129701614
f 1913/5164/5164 1909/5160/5160 1911/5162/5162 1914/5165/5165
f 1910/5161/5161 1913/5164/5164 1914/5165/5165 1912/5163/5163
f 1916/5167/5167 1915/5166/5166 1910/5168/5168 1912/5169/5169
f 1918/5171/5171 1917/5170/5170 1919/5172/5172 1920/5173/5173
f 1920/5175/5175 1919/5174/5174 1921/5176/5176 1922/5177/5177
f 1923/5179/5179 1921/5181/5181 1919/5180/5180 1917/5178/5178
f 1925/5183/5183 1924/5182/5182 1926/5184/5184 1927/5185/5185
f 1927/5187/5187 1926/5186/5186 1928/5188/5188 1929/5189/5189
f 1928/5191/5191 1926/5193/5193 1924/5192/5192 1930/5190/5190
f 1932/5195/5195 1931/5194/5194 1933/5196/5196 1934/5197/5197
f 1936/5199/5199 1935/5198/5198 1931/5200/5200 1932/5201/5201
f 1935/5203/5203 1937/5205/5205 1933/5204/5204 1931/5202/5202
f 1914/5210/5210 1939/5207/5207 1938/5206/5206 1940/5208/5208
f 1941/5209/5209 1914/5210/5210 1940/5208/5208
f 1943/5212/5212 1942/5211/5211 1909/5213/5213 1913/5214/5214
f 1913/5219/5219 1945/5216/5216 1944/5215/5215
f 1943/5218/5218 1913/5219/5219 1944/5215/5215 1946/5217/5217
f 1948/5221/5221 1947/5220/5220 1949/5222/5222 1950/5223/5223
f 1950/5225/5225 1949/5224/5224 1951/5226/5226 1952/5227/5227
f 1949/5229/5229 1947/5231/5231 1953/5230/5230 1951/5228/5228
f 1925/5236/5236 1927/5235/5235 1950/5241/5241 1952/5243/5243
f 1918/5233/5233 1920/5232/5232 1927/5235/5235 1929/5237/5237
f 1920/5232/5232 1922/5234/5234 1936/5240/5240 1932/5239/5239
f 1920/5232/5232 1932/5239/5239 1950/5241/5241 1927/5235/5235
f 1948/5242/5242 1950/5241/5241 1932/5239/5239 1934/5238/5238
f 1915/5245/5245 1945/5244/5244 1913/5246/5246 1910/5247/5247
f 1912/5249/5249 1914/5248/5248 1941/5250/5250 1916/5251/5251
f 1914/5253/5253 1911/5252/5252 1954/5254/5254 1939/5255/5255
f 1911/5257/5257 1909/5256/5256 1942/5258/5258 1954/5259/5259
f 1936/5267/5267 1937/5260/5260 1935/5266/5266
f 1936/5267/5267 1922/5264/5264 1940/5263/5263 1938/5261/5261
f 1937/5260/5260 1936/5267/5267 1938/5261/5261
f 1922/5264/5264 1921/5265/5265 1923/5262/5262
f 1923/5262/5262 1940/5263/5263 1922/5264/5264
f 1918/5273/5273 1923/5268/5268 1917/5272/5272
f 1918/5273/5273 1929/5274/5274 1945/5279/5279 1941/5276/5276
f 1940/5277/5277 1923/5268/5268 1918/5273/5273
f 1918/5273/5273 1941/5276/5276 1940/5277/5277
f 1916/5271/5271 1941/5276/5276 1945/5279/5279 1915/5270/5270
f 1929/5274/5274 1928/5275/5275 1930/5269/5269
f 1944/5278/5278 1929/5274/5274 1930/5269/5269
f 1929/5274/5274 1944/5278/5278 1945/5279/5279
f 1955/5285/5285 1957/5288/5288 1958/5289/5289 1956/5287/5287
f 1960/5293/5293 1959/5291/5291 1961/5294/5294 1962/5295/5295
f 1957/5288/5288 1930/5280/5280 1958/5289/5289
f 1925/5286/5286 1958/5289/5289 1930/5280/5280
f 1930/5280/5280 1924/5284/5284 1925/5286/5286
f 1956/5287/5287 1958/5289/5289 1925/5286/5286
f 1955/5285/5285 1944/5281/5281 1957/5288/5288
f 1930/5280/5280 1957/5288/5288 1944/5281/5281
f 1955/5285/5285 1956/5287/5287 1961/5294/5294 1959/5291/5291
f 1955/5285/5285 1959/5291/5291 1946/5283/5283 1944/5281/5281
f 1962/5295/5295 1961/5294/5294 1952/5292/5292
f 1961/5294/5294 1956/5287/5287 1925/5286/5286 1952/5292/5292
f 1952/5292/5292 1951/5290/5290 1953/5282/5282
f 1962/5295/5295 1952/5292/5292 1953/5282/5282
f 1959/5291/5291 1960/5293/5293 1946/5283/5283
f 1953/5282/5282 1960/5293/5293 1962/5295/5295
f 1960/5293/5293 1953/5282/5282 1946/5283/5283
f 1948/5307/5307 1953/5296/5296 1947/5306/5306
f 1948/5307/5307 1934/5300/5300 1954/5303/5303 1942/5304/5304
f 1942/5304/5304 1953/5296/5296 1948/5307/5307
f 1943/5305/5305 1946/5297/5297 1942/5304/5304
f 1953/5296/5296 1942/5304/5304 1946/5297/5297
f 1934/5300/5300 1933/5301/5301 1937/5298/5298
f 1954/5303/5303 1934/5300/5300 1937/5298/5298
f 1939/5302/5302 1954/5303/5303 1938/5299/5299
f 1937/5298/5298 1938/5299/5299 1954/5303/5303
v -0.26268735527992249 1.3954015970230103 0.98483222723007202
v -0.26268735527992249 1.3631008863449097 0.98483222723007202
v -0.26268735527992249 1.3954015970230103 1.0379325151443481
v -0.26268735527992249 1.3631008863449097 1.0379325151443481
v -0.315787672996521 1.3954015970230103 1.0379325151443481
v -0.315787672996521 1.3631008863449097 1.0379325151443481
v -0.315787672996521 1.3631008863449097 0.98483222723007202
v -0.315787672996521 1.3954015970230103 1.5930812358856201
v -0.315787672996521 1.3631008863449097 1.5930812358856201
v -0.26268735527992249 1.3954015970230103 1.5930812358856201
v -0.26268735527992249 1.3631008863449097 1.5930812358856201
v -0.26268735527992249 1.3954015970230103 1.6461814641952515
v -0.26268735527992249 1.3631008863449097 1.6461814641952515
v -0.315787672996521 1.3631008863449097 1.6461814641952515
v 0.32781416177749634 1.3954015970230103 1.0379325151443481
v 0.32781416177749634 1.3631008863449097 1.0379325151443481
v 0.32781416177749634 1.3954015970230103 0.98483222723007202
v 0.32781416177749634 1.3631008863449097 0.98483222723007202
v 0.38091444969177246 1.3954015970230103 1.0379325151443481
v 0.38091444969177246 1.3631008863449097 1.0379325151443481
v 0.38091444969177246 1.3631008863449097 0.98483222723007202
v 0.32781416177749634 1.3954015970230103 1.6461814641952515
v 0.32781416177749634 1.3631008863449097 1.6461814641952515
v 0.32781416177749634 1.3954015970230103 1.5930812358856201
v 0.32781416177749634 1.3631008863449097 1.5930812358856201
v 0.38091444969177246 1.3954015970230103 1.5930812358856201
v 0.38091444969177246 1.3631008863449097 1.5930812358856201
v 0.38091444969177246 1.3631008863449097 1.6461814641952515
v -0.26995888352394104 1.4868358373641968 1.0460529327392578
v -0.26995888352394104 1.5329890251159668 1.0460529327392578
v -0.26995888352394104 1.4868358373641968 1.292279839515686
v -0.26995888352394104 1.5329890251159668 1.292279839515686
v -0.16182854771614075 1.4868358373641968 1.292279839515686
v -0.16182854771614075 1.5329890251159668 1.292279839515686
v -0.16182854771614075 1.4868358373641968 1.0460529327392578
v -0.16182854771614075 1.5329890251159668 1.0460529327392578
v -0.26995888352394104 1.4868358373641968 1.5849608182907104
v -0.26995888352394104 1.5329890251159668 1.5849608182907104
v -0.16182854771614075 1.4868358373641968 1.5849608182907104
v -0.16182854771614075 1.5329890251159668 1.5849608182907104
v -0.16182854771614075 1.4868358373641968 1.3387339115142822
v -0.16182854771614075 1.5329890251159668 1.3387339115142822
v -0.26995888352394104 1.4868358373641968 1.3387339115142822
v -0.26995888352394104 1.5329890251159668 1.3387339115142822
v -0.315787672996521 1.4868358373641968 1.6461814641952515
v -0.315787672996521 1.4868358373641968 0.98483222723007202
v 0.38091444969177246 1.4868358373641968 1.6461814641952515
v 0.38091444969177246 1.4868358373641968 0.98483222723007202
vt 2.4602091312408447 0.46424469351768494
vt 2.4602091312408447 0.45349836349487305
vt 2.4425430297851562 0.46424469351768494
vt 2.4425430297851562 0.45349836349487305
vt 0.13117407262325287 0.46424469351768494
vt 0.13117407262325287 0.45349836349487305
vt 0.11350779980421066 0.46424469351768494
vt 0.11350779980421066 0.45349836349487305
vt 0.88649219274520874 2.4425430297851562
vt 0.86882591247558594 2.4425430297851562
vt 0.88649219274520874 2.4602091312408447
vt 0.86882591247558594 2.4602091312408447
vt 0.88649219274520874 0.46424469351768494
vt 0.88649219274520874 0.45349836349487305
vt 0.86882591247558594 0.46424469351768494
vt 0.86882591247558594 0.45349836349487305
vt 2.2578470706939697 0.46424469351768494
vt 2.2578470706939697 0.45349836349487305
vt 2.2401809692382812 0.46424469351768494
vt 2.2401809692382812 0.45349836349487305
vt 0.88649219274520874 2.2401809692382812
vt 0.86882591247558594 2.2401809692382812
vt 0.88649219274520874 2.2578470706939697
vt 0.86882591247558594 2.2578470706939697
vt -1.4425430297851562 0.46424469351768494
vt -1.4425430297851562 0.45349836349487305
vt -1.4602092504501343 0.46424469351768494
vt -1.4602092504501343 0.45349836349487305
vt 0.34529790282249451 0.46424469351768494
vt 0.34529790282249451 0.45349836349487305
vt 0.3276316225528717 0.46424469351768494
vt 0.3276316225528717 0.45349836349487305
vt 0.67236834764480591 2.4425430297851562
vt 0.65470212697982788 2.4425430297851562
vt 0.67236834764480591 2.4602091312408447
vt 0.65470212697982788 2.4602091312408447
vt -1.2401809692382812 0.46424469351768494
vt -1.2401809692382812 0.45349836349487305
vt -1.2578471899032593 0.46424469351768494
vt -1.2578471899032593 0.45349836349487305
vt 0.67236834764480591 0.46424469351768494
vt 0.67236834764480591 0.45349836349487305
vt 0.65470212697982788 0.46424469351768494
vt 0.65470212697982788 0.45349836349487305
vt 0.67236834764480591 2.2401809692382812
vt 0.65470212697982788 2.2401809692382812
vt 0.67236834764480591 2.2578470706939697
vt 0.65470212697982788 2.2578470706939697
vt -1.4398413896560669 0.4946645200252533
vt -1.4398413896560669 0.51001948118209839
vt -1.3579226732254028 0.4946645200252533
vt -1.3579226732254028 0.51001948118209839
vt 0.12875485420227051 0.4946645200252533
vt 0.12875485420227051 0.51001948118209839
vt 0.16472940146923065 0.4946645200252533
vt 0.16472940146923065 0.51001948118209839
vt 2.3579225540161133 0.4946645200252533
vt 2.3579225540161133 0.51001948118209839
vt 2.4398412704467773 0.4946645200252533
vt 2.4398412704467773 0.51001948118209839
vt 0.83527058362960815 0.4946645200252533
vt 0.83527058362960815 0.51001948118209839
vt 0.87124514579772949 0.4946645200252533
vt 0.87124514579772949 0.51001948118209839
vt 0.16472940146923065 2.4398412704467773
vt 0.16472940146923065 2.3579225540161133
vt 0.12875485420227051 2.4398412704467773
vt 0.12875485420227051 2.3579225540161133
vt 0.12875485420227051 0.4946645200252533
vt 0.12875485420227051 0.51001948118209839
vt 0.16472940146923065 0.4946645200252533
vt 0.16472940146923065 0.51001948118209839
vt 2.2605488300323486 0.4946645200252533
vt 2.2605488300323486 0.51001948118209839
vt 2.3424675464630127 0.4946645200252533
vt 2.3424675464630127 0.51001948118209839
vt 0.83527058362960815 0.4946645200252533
vt 0.83527058362960815 0.51001948118209839
vt 0.87124514579772949 0.4946645200252533
vt 0.87124514579772949 0.51001948118209839
vt -1.3424675464630127 0.4946645200252533
vt -1.3424675464630127 0.51001948118209839
vt -1.2605488300323486 0.4946645200252533
vt -1.2605488300323486 0.51001948118209839
vt 0.12875485420227051 2.2605488300323486
vt 0.12875485420227051 2.3424675464630127
vt 0.16472940146923065 2.2605488300323486
vt 0.16472940146923065 2.3424675464630127
vt 0.86882591247558594 2.4602091312408447
vt 0.86882591247558594 2.4425430297851562
vt 0.88649219274520874 2.4425430297851562
vt 0.88649219274520874 2.2578470706939697
vt 0.86882591247558594 2.2578470706939697
vt 0.86882591247558594 2.2401809692382812
vt 0.67236834764480591 2.4425430297851562
vt 0.67236834764480591 2.4602091312408447
vt 0.65470212697982788 2.4425430297851562
vt 0.67236834764480591 2.2401809692382812
vt 0.67236834764480591 2.2578470706939697
vt 0.65470212697982788 2.2578470706939697
vt 0.11350779980421066 2.2401809692382812
vt 0.11350779980421066 2.4602091312408447
vt 0.34529790282249451 2.2401809692382812
vt 0.34529790282249451 2.4602091312408447
vt 0.12875485420227051 2.3579225540161133
vt 0.12875485420227051 2.4398412704467773
vt 0.16472940146923065 2.3579225540161133
vt 0.16472940146923065 2.4398412704467773
vt 0.16472940146923065 2.2605488300323486
vt 0.12875485420227051 2.2605488300323486
vt 0.16472940146923065 2.3424675464630127
vt 0.12875485420227051 2.3424675464630127
vt -1.2401809692382812 0.4946645200252533
vt -1.2401809692382812 0.45349836349487305
vt -1.4602092504501343 0.4946645200252533
vt -1.4602092504501343 0.45349836349487305
vt -1.4425430297851562 0.45349836349487305
vt -1.4425430297851562 0.46424469351768494
vt -1.2578471899032593 0.46424469351768494
vt -1.2578471899032593 0.45349836349487305
vt 0.88649219274520874 0.4946645200252533
vt 0.88649219274520874 0.45349836349487305
vt 0.65470212697982788 0.4946645200252533
vt 0.65470212697982788 0.45349836349487305
vt 0.86882591247558594 0.46424469351768494
vt 0.86882591247558594 0.45349836349487305
vt 0.67236834764480591 0.45349836349487305
vt 0.67236834764480591 0.46424469351768494
vt 2.4602091312408447 0.4946645200252533
vt 2.4602091312408447 0.45349836349487305
vt 2.2401809692382812 0.4946645200252533
vt 2.2401809692382812 0.45349836349487305
vt 2.4425430297851562 0.46424469351768494
vt 2.4425430297851562 0.45349836349487305
vt 2.2578470706939697 0.45349836349487305
vt 2.2578470706939697 0.46424469351768494
vt 0.34529790282249451 0.4946645200252533
vt 0.34529790282249451 0.45349836349487305
vt 0.11350779980421066 0.4946645200252533
vt 0.11350779980421066 0.45349836349487305
vt 0.13117407262325287 0.45349836349487305
vt 0.13117407262325287 0.46424469351768494
vt 0.3276316225528717 0.46424469351768494
vt 0.3276316225528717 0.45349836349487305
vn 1 0 0
vn 1 0 0
vn 1 0 0
vn 1 0 0
vn 0 0 1
vn 0 0 1
vn 0 0 1
vn 0 0 1
vn 0 -1 0
vn 0 -1 0
vn 0 -1 0
vn 0 -1 0
vn 0 0 -1
vn 0 0 -1
vn 0 0 -1
vn 0 0 -1
vn 1 0 0
vn 1 0 0
vn 1 0 0
vn 1 0 0
vn 0 -1 0
vn 0 -1 0
vn 0 -1 0
vn 0 -1 0
vn -1 0 0
vn -1 0 0
vn -1 0 0
vn -1 0 0
vn 0 0 1
vn 0 0 1
vn 0 0 1
vn 0 0 1
vn 0 -1 0
vn 0 -1 0
vn 0 -1 0
vn 0 -1 0
vn -1 0 0
vn -1 0 0
vn -1 0 0
vn -1 0 0
vn 0 0 -1
vn 0 0 -1
vn 0 0 -1
vn 0 0 -1
vn 0 -1 0
vn 0 -1 0
vn 0 -1 0
vn 0 -1 0
vn -1 0 0
vn -1 0 0
vn -1 0 0
vn -1 0 0
vn 0 0 1
vn 0 0 1
vn 0 0 1
vn 0 0 1
vn 1 0 0
vn 1 0 0
vn 1 0 0
vn 1 0 0
vn 0 0 -1
vn 0 0 -1
vn 0 0 -1
vn 0 0 -1
vn 0 1 0
vn 0 1 0
vn 0 1 0
vn 0 1 0
vn 0 0 1
vn 0 0 1
vn 0 0 1
vn 0 0 1
vn 1 0 0
vn 1 0 0
vn 1 0 0
vn 1 0 0
vn 0 0 -1
vn 0 0 -1
vn 0 0 -1
vn 0 0 -1
vn -1 0 0
vn -1 0 0
vn -1 0 0
vn -1 0 0
vn 0 1 0
vn 0 1 0
vn 0 1 0
vn 0 1 0
vn 0 -1 0
vn 0 -1 0
vn 0 -1 0
vn 0 -1 0
vn 0 -1 0
vn 0 -1 0
vn 0 -1 0
vn 0 -1 0
vn 0 -1 0
vn 0 -1 0
vn 0 -1 0
vn 0 -1 0
vn 0 1 0
vn 0 1 0
vn 0 1 0
vn 0 1 0
vn 0 1 0
vn 0 1 0
vn 0 1 0
vn 0 1 0
vn 0 1 0
vn 0 1 0
vn 0 1 0
vn 0 1 0
vn -1 0 0
vn -1 0 0
vn -1 0 0
vn -1 0 0
vn -1 0 0
vn -1 0 0
vn -1 0 0
vn -1 0 0
vn 0 0 -1
vn 0 0 -1
vn 0 0 -1
vn 0 0 -1
vn 0 0 -1
vn 0 0 -1
vn 0 0 -1
vn 0 0 -1
vn 1 0 0
vn 1 0 0
vn 1 0 0
vn 1 0 0
vn 1 0 0
vn 1 0 0
vn 1 0 0
vn 1 0 0
vn 0 0 1
vn 0 0 1
vn 0 0 1
vn 0 0 1
vn 0 0 1
vn 0 0 1
vn 0 0 1
vn 0 0 1
f 1964/5309/5309 1963/5308/5308 1965/5310/5310 1966/5311/5311
f 1966/5313/5313 1965/5312/5312 1967/5314/5314 1968/5315/5315
f 1966/5317/5317 1968/5316/5316 1969/5318/5318 1964/5319/5319
f 1971/5321/5321 1970/5320/5320 1972/5322/5322 1973/5323/5323
f 1973/5325/5325 1972/5324/5324 1974/5326/5326 1975/5327/5327
f 1975/5329/5329 1976/5328/5328 1971/5330/5330 1973/5331/5331
f 1978/5333/5333 1977/5332/5332 1979/5334/5334 1980/5335/5335
f 1982/5337/5337 1981/5336/5336 1977/5338/5338 1978/5339/5339
f 1982/5341/5341 1978/5340/5340 1980/5342/5342 1983/5343/5343
f 1985/5345/5345 1984/5344/5344 1986/5346/5346 1987/5347/5347
f 1987/5349/5349 1986/5348/5348 1988/5350/5350 1989/5351/5351
f 1990/5353/5353 1985/5352/5352 1987/5354/5354 1989/5355/5355
f 1992/5357/5357 1991/5356/5356 1993/5358/5358 1994/5359/5359
f 1994/5361/5361 1993/5360/5360 1995/5362/5362 1996/5363/5363
f 1996/5365/5365 1995/5364/5364 1997/5366/5366 1998/5367/5367
f 1998/5369/5369 1997/5368/5368 1991/5370/5370 1992/5371/5371
f 1996/5373/5373 1998/5372/5372 1992/5374/5374 1994/5375/5375
f 2000/5377/5377 1999/5376/5376 2001/5378/5378 2002/5379/5379
f 2002/5381/5381 2001/5380/5380 2003/5382/5382 2004/5383/5383
f 2004/5385/5385 2003/5384/5384 2005/5386/5386 2006/5387/5387
f 2006/5389/5389 2005/5388/5388 1999/5390/5390 2000/5391/5391
f 2006/5393/5393 2000/5392/5392 2002/5394/5394 2004/5395/5395
f 1974/5401/5401 1972/5400/5400 1986/5406/5406 1984/5405/5405
f 1972/5400/5400 1970/5399/5399 1967/5398/5398 1965/5397/5397
f 1979/5403/5403 1977/5402/5402 1965/5397/5397 1963/5396/5396
f 1965/5397/5397 1977/5402/5402 1986/5406/5406 1972/5400/5400
f 1977/5402/5402 1981/5404/5404 1988/5407/5407 1986/5406/5406
f 2005/5419/5419 2007/5408/5408 1999/5417/5417
f 2001/5416/5416 1999/5417/5417 2007/5408/5408
f 1993/5412/5412 2007/5408/5408 2005/5419/5419
f 1991/5413/5413 2008/5409/5409 1993/5412/5412
f 2007/5408/5408 1993/5412/5412 2008/5409/5409
f 1997/5415/5415 2008/5409/5409 1991/5413/5413
f 1993/5412/5412 2005/5419/5419 2003/5418/5418 1995/5414/5414
f 2003/5418/5418 2001/5416/5416 2009/5410/5410
f 2007/5408/5408 2009/5410/5410 2001/5416/5416
f 2009/5410/5410 2010/5411/5411 1995/5414/5414 2003/5418/5418
f 1997/5415/5415 1995/5414/5414 2010/5411/5411
f 2008/5409/5409 1997/5415/5415 2010/5411/5411
f 1976/5421/5421 2007/5420/5420 1970/5426/5426
f 2007/5420/5420 2008/5422/5422 1967/5425/5425 1970/5426/5426
f 1970/5426/5426 1971/5427/5427 1976/5421/5421
f 1969/5423/5423 1967/5425/5425 2008/5422/5422
f 1967/5425/5425 1969/5423/5423 1968/5424/5424
f 1969/5429/5429 2008/5428/5428 1963/5432/5432
f 2008/5428/5428 2010/5430/5430 1979/5435/5435 1963/5432/5432
f 1963/5432/5432 1964/5433/5433 1969/5429/5429
f 1983/5431/5431 1979/5435/5435 2010/5430/5430
f 1979/5435/5435 1983/5431/5431 1980/5434/5434
f 1983/5437/5437 2010/5436/5436 1981/5440/5440
f 2010/5436/5436 2009/5438/5438 1988/5443/5443 1981/5440/5440
f 1981/5440/5440 1982/5441/5441 1983/5437/5437
f 1990/5439/5439 1988/5443/5443 2009/5438/5438
f 1988/5443/5443 1990/5439/5439 1989/5442/5442
f 1990/5445/5445 2009/5444/5444 1984/5450/5450
f 2009/5444/5444 2007/5446/5446 1974/5449/5449 1984/5450/5450
f 1984/5450/5450 1985/5451/5451 1990/5445/5445
f 1976/5447/5447 1974/5449/5449 2007/5446/5446
f 1974/5449/5449 1976/5447/5447 1975/5448/5448
v 1.8029946088790894 0.32019218802452087 -1.5732015371322632
v 1.9090532064437866 0.32019218802452087 -1.5732015371322632
v 1.8029946088790894 1.1333074569702148 -1.5732015371322632
v 1.9090532064437866 1.1333074569702148 -1.5732015371322632
v 1.8029946088790894 1.1333074569702148 -0.73357164859771729
v 1.9090532064437866 1.1333074569702148 -0.73357164859771729
v 1.9090532064437866 0.32019218802452087 -0.73357164859771729
v 1.8029946088790894 0.32019218802452087 -0.73357164859771729
v -1.9090532064437866 0.0020166577305644751 -1.802994966506958
v -1.9090532064437866 1.5928943157196045 -1.802994966506958
v -1.9090532064437866 0.0020166577305644751 2.0151114463806152
v -1.9090532064437866 1.5928943157196045 2.0151114463806152
v -1.9090532064437866 0.0020166577305644751 1.0605847835540771
v -1.9090532064437866 0.32019218802452087 0.10605822503566742
v -1.9090532064437866 0.32019218802452087 -1.5732015371322632
v -1.9090532064437866 1.1333074569702148 0.10605822503566742
v -1.9090532064437866 1.1333074569702148 -1.5732015371322632
v -1.9090532064437866 0.79745548963546753 1.3787603378295898
v -1.9090532064437866 0.0020166577305644751 1.3787603378295898
v -1.9090532064437866 0.79745548963546753 1.0605847835540771
v -1.8029946088790894 0.32019218802452087 -1.5732015371322632
v -1.8029946088790894 0.32019218802452087 0.10605822503566742
v -1.8029946088790894 1.1333074569702148 0.10605822503566742
v -1.8029946088790894 1.1333074569702148 -1.5732015371322632
v -1.8029946088790894 0.79745548963546753 1.3787603378295898
v -1.8029946088790894 0.0020166577305644751 1.3787603378295898
v -1.8029946088790894 0.79745548963546753 1.0605847835540771
v -1.8029946088790894 0.0020166577305644751 1.0605847835540771
v -1.8029946088790894 0.0020166577305644751 -1.6969364881515503
v 1.8029946088790894 1.5928943157196045 -1.6969364881515503
v -0.45074865221977234 0.0020166577305644751 -1.6969364881515503
v -0.45074865221977234 0.79745548963546753 -1.6969364881515503
v 1.8029946088790894 0.79745548963546753 -1.6969364881515503
v -1.6969361305236816 1.5928943157196045 -1.6969364881515503
v -1.6969361305236816 1.3631008863449097 -1.6969364881515503
v -1.8029946088790894 1.3631008863449097 -1.6969364881515503
v -0.45074865221977234 0.79745548963546753 -1.802994966506958
v -0.45074865221977234 0.0020166577305644751 -1.802994966506958
v 1.8029946088790894 0.79745548963546753 -1.802994966506958
v -1.6704214811325073 1.5928943157196045 -1.802994966506958
v -1.6704214811325073 1.5928943157196045 -2.0681412220001221
v -1.6704214811325073 1.3365862369537354 -1.802994966506958
v -1.6704214811325073 1.3365862369537354 -2.0681412220001221
v -1.8295092582702637 1.3365862369537354 -1.802994966506958
v -1.8295092582702637 1.3365862369537354 -2.0681412220001221
v -1.8295092582702637 1.5928943157196045 -1.802994966506958
v -1.8295092582702637 1.5928943157196045 -2.0681412220001221
v -1.8029946088790894 1.5928943157196045 -2.0681412220001221
v -1.8029946088790894 1.3631008863449097 -2.0681412220001221
v -1.6969361305236816 1.3631008863449097 -2.0681412220001221
v -1.6969361305236816 1.5928943157196045 -2.0681412220001221
v 1.6792597770690918 2.4060094356536865 1.909052848815918
v 0 2.4060094356536865 2.0151114463806152
v 0 2.4060094356536865 1.909052848815918
v 1.6792597770690918 2.4060094356536865 2.0151114463806152
v 0 1.5928943157196045 2.0151114463806152
v 0 1.5928943157196045 1.909052848815918
v 1.6792597770690918 1.5928943157196045 1.909052848815918
v 1.6792597770690918 1.5928943157196045 2.0151114463806152
v 1.6792597770690918 0.32019218802452087 2.0151114463806152
v 1.6792597770690918 1.1333074569702148 1.909052848815918
v 1.6792597770690918 0.32019218802452087 1.909052848815918
v 1.6792597770690918 1.1333074569702148 2.0151114463806152
v 0 1.1333074569702148 1.909052848815918
v 0 1.1333074569702148 2.0151114463806152
v 0 0.32019218802452087 2.0151114463806152
v 0 0.32019218802452087 1.909052848815918
v -0.34469014406204224 2.1585397720336914 0.49496367573738098
v -0.45074865221977234 2.1585397720336914 0.49496367573738098
v -0.34469014406204224 1.3631008863449097 0.49496367573738098
v -0.45074865221977234 1.3631008863449097 0.49496367573738098
v -0.34469014406204224 1.3631008863449097 1.909052848815918
v -0.45074865221977234 1.3631008863449097 1.909052848815918
v -0.34469014406204224 2.6358029842376709 -0.23863193392753601
v 1.8029946088790894 2.1585397720336914 -0.23863193392753601
v 1.8029946088790894 2.6358029842376709 -0.23863193392753601
v -0.34469014406204224 2.1585397720336914 -0.23863193392753601
v 1.9090532064437866 1.5928943157196045 0.52587318420410156
v 1.8029946088790894 2.4060094356536865 0.52587318420410156
v 1.8029946088790894 1.5928943157196045 0.52587318420410156
v 1.9090532064437866 2.4060094356536865 0.52587318420410156
v 1.8029946088790894 2.4060094356536865 1.7853180170059204
v 1.9090532064437866 2.4060094356536865 1.7853180170059204
v 1.8029946088790894 1.5928943157196045 1.7853180170059204
v 1.9090532064437866 1.5928943157196045 1.7853180170059204
v 1.8029946088790894 0.32019218802452087 0.52587318420410156
v 1.9090532064437866 0.32019218802452087 0.52587318420410156
v 1.8029946088790894 1.1333074569702148 0.52587318420410156
v 1.9090532064437866 1.1333074569702148 0.52587318420410156
v 1.8029946088790894 1.1333074569702148 1.7853180170059204
v 1.9090532064437866 1.1333074569702148 1.7853180170059204
v 1.9090532064437866 0.32019218802452087 1.7853180170059204
v 1.8029946088790894 0.32019218802452087 1.7853180170059204
v 1.8029946088790894 1.0272488594055176 -0.26514655351638794
v 1.9090532064437866 1.0272488594055176 -0.26514655351638794
v 1.9090532064437866 1.0272488594055176 -0.053029537200927734
v 1.8029946088790894 1.0272488594055176 -0.053029537200927734
v 1.8029946088790894 1.1333074569702148 -0.053029537200927734
v 1.9090532064437866 1.1333074569702148 -0.053029537200927734
v 1.8029946088790894 1.1333074569702148 -0.26514655351638794
v 1.9090532064437866 1.1333074569702148 -0.26514655351638794
v -0.34469014406204224 2.6358029842376709 1.909052848815918
v 1.9090532064437866 0.0020166577305644751 2.0151114463806152
v 1.9090532064437866 2.6358029842376709 2.0151114463806152
v 1.9090532064437866 0.0020166577305644751 -1.802994966506958
v 1.9090532064437866 1.5928943157196045 -1.802994966506958
v 1.9090532064437866 1.5928943157196045 -0.34469044208526611
v 1.9090532064437866 2.6358029842376709 -0.34469044208526611
v -0.45074865221977234 1.5928943157196045 2.0151114463806152
v -0.45074865221977234 1.5928943157196045 1.909052848815918
v -1.8029946088790894 1.5928943157196045 1.909052848815918
v -1.8029946088790894 0.0020166577305644751 1.909052848815918
v 1.8029946088790894 1.5928943157196045 -0.34469044208526611
v 1.8029946088790894 0.0020166577305644751 -1.802994966506958
v 1.8029946088790894 0.0020166577305644751 1.909052848815918
v 1.8029946088790894 2.6358029842376709 1.909052848815918
v 1.8029946088790894 2.1585397720336914 -0.34469044208526611
v -0.45074865221977234 2.1585397720336914 -0.34469044208526611
v -0.45074865221977234 2.6358029842376709 -0.34469044208526611
v -0.45074865221977234 2.6358029842376709 2.0151114463806152
vt 0.81841844320297241 0.1065266951918602
vt 0.85370373725891113 0.1065266951918602
vt 0.81841844320297241 0.37704700231552124
vt 0.85370373725891113 0.37704700231552124
vt 0.14629627764225006 3.3112571239471436
vt 0.18158155679702759 3.0319156646728516
vt 0.14629627764225006 3.0319156646728516
vt 0.18158155679702759 3.3112571239471436
vt 0.18158155679702759 0.37704700231552124
vt 0.14629627764225006 0.1065266951918602
vt 0.14629627764225006 0.37704700231552124
vt 0.18158155679702759 0.1065266951918602
vt 0.81841844320297241 3.0319156646728516
vt 0.81841844320297241 3.3112571239471436
vt 0.85370373725891113 3.3112571239471436
vt 0.85370373725891113 3.0319156646728516
vt -2.3877084255218506 0.0006709342123940587
vt -2.3877084255218506 0.52994978427886963
vt -1.1174393892288208 0.0006709342123940587
vt -1.1174393892288208 0.52994978427886963
vt -1.4350066184997559 0.0006709342123940587
vt -1.7525739669799805 0.1065266951918602
vt -2.3112571239471436 0.1065266951918602
vt -1.7525739669799805 0.37704700231552124
vt -2.3112571239471436 0.37704700231552124
vt -1.329150915145874 0.26531034708023071
vt -1.329150915145874 0.0006709342123940587
vt -1.4350066184997559 0.26531034708023071
vt -0.38128018379211426 3.3112571239471436
vt -0.41656547784805298 2.7525739669799805
vt -0.38128018379211426 2.7525739669799805
vt -0.41656547784805298 3.3112571239471436
vt 1.3812801837921143 0.1065266951918602
vt 1.4165654182434082 0.1065266951918602
vt 1.3812801837921143 0.37704700231552124
vt 1.4165654182434082 0.37704700231552124
vt 1.4165654182434082 2.7525739669799805
vt 1.3812801837921143 3.3112571239471436
vt 1.3812801837921143 2.7525739669799805
vt 1.4165654182434082 3.3112571239471436
vt -0.41656547784805298 0.37704700231552124
vt -0.38128018379211426 0.1065266951918602
vt -0.41656547784805298 0.1065266951918602
vt -0.38128018379211426 0.37704700231552124
vt 1.4165654182434082 0.0006709342123940587
vt 1.3812801837921143 0.26531034708023071
vt 1.3812801837921143 0.0006709342123940587
vt 1.4165654182434082 0.26531034708023071
vt 1.3812801837921143 2.329150915145874
vt 1.4165654182434082 2.329150915145874
vt 1.4165654182434082 2.4350066184997559
vt 1.3812801837921143 2.4350066184997559
vt -0.38128018379211426 0.26531034708023071
vt -0.41656547784805298 0.0006709342123940587
vt -0.38128018379211426 0.0006709342123940587
vt -0.41656547784805298 0.26531034708023071
vt -0.38128018379211426 0.0006709342123940587
vt 0.81841844320297241 0.52994978427886963
vt 0.068606801331043243 0.0006709342123940587
vt 0.068606801331043243 0.26531034708023071
vt 0.81841844320297241 0.26531034708023071
vt -0.34599494934082031 0.52994978427886963
vt -0.34599494934082031 0.45349836349487305
vt -0.38128018379211426 0.45349836349487305
vt 3.3524231910705566 0.0006709342123940587
vt 3.3877084255218506 0.26531034708023071
vt 3.3877084255218506 0.0006709342123940587
vt 3.3524231910705566 0.26531034708023071
vt 0.93139320611953735 3.3524231910705566
vt 0.93139320611953735 3.3877084255218506
vt 0.18158155679702759 3.3877084255218506
vt 0.18158155679702759 3.3524231910705566
vt 3.3877084255218506 0.52994978427886963
vt 3.475921630859375 0.52994978427886963
vt 3.3877084255218506 0.44467705488204956
vt 3.475921630859375 0.44467705488204956
vt 1.3371735811233521 3.3877084255218506
vt 1.3371735811233521 3.475921630859375
vt 1.3901015520095825 3.3877084255218506
vt 1.3901015520095825 3.475921630859375
vt -2.3877084255218506 0.44467705488204956
vt -2.475921630859375 0.44467705488204956
vt -2.3877084255218506 0.52994978427886963
vt -2.475921630859375 0.52994978427886963
vt 1.3371735811233521 0.44467705488204956
vt 1.3371735811233521 0.52994978427886963
vt 1.3901015520095825 0.44467705488204956
vt 1.3901015520095825 0.52994978427886963
vt 1.3812801837921143 0.52994978427886963
vt 1.3812801837921143 0.45349836349487305
vt 1.3459949493408203 0.45349836349487305
vt 1.3459949493408203 0.52994978427886963
vt 0.22274765372276306 2.1527247428894043
vt 0.78143084049224854 2.1174392700195312
vt 0.78143084049224854 2.1527247428894043
vt 0.22274765372276306 2.1174392700195312
vt 2.1527247428894043 0.80046999454498291
vt 2.1174392700195312 0.52994978427886963
vt 2.1174392700195312 0.80046999454498291
vt 2.1527247428894043 0.52994978427886963
vt 0.21856912970542908 2.1174392700195312
vt 0.77725231647491455 2.1527247428894043
vt 0.77725231647491455 2.1174392700195312
vt 0.21856912970542908 2.1527247428894043
vt -1.1174393892288208 0.52994978427886963
vt -1.1527246236801147 0.80046999454498291
vt -1.1527246236801147 0.52994978427886963
vt -1.1174393892288208 0.80046999454498291
vt -1.1174393892288208 0.1065266951918602
vt -1.1527246236801147 0.37704700231552124
vt -1.1527246236801147 0.1065266951918602
vt -1.1174393892288208 0.37704700231552124
vt 0.22274765372276306 2.1174392700195312
vt 0.78143084049224854 2.1527247428894043
vt 0.22274765372276306 2.1527247428894043
vt 0.78143084049224854 2.1174392700195312
vt 2.1527247428894043 0.37704700231552124
vt 2.1174392700195312 0.1065266951918602
vt 2.1174392700195312 0.37704700231552124
vt 2.1527247428894043 0.1065266951918602
vt 0.77725231647491455 2.1527247428894043
vt 0.77725231647491455 2.1174392700195312
vt 0.21856912970542908 2.1527247428894043
vt 0.21856912970542908 2.1174392700195312
vt 0.89610797166824341 0.71813780069351196
vt 0.93139320611953735 0.71813780069351196
vt 0.89610797166824341 0.45349836349487305
vt 0.93139320611953735 0.45349836349487305
vt 0.89610797166824341 2.6231865882873535
vt 0.93139320611953735 2.6231865882873535
vt 0.89610797166824341 2.1527247428894043
vt 0.93139320611953735 2.1527247428894043
vt 0.10389205813407898 0.87692141532897949
vt 0.81841844320297241 0.71813780069351196
vt 0.81841844320297241 0.87692141532897949
vt 0.10389205813407898 0.71813780069351196
vt 0.85370373725891113 0.52994978427886963
vt 0.81841844320297241 0.80046999454498291
vt 0.81841844320297241 0.52994978427886963
vt 0.85370373725891113 0.80046999454498291
vt 0.14629627764225006 2.6129031181335449
vt 0.18158155679702759 2.1938908100128174
vt 0.18158155679702759 2.6129031181335449
vt 0.14629627764225006 2.1938908100128174
vt 0.18158155679702759 0.52994978427886963
vt 0.14629627764225006 0.52994978427886963
vt 0.18158155679702759 0.80046999454498291
vt 0.14629627764225006 0.80046999454498291
vt 0.81841844320297241 2.1938908100128174
vt 0.85370373725891113 2.6129031181335449
vt 0.81841844320297241 2.6129031181335449
vt 0.85370373725891113 2.1938908100128174
vt 0.81841844320297241 0.1065266951918602
vt 0.85370373725891113 0.1065266951918602
vt 0.81841844320297241 0.37704700231552124
vt 0.85370373725891113 0.37704700231552124
vt 0.14629627764225006 2.6129031181335449
vt 0.18158155679702759 2.1938908100128174
vt 0.18158155679702759 2.6129031181335449
vt 0.14629627764225006 2.1938908100128174
vt 0.18158155679702759 0.37704700231552124
vt 0.14629627764225006 0.37704700231552124
vt 0.14629627764225006 0.1065266951918602
vt 0.18158155679702759 0.1065266951918602
vt 0.81841844320297241 2.1938908100128174
vt 0.85370373725891113 2.6129031181335449
vt 0.81841844320297241 2.6129031181335449
vt 0.85370373725891113 2.1938908100128174
vt 0.81841844320297241 2.8760724067687988
vt 0.85370373725891113 2.8760724067687988
vt 0.85370373725891113 2.8055019378662109
vt 0.81841844320297241 2.8055019378662109
vt 0.14629627764225006 0.34176170825958252
vt 0.18158155679702759 0.37704700231552124
vt 0.14629627764225006 0.37704700231552124
vt 0.18158155679702759 0.34176170825958252
vt 0.18158155679702759 2.8055019378662109
vt 0.14629627764225006 2.8055019378662109
vt 0.18158155679702759 2.8760724067687988
vt 0.14629627764225006 2.8760724067687988
vt 0.81841844320297241 0.37704700231552124
vt 0.85370373725891113 0.37704700231552124
vt 0.81841844320297241 0.34176170825958252
vt 0.85370373725891113 0.34176170825958252
vt 2.867250919342041 0.87692141532897949
vt 2.1527247428894043 0.45349836349487305
vt 2.1527247428894043 0.87692141532897949
vt 2.6231865882873535 0.71813780069351196
vt 2.6231865882873535 0.45349836349487305
vt 2.867250919342041 0.71813780069351196
vt 2.1174392700195312 0.0006709342123940587
vt 2.1174392700195312 0.87692141532897949
vt 3.3877084255218506 0.0006709342123940587
vt 3.3877084255218506 0.52994978427886963
vt 2.9025363922119141 0.52994978427886963
vt 3.3112571239471436 0.37704700231552124
vt 3.3112571239471436 0.1065266951918602
vt 3.0319156646728516 0.37704700231552124
vt 3.0319156646728516 0.1065266951918602
vt 2.9025363922119141 0.87692141532897949
vt 2.6129031181335449 0.80046999454498291
vt 2.6129031181335449 0.52994978427886963
vt 2.1938908100128174 0.80046999454498291
vt 2.1938908100128174 0.52994978427886963
vt 2.6129031181335449 0.37704700231552124
vt 2.6129031181335449 0.1065266951918602
vt 2.1938908100128174 0.37704700231552124
vt 2.1938908100128174 0.1065266951918602
vt 2.8760724067687988 0.34176170825958252
vt 2.8055019378662109 0.34176170825958252
vt 2.8055019378662109 0.37704700231552124
vt 2.8760724067687988 0.37704700231552124
vt 1.4165654182434082 2.4350066184997559
vt 1.4165654182434082 3.3877084255218506
vt 0.93139320611953735 3.3877084255218506
vt 1.3812801837921143 2.4350066184997559
vt 1.3812801837921143 3.3524231910705566
vt 0.93139320611953735 3.3524231910705566
vt -2.475921630859375 0.52994978427886963
vt -2.475921630859375 0.45349836349487305
vt -2.3524231910705566 0.52994978427886963
vt -2.3524231910705566 0.45349836349487305
vt -0.38128018379211426 3.3524231910705566
vt -0.34599494934082031 3.3524231910705566
vt -0.38128018379211426 3.475921630859375
vt -0.34599494934082031 3.475921630859375
vt -0.41656547784805298 2.1174392700195312
vt 0.068606801331043243 2.1174392700195312
vt -0.41656547784805298 3.3877084255218506
vt -0.38128018379211426 3.475921630859375
vt -0.39010149240493774 3.475921630859375
vt -0.39010149240493774 3.3877084255218506
vt 0.068606801331043243 2.1527247428894043
vt -0.38128018379211426 2.1527247428894043
vt 3.475921630859375 0.52994978427886963
vt 2.1527247428894043 0.0006709342123940587
vt 3.3112571239471436 0.1065266951918602
vt 2.7525739669799805 0.1065266951918602
vt 2.7525739669799805 0.37704700231552124
vt 3.3112571239471436 0.37704700231552124
vt 2.329150915145874 0.0006709342123940587
vt 2.329150915145874 0.26531034708023071
vt 2.4350066184997559 0.26531034708023071
vt 2.4350066184997559 0.0006709342123940587
vt 3.3524231910705566 0.0006709342123940587
vt 3.475921630859375 0.45349836349487305
vt 3.3524231910705566 0.45349836349487305
vt 2.1527247428894043 0.52994978427886963
vt -0.34599494934082031 3.475921630859375
vt 0.85370373725891113 2.9025363922119141
vt 0.81841844320297241 2.9025363922119141
vt 0.85370373725891113 3.3877084255218506
vt -0.34599494934082031 3.3524231910705566
vt 0.81841844320297241 3.3524231910705566
vt -0.33717361092567444 3.3877084255218506
vt -0.33717361092567444 3.475921630859375
vt 0.14629627764225006 0.0006709342123940587
vt 0.14629627764225006 0.52994978427886963
vt 1.4165654182434082 0.0006709342123940587
vt 1.4165654182434082 0.52994978427886963
vt 0.18158155679702759 0.0006709342123940587
vt 0.18158155679702759 0.26531034708023071
vt 0.93139320611953735 0.26531034708023071
vt 0.93139320611953735 0.0006709342123940587
vt 1.3371735811233521 0.44467705488204956
vt 1.3371735811233521 0.52994978427886963
vt 1.3901015520095825 0.52994978427886963
vt 1.3901015520095825 0.44467705488204956
vt 0.18158155679702759 0.0006709342123940587
vt 0.18158155679702759 0.87692141532897949
vt 1.3812801837921143 0.0006709342123940587
vt 1.3812801837921143 0.52994978427886963
vt 0.93139320611953735 0.52994978427886963
vt 0.22274765372276306 0.80046999454498291
vt 0.78143084049224854 0.80046999454498291
vt 0.78143084049224854 0.52994978427886963
vt 0.22274765372276306 0.52994978427886963
vt 0.22274765372276306 0.1065266951918602
vt 0.22274765372276306 0.37704700231552124
vt 0.78143084049224854 0.37704700231552124
vt 0.78143084049224854 0.1065266951918602
vt 0.93139320611953735 0.45349836349487305
vt 0.89610797166824341 0.45349836349487305
vt 0.89610797166824341 0.87692141532897949
vt 0.18158155679702759 2.9025363922119141
vt 0.93139320611953735 2.9025363922119141
vt 0.93139320611953735 2.6231865882873535
vt 0.89610797166824341 2.6231865882873535
vt 0.18158155679702759 2.867250919342041
vt 0.89610797166824341 2.867250919342041
vt -1.9025362730026245 0.87692141532897949
vt -1.1174393892288208 0.87692141532897949
vt -1.1527246236801147 0.52994978427886963
vt -1.1174393892288208 0.52994978427886963
vt -1.9025362730026245 0.71813780069351196
vt -1.6231865882873535 0.71813780069351196
vt -1.6231865882873535 0.45349836349487305
vt -1.1527246236801147 0.45349836349487305
vt -1.1527246236801147 0.0006709342123940587
vt -1.1527246236801147 0.87692141532897949
vt -2.3877084255218506 0.0006709342123940587
vt -2.3877084255218506 0.26531034708023071
vt -2.3112571239471436 0.37704700231552124
vt -2.3112571239471436 0.1065266951918602
vt -2.0319156646728516 0.37704700231552124
vt -2.0319156646728516 0.1065266951918602
vt -1.8672510385513306 0.71813780069351196
vt -1.8672510385513306 0.87692141532897949
vt -1.9025362730026245 0.71813780069351196
vt -1.6129031181335449 0.80046999454498291
vt -1.6129031181335449 0.52994978427886963
vt -1.1938906908035278 0.80046999454498291
vt -1.1938906908035278 0.52994978427886963
vt -1.6129031181335449 0.37704700231552124
vt -1.6129031181335449 0.1065266951918602
vt -1.1938906908035278 0.37704700231552124
vt -1.1938906908035278 0.1065266951918602
vt -1.8760722875595093 0.34176170825958252
vt -1.8055018186569214 0.34176170825958252
vt -1.8055018186569214 0.37704700231552124
vt -1.8760722875595093 0.37704700231552124
vt -2.3524231910705566 0.26531034708023071
vt -2.3524231910705566 0.52994978427886963
vt -1.9025362730026245 0.52994978427886963
vt 0.14629627764225006 0.52994978427886963
vt 0.93139320611953735 0.87692141532897949
vt 0.14629627764225006 0.87692141532897949
vt 0.18158155679702759 0.52994978427886963
vt 0.93139320611953735 0.71813780069351196
vt 0.18158155679702759 0.71813780069351196
vt -0.41656547784805298 0.0006709342123940587
vt 0.85370373725891113 0.0006709342123940587
vt 0.85370373725891113 0.87692141532897949
vt -0.41656547784805298 0.52994978427886963
vt 0.21856912970542908 0.80046999454498291
vt 0.77725231647491455 0.80046999454498291
vt 0.21856912970542908 0.52994978427886963
vt 0.77725231647491455 0.52994978427886963
vt 0.77725231647491455 0.37704700231552124
vt 0.77725231647491455 0.1065266951918602
vt 0.21856912970542908 0.37704700231552124
vt 0.21856912970542908 0.1065266951918602
vt 0.068606801331043243 0.87692141532897949
vt 0.068606801331043243 0.52994978427886963
vt 1.4165654182434082 2.1174392700195312
vt 0.14629627764225006 2.1174392700195312
vt 0.14629627764225006 3.3877084255218506
vt 0.18158155679702759 3.3877084255218506
vt 1.3812801837921143 2.329150915145874
vt 1.4165654182434082 2.329150915145874
vt 1.3812801837921143 2.1527247428894043
vt 0.18158155679702759 2.1527247428894043
vt 0.85370373725891113 2.9025363922119141
vt 0.85370373725891113 2.1174392700195312
vt 0.068606801331043243 2.9025363922119141
vt 0.068606801331043243 2.1174392700195312
vt 0.10389205813407898 2.1527247428894043
vt 0.10389205813407898 2.867250919342041
vt 0.81841844320297241 2.867250919342041
vt 0.81841844320297241 2.1527247428894043
vn 0 0 1
vn 0 0 1
vn 0 0 1
vn 0 0 1
vn 0 -1 0
vn 0 -1 0
vn 0 -1 0
vn 0 -1 0
vn 0 0 -1
vn 0 0 -1
vn 0 0 -1
vn 0 0 -1
vn 0 1 0
vn 0 1 0
vn 0 1 0
vn 0 1 0
vn -1 0 0
vn -1 0 0
vn -1 0 0
vn -1 0 0
vn -1 0 0
vn -1 0 0
vn -1 0 0
vn -1 0 0
vn -1 0 0
vn -1 0 0
vn -1 0 0
vn -1 0 0
vn 0 1 0
vn 0 1 0
vn 0 1 0
vn 0 1 0
vn 0 0 -1
vn 0 0 -1
vn 0 0 -1
vn 0 0 -1
vn 0 -1 0
vn 0 -1 0
vn 0 -1 0
vn 0 -1 0
vn 0 0 1
vn 0 0 1
vn 0 0 1
vn 0 0 1
vn 0 0 -1
vn 0 0 -1
vn 0 0 -1
vn 0 0 -1
vn 0 -1 0
vn 0 -1 0
vn 0 -1 0
vn 0 -1 0
vn 0 0 1
vn 0 0 1
vn 0 0 1
vn 0 0 1
vn 0 0 1
vn 0 0 1
vn 0 0 1
vn 0 0 1
vn 0 0 1
vn 0 0 1
vn 0 0 1
vn 0 0 1
vn 1 0 0
vn 1 0 0
vn 1 0 0
vn 1 0 0
vn 0 -1 0
vn 0 -1 0
vn 0 -1 0
vn 0 -1 0
vn 1 0 0
vn 1 0 0
vn 1 0 0
vn 1 0 0
vn 0 -1 0
vn 0 -1 0
vn 0 -1 0
vn 0 -1 0
vn -1 0 0
vn -1 0 0
vn -1 0 0
vn -1 0 0
vn 0 0 -1
vn 0 0 -1
vn 0 0 -1
vn 0 0 -1
vn 0 0 -1
vn 0 0 -1
vn 0 0 -1
vn 0 0 -1
vn 0 -1 0
vn 0 -1 0
vn 0 -1 0
vn 0 -1 0
vn 1 0 0
vn 1 0 0
vn 1 0 0
vn 1 0 0
vn 0 1 0
vn 0 1 0
vn 0 1 0
vn 0 1 0
vn -1 0 0
vn -1 0 0
vn -1 0 0
vn -1 0 0
vn -1 0 0
vn -1 0 0
vn -1 0 0
vn -1 0 0
vn 0 -1 0
vn 0 -1 0
vn 0 -1 0
vn 0 -1 0
vn 1 0 0
vn 1 0 0
vn 1 0 0
vn 1 0 0
vn 0 1 0
vn 0 1 0
vn 0 1 0
vn 0 1 0
vn 0 0 -1
vn 0 0 -1
vn 0 0 -1
vn 0 0 -1
vn 0 -1 0
vn 0 -1 0
vn 0 -1 0
vn 0 -1 0
vn 0 0 1
vn 0 0 1
vn 0 0 1
vn 0 0 1
vn 0 0 1
vn 0 0 1
vn 0 0 1
vn 0 0 1
vn 0 -1 0
vn 0 -1 0
vn 0 -1 0
vn 0 -1 0
vn 0 0 -1
vn 0 0 -1
vn 0 0 -1
vn 0 0 -1
vn 0 1 0
vn 0 1 0
vn 0 1 0
vn 0 1 0
vn 0 0 1
vn 0 0 1
vn 0 0 1
vn 0 0 1
vn 0 -1 0
vn 0 -1 0
vn 0 -1 0
vn 0 -1 0
vn 0 0 -1
vn 0 0 -1
vn 0 0 -1
vn 0 0 -1
vn 0 1 0
vn 0 1 0
vn 0 1 0
vn 0 1 0
vn 0 1 0
vn 0 1 0
vn 0 1 0
vn 0 1 0
vn 0 0 -1
vn 0 0 -1
vn 0 0 -1
vn 0 0 -1
vn 0 -1 0
vn 0 -1 0
vn 0 -1 0
vn 0 -1 0
vn 0 0 1
vn 0 0 1
vn 0 0 1
vn 0 0 1
vn 1 0 0
vn 1 0 0
vn 1 0 0
vn 1 0 0
vn 1 0 0
vn 1 0 0
vn 1 0 0
vn 1 0 0
vn 1 0 0
vn 1 0 0
vn 1 0 0
vn 1 0 0
vn 1 0 0
vn 1 0 0
vn 1 0 0
vn 1 0 0
vn 1 0 0
vn 1 0 0
vn 1 0 0
vn 1 0 0
vn 1 0 0
vn 1 0 0
vn 1 0 0
vn 1 0 0
vn 1 0 0
vn 1 0 0
vn 1 0 0
vn 1 0 0
vn 0 -1 0
vn 0 -1 0
vn 0 -1 0
vn 0 -1 0
vn 0 -1 0
vn 0 -1 0
vn -1 0 0
vn -1 0 0
vn -1 0 0
vn -1 0 0
vn 0 1 0
vn 0 1 0
vn 0 1 0
vn 0 1 0
vn 0 1 0
vn 0 1 0
vn 0 1 0
vn 0 1 0
vn 0 1 0
vn 0 1 0
vn 0 1 0
vn 0 1 0
vn 1 0 0
vn 1 0 0
vn 1 0 0
vn 1 0 0
vn 1 0 0
vn 1 0 0
vn 1 0 0
vn 1 0 0
vn 1 0 0
vn 1 0 0
vn 1 0 0
vn 1 0 0
vn 1 0 0
vn 1 0 0
vn 0 1 0
vn 0 1 0
vn 0 1 0
vn 0 1 0
vn 0 1 0
vn 0 1 0
vn 0 1 0
vn 0 1 0
vn 0 0 -1
vn 0 0 -1
vn 0 0 -1
vn 0 0 -1
vn 0 0 -1
vn 0 0 -1
vn 0 0 -1
vn 0 0 -1
vn 0 0 -1
vn 0 0 -1
vn 0 0 -1
vn 0 0 -1
vn 0 0 -1
vn 0 0 -1
vn 0 0 -1
vn 0 0 -1
vn 0 0 -1
vn 0 0 -1
vn 0 0 -1
vn 0 0 -1
vn 0 0 -1
vn 0 0 -1
vn 0 0 -1
vn 0 0 -1
vn 0 0 -1
vn 0 0 -1
vn 0 0 -1
vn 0 0 -1
vn 0 -1 0
vn 0 -1 0
vn 0 -1 0
vn 0 -1 0
vn 0 -1 0
vn 0 -1 0
vn -1 0 0
vn -1 0 0
vn -1 0 0
vn -1 0 0
vn -1 0 0
vn -1 0 0
vn -1 0 0
vn -1 0 0
vn -1 0 0
vn -1 0 0
vn -1 0 0
vn -1 0 0
vn -1 0 0
vn -1 0 0
vn -1 0 0
vn -1 0 0
vn -1 0 0
vn -1 0 0
vn -1 0 0
vn -1 0 0
vn -1 0 0
vn -1 0 0
vn -1 0 0
vn -1 0 0
vn -1 0 0
vn -1 0 0
vn -1 0 0
vn -1 0 0
vn -1 0 0
vn -1 0 0
vn -1 0 0
vn -1 0 0
vn -1 0 0
vn -1 0 0
vn 0 0 -1
vn 0 0 -1
vn 0 0 -1
vn 0 0 -1
vn 0 0 -1
vn 0 0 -1
vn 0 0 1
vn 0 0 1
vn 0 0 1
vn 0 0 1
vn 0 0 1
vn 0 0 1
vn 0 0 1
vn 0 0 1
vn 0 0 1
vn 0 0 1
vn 0 0 1
vn 0 0 1
vn 0 0 1
vn 0 0 1
vn 0 -1 0
vn 0 -1 0
vn 0 -1 0
vn 0 -1 0
vn 0 -1 0
vn 0 -1 0
vn 0 -1 0
vn 0 -1 0
vn 0 1 0
vn 0 1 0
vn 0 1 0
vn 0 1 0
vn 0 1 0
vn 0 1 0
vn 0 1 0
vn 0 1 0
f 2012/5453/5453 2014/5455/5455 2013/5454/5454 2011/5452/5452
f 2014/5456/5456 2016/5458/5458 2015/5457/5457 2013/5459/5459
f 2016/5462/5462 2017/5461/5461 2018/5463/5463 2015/5460/5460
f 2017/5467/5467 2012/5466/5466 2011/5465/5465 2018/5464/5464
f 2025/5474/5474 2019/5468/5468 2024/5473/5473
f 2023/5472/5472 2024/5473/5473 2019/5468/5468
f 2027/5476/5476 2019/5468/5468 2025/5474/5474
f 2026/5475/5475 2020/5469/5469 2027/5476/5476
f 2019/5468/5468 2027/5476/5476 2020/5469/5469
f 2022/5471/5471 2020/5469/5469 2026/5475/5475
f 2026/5475/5475 2024/5473/5473 2023/5472/5472 2030/5479/5479
f 2028/5477/5477 2029/5478/5478 2021/5470/5470
f 2022/5471/5471 2030/5479/5479 2028/5477/5477
f 2021/5470/5470 2022/5471/5471 2028/5477/5477
f 2026/5475/5475 2030/5479/5479 2022/5471/5471
f 2025/5483/5483 2024/5481/5481 2032/5482/5482 2031/5480/5480
f 2024/5485/5485 2026/5487/5487 2033/5486/5486 2032/5484/5484
f 2026/5488/5488 2027/5491/5491 2034/5489/5489 2033/5490/5490
f 2027/5492/5492 2025/5494/5494 2031/5493/5493 2034/5495/5495
f 2029/5496/5496 2028/5499/5499 2035/5497/5497 2036/5498/5498
f 2028/5501/5501 2030/5502/5502 2037/5503/5503 2035/5500/5500
f 2030/5507/5507 2023/5505/5505 2038/5506/5506 2037/5504/5504
f 2042/5511/5511 2045/5514/5514 2046/5515/5515
f 2042/5511/5511 2044/5513/5513 2045/5514/5514
f 2046/5515/5515 2039/5508/5508 2041/5510/5510 2042/5511/5511
f 2042/5511/5511 2043/5512/5512 2040/5509/5509
f 2044/5513/5513 2042/5511/5511 2040/5509/5509
f 2048/5518/5518 2047/5517/5517 2042/5519/5519 2041/5516/5516
f 2047/5521/5521 2049/5522/5522 2043/5523/5523 2042/5520/5520
f 2051/5525/5525 2050/5524/5524 2052/5526/5526 2053/5527/5527
f 2053/5529/5529 2052/5528/5528 2054/5530/5530 2055/5531/5531
f 2055/5533/5533 2054/5532/5532 2056/5534/5534 2057/5535/5535
f 2051/5537/5537 2053/5536/5536 2060/5542/5542 2061/5543/5543
f 2053/5536/5536 2055/5538/5538 2059/5541/5541 2060/5542/5542
f 2055/5538/5538 2057/5539/5539 2058/5540/5540 2059/5541/5541
f 2065/5547/5547 2063/5545/5545 2064/5546/5546 2062/5544/5544
f 2063/5550/5550 2066/5549/5549 2067/5551/5551 2064/5548/5548
f 2066/5552/5552 2069/5554/5554 2068/5553/5553 2067/5555/5555
f 2069/5556/5556 2065/5559/5559 2062/5557/5557 2068/5558/5558
f 2070/5560/5560 2073/5563/5563 2071/5561/5561 2072/5562/5562
f 2073/5564/5564 2075/5567/5567 2074/5565/5565 2071/5566/5566
f 2075/5570/5570 2076/5569/5569 2077/5571/5571 2074/5568/5568
f 2076/5575/5575 2070/5573/5573 2072/5572/5572 2077/5574/5574
f 2079/5577/5577 2078/5576/5576 2080/5578/5578 2081/5579/5579
f 2081/5581/5581 2080/5580/5580 2082/5582/5582 2083/5583/5583
f 2084/5584/5584 2087/5587/5587 2085/5585/5585 2086/5586/5586
f 2088/5588/5588 2091/5591/5591 2089/5589/5589 2090/5590/5590
f 2091/5592/5592 2093/5595/5595 2092/5593/5593 2089/5594/5594
f 2093/5599/5599 2095/5597/5597 2094/5596/5596 2092/5598/5598
f 2095/5603/5603 2088/5601/5601 2090/5602/5602 2094/5600/5600
f 2097/5605/5605 2099/5607/5607 2098/5606/5606 2096/5604/5604
f 2099/5608/5608 2101/5611/5611 2100/5609/5609 2098/5610/5610
f 2101/5613/5613 2102/5614/5614 2103/5615/5615 2100/5612/5612
f 2102/5619/5619 2097/5617/5617 2096/5618/5618 2103/5616/5616
f 2105/5621/5621 2104/5620/5620 2107/5623/5623 2106/5622/5622
f 2106/5624/5624 2107/5627/5627 2108/5625/5625 2109/5626/5626
f 2109/5629/5629 2108/5628/5628 2110/5630/5630 2111/5631/5631
f 2111/5633/5633 2110/5632/5632 2104/5634/5634 2105/5635/5635
f 2084/5636/5636 2078/5639/5639 2087/5641/5641
f 2112/5638/5638 2078/5639/5639 2084/5636/5636
f 2078/5639/5639 2112/5638/5638 2082/5637/5637
f 2080/5640/5640 2078/5639/5639 2082/5637/5637
f 2101/5658/5658 2113/5642/5642 2102/5659/5659
f 2097/5657/5657 2102/5659/5659 2113/5642/5642
f 2017/5650/5650 2106/5661/5661 2097/5657/5657
f 2106/5661/5661 2099/5656/5656 2097/5657/5657
f 2097/5657/5657 2113/5642/5642 2115/5644/5644
f 2114/5643/5643 2113/5642/5642 2101/5658/5658 2095/5655/5655
f 2093/5654/5654 2114/5643/5643 2095/5655/5655
f 2091/5652/5652 2114/5643/5643 2093/5654/5654
f 2095/5655/5655 2101/5658/5658 2099/5656/5656 2088/5653/5653
f 2099/5656/5656 2109/5662/5662 2088/5653/5653
f 2088/5653/5653 2117/5646/5646 2091/5652/5652
f 2118/5651/5651 2114/5643/5643 2091/5652/5652
f 2106/5661/5661 2109/5662/5662 2099/5656/5656
f 2016/5649/5649 2105/5660/5660 2017/5650/5650
f 2115/5644/5644 2012/5648/5648 2017/5650/5650
f 2014/5647/5647 2012/5648/5648 2115/5644/5644
f 2115/5644/5644 2017/5650/5650 2097/5657/5657
f 2111/5663/5663 2105/5660/5660 2016/5649/5649
f 2117/5646/5646 2109/5662/5662 2111/5663/5663
f 2117/5646/5646 2111/5663/5663 2016/5649/5649
f 2091/5652/5652 2117/5646/5646 2118/5651/5651
f 2116/5645/5645 2117/5646/5646 2016/5649/5649 2014/5647/5647
f 2115/5644/5644 2116/5645/5645 2014/5647/5647
f 2109/5662/5662 2117/5646/5646 2088/5653/5653
f 2017/5650/5650 2105/5660/5660 2106/5661/5661
f 2019/5665/5665 2039/5668/5668 2038/5667/5667 2023/5664/5664
f 2039/5668/5668 2019/5665/5665 2048/5666/5666 2041/5669/5669
f 2060/5671/5671 2045/5673/5673 2044/5672/5672 2061/5670/5670
f 2045/5675/5675 2060/5677/5677 2059/5676/5676 2046/5674/5674
f 2121/5685/5685 2056/5683/5683 2020/5680/5680
f 2058/5681/5681 2057/5682/5682 2056/5683/5683
f 2121/5685/5685 2020/5680/5680 2022/5678/5678
f 2120/5684/5684 2121/5685/5685 2022/5678/5678 2119/5679/5679
f 2058/5681/5681 2056/5683/5683 2121/5685/5685
f 2037/5694/5694 2033/5690/5690 2121/5699/5699
f 2121/5699/5699 2122/5687/5687 2036/5692/5692 2035/5693/5693
f 2058/5686/5686 2121/5699/5699 2033/5690/5690
f 2059/5697/5697 2058/5686/5686 2046/5698/5698
f 2033/5690/5690 2046/5698/5698 2058/5686/5686
f 2046/5698/5698 2031/5688/5688 2039/5696/5696
f 2031/5688/5688 2046/5698/5698 2034/5691/5691
f 2034/5691/5691 2046/5698/5698 2033/5690/5690
f 2035/5693/5693 2037/5694/5694 2121/5699/5699
f 2039/5696/5696 2031/5688/5688 2032/5689/5689
f 2032/5689/5689 2038/5695/5695 2039/5696/5696
f 2038/5695/5695 2032/5689/5689 2037/5694/5694
f 2037/5694/5694 2032/5689/5689 2033/5690/5690
f 2061/5700/5700 2044/5704/5704 2050/5706/5706 2051/5707/5707
f 2040/5705/5705 2050/5706/5706 2044/5704/5704
f 2050/5706/5706 2040/5705/5705 2116/5703/5703
f 2040/5705/5705 2123/5702/5702 2117/5701/5701
f 2117/5701/5701 2116/5703/5703 2040/5705/5705
f 2049/5713/5713 2115/5708/5708 2124/5712/5712
f 2047/5714/5714 2116/5709/5709 2049/5713/5713
f 2115/5708/5708 2049/5713/5713 2116/5709/5709
f 2050/5717/5717 2116/5709/5709 2047/5714/5714
f 2047/5714/5714 2048/5715/5715 2019/5710/5710
f 2052/5716/5716 2047/5714/5714 2054/5719/5719
f 2019/5710/5710 2054/5719/5719 2047/5714/5714
f 2020/5711/5711 2054/5719/5719 2019/5710/5710
f 2054/5719/5719 2020/5711/5711 2056/5718/5718
f 2047/5714/5714 2052/5716/5716 2050/5717/5717
f 2126/5721/5721 2125/5720/5720 2071/5730/5730 2068/5728/5728
f 2072/5729/5729 2071/5730/5730 2125/5720/5720
f 2125/5720/5720 2077/5732/5732 2072/5729/5729
f 2077/5732/5732 2125/5720/5720 2122/5722/5722
f 2068/5728/5728 2071/5730/5730 2074/5731/5731 2067/5727/5727
f 2062/5725/5725 2126/5721/5721 2068/5728/5728
f 2126/5721/5721 2062/5725/5725 2064/5726/5726
f 2112/5735/5735 2126/5721/5721 2064/5726/5726
f 2067/5727/5727 2074/5731/5731 2082/5734/5734
f 2083/5733/5733 2082/5734/5734 2074/5731/5731
f 2121/5723/5723 2083/5733/5733 2122/5722/5722
f 2077/5732/5732 2083/5733/5733 2074/5731/5731
f 2083/5733/5733 2077/5732/5732 2122/5722/5722
f 2112/5735/5735 2067/5727/5727 2082/5734/5734
f 2067/5727/5727 2112/5735/5735 2064/5726/5726
f 2120/5724/5724 2083/5733/5733 2121/5723/5723
f 2087/5741/5741 2128/5737/5737 2127/5736/5736
f 2085/5740/5740 2087/5741/5741 2127/5736/5736
f 2087/5741/5741 2078/5739/5739 2079/5738/5738 2128/5737/5737
f 2130/5743/5743 2129/5742/5742 2079/5747/5747
f 2128/5746/5746 2079/5747/5747 2129/5742/5742
f 2079/5747/5747 2081/5748/5748 2120/5744/5744
f 2081/5748/5748 2083/5749/5749 2120/5744/5744
f 2120/5744/5744 2119/5745/5745 2130/5743/5743
f 2079/5747/5747 2120/5744/5744 2130/5743/5743
f 2103/5768/5768 2096/5766/5766 2125/5750/5750
f 2124/5752/5752 2125/5750/5750 2096/5766/5766
f 2100/5767/5767 2103/5768/5768 2125/5750/5750
f 2108/5771/5771 2107/5770/5770 2098/5765/5765
f 2096/5766/5766 2098/5765/5765 2107/5770/5770
f 2108/5771/5771 2090/5762/5762 2123/5775/5775
f 2090/5762/5762 2108/5771/5771 2098/5765/5765
f 2107/5770/5770 2018/5757/5757 2096/5766/5766
f 2094/5764/5764 2100/5767/5767 2126/5751/5751
f 2125/5750/5750 2126/5751/5751 2100/5767/5767
f 2094/5764/5764 2098/5765/5765 2100/5767/5767
f 2092/5763/5763 2094/5764/5764 2126/5751/5751
f 2089/5761/5761 2085/5758/5758 2090/5762/5762
f 2090/5762/5762 2085/5758/5758 2123/5775/5775
f 2126/5751/5751 2089/5761/5761 2092/5763/5763
f 2089/5761/5761 2086/5759/5759 2085/5758/5758
f 2094/5764/5764 2090/5762/5762 2098/5765/5765
f 2086/5759/5759 2089/5761/5761 2126/5751/5751
f 2104/5769/5769 2015/5756/5756 2018/5757/5757
f 2107/5770/5770 2104/5769/5769 2018/5757/5757
f 2124/5752/5752 2018/5757/5757 2011/5755/5755
f 2043/5773/5773 2011/5755/5755 2013/5754/5754
f 2043/5773/5773 2049/5753/5753 2011/5755/5755
f 2124/5752/5752 2011/5755/5755 2049/5753/5753
f 2124/5752/5752 2096/5766/5766 2018/5757/5757
f 2085/5758/5758 2127/5760/5760 2123/5775/5775
f 2123/5775/5775 2110/5772/5772 2108/5771/5771
f 2015/5756/5756 2110/5772/5772 2123/5775/5775
f 2015/5756/5756 2123/5775/5775 2040/5774/5774 2013/5754/5754
f 2013/5754/5754 2040/5774/5774 2043/5773/5773
f 2015/5756/5756 2104/5769/5769 2110/5772/5772
f 2127/5781/5781 2117/5776/5776 2123/5779/5779
f 2118/5778/5778 2127/5781/5781 2129/5777/5777
f 2128/5780/5780 2129/5777/5777 2127/5781/5781
f 2117/5776/5776 2127/5781/5781 2118/5778/5778
f 2075/5792/5792 2021/5782/5782 2076/5793/5793
f 2113/5783/5783 2076/5793/5793 2021/5782/5782
f 2022/5785/5785 2021/5782/5782 2075/5792/5792
f 2075/5792/5792 2119/5795/5795 2022/5785/5785
f 2114/5784/5784 2130/5794/5794 2063/5786/5786
f 2119/5795/5795 2063/5786/5786 2130/5794/5794
f 2066/5788/5788 2063/5786/5786 2119/5795/5795
f 2066/5788/5788 2119/5795/5795 2075/5792/5792
f 2073/5790/5790 2070/5791/5791 2113/5783/5783
f 2114/5784/5784 2073/5790/5790 2113/5783/5783
f 2075/5792/5792 2073/5790/5790 2066/5788/5788
f 2063/5786/5786 2065/5787/5787 2114/5784/5784
f 2065/5787/5787 2069/5789/5789 2114/5784/5784
f 2073/5790/5790 2114/5784/5784 2069/5789/5789
f 2069/5789/5789 2066/5788/5788 2073/5790/5790
f 2113/5783/5783 2070/5791/5791 2076/5793/5793
f 2029/5801/5801 2036/5800/5800 2122/5802/5802 2021/5796/5796
f 2021/5796/5796 2122/5802/5802 2125/5803/5803 2113/5797/5797
f 2113/5797/5797 2125/5803/5803 2124/5799/5799 2115/5798/5798
f 2114/5805/5805 2118/5804/5804 2086/5810/5810 2126/5811/5811
f 2084/5809/5809 2086/5810/5810 2118/5804/5804
f 2126/5811/5811 2112/5808/5808 2130/5807/5807 2114/5805/5805
f 2129/5806/5806 2130/5807/5807 2112/5808/5808 2084/5809/5809
f 2118/5804/5804 2129/5806/5806 2084/5809/5809
