# Rhino

v -1.6948136835014167 0 1.6553982369375486
v -1.6948136835014167 0 0
v -1.6948136835014167 0 -1.6553982369375433
v -1.6210130139853238 0.0016457858378804667 1.6553982369375486
v -1.6210130139853238 0.0016457858378729053 -1.6553982369375433
v -1.5460648472608347 0.0066962370117895353 1.6553982369375486
v -1.5460648472608347 0.0066962370117819728 -1.6553982369375433
v -1.4701784752716192 0.015311433099143573 1.6553982369375486
v -1.4701784752716192 0.015311433099136011 -1.6553982369375433
v -1.3935920578156462 0.027636264312429621 1.6553982369375486
v -1.3935920578156462 0.027636264312422061 -1.6553982369375433
v -1.3165437546908849 0.043797366249863072 1.6553982369375486
v -1.3165437546908849 0.043797366249855516 -1.6553982369375433
v -1.2393150274767533 0.06390009495073988 1.6553982369375486
v -1.2393150274767533 0.063900094950732331 -1.6553982369375435
v -1.1621873377526688 0.088025635969414789 1.6553982369375486
v -1.1621873377526688 0.088025635969407226 -1.6553982369375435
v -1.0854637979887747 0.11622832444327064 1.6553982369375486
v -1.0854637979887747 0.11622832444326307 -1.6553982369375435
v -1.009461954582362 0.14853327174068351 1.6553982369375486
v -1.009461954582362 0.14853327174067593 -1.6553982369375437
v -0.93449213696714806 0.18493445197898103 1.6553982369375486
v -0.93449213696714806 0.18493445197897349 -1.6553982369375437
v -0.89749798168262895 0.20466035862617324 1.6553982369375486
v -0.89749798168262895 0.20466035862616569 -1.6553982369375437
v -0.86088632546757549 0.2253932008396364 1.6553982369375486
v -0.86088632546757549 0.22539320083962885 -1.6553982369375437
v -0.82469325313986086 0.24712292843376735 1.6553982369375482
v -0.82469325313986086 0.24712292843375974 -1.6553982369375437
v -0.78896206648093536 0.26983733459126952 1.6553982369375482
v -0.78896206648093536 0.26983733459126191 -1.6553982369375437
v -0.75372885030867187 0.29352214043694508 1.6553982369375482
v -0.75372885030867187 0.29352214043693758 -1.6553982369375437
v -0.71903690640451956 0.3181609104639031 1.6553982369375482
v -0.71903690640451956 0.3181609104638955 -1.6553982369375437
v -0.6849151026227781 0.34373520758551085 1.6553982369375477
v -0.6849151026227781 0.34373520758550324 -1.655398236937544
v -0.65141395770847099 0.37022453675286643 1.6553982369375477
v -0.65141395770847099 0.37022453675285893 -1.655398236937544
v -0.61856233951589767 0.39760645771985453 1.6553982369375477
v -0.61856233951589767 0.39760645771984698 -1.655398236937544
v -0.58640354982650689 0.42585661323440999 1.6553982369375477
v -0.58640354982650689 0.42585661323440244 -1.6553982369375442
v -0.55495923953102344 0.45494875722978223 1.6553982369375477
v -0.55495923953102344 0.45494875722977468 -1.6553982369375442
v -0.52426549344732054 0.48485489578085472 1.6553982369375477
v -0.52426549344732054 0.48485489578084712 -1.6553982369375442
v -0.49435839639327311 0.51554548444299353 1.6553982369375477
v -0.49435839639327311 0.51554548444298609 -1.6553982369375446
v -0.46526681622318017 0.54698917453067042 1.6553982369375477
v -0.46526681622318017 0.54698917453066276 -1.6553982369375446
v -0.43701962079134088 0.57915332056021429 1.6553982369375477
v -0.43701962079134088 0.57915332056020674 -1.6553982369375446
v -0.40963846098847984 0.61200381110222912 1.6553982369375473
v -0.40963846098847984 0.61200381110222157 -1.6553982369375448
v -0.38314498770532152 0.64550546345928739 1.6553982369375473
v -0.38314498770532152 0.64550546345927995 -1.6553982369375448
v -0.35757522937721192 0.67962179813581958 1.6553982369375473
v -0.35757522937721192 0.67962179813581203 -1.6553982369375448
v -0.33293651573278193 0.71431543351580951 1.6553982369375468
v -0.33293651573278193 0.71431543351580196 -1.6553982369375451
v -0.30925044128022794 0.74954819862784972 1.6553982369375468
v -0.30925044128022794 0.74954819862784205 -1.6553982369375451
v -0.28653864281464242 0.78528102038008529 1.6553982369375468
v -0.28653864281464242 0.78528102038007774 -1.6553982369375451
v -0.26480836549086423 0.82147443100296724 1.6553982369375468
v -0.26480836549086423 0.82147443100295969 -1.6553982369375453
v -0.24407402914041093 0.8580884552841942 1.6553982369375468
v -0.24407402914041093 0.85808845528418665 -1.6553982369375453
v -0.22435008178606425 0.89508277971629724 1.6553982369375468
v -0.22435008178606425 0.89508277971628969 -1.6553982369375455
v -0.18794771751468023 0.97005068032556119 1.6553982369375468
v -0.18794771751468023 0.97005068032555364 -1.6553982369375455
v -0.15563737863803423 1.0460548917981465 1.6553982369375464
v -0.15563737863803423 1.0460548917981387 -1.6553982369375455
v -0.12744070195121873 1.1227759507308124 1.655398236937546
v -0.12744070195121873 1.1227759507308048 -1.6553982369375457
v -0.10331438919669281 1.199901836214003 1.655398236937546
v -0.10331438919669281 1.1999018362139955 -1.655398236937546
v -0.083207930439202729 1.27713124001847 1.655398236937546
v -0.083207930439202729 1.2771312400184622 -1.6553982369375462
v -0.067049148995184341 1.354176949546946 1.6553982369375455
v -0.067049148995184341 1.3541769495469385 -1.6553982369375464
v -0.054722575209394504 1.430768328665377 1.6553982369375455
v -0.054722575209394504 1.4307683286653694 -1.6553982369375464
v -0.048941783862056963 1.4780341401228096 0.59121365604912302
v -0.048941783862056963 1.4780341401228083 0
v -0.048941783862056963 1.478034140122807 -0.59121365604912413
v -0.046105517177153332 1.5066533474739221 1.6553982369375453
v -0.046105517177153332 1.5066533474739146 -1.6553982369375466
v -0.044719860170788196 1.5229420342622848 0.59121365604912268
v -0.044719860170788196 1.5229420342622821 -0.59121365604912424
v -0.041746471177963013 1.5675010333189394 0.59121365604912268
v -0.041746471177963013 1.5675009205538815 -0.59121365604912446
v -0.04106085963835527 1.5816001610177406 1.6553982369375453
v -0.04106085963835527 1.5816001610177333 -1.6553982369375468
v -0.039992749029282147 1.6116669333908786 0.59121365604912268
v -0.039992749029282147 1.611666933390876 -0.59121365604912457
v -0.039415391943296671 0 1.6553982369375486
v -0.039415391943296671 1.6553982369375491 1.6553982369375453
v -0.039415391943296671 2.3648546241964978 1.6553982369375435
v -0.039415391943296671 2.3648546241964961 1.1233059464933322
v -0.039415391943296671 1.6553982369375466 0.59121365604912246
v -0.039415391943296671 2.0101264305670212 0.59121365604912191
v -0.039415391943296671 2.3648546241964952 0.59121365604912102
v -0.039415391943296671 0 0
v -0.039415391943296671 1.655398236937544 -0.59121365604912468
v -0.039415391943296671 2.0101264305670181 -0.59121365604912535
v -0.039415391943296671 2.3648546241964925 -0.59121365604912623
v -0.039415391943296671 2.3648546241964907 -1.1233059464933375
v -0.039415391943296671 0 -1.6553982369375433
v -0.039415391943296671 1.6553982369375417 -1.6553982369375471
v -0.039415391943296671 2.3648546241964898 -1.6553982369375488
v 0.2759009371747842 0 1.6553982369375486
v 0.2759009371747842 1.4189127745178998 1.6553982369375455
v 0.2759009371747842 2.3648546241964978 1.6553982369375435
v 0.2759009371747842 1.4780341401228096 0.59121365604912302
v 0.2759009371747842 1.9214443821596525 0.59121365604912191
v 0.2759009371747842 2.3648546241964952 0.59121365604912102
v 0.2759009371747842 0 0
v 0.2759009371747842 1.418912774517896 0
v 0.2759009371747842 1.4780341401228083 0
v 0.2759009371747842 1.478034140122807 -0.59121365604912413
v 0.2759009371747842 1.9214443821596501 -0.59121365604912524
v 0.2759009371747842 2.3648546241964925 -0.59121365604912623
v 0.2759009371747842 2.3648546241964907 -1.1233059464933375
v 0.2759009371747842 0 -1.6553982369375433
v 0.2759009371747842 1.4189127745178922 -1.6553982369375464
v 0.2759009371747842 2.3648546241964898 -1.6553982369375488
v 0.74887183382281886 1.4189127745178998 1.6553982369375455
v 0.74887183382281886 1.4189127745178922 -1.6553982369375464
v 0.77011857458708433 1.4179561885490686 1.6553982369375455
v 0.77011857458708433 1.417956188549061 -1.6553982369375464
v 0.79190658761946131 1.4149647571473065 1.6553982369375455
v 0.79190658761946131 1.414964757147299 -1.6553982369375464
v 0.81393997741338164 1.409784217716201 1.6553982369375455
v 0.81393997741338164 1.4097842177161937 -1.6553982369375464
v 0.83592284846227849 1.4023086838683037 1.6553982369375455
v 0.83592284846227849 1.4023086838682961 -1.6553982369375464
v 0.85748713562383583 1.3924936134065506 1.6553982369375455
v 0.85748713562383583 1.3924936134065431 -1.6553982369375464
v 0.87827920768288792 1.3803646039986213 1.6553982369375455
v 0.87827920768288792 1.3803646039986139 -1.6553982369375464
v 0.89793099949711819 1.3660235952550106 1.6553982369375455
v 0.89793099949711819 1.3660235952550031 -1.6553982369375464
v 0.9160960968149362 1.3496477410784684 1.6553982369375455
v 0.9160960968149362 1.3496477410784609 -1.6553982369375464
v 0.93247138716619904 1.3314836586461534 1.655398236937546
v 0.93247138716619904 1.3314836586461458 -1.6553982369375462
v 0.94681149378936336 1.3118344604282071 1.655398236937546
v 0.94681149378936336 1.3118344604281995 -1.6553982369375462
v 0.95893610536011398 1.2910438543148817 1.655398236937546
v 0.95893610536011398 1.2910438543148741 -1.6553982369375462
v 0.96875117582186709 1.2694764097317601 1.655398236937546
v 0.96875117582186709 1.2694764097317526 -1.6553982369375462
v 0.97622795008537888 1.2474982748152097 1.655398236937546
v 0.97622795008537888 1.2474982748152021 -1.655398236937546
v 0.98140972993209863 1.2254589084733287 1.655398236937546
v 0.98140972993209863 1.225458908473321 -1.655398236937546
v 0.98440476981564828 1.2036765336937443 1.655398236937546
v 0.98440476981564828 1.2036765336937367 -1.655398236937546
v 0.98535740900752433 0.70945638725895144 1.6553982369375468
v 0.98535740900752433 1.1824273120982502 1.655398236937546
v 0.98535740900752433 0.70945638725894766 0
v 0.98535740900752433 0.70945638725894389 -1.6553982369375451
v 0.98535740900752433 1.1824273120982427 -1.655398236937546
v 1.4583283338468231 0.70945638725895144 1.6553982369375468
v 1.4583283338468231 0.70945638725894389 -1.6553982369375451
v 1.4795750746110885 0.70849980129012025 1.6553982369375468
v 1.4795750746110885 0.70849980129011259 -1.6553982369375451
v 1.5013630876434654 0.70550836988835808 1.6553982369375468
v 1.5013630876434654 0.70550836988835053 -1.6553982369375451
v 1.5233964774373858 0.70032777407472513 1.6553982369375468
v 1.5233964774373858 0.70032777407471769 -1.6553982369375451
v 1.5453792357212268 0.69285235299188341 1.6553982369375473
v 1.5453792357212268 0.69285235299187597 -1.6553982369375448
v 1.5669435228827844 0.68303716976507467 1.6553982369375473
v 1.5669435228827844 0.68303716976506712 -1.6553982369375448
v 1.5877355949418361 0.67090821673967316 1.6553982369375473
v 1.5877355949418361 0.67090821673966561 -1.6553982369375448
v 1.6073873867560664 0.65656715161353463 1.6553982369375473
v 1.6073873867560664 0.65656715161352708 -1.6553982369375448
v 1.6255524840738844 0.64019141020204817 1.6553982369375473
v 1.6255524840738844 0.64019141020204062 -1.6553982369375448
v 1.6419277744251473 0.62202727138720504 1.6553982369375473
v 1.6419277744251473 0.6220272713871976 -1.6553982369375448
v 1.6562678810483116 0.60237807316925895 1.6553982369375473
v 1.6562678810483116 0.6023780731692514 -1.6553982369375448
v 1.6683923798540066 0.58158741067340569 1.6553982369375477
v 1.6683923798540066 0.58158741067339814 -1.6553982369375446
v 1.6782074503157596 0.56001996609028426 1.6553982369375477
v 1.6782074503157596 0.5600199660902766 -1.6553982369375446
v 1.6856842245792714 0.53804183117373328 1.6553982369375477
v 1.6856842245792714 0.53804183117372562 -1.6553982369375446
v 1.6908660044259911 0.51600252121438039 1.6553982369375477
v 1.6908660044259911 0.51600252121437284 -1.6553982369375446
v 1.6938610443095408 0.49422020281732421 1.6553982369375477
v 1.6938610443095408 0.49422020281731677 -1.6553982369375442
v 1.6948136835014167 0 1.6553982369375486
v 1.6948136835014167 0.47297092483930203 1.6553982369375477
v 1.6948136835014167 0 0
v 1.6948136835014167 0 -1.6553982369375433
v 1.6948136835014167 0.47297092483929443 -1.6553982369375442
vt -0.62221640348434448 -0.78342598676681519
vt 1.6222164630889893 0
vt 1.6222164630889893 -0.78342598676681519
vt -0.62221640348434448 -1.63080894947052
vt 1.6222164630889893 -1.63080894947052
vt -0.62221640348434448 -2.4781920909881592
vt 1.6222164630889893 -2.4781920909881592
vt -0.62221640348434448 0
vt -0.5844385027885437 -0.78342598676681519
vt 1.5844385623931885 0.00084246252663433552
vt -0.5844385027885437 -2.4781920909881592
vt -0.5844385027885437 0.00084246252663433552
vt -0.54607325792312622 -0.78342598676681519
vt 1.5460731983184814 0.0034277413506060839
vt -0.54607325792312622 -2.4781920909881592
vt -0.54607325792312622 0.0034277413506060839
vt -0.50722771883010864 -0.78342598676681519
vt 1.5072276592254639 0.0078377807512879372
vt -0.50722771883010864 -2.4781920909881592
vt -0.50722771883010864 0.0078377807512879372
vt -0.46802380681037903 -0.78342598676681519
vt 1.4680237770080566 0.014146747067570686
vt -0.46802380681037903 -2.4781920909881592
vt -0.46802380681037903 0.014146747067570686
vt -0.42858350276947021 -0.78342598676681519
vt 1.4285835027694702 0.022419465705752373
vt -0.42858350276947021 -2.4781920909881592
vt -0.42858350276947021 0.022419465705752373
vt -0.38905084133148193 -0.78342598676681519
vt 1.3890508413314819 0.032709866762161255
vt -0.38905084133148193 -2.4781920909881592
vt -0.38905084133148193 0.032709866762161255
vt -0.34956991672515869 -0.78342598676681519
vt 1.3495699167251587 0.045059505850076675
vt -0.34956991672515869 -2.4781920909881592
vt -0.34956991672515869 0.045059505850076675
vt -0.31029582023620605 -0.78342598676681519
vt 1.3102958202362061 0.059496201574802399
vt -0.31029582023620605 -2.4781920909881592
vt -0.31029582023620605 0.059496201574802399
vt -0.27139121294021606 -0.78342598676681519
vt 1.2713912725448608 0.07603280246257782
vt -0.27139121294021606 -2.4781920909881592
vt -0.27139121294021606 0.07603280246257782
vt -0.23301483690738678 -0.78342598676681519
vt 1.2330148220062256 0.094666227698326111
vt -0.23301483690738678 -2.4781920909881592
vt -0.23301483690738678 0.094666227698326111
vt -0.21407786011695862 -0.78342598676681519
vt 1.2140778303146362 0.10476373881101608
vt -0.21407786011695862 -2.4781920909881592
vt -0.21407786011695862 0.10476373881101608
vt -0.19533671438694 -0.78342598676681519
vt 1.1953366994857788 0.11537668853998184
vt -0.19533671438694 -2.4781920909881592
vt -0.19533671438694 0.11537668853998184
vt -0.17680981755256653 -0.78342598676681519
vt 1.1768097877502441 0.12649993598461151
vt -0.17680981755256653 -2.4781920909881592
vt -0.17680981755256653 0.12649993598461151
vt -0.15851935744285583 -0.78342598676681519
vt 1.1585193872451782 0.13812722265720367
vt -0.15851935744285583 -2.4781920909881592
vt -0.15851935744285583 0.13812722265720367
vt -0.14048381149768829 -0.78342598676681519
vt 1.1404838562011719 0.15025126934051514
vt -0.14048381149768829 -2.4781920909881592
vt -0.14048381149768829 0.15025126934051514
vt -0.12272530049085617 -0.78342598676681519
vt 1.122725248336792 0.16286362707614899
vt -0.12272530049085617 -2.4781920909881592
vt -0.12272530049085617 0.16286362707614899
vt -0.10525868833065033 -0.78342598676681519
vt 1.1052587032318115 0.17595486342906952
vt -0.10525868833065033 -2.4781920909881592
vt -0.10525868833065033 0.17595486342906952
vt -0.088109761476516724 -0.78342598676681519
vt 1.0881097316741943 0.18951450288295746
vt -0.088109761476516724 -2.4781920909881592
vt -0.088109761476516724 0.18951450288295746
vt -0.071293316781520844 -0.78342598676681519
vt 1.0712933540344238 0.20353105664253235
vt -0.071293316781520844 -2.4781920909881592
vt -0.071293316781520844 0.20353105664253235
vt -0.054831527173519135 -0.78342598676681519
vt 1.0548315048217773 0.21799205243587494
vt -0.054831527173519135 -2.4781920909881592
vt -0.054831527173519135 0.21799205243587494
vt -0.038735479116439819 -0.78342598676681519
vt 1.0387355089187622 0.23288404941558838
vt -0.038735479116439819 -2.4781920909881592
vt -0.038735479116439819 0.23288404941558838
vt 1.78342604637146 0.24819272756576538
vt 1.0230236053466797 0.24819272756576538
vt 3.4781920909881592 0.24819272756576538
vt -0.023023622110486031 0.24819272756576538
vt 1.78342604637146 0.26390296220779419
vt 1.0077145099639893 0.26390296220779419
vt 3.4781920909881592 0.26390296220779419
vt -0.0077144666574895382 0.26390296220779419
vt 1.78342604637146 0.27999868988990784
vt 0.99282276630401611 0.27999868988990784
vt 3.4781920909881592 0.27999868988990784
vt 0.0071772360242903233 0.27999868988990784
vt 1.78342604637146 0.29646319150924683
vt 0.9783632755279541 0.29646319150924683
vt 3.4781920909881592 0.29646319150924683
vt 0.021636718884110451 0.29646319150924683
vt 1.78342604637146 0.31327906250953674
vt 0.96434712409973145 0.31327906250953674
vt 3.4781920909881592 0.31327906250953674
vt 0.035652875900268555 0.31327906250953674
vt 1.78342604637146 0.33042827248573303
vt 0.95078533887863159 0.33042827248573303
vt 3.4781920909881592 0.33042827248573303
vt 0.049214649945497513 0.33042827248573303
vt 1.78342604637146 0.34789210557937622
vt 0.93769645690917969 0.34789210557937622
vt 3.4781920909881592 0.34789210557937622
vt 0.062303557991981506 0.34789210557937622
vt 1.78342604637146 0.36565142869949341
vt 0.92508411407470703 0.36565142869949341
vt 3.4781920909881592 0.36565142869949341
vt 0.074915885925292969 0.36565142869949341
vt 1.78342604637146 0.38368675112724304
vt 0.91295945644378662 0.38368675112724304
vt 3.4781920909881592 0.38368675112724304
vt 0.087040573358535767 0.38368675112724304
vt 1.78342604637146 0.40197804570198059
vt 0.90133345127105713 0.40197804570198059
vt 3.4781920909881592 0.40197804570198059
vt 0.098666541278362274 0.40197804570198059
vt 1.78342604637146 0.42050513625144958
vt 0.89020991325378418 0.42050513625144958
vt 3.4781920909881592 0.42050513625144958
vt 0.10979006439447403 0.42050513625144958
vt 1.78342604637146 0.4392474889755249
vt 0.87959623336791992 0.4392474889755249
vt 3.4781920909881592 0.4392474889755249
vt 0.12040377408266068 0.4392474889755249
vt 1.78342604637146 0.45818457007408142
vt 0.86949974298477173 0.45818457007408142
vt 3.4781920909881592 0.45818457007408142
vt 0.13050028681755066 0.45818457007408142
vt 1.78342604637146 0.49655994772911072
vt 0.85086566209793091 0.49655994772911072
vt 3.4781920909881592 0.49655994772911072
vt 0.1491343080997467 0.49655994772911072
vt 1.78342604637146 0.5354657769203186
vt 0.83432632684707642 0.5354657769203186
vt 3.4781920909881592 0.5354657769203186
vt 0.16567367315292358 0.5354657769203186
vt 1.78342604637146 0.57473856210708618
vt 0.81989270448684692 0.57473856210708618
vt 3.4781920909881592 0.57473856210708618
vt 0.18010729551315308 0.57473856210708618
vt 1.78342604637146 0.61421859264373779
vt 0.80754268169403076 0.61421859264373779
vt 3.4781920909881592 0.61421859264373779
vt 0.19245731830596924 0.61421859264373779
vt 1.78342604637146 0.65375161170959473
vt 0.79725039005279541 0.65375161170959473
vt 3.4781920909881592 0.65375161170959473
vt 0.20274963974952698 0.65375161170959473
vt 1.78342604637146 0.69319063425064087
vt 0.78897881507873535 0.69319063425064087
vt 3.4781920909881592 0.69319063425064087
vt 0.21102117002010345 0.69319063425064087
vt 1.78342604637146 0.73239701986312866
vt 0.78266894817352295 0.73239701986312866
vt 3.4781920909881592 0.73239701986312866
vt 0.21733102202415466 0.73239701986312866
vt 2.3281722068786621 0.75659197568893433
vt 0.22029015421867371 0.75659197568893433
vt 0.22029015421867371 -1.3281722068786621
vt 2.6308090686798096 0.75659197568893433
vt 0.22029015421867371 -1.63080894947052
vt 2.9334456920623779 0.75659197568893433
vt 0.22029015421867371 -1.9334458112716675
vt 0.77970981597900391 0.75659197568893433
vt 1.78342604637146 0.77124184370040894
vt 0.77825796604156494 0.77124184370040894
vt 3.4781920909881592 0.77124184370040894
vt 0.22174201905727386 0.77124184370040894
vt 2.3281722068786621 0.77957987785339355
vt 0.22245132923126221 0.77957987785339355
vt 2.9334456920623779 0.77957987785339355
vt 0.77754867076873779 0.77957987785339355
vt 2.3281722068786621 0.80238926410675049
vt 0.22397337853908539 0.80238926410675049
vt 2.9334456920623779 0.80238920450210571
vt 0.77602660655975342 0.80238920450210571
vt 1.78342604637146 0.80960643291473389
vt 0.77567565441131592 0.80960643291473389
vt 3.4781920909881592 0.80960643291473389
vt 0.22432433068752289 0.80960643291473389
vt 2.3281722068786621 0.82499730587005615
vt 0.22487108409404755 0.82499730587005615
vt 2.9334456920623779 0.82499730587005615
vt 0.77512890100479126 0.82499730587005615
vt 0.77483338117599487 0
vt 0.77483338117599487 0
vt 0.22516663372516632 -0.78342598676681519
vt 0.77483338117599487 -0.78342598676681519
vt 0.77483338117599487 -0.78342598676681519
vt 1.78342604637146 0.84738302230834961
vt 0.77483338117599487 0.84738302230834961
vt 1.78342604637146 1.2105470895767212
vt 0.77483338117599487 1.2105470895767212
vt 0.22516663372516632 -0.78342598676681519
vt 2.0557990074157715 1.2105470895767212
vt 0.22516663372516632 -1.055799126625061
vt 2.3281722068786621 0.84738302230834961
vt 0.22516663372516632 0.84738302230834961
vt 2.3281722068786621 1.0289649963378906
vt 0.22516663372516632 1.0289649963378906
vt 2.3281722068786621 1.2105470895767212
vt 0.22516663372516632 1.2105470895767212
vt 0.22516663372516632 -1.3281722068786621
vt 0.77483338117599487 -1.63080894947052
vt 0.22516663372516632 -1.63080894947052
vt 0.77483338117599487 -1.63080894947052
vt 0.77483338117599487 -1.63080894947052
vt 2.9334456920623779 0.84738302230834961
vt 0.77483338117599487 0.84738302230834961
vt 2.9334456920623779 1.0289649963378906
vt 0.77483338117599487 1.0289649963378906
vt 2.9334456920623779 1.2105470895767212
vt 0.77483338117599487 1.2105470895767212
vt 0.22516663372516632 -1.9334458112716675
vt 3.2058188915252686 1.2105470895767212
vt 0.22516663372516632 -2.2058188915252686
vt 0.77483338117599487 -2.4781920909881592
vt 0.22516663372516632 -2.4781920909881592
vt 0.77483338117599487 -2.4781920909881592
vt 0.22516663372516632 0
vt 3.4781920909881592 0.84738302230834961
vt 0.22516663372516632 0.84738302230834961
vt 3.4781920909881592 1.2105470895767212
vt 0.22516663372516632 -2.4781920909881592
vt 0.22516663372516632 1.2105470895767212
vt 0.6134258508682251 0
vt 0.38657411932945251 -0.78342598676681519
vt 0.6134258508682251 -0.78342598676681519
vt 0.6134258508682251 -0.78342598676681519
vt 0.6134258508682251 -0.78342598676681519
vt 0.6134258508682251 -0.78342598676681519
vt 0.38657411932945251 -0.78342598676681519
vt -0.78342598676681519 0.72632825374603271
vt 0.6134258508682251 0.72632825374603271
vt -0.78342598676681519 1.2105470895767212
vt 0.6134258508682251 1.2105470895767212
vt 0.38657411932945251 -0.78342598676681519
vt -1.3281722068786621 0.75659197568893433
vt 0.38657411932945251 0.75659197568893433
vt 0.38657411932945251 -1.3281722068786621
vt -1.3281722068786621 0.98356956243515015
vt 0.38657411932945251 0.98356956243515015
vt -1.3281722068786621 1.2105470895767212
vt 0.38657411932945251 1.2105470895767212
vt 0.38657411932945251 -1.3281722068786621
vt 0.38657411932945251 -1.63080894947052
vt 0.6134258508682251 -1.63080894947052
vt 0.38657411932945251 -1.63080894947052
vt -1.63080894947052 0.72632825374603271
vt -1.63080894947052 0.75659197568893433
vt 0.38657411932945251 -1.63080894947052
vt -1.9334458112716675 0.75659197568893433
vt 0.38657411932945251 -1.9334458112716675
vt 0.6134258508682251 0.75659197568893433
vt -1.9334458112716675 0.98356956243515015
vt 0.6134258508682251 0.98356956243515015
vt -1.9334458112716675 1.2105470895767212
vt 0.6134258508682251 1.2105470895767212
vt 0.38657411932945251 -1.9334458112716675
vt -2.2058188915252686 1.2105470895767212
vt 0.38657411932945251 -2.2058188915252686
vt 0.6134258508682251 -2.4781920909881592
vt 0.38657411932945251 -2.4781920909881592
vt 0.6134258508682251 -2.4781920909881592
vt 0.38657411932945251 0
vt 0.38657411932945251 -2.4781920909881592
vt -2.4781920909881592 0.72632825374603271
vt 0.38657411932945251 0.72632825374603271
vt -2.4781920909881592 1.2105470895767212
vt 0.38657411932945251 -2.4781920909881592
vt 0.38657411932945251 1.2105470895767212
vt 0.62868356704711914 -0.78342598676681519
vt 0.37131643295288086 0.72632825374603271
vt 0.62868356704711914 -2.4781920909881592
vt 0.62868356704711914 0.72632825374603271
vt 0.63955956697463989 -0.78342598676681519
vt 0.36044043302536011 0.72583860158920288
vt 0.63955956697463989 -2.4781920909881592
vt 0.63955956697463989 0.72583860158920288
vt 0.65071260929107666 -0.78342598676681519
vt 0.34928736090660095 0.7243073582649231
vt 0.65071260929107666 -2.4781920909881592
vt 0.65071260929107666 0.7243073582649231
vt 0.66199129819869995 -0.78342598676681519
vt 0.33800867199897766 0.72165542840957642
vt 0.66199129819869995 -2.4781920909881592
vt 0.66199129819869995 0.72165542840957642
vt 0.67324411869049072 -0.78342598676681519
vt 0.32675585150718689 0.71782881021499634
vt 0.67324411869049072 -2.4781920909881592
vt 0.67324411869049072 0.71782881021499634
vt 0.68428272008895874 -0.78342598676681519
vt 0.31571727991104126 0.71280455589294434
vt 0.68428272008895874 -2.4781920909881592
vt 0.68428272008895874 0.71280455589294434
vt 0.69492596387863159 -0.78342598676681519
vt 0.30507403612136841 0.70659583806991577
vt 0.69492596387863159 -2.4781920909881592
vt 0.69492596387863159 0.70659583806991577
vt 0.70498555898666382 -0.78342598676681519
vt 0.29501447081565857 0.69925475120544434
vt 0.70498555898666382 -2.4781920909881592
vt 0.70498555898666382 0.69925475120544434
vt -0.78342598676681519 0.69087213277816772
vt 0.28571590781211853 0.69087213277816772
vt -2.4781920909881592 0.69087213277816772
vt 0.71428406238555908 0.69087213277816772
vt -0.78342598676681519 0.68157410621643066
vt 0.27733355760574341 0.68157410621643066
vt -2.4781920909881592 0.68157410621643066
vt 0.72266644239425659 0.68157410621643066
vt -0.78342598676681519 0.67151588201522827
vt 0.26999297738075256 0.67151588201522827
vt -2.4781920909881592 0.67151588201522827
vt 0.73000699281692505 0.67151588201522827
vt -0.78342598676681519 0.66087335348129272
vt 0.26378652453422546 0.66087335348129272
vt -2.4781920909881592 0.66087335348129272
vt 0.73621350526809692 0.66087335348129272
vt -0.78342598676681519 0.64983320236206055
vt 0.25876224040985107 0.64983320236206055
vt -2.4781920909881592 0.64983320236206055
vt 0.74123775959014893 0.64983320236206055
vt -0.78342598676681519 0.63858276605606079
vt 0.25493496656417847 0.63858276605606079
vt -2.4781920909881592 0.63858276605606079
vt 0.74506503343582153 0.63858276605606079
vt -0.78342598676681519 0.62730103731155396
vt 0.25228247046470642 0.62730103731155396
vt -2.4781920909881592 0.62730103731155396
vt 0.74771755933761597 0.62730103731155396
vt -0.78342598676681519 0.61615085601806641
vt 0.25074934959411621 0.61615085601806641
vt -2.4781920909881592 0.61615085601806641
vt 0.74925065040588379 0.61615085601806641
vt -0.78342598676681519 0.36316412687301636
vt 0.74973833560943604 -0.78342598676681519
vt 0.25026169419288635 0.36316412687301636
vt -0.78342598676681519 0.6052735447883606
vt 0.25026169419288635 0.6052735447883606
vt -1.63080894947052 0.36316412687301636
vt 0.74973833560943604 -1.63080894947052
vt -2.4781920909881592 0.36316412687301636
vt 0.74973833560943604 -2.4781920909881592
vt 0.74973833560943604 0.36316412687301636
vt -2.4781920909881592 0.6052735447883606
vt 0.74973833560943604 0.6052735447883606
vt 0.99184775352478027 -0.78342598676681519
vt 0.0081522455438971519 0.36316412687301636
vt 0.99184775352478027 -2.4781920909881592
vt 0.99184775352478027 0.36316412687301636
vt 1.0027236938476562 -0.78342598676681519
vt -0.0027237287722527981 0.36267447471618652
vt 1.0027236938476562 -2.4781920909881592
vt 1.0027236938476562 0.36267447471618652
vt 1.0138767957687378 -0.78342598676681519
vt -0.013876804150640965 0.36114317178726196
vt 1.0138767957687378 -2.4781920909881592
vt 1.0138767957687378 0.36114317178726196
vt 1.0251555442810059 -0.78342598676681519
vt -0.025155523791909218 0.35849127173423767
vt 1.0251555442810059 -2.4781920909881592
vt 1.0251555442810059 0.35849127173423767
vt 1.0364083051681519 -0.78342598676681519
vt -0.036408308893442154 0.35466471314430237
vt 1.0364083051681519 -2.4781920909881592
vt 1.0364083051681519 0.35466471314430237
vt 1.0474468469619751 -0.78342598676681519
vt -0.047446846961975098 0.3496403694152832
vt 1.0474468469619751 -2.4781920909881592
vt 1.0474468469619751 0.3496403694152832
vt 1.0580900907516479 -0.78342598676681519
vt -0.058090142905712128 0.34343168139457703
vt 1.0580900907516479 -2.4781920909881592
vt 1.0580900907516479 0.34343168139457703
vt 1.0681496858596802 -0.78342598676681519
vt -0.06814970076084137 0.33609062433242798
vt 1.0681496858596802 -2.4781920909881592
vt 1.0681496858596802 0.33609062433242798
vt -0.78342598676681519 0.32770806550979614
vt -0.077448256313800812 0.32770806550979614
vt -2.4781920909881592 0.32770806550979614
vt 1.0774482488632202 0.32770806550979614
vt -0.78342598676681519 0.31840997934341431
vt -0.085830561816692352 0.31840997934341431
vt -2.4781920909881592 0.31840997934341431
vt 1.0858305692672729 0.31840997934341431
vt -0.78342598676681519 0.30835175514221191
vt -0.093171156942844391 0.30835175514221191
vt -2.4781920909881592 0.30835175514221191
vt 1.0931711196899414 0.30835175514221191
vt -0.78342598676681519 0.29770919680595398
vt -0.099377594888210297 0.29770919680595398
vt -2.4781920909881592 0.29770919680595398
vt 1.0993776321411133 0.29770919680595398
vt -0.78342598676681519 0.28666901588439941
vt -0.10440178960561752 0.28666901588439941
vt -2.4781920909881592 0.28666901588439941
vt 1.1044018268585205 0.28666901588439941
vt -0.78342598676681519 0.27541860938072205
vt -0.10822910070419312 0.27541860938072205
vt -2.4781920909881592 0.27541860938072205
vt 1.1082290410995483 0.27541860938072205
vt -0.78342598676681519 0.2641369104385376
vt -0.11088160425424576 0.2641369104385376
vt -2.4781920909881592 0.2641369104385376
vt 1.1108815670013428 0.2641369104385376
vt -0.78342598676681519 0.25298672914505005
vt -0.11241472512483597 0.25298672914505005
vt -2.4781920909881592 0.25298672914505005
vt 1.1124147176742554 0.25298672914505005
vt -0.78342598676681519 0
vt -0.11290241777896881 0
vt -0.11290241777896881 -0.78342598676681519
vt -0.78342598676681519 0.24210943281650543
vt -0.11290241777896881 0.24210943281650543
vt -1.63080894947052 0
vt -0.11290241777896881 -1.63080894947052
vt -0.11290241777896881 -1.63080894947052
vt -0.11290241777896881 -1.63080894947052
vt -2.4781920909881592 0
vt -0.11290241777896881 -2.4781920909881592
vt 1.1129024028778076 0
vt -2.4781920909881592 0.24210943281650543
vt 1.1129024028778076 0.24210943281650543
vt 0.71428406238555908 -0.78342598676681519
vt 0.71428406238555908 -2.4781920909881592
vt 1.0774482488632202 -0.78342598676681519
vt 1.0774482488632202 -2.4781920909881592
vt -0.023023622110486031 -0.78342598676681519
vt -0.023023622110486031 -2.4781920909881592
vn 0 1 0
vn 0 0 1
vn 0 -1 0
vn 0 1 0
vn 0 -1 0
vn 0 1 0
vn 0 -1 0
vn 0 0 -1
vn -0.044580243527889252 0.99900579452514648 0
vn 0 0 1
vn -0.044580243527889252 0.99900579452514648 0
vn 0 0 -1
vn -0.089854449033737183 0.99595493078231812 0
vn 0 0 1
vn -0.089854449033737183 0.99595493078231812 0
vn 0 0 -1
vn -0.13569539785385132 0.99075061082839966 0
vn 0 0 1
vn -0.13569539785385132 0.99075061082839966 0
vn 0 0 -1
vn -0.18196305632591248 0.98330539464950562 0
vn 0 0 1
vn -0.18196305632591248 0.98330539464950562 0
vn 0 0 -1
vn -0.22850514948368073 0.97354269027709961 0
vn 0 0 1
vn -0.22850514948368073 0.97354269027709961 0
vn 0 0 -1
vn -0.27515822649002075 0.96139895915985107 0
vn 0 0 1
vn -0.27515822649002075 0.96139895915985107 0
vn 0 0 -1
vn -0.32174870371818542 0.94682508707046509 0
vn 0 0 1
vn -0.32174870371818542 0.94682508707046509 0
vn 0 0 -1
vn -0.36809474229812622 0.92978829145431519 0
vn 0 0 1
vn -0.36809474229812622 0.92978829145431519 0
vn 0 0 -1
vn -0.41400769352912903 0.91027337312698364 0
vn 0 0 1
vn -0.41400769352912903 0.91027337312698364 0
vn 0 0 -1
vn -0.45929461717605591 0.88828402757644653 0
vn 0 0 1
vn -0.45929461717605591 0.88828402757644653 0
vn 0 0 -1
vn -0.48164227604866028 0.87636792659759521 0
vn 0 0 1
vn -0.48164227604866028 0.87636792659759521 0
vn 0 0 -1
vn -0.50376021862030029 0.86384350061416626 0
vn 0 0 1
vn -0.50376021862030029 0.86384350061416626 0
vn 0 0 -1
vn -0.52562409639358521 0.85071694850921631 0
vn 0 0 1
vn -0.52562409639358521 0.85071694850921631 0
vn 0 0 -1
vn -0.54720973968505859 0.83699548244476318 0
vn 0 0 1
vn -0.54720973968505859 0.83699548244476318 0
vn 0 0 -1
vn -0.5684933066368103 0.82268792390823364 0
vn 0 0 1
vn -0.5684933066368103 0.82268792390823364 0
vn 0 0 -1
vn -0.58945119380950928 0.80780398845672607 0
vn 0 0 1
vn -0.58945119380950928 0.80780398845672607 0
vn 0 0 -1
vn -0.61006027460098267 0.7923550009727478 0
vn 0 0 1
vn -0.61006027460098267 0.7923550009727478 0
vn 0 0 -1
vn -0.63029813766479492 0.77635318040847778 0
vn 0 0 1
vn -0.63029813766479492 0.77635318040847778 0
vn 0 0 -1
vn -0.6501426100730896 0.75981217622756958 0
vn 0 0 1
vn -0.6501426100730896 0.75981217622756958 0
vn 0 0 -1
vn -0.66957247257232666 0.74274671077728271 0
vn 0 0 1
vn -0.66957247257232666 0.74274671077728271 0
vn 0 0 -1
vn -0.68856710195541382 0.72517263889312744 0
vn 0 0 1
vn -0.68856710195541382 0.72517263889312744 0
vn 0 0 -1
vn -0.70710676908493042 0.70710676908493042 0
vn 0 0 1
vn -0.70710676908493042 0.70710676908493042 0
vn 0 0 -1
vn -0.72517263889312744 0.68856710195541382 0
vn 0 0 1
vn -0.72517263889312744 0.68856710195541382 0
vn 0 0 -1
vn -0.74274671077728271 0.66957247257232666 0
vn 0 0 1
vn -0.74274671077728271 0.66957247257232666 0
vn 0 0 -1
vn -0.75981217622756958 0.6501426100730896 0
vn 0 0 1
vn -0.75981217622756958 0.6501426100730896 0
vn 0 0 -1
vn -0.77635318040847778 0.63029813766479492 0
vn 0 0 1
vn -0.77635318040847778 0.63029813766479492 0
vn 0 0 -1
vn -0.7923550009727478 0.61006027460098267 0
vn 0 0 1
vn -0.7923550009727478 0.61006027460098267 0
vn 0 0 -1
vn -0.80780398845672607 0.58945119380950928 0
vn 0 0 1
vn -0.80780398845672607 0.58945119380950928 0
vn 0 0 -1
vn -0.82268792390823364 0.5684933066368103 0
vn 0 0 1
vn -0.82268792390823364 0.5684933066368103 0
vn 0 0 -1
vn -0.83699548244476318 0.54720973968505859 0
vn 0 0 1
vn -0.83699548244476318 0.54720973968505859 0
vn 0 0 -1
vn -0.85071694850921631 0.52562409639358521 0
vn 0 0 1
vn -0.85071694850921631 0.52562409639358521 0
vn 0 0 -1
vn -0.86384350061416626 0.50376021862030029 0
vn 0 0 1
vn -0.86384350061416626 0.50376021862030029 0
vn 0 0 -1
vn -0.87636792659759521 0.48164227604866028 0
vn 0 0 1
vn -0.87636792659759521 0.48164227604866028 0
vn 0 0 -1
vn -0.88828402757644653 0.45929461717605591 0
vn 0 0 1
vn -0.88828402757644653 0.45929461717605591 0
vn 0 0 -1
vn -0.91027337312698364 0.41400769352912903 0
vn 0 0 1
vn -0.91027337312698364 0.41400769352912903 0
vn 0 0 -1
vn -0.92978829145431519 0.36809474229812622 0
vn 0 0 1
vn -0.92978829145431519 0.36809474229812622 0
vn 0 0 -1
vn -0.94682508707046509 0.32174870371818542 0
vn 0 0 1
vn -0.94682508707046509 0.32174870371818542 0
vn 0 0 -1
vn -0.96139895915985107 0.27515822649002075 0
vn 0 0 1
vn -0.96139895915985107 0.27515822649002075 0
vn 0 0 -1
vn -0.97354269027709961 0.22850514948368073 0
vn 0 0 1
vn -0.97354269027709961 0.22850514948368073 0
vn 0 0 -1
vn -0.98330539464950562 0.18196305632591248 0
vn 0 0 1
vn -0.98330539464950562 0.18196305632591248 0
vn 0 0 -1
vn -0.99075061082839966 0.13569539785385132 0
vn 0 0 1
vn -0.99075061082839966 0.13569539785385132 0
vn 0 0 -1
vn -0.99424362182617188 0.1071428656578064 0
vn 0 0 -1
vn 0 1 0
vn -0.99424362182617188 0.1071428656578064 0
vn 0 1 0
vn -0.99424362182617188 0.1071428656578064 0
vn 0 1 0
vn 0 0 1
vn -0.99595493078231812 0.089854449033737183 0
vn 0 0 1
vn -0.99595493078231812 0.089854449033737183 0
vn 0 0 -1
vn -0.99679368734359741 0.080014728009700775 0
vn 0 0 -1
vn -0.99679368734359741 0.080014728009700775 0
vn 0 0 1
vn -0.99858933687210083 0.053097344934940338 0
vn 0 0 -1
vn -0.99858933687210083 0.053097352385520935 0
vn 0 0 1
vn -0.99900579452514648 0.044580243527889252 0
vn 0 0 1
vn -0.99900579452514648 0.044580243527889252 0
vn 0 0 -1
vn -0.99965101480484009 0.026417415589094162 0
vn 0 0 -1
vn -0.99965101480484009 0.026417423039674759 0
vn 0 0 1
vn 0 0 1
vn 0 0 1
vn 0 1 0
vn 0 -1 0
vn 0 -1 0
vn -1 0 0
vn 0 0 1
vn -1 0 0
vn 0 0 1
vn 0 1 0
vn -1 0 0
vn 0 1 0
vn -1 0 0
vn 0 0 -1
vn -1 0 0
vn 0 0 -1
vn -1 0 0
vn 0 0 -1
vn 0 1 0
vn 0 -1 0
vn 0 1 0
vn 0 -1 0
vn 0 -1 0
vn -1 0 0
vn 0 0 1
vn -1 0 0
vn 0 0 1
vn -1 0 0
vn 0 0 1
vn 0 1 0
vn -1 0 0
vn 0 1 0
vn 0 -1 0
vn 0 1 0
vn 0 -1 0
vn 0 0 -1
vn -1 0 0
vn 0 0 -1
vn -1 0 0
vn 0 1 0
vn 0 0 -1
vn 0 0 1
vn 0 1 0
vn 0 -1 0
vn 0 -1 0
vn 0 -1 0
vn 0 -1 0
vn 0 1 0
vn 1 0 0
vn 0 0 1
vn 1 0 0
vn 0 0 1
vn 0 1 0
vn 1 0 0
vn 0 0 -1
vn 0 1 0
vn 1 0 0
vn 0 0 -1
vn 1 0 0
vn 0 0 -1
vn 0 1 0
vn 0 1 0
vn 0 -1 0
vn 0 1 0
vn 1 0 0
vn 1 0 0
vn 0 1 0
vn 1 0 0
vn 0 1 0
vn 0 0 1
vn 1 0 0
vn 0 0 1
vn 1 0 0
vn 0 0 1
vn 0 1 0
vn 1 0 0
vn 0 1 0
vn 0 -1 0
vn 0 1 0
vn 0 -1 0
vn 0 0 -1
vn 0 1 0
vn 1 0 0
vn 0 0 -1
vn 1 0 0
vn 0 1 0
vn 0 0 -1
vn 0 1 0
vn 0 0 1
vn 0 1 0
vn 0 0 -1
vn 0.089854449033737183 0.99595493078231812 0
vn 0 0 1
vn 0.089854449033737183 0.99595493078231812 0
vn 0 0 -1
vn 0.18196305632591248 0.98330539464950562 0
vn 0 0 1
vn 0.18196305632591248 0.98330539464950562 0
vn 0 0 -1
vn 0.27515822649002075 0.96139895915985107 0
vn 0 0 1
vn 0.27515822649002075 0.96139895915985107 0
vn 0 0 -1
vn 0.36809474229812622 0.92978829145431519 0
vn 0 0 1
vn 0.36809474229812622 0.92978829145431519 0
vn 0 0 -1
vn 0.45929461717605591 0.88828402757644653 0
vn 0 0 1
vn 0.45929461717605591 0.88828402757644653 0
vn 0 0 -1
vn 0.54720973968505859 0.83699548244476318 0
vn 0 0 1
vn 0.54720973968505859 0.83699548244476318 0
vn 0 0 -1
vn 0.63029813766479492 0.77635318040847778 0
vn 0 0 1
vn 0.63029813766479492 0.77635318040847778 0
vn 0 0 -1
vn 0.70710676908493042 0.70710676908493042 0
vn 0 0 1
vn 0.70710676908493042 0.70710676908493042 0
vn 0 0 -1
vn 0.77635318040847778 0.63029813766479492 0
vn 0 0 1
vn 0.77635318040847778 0.63029813766479492 0
vn 0 0 -1
vn 0.83699548244476318 0.54720973968505859 0
vn 0 0 1
vn 0.83699548244476318 0.54720973968505859 0
vn 0 0 -1
vn 0.88828402757644653 0.45929461717605591 0
vn 0 0 1
vn 0.88828402757644653 0.45929461717605591 0
vn 0 0 -1
vn 0.92978829145431519 0.36809474229812622 0
vn 0 0 1
vn 0.92978829145431519 0.36809474229812622 0
vn 0 0 -1
vn 0.96139895915985107 0.27515822649002075 0
vn 0 0 1
vn 0.96139895915985107 0.27515822649002075 0
vn 0 0 -1
vn 0.98330539464950562 0.18196305632591248 0
vn 0 0 1
vn 0.98330539464950562 0.18196305632591248 0
vn 0 0 -1
vn 0.99595493078231812 0.089854449033737183 0
vn 0 0 1
vn 0.99595493078231812 0.089854449033737183 0
vn 0 0 -1
vn 1 0 0
vn 0 1 0
vn 0 0 1
vn 1 0 0
vn 0 0 1
vn 1 0 0
vn 0 1 0
vn 1 0 0
vn 0 1 0
vn 0 0 -1
vn 1 0 0
vn 0 0 -1
vn 0 1 0
vn 0 0 1
vn 0 1 0
vn 0 0 -1
vn 0.089854449033737183 0.99595493078231812 0
vn 0 0 1
vn 0.089854449033737183 0.99595493078231812 0
vn 0 0 -1
vn 0.18196305632591248 0.98330539464950562 0
vn 0 0 1
vn 0.18196305632591248 0.98330539464950562 0
vn 0 0 -1
vn 0.27515822649002075 0.96139895915985107 0
vn 0 0 1
vn 0.27515822649002075 0.96139895915985107 0
vn 0 0 -1
vn 0.36809474229812622 0.92978829145431519 0
vn 0 0 1
vn 0.36809474229812622 0.92978829145431519 0
vn 0 0 -1
vn 0.45929461717605591 0.88828402757644653 0
vn 0 0 1
vn 0.45929461717605591 0.88828402757644653 0
vn 0 0 -1
vn 0.54720973968505859 0.83699548244476318 0
vn 0 0 1
vn 0.54720973968505859 0.83699548244476318 0
vn 0 0 -1
vn 0.63029813766479492 0.77635318040847778 0
vn 0 0 1
vn 0.63029813766479492 0.77635318040847778 0
vn 0 0 -1
vn 0.70710676908493042 0.70710676908493042 0
vn 0 0 1
vn 0.70710676908493042 0.70710676908493042 0
vn 0 0 -1
vn 0.77635318040847778 0.63029813766479492 0
vn 0 0 1
vn 0.77635318040847778 0.63029813766479492 0
vn 0 0 -1
vn 0.83699548244476318 0.54720973968505859 0
vn 0 0 1
vn 0.83699548244476318 0.54720973968505859 0
vn 0 0 -1
vn 0.88828402757644653 0.45929461717605591 0
vn 0 0 1
vn 0.88828402757644653 0.45929461717605591 0
vn 0 0 -1
vn 0.92978829145431519 0.36809474229812622 0
vn 0 0 1
vn 0.92978829145431519 0.36809474229812622 0
vn 0 0 -1
vn 0.96139895915985107 0.27515822649002075 0
vn 0 0 1
vn 0.96139895915985107 0.27515822649002075 0
vn 0 0 -1
vn 0.98330539464950562 0.18196305632591248 0
vn 0 0 1
vn 0.98330539464950562 0.18196305632591248 0
vn 0 0 -1
vn 0.99595493078231812 0.089854449033737183 0
vn 0 0 1
vn 0.99595493078231812 0.089854449033737183 0
vn 0 0 -1
vn 1 0 0
vn 0 0 1
vn 0 -1 0
vn 1 0 0
vn 0 0 1
vn 1 0 0
vn 0 -1 0
vn 0 -1 0
vn 0 -1 0
vn 1 0 0
vn 0 -1 0
vn 0 0 -1
vn 1 0 0
vn 0 0 -1
vn 0.70710676908493042 0.70710676908493042 0
vn 0.70710676908493042 0.70710676908493042 0
vn 0.70710676908493042 0.70710676908493042 0
vn 0.70710676908493042 0.70710676908493042 0
vn -0.70710676908493042 0.70710676908493042 0
vn -0.70710676908493042 0.70710676908493042 0
f 164/357/357 163/355/355 162/352/352
f 158/344/344 160/348/348 161/350/350 159/346/346
f 156/340/340 158/344/344 159/346/346 157/342/342
f 160/348/348 163/355/355 166/362/362 161/350/350
f 152/332/332 154/336/336 155/338/338 153/334/334
f 148/324/324 150/328/328 151/330/330 149/326/326
f 149/326/326 147/322/322 146/320/320 148/324/324
f 150/328/328 152/332/332 153/334/334 151/330/330
f 154/336/336 156/340/340 157/342/342 155/338/338
f 166/362/362 164/357/357 165/359/359
f 163/355/355 164/357/357 166/362/362
f 142/312/312 144/316/316 145/318/318 143/314/314
f 138/304/304 140/308/308 141/310/310 139/306/306
f 136/300/300 138/304/304 139/306/306 137/302/302
f 140/308/308 142/312/312 143/314/314 141/310/310
f 132/292/292 134/296/296 135/298/298 133/294/294
f 121/264/264 115/248/248 130/288/288
f 130/288/288 132/292/292 133/294/294 131/290/290
f 134/296/296 136/300/300 137/302/302 135/298/298
f 131/290/290 128/282/282 121/264/264 130/288/288
f 144/316/316 146/442/442 147/443/443 145/318/318
f 201/433/433 200/431/431 199/428/428
f 195/420/420 197/424/424 198/426/426 196/422/422
f 193/416/416 195/420/420 196/422/422 194/418/418
f 197/424/424 200/431/431 203/440/440 198/426/426
f 189/408/408 191/412/412 192/414/414 190/410/410
f 185/400/400 187/404/404 188/406/406 186/402/402
f 186/402/402 184/398/398 183/396/396 185/400/400
f 187/404/404 189/408/408 190/410/410 188/406/406
f 191/412/412 193/416/416 194/418/418 192/414/414
f 203/440/440 201/433/433 202/437/437
f 200/431/431 201/433/433 203/440/440
f 179/388/388 181/392/392 182/394/394 180/390/390
f 175/380/380 177/384/384 178/386/386 176/382/382
f 173/376/376 175/380/380 176/382/382 174/378/378
f 177/384/384 179/388/388 180/390/390 178/386/386
f 169/368/368 171/372/372 172/374/374 170/370/370
f 164/358/358 162/353/353 167/364/364
f 167/364/364 169/368/368 170/370/370 168/366/366
f 171/372/372 173/376/376 174/378/378 172/374/374
f 168/366/366 165/360/360 164/358/358 167/364/364
f 181/392/392 183/444/444 184/445/445 182/394/394
f 121/265/265 117/254/254 115/249/249
f 118/257/257 115/249/249 117/254/254
f 122/266/266 117/254/254 121/265/265
f 128/283/283 123/268/268 121/265/265
f 122/266/266 121/265/265 123/268/268
f 124/271/271 123/268/268 128/283/283
f 119/259/259 116/251/251 118/257/257
f 115/249/249 118/257/257 116/251/251
f 126/276/276 125/273/273 124/271/271
f 124/271/271 129/285/285 126/276/276
f 128/283/283 129/285/285 124/271/271
f 104/215/215 101/208/208 102/211/211
f 101/208/208 104/215/215 100/206/206
f 95/193/193 100/206/206 97/197/197
f 89/181/181 95/193/193 91/185/185
f 84/169/169 89/181/181 86/173/173
f 102/211/211 105/217/217 104/215/215
f 100/206/206 104/215/215 103/213/213
f 93/189/189 95/193/193 97/197/197
f 100/206/206 103/213/213 97/197/197
f 91/185/185 95/193/193 93/189/189
f 91/185/185 86/173/173 89/181/181
f 87/176/176 84/169/169 86/173/173
f 82/165/165 84/169/169 85/171/171 83/167/167
f 80/161/161 82/165/165 83/167/167 81/163/163
f 76/153/153 78/157/157 79/159/159 77/155/155
f 72/145/145 74/149/149 75/151/151 73/147/147
f 74/149/149 76/153/153 77/155/155 75/151/151
f 78/157/157 80/161/161 81/163/163 79/159/159
f 68/137/137 70/141/141 71/143/143 69/139/139
f 66/133/133 68/137/137 69/139/139 67/135/135
f 62/125/125 64/129/129 65/131/131 63/127/127
f 58/117/117 60/121/121 61/123/123 59/119/119
f 60/121/121 62/125/125 63/127/127 61/123/123
f 64/129/129 66/133/133 67/135/135 65/131/131
f 70/141/141 72/145/145 73/147/147 71/143/143
f 56/113/113 58/117/117 59/119/119 57/115/115
f 109/228/228 110/231/231 108/226/226
f 108/226/226 112/237/237 107/224/224
f 94/191/191 96/195/195 90/183/183 92/187/187
f 96/195/195 94/191/191 98/199/199
f 107/224/224 112/237/237 98/199/199
f 110/231/231 113/239/239 108/226/226
f 113/239/239 112/237/237 108/226/226
f 98/199/199 112/237/237 96/195/195
f 88/178/178 90/183/183 85/171/171
f 85/171/171 87/176/176 88/178/178
f 88/178/178 92/187/187 90/183/183
f 87/176/176 85/171/171 84/169/169
f 57/115/115 55/111/111 54/109/109 56/113/113
f 52/105/105 54/109/109 55/111/111 53/107/107
f 50/101/101 52/105/105 53/107/107 51/103/103
f 46/93/93 48/97/97 49/99/99 47/95/95
f 44/89/89 46/446/446 47/447/447 45/91/91
f 48/97/97 50/101/101 51/103/103 49/99/99
f 40/81/81 42/85/85 43/87/87 41/83/83
f 38/77/77 40/81/81 41/83/83 39/79/79
f 34/69/69 36/73/73 37/75/75 35/71/71
f 30/61/61 32/65/65 33/67/67 31/63/63
f 32/65/65 34/69/69 35/71/71 33/67/67
f 36/73/73 38/77/77 39/79/79 37/75/75
f 42/85/85 44/89/89 45/91/91 43/87/87
f 26/53/53 28/57/57 29/59/59 27/55/55
f 24/49/49 26/53/53 27/55/55 25/51/51
f 20/41/41 22/45/45 23/47/47 21/43/43
f 16/33/33 18/37/37 19/39/39 17/35/35
f 18/37/37 20/41/41 21/43/43 19/39/39
f 22/45/45 24/49/49 25/51/51 23/47/47
f 12/25/25 14/29/29 15/31/31 13/27/27
f 10/21/21 12/25/25 13/27/27 11/23/23
f 6/13/13 8/17/17 9/19/19 7/15/15
f 2/4/4 1/1/1 4/9/9
f 4/9/9 6/13/13 7/15/15 5/11/11
f 8/17/17 10/21/21 11/23/23 9/19/19
f 14/29/29 16/33/33 17/35/35 15/31/31
f 28/57/57 30/61/61 31/63/63 29/59/59
f 2/4/4 5/11/11 3/6/6
f 5/11/11 2/4/4 4/9/9
f 119/260/260 118/258/258 104/216/216 105/218/218
f 103/214/214 104/216/216 118/258/258
f 103/214/214 118/258/258 117/255/255
f 93/190/190 97/198/198 117/255/255
f 103/214/214 117/255/255 97/198/198
f 117/255/255 91/186/186 93/190/190
f 117/255/255 86/174/174 91/186/186
f 87/177/177 86/175/175 117/256/256 122/267/267
f 122/267/267 123/269/269 88/179/179 87/177/177
f 94/192/192 123/270/270 98/200/200
f 107/225/225 98/200/200 123/270/270
f 123/270/270 92/188/188 88/180/180
f 123/270/270 94/192/192 92/188/188
f 124/272/272 125/274/274 109/229/229 108/227/227
f 124/272/272 108/227/227 107/225/225
f 123/270/270 124/272/272 107/225/225
f 114/242/242 58/118/118 56/114/114
f 162/354/354 64/130/130 62/126/126
f 162/354/354 62/126/126 60/122/122
f 114/242/242 60/122/122 58/118/118
f 99/202/202 48/98/98 46/94/94
f 99/201/201 54/110/110 52/106/106
f 99/201/201 52/106/106 50/102/102
f 99/202/202 50/102/102 48/98/98
f 54/110/110 114/242/242 56/114/114
f 115/250/250 80/162/162 78/158/158
f 115/250/250 89/182/182 84/170/170
f 115/250/250 84/170/170 82/166/166
f 115/250/250 82/166/166 80/162/162
f 162/354/354 70/142/142 68/138/138
f 162/354/354 68/138/138 66/134/134
f 163/356/356 76/154/154 74/150/150
f 162/354/354 74/150/150 72/146/146
f 162/354/354 72/146/146 70/142/142
f 76/154/154 115/250/250 78/158/158
f 162/354/354 66/134/134 64/130/130
f 99/202/202 16/34/34 14/30/30
f 99/202/202 22/46/46 20/42/42
f 99/202/202 20/42/42 18/38/38
f 99/202/202 18/38/38 16/34/34
f 99/202/202 6/14/14 4/10/10
f 99/202/202 4/10/10 1/2/2
f 99/202/202 12/26/26 10/22/22
f 99/202/202 10/22/22 8/18/18
f 99/202/202 8/18/18 6/14/14
f 12/26/26 99/202/202 14/30/30
f 99/202/202 38/78/78 36/74/74
f 99/202/202 44/90/90 42/86/86
f 99/202/202 42/86/86 40/82/82
f 99/202/202 40/82/82 38/78/78
f 99/202/202 28/58/58 26/54/54
f 99/202/202 26/54/54 24/50/50
f 99/202/202 34/70/70 32/66/66
f 99/202/202 32/66/66 30/62/62
f 99/202/202 30/62/62 28/58/58
f 34/70/70 99/202/202 36/74/74
f 99/202/202 24/50/50 22/46/46
f 44/90/90 99/202/202 46/94/94
f 101/209/209 100/207/207 116/252/252
f 115/250/250 100/207/207 95/194/194
f 115/250/250 116/252/252 100/207/207
f 130/289/289 115/250/250 163/356/356
f 132/293/293 130/289/289 134/297/297
f 136/301/301 134/297/297 130/289/289
f 138/305/305 130/289/289 140/309/309
f 138/305/305 136/301/301 130/289/289
f 140/309/309 130/289/289 142/313/313
f 163/356/356 115/250/250 76/154/154
f 130/289/289 146/321/321 144/317/317
f 148/325/325 130/289/289 150/329/329
f 148/325/325 146/321/321 130/289/289
f 130/289/289 152/333/333 150/329/329
f 154/337/337 130/289/289 156/341/341
f 156/341/341 130/289/289 158/345/345
f 163/356/356 160/349/349 130/289/289
f 130/289/289 160/349/349 158/345/345
f 154/337/337 152/333/333 130/289/289
f 130/289/289 144/317/317 142/313/313
f 74/150/150 162/354/354 163/356/356
f 162/354/354 200/432/432 167/365/365
f 167/365/365 173/377/377 171/373/373
f 169/369/369 167/365/365 171/373/373
f 173/377/377 167/365/365 175/381/381
f 99/201/201 114/242/242 54/110/110
f 167/365/365 179/389/389 177/385/385
f 114/242/242 199/429/429 162/354/354
f 177/385/385 175/381/381 167/365/365
f 167/365/365 181/393/393 179/389/389
f 60/122/122 114/242/242 162/354/354
f 167/365/365 185/401/401 183/397/397
f 187/405/405 167/365/365 189/409/409
f 187/405/405 185/401/401 167/365/365
f 167/365/365 191/413/413 189/409/409
f 193/417/417 167/365/365 195/421/421
f 195/421/421 167/365/365 197/425/425
f 199/429/429 200/432/432 162/354/354
f 167/365/365 200/432/432 197/425/425
f 193/417/417 191/413/413 167/365/365
f 167/365/365 183/397/397 181/393/393
f 95/194/194 89/182/182 115/250/250
f 127/278/278 106/220/220 111/233/233
f 106/220/220 127/278/278 201/434/434
f 201/434/434 127/278/278 202/438/438
f 120/262/262 106/221/221 99/203/203 114/243/243
f 127/279/279 111/234/234 106/221/221 120/262/262
f 2/5/5 99/204/204 1/3/3
f 2/5/5 3/7/7 111/235/235
f 111/235/235 99/204/204 2/5/5
f 111/235/235 120/263/263 114/244/244 99/204/204
f 120/263/263 111/235/235 127/280/280
f 126/277/277 110/232/232 109/230/230 125/275/275
f 129/286/286 113/240/240 110/232/232 126/277/277
f 127/281/281 57/116/116 59/120/120
f 165/361/361 63/128/128 65/132/132
f 165/361/361 61/124/124 63/128/128
f 127/281/281 59/120/120 61/124/124
f 111/236/236 47/96/96 49/100/100
f 111/236/236 53/108/108 55/112/112
f 111/236/236 51/104/104 53/108/108
f 111/236/236 49/100/100 51/104/104
f 55/112/112 57/116/116 127/281/281
f 128/284/284 79/160/160 81/164/164
f 128/284/284 85/172/172 90/184/184
f 128/284/284 83/168/168 85/172/172
f 128/284/284 81/164/164 83/168/168
f 165/361/361 69/140/140 71/144/144
f 165/361/361 67/136/136 69/140/140
f 166/363/363 75/152/152 77/156/156
f 165/361/361 73/148/148 75/152/152
f 165/361/361 71/144/144 73/148/148
f 77/156/156 79/160/160 128/284/284
f 165/361/361 65/132/132 67/136/136
f 111/236/236 15/32/32 17/36/36
f 111/236/236 21/44/44 23/48/48
f 111/236/236 19/40/40 21/44/44
f 111/236/236 17/36/36 19/40/40
f 111/236/236 5/12/12 7/16/16
f 111/236/236 3/8/8 5/12/12
f 111/236/236 11/24/24 13/28/28
f 111/236/236 9/20/20 11/24/24
f 111/236/236 7/16/16 9/20/20
f 13/28/28 15/32/32 111/236/236
f 111/236/236 37/76/76 39/80/80
f 111/236/236 43/88/88 45/92/92
f 111/236/236 41/84/84 43/88/88
f 111/236/236 39/80/80 41/84/84
f 111/236/236 27/56/56 29/60/60
f 111/236/236 25/52/52 27/56/56
f 111/236/236 33/68/68 35/72/72
f 111/236/236 31/64/64 33/68/68
f 111/236/236 29/60/60 31/64/64
f 35/72/72 37/76/76 111/236/236
f 111/236/236 23/48/48 25/52/52
f 45/92/92 47/96/96 111/236/236
f 113/241/241 129/287/287 112/238/238
f 128/284/284 96/196/196 112/238/238
f 128/284/284 112/238/238 129/287/287
f 131/291/291 166/363/363 128/284/284
f 131/291/291 133/295/295 135/299/299
f 137/303/303 139/307/307 131/291/291
f 137/303/303 131/291/291 135/299/299
f 139/307/307 141/311/311 131/291/291
f 166/363/363 77/156/156 128/284/284
f 131/291/291 143/315/315 145/319/319
f 147/323/323 149/327/327 131/291/291
f 147/323/323 131/291/291 145/319/319
f 131/291/291 149/327/327 151/331/331
f 153/335/335 155/339/339 131/291/291
f 155/339/339 157/343/343 131/291/291
f 161/351/351 131/291/291 159/347/347
f 131/291/291 157/343/343 159/347/347
f 153/335/335 131/291/291 151/331/331
f 131/291/291 141/311/311 143/315/315
f 161/351/351 166/363/363 131/291/291
f 127/281/281 61/124/124 165/361/361
f 172/375/375 168/367/367 170/371/371
f 168/367/367 203/441/441 165/361/361
f 172/375/375 174/379/379 168/367/367
f 55/112/112 127/281/281 111/236/236
f 174/379/379 176/383/383 168/367/367
f 202/439/439 127/281/281 165/361/361
f 178/387/387 180/391/391 168/367/367
f 178/387/387 168/367/367 176/383/383
f 168/367/367 180/391/391 182/395/395
f 165/361/361 75/152/152 166/363/363
f 168/367/367 184/399/399 186/403/403
f 188/407/407 190/411/411 168/367/367
f 188/407/407 168/367/367 186/403/403
f 168/367/367 190/411/411 192/415/415
f 194/419/419 196/423/423 168/367/367
f 196/423/423 198/427/427 168/367/367
f 202/439/439 165/361/361 203/441/441
f 168/367/367 198/427/427 203/441/441
f 194/419/419 168/367/367 192/415/415
f 168/367/367 182/395/395 184/399/399
f 96/196/196 128/284/284 90/184/184
f 102/212/212 101/210/210 116/253/253
f 105/219/219 102/212/212 119/261/261
f 116/253/253 119/261/261 102/212/212
f 106/222/222 201/435/435 114/245/245
f 106/223/223 114/246/246 99/205/205
f 201/436/436 199/430/430 114/247/247
v 0.22310709953308105 1.5729410648345947 -2.1665139198303223
v 0.17764055728912354 1.2790422439575195 -2.2314321994781494
v 0.093676969408988953 1.6287919282913208 -2.3284997940063477
v -0.36117321252822876 2.5758521556854248 -2.3666391372680664
v -0.28956153988838196 2.4813697338104248 -2.4569253921508789
v -0.36419355869293213 2.3883950710296631 -2.407090425491333
v -0.071258775889873505 1.9139962196350098 -1.8084044456481934
v 0.0041696992702782154 1.4110130071640015 -1.8742974996566772
v 0.044340446591377258 1.8280793428421021 -1.8126983642578125
v -0.075404800474643707 1.0633150339126587 -2.3105533123016357
v -0.06896517425775528 1.4020998477935791 -2.3791580200195312
v 0.020918723195791245 1.2742116451263428 -2.2890582084655762
v -0.078216031193733215 3.0253565311431885 -2.3161871433258057
v -0.17300990223884583 3.0689609050750732 -2.3282773494720459
v -0.11700183898210526 3.144787073135376 -2.249640941619873
v -0.083380930125713348 2.0291719436645508 -1.8161776065826416
v -0.038195803761482239 2.3468255996704102 -1.7862293720245361
v -0.16031666100025177 2.2563753128051758 -1.8279789686203003
v -0.038137719035148621 1.064561128616333 -2.2273828983306885
v -0.0083886953070759773 1.2536287307739258 -2.1687624454498291
v -0.16984988749027252 1.3000469207763672 -2.3644058704376221
v -0.29540422558784485 1.6914201974868774 -1.9392505884170532
v -0.24297557771205902 2.2597436904907227 -1.8822060823440552
v -0.37871986627578735 2.1369199752807617 -2.0241405963897705
v -0.34410902857780457 1.4970314502716064 -2.0593922138214111
v -0.40156084299087524 1.6156951189041138 -2.1370458602905273
v -0.31061166524887085 1.295505166053772 -2.1601309776306152
v 0.31060138344764709 0.87922549247741699 -2.0210597515106201
v 0.27014753222465515 1.3837770223617554 -1.9863195419311523
v 0.20484353601932526 1.3676834106445312 -1.9112639427185059
v 0.049747385084629059 1.0955468416213989 -2.0532944202423096
v -0.039273053407669067 1.270750880241394 -2.0150768756866455
v 0.077508695423603058 1.262282133102417 -2.2304487228393555
v 0.18322841823101044 2.4796757698059082 -2.0729155540466309
v 0.16967956721782684 2.5962553024291992 -1.9466073513031006
v 0.31348511576652527 2.3244078159332275 -2.0367586612701416
v 0.32372432947158813 0.99112081527709961 -2.1110851764678955
v 0.29227977991104126 1.3930323123931885 -2.0742466449737549
v 0.055611036717891693 2.3162291049957275 -2.4011926651000977
v 0.23032836616039276 2.4007649421691895 -2.1032781600952148
v 0.21474426984786987 2.1955456733703613 -2.1944751739501953
v -0.24209579825401306 2.6417765617370605 -2.3165738582611084
v -0.02706451527774334 1.1648393869400024 -2.1542208194732666
v -0.037208665162324905 0.68694078922271729 -2.0783803462982178
v -0.3553793728351593 1.509101390838623 -2.2495110034942627
v -0.25779989361763 0.97369539737701416 -2.1808264255523682
v 0.18829458951950073 0.089947454631328583 -2.0806100368499756
v 0.12187726050615311 0.40054976940155029 -2.1038823127746582
v 0.24759337306022644 0.18461640179157257 -2.1286411285400391
v 0.26143097877502441 0.98950159549713135 -2.1805498600006104
v 0.17176006734371185 0.93983829021453857 -1.916071891784668
v 0.11992381513118744 1.3400170803070068 -1.8646235466003418
v 0.084767743945121765 1.0183494091033936 -1.9570670127868652
v 0.084450624883174896 0.42264667153358459 -2.0230240821838379
v 0.080489166080951691 0.81512725353240967 -2.0500149726867676
v 0.10773064941167831 0.70226597785949707 -2.1371688842773438
v 0.081535913050174713 2.6744289398193359 -1.8633794784545898
v 0.096719861030578613 2.5621821880340576 -1.8058209419250488
v 0.15094472467899323 2.4579031467437744 -1.8144294023513794
v -0.080729678273200989 2.8288416862487793 -1.9744079113006592
v 0.0056034573353827 2.7363708019256592 -1.9767066240310669
v -0.0216837078332901 2.9364047050476074 -2.0221264362335205
v -0.19475740194320679 2.7823295593261719 -1.9855121374130249
v -0.19913086295127869 2.8911635875701904 -1.9964926242828369
v -0.27266514301300049 2.8681855201721191 -2.0513603687286377
v -0.38084852695465088 3.0172476768493652 -2.1292581558227539
v -0.36044332385063171 2.9216804504394531 -2.1140196323394775
v -0.31341835856437683 2.9455633163452148 -2.0353074073791504
v 0.027676748111844063 2.9221494197845459 -2.2805218696594238
v -0.12204678356647491 2.7715387344360352 -2.3174033164978027
v -0.16018500924110413 2.9374709129333496 -2.3194954395294189
v -0.25292369723320007 2.8827106952667236 -2.2891275882720947
v -0.21717122197151184 2.7079200744628906 -2.3040840625762939
v -0.2766672670841217 2.7873561382293701 -2.2248075008392334
v -0.13497331738471985 0.79872643947601318 -1.9776320457458496
v -0.12622596323490143 0.48073774576187134 -1.9659976959228516
v -0.061909295618534088 0.58630383014678955 -2.000298023223877
v -0.20868372917175293 0.1512816995382309 -2.0800366401672363
v -0.18463979661464691 0.03126193955540657 -2.0918185710906982
v -0.18018521368503571 0.022243911400437355 -2.0124127864837646
v -0.31696155667304993 1.9151819944381714 -2.330272912979126
v -0.34365633130073547 2.2292020320892334 -2.2944080829620361
v -0.23787815868854523 2.187690258026123 -2.3792374134063721
v -0.27600327134132385 1.3030061721801758 -2.0792403221130371
v -0.28524243831634521 1.5778963565826416 -1.9547581672668457
v -0.15895143151283264 1.4023044109344482 -1.9651083946228027
v 0.19975936412811279 2.1148757934570312 -2.1415214538574219
v 0.11572005599737167 2.1345815658569336 -2.268047571182251
v 0.21286571025848389 2.1538643836975098 -1.9040423631668091
v 0.10830477625131607 2.1220269203186035 -1.8872419595718384
v 0.20393559336662292 2.1026241779327393 -2.0648252964019775
v 0.024493170902132988 2.1703436374664307 -2.3973376750946045
v -0.25247848033905029 2.3245165348052979 -2.4949636459350586
v -0.2682090699672699 2.2413289546966553 -2.4437909126281738
v 0.0072791315615177155 2.029019832611084 -1.8224413394927979
v 0.18584120273590088 2.2380118370056152 -1.8455736637115479
v 0.10394682735204697 2.3313772678375244 -1.789629340171814
v 0.03960157185792923 2.2373256683349609 -1.8160746097564697
v -0.16435131430625916 0.10258416086435318 -2.1844193935394287
v -0.10667023062705994 0.16895964741706848 -2.1865663528442383
v -0.13217620551586151 0.061522588133811951 -2.2992000579833984
v -0.033271290361881256 0.17225906252861023 -2.1629579067230225
v -0.019531166180968285 0.12918207049369812 -2.0957958698272705
v -0.0064409961923956871 0.044313244521617889 -2.2002909183502197
v 0.29603829979896545 0.09916328638792038 -2.1016013622283936
v 0.40364706516265869 -0.0021366761066019535 -2.0249803066253662
v 0.14689818024635315 0.0087105222046375275 -2.0105545520782471
v 0.24429941177368164 0.1602347195148468 -1.8973985910415649
v 0.15666000545024872 0.034052807837724686 -1.9395905733108521
v 0.33085551857948303 0.035684451460838318 -1.9345982074737549
v -0.42921581864356995 2.3676967620849609 -2.1263713836669922
v -0.38985195755958557 2.599017858505249 -2.0863754749298096
v -0.4057948887348175 2.6203184127807617 -2.1919660568237305
v -0.18535085022449493 2.5501277446746826 -1.866527795791626
v -0.059027977287769318 2.608079195022583 -1.8162585496902466
v -0.27544814348220825 2.6824409961700439 -1.9840306043624878
v 0.33849230408668518 0.16149640083312988 -1.9613571166992188
v 0.25762608647346497 0.86376017332077026 -1.9484204053878784
v 0.13823913037776947 2.0185744762420654 -2.2235944271087646
v 0.089703239500522614 1.7273280620574951 -2.3339438438415527
v -0.23136220872402191 1.6972446441650391 -2.4061145782470703
v 0.004525382537394762 2.1006031036376953 -2.3583841323852539
v 0.0072621428407728672 1.6154342889785767 -2.381331205368042
v -0.07180381566286087 0.16410103440284729 -1.936455249786377
v -0.067916601896286011 0.01503190491348505 -2.002098560333252
v 0.050838269293308258 2.9085626602172852 -2.1689960956573486
v 0.034429434686899185 2.7983105182647705 -2.0544509887695312
v 0.056123126298189163 2.7569894790649414 -2.1212713718414307
v -0.073980838060379028 2.6959056854248047 -2.2807462215423584
v 0.053621910512447357 2.8254721164703369 -2.2301230430603027
v -0.14678046107292175 0.85615080595016479 -2.2587153911590576
v -0.21731577813625336 0.86178135871887207 -2.2254717350006104
v -0.015077185817062855 0.26563656330108643 -2.1199567317962646
v -0.076932162046432495 0.26564010977745056 -2.1589512825012207
v -0.065903633832931519 0.46459844708442688 -2.1781182289123535
v -0.26266682147979736 0.56182593107223511 -2.1138596534729004
v -0.22600097954273224 0.26017987728118896 -1.9999818801879883
v -0.26367822289466858 0.78045690059661865 -2.0610802173614502
v -0.16433857381343842 0.27102765440940857 -1.9513944387435913
v -0.19909581542015076 0.48218908905982971 -1.9571243524551392
v 0.29113271832466125 0.29992112517356873 -2.1289267539978027
v 0.26017993688583374 0.68400126695632935 -2.1580657958984375
v 0.32347846031188965 0.68009912967681885 -2.0928997993469238
v 0.38870185613632202 0.18419903516769409 -2.0496377944946289
v 0.49051943421363831 0.08955131471157074 -2.0819277763366699
v -0.027307165786623955 3.061722993850708 -2.1143901348114014
v -0.33262744545936584 3.0446937084197998 -2.0452189445495605
v -0.30544257164001465 3.1274254322052002 -2.1034760475158691
v -0.35498282313346863 3.0910718441009521 -2.1674139499664307
v 0.098496243357658386 1.3306360244750977 -2.2720763683319092
v 0.021787434816360474 1.3999956846237183 -2.3419120311737061
v 0.18763208389282227 0.48496446013450623 -2.1621637344360352
v 0.0415826216340065 1.2027161121368408 -1.9215282201766968
v -0.36298090219497681 2.6626737117767334 -2.2806687355041504
v -0.29659581184387207 2.7179484367370605 -2.2283668518066406
v -0.2772318422794342 2.7828266620635986 -2.0571677684783936
v -0.33857366442680359 2.7048084735870361 -2.1471860408782959
v -0.19836027920246124 0.35219559073448181 -2.1430666446685791
v -0.13768726587295532 0.20253756642341614 -2.1564264297485352
v -0.3894539475440979 1.8085919618606567 -2.1304261684417725
v -0.38153102993965149 2.1168661117553711 -2.2134542465209961
v -0.35391333699226379 1.5991567373275757 -2.0327706336975098
v -0.13932101428508759 1.6914917230606079 -1.85003662109375
v -0.23350603878498077 0.99955159425735474 -2.0342071056365967
v -0.14585179090499878 0.89947956800460815 -2.0015554428100586
v -0.18198581039905548 1.1899288892745972 -2.0008039474487305
v -0.076204977929592133 2.4726073741912842 -2.3306231498718262
v 0.095019437372684479 2.536168098449707 -2.1198394298553467
v 0.0013080824865028262 2.3614242076873779 -2.3214340209960938
v 0.17570869624614716 2.0262346267700195 -2.0631277561187744
v 0.15447810292243958 2.0454504489898682 -1.9544491767883301
v 0.21147815883159637 1.7671487331390381 -1.9442007541656494
v 0.0087877847254276276 2.6442670822143555 -1.8165755271911621
v -0.053989443928003311 2.7522568702697754 -1.9436962604522705
v -0.13317933678627014 2.7211563587188721 -1.9301925897598267
v -0.1260267049074173 2.091667652130127 -2.3700473308563232
v -0.13085493445396423 2.2510817050933838 -2.5347762107849121
v -0.054696585983037949 2.1686468124389648 -2.4764819145202637
v -0.23037317395210266 3.1608936786651611 -2.2536630630493164
v -0.30126944184303284 3.1351604461669922 -2.2246403694152832
v -0.20305989682674408 3.1856355667114258 -2.1443145275115967
v -0.37368360161781311 2.9892828464508057 -2.1926887035369873
v -0.31397479772567749 2.9451448917388916 -2.2900791168212891
v 0.11760755628347397 0.63679724931716919 -1.9539250135421753
v -0.26519310474395752 1.4043402671813965 -2.3266842365264893
v -0.30463555455207825 1.5972326993942261 -2.3326563835144043
v 0.32469150424003601 2.2260973453521729 -2.040813684463501
v 0.28993028402328491 2.1458377838134766 -2.0175044536590576
v 0.26622769236564636 2.1409604549407959 -2.0909514427185059
v 0.20816990733146667 2.486095666885376 -1.8775759935379028
v -0.33964183926582336 2.5822889804840088 -1.9955718517303467
v 0.34670776128768921 0.20700997114181519 -2.0844242572784424
v 0.34730684757232666 0.29156666994094849 -2.0184826850891113
v 0.30226069688796997 0.38254988193511963 -1.9359551668167114
v 0.086651377379894257 1.0827314853668213 -2.1666288375854492
v 0.16599844396114349 1.0799868106842041 -2.2305529117584229
v -0.4030672013759613 2.2346768379211426 -2.2103431224822998
v -0.42436543107032776 2.4800949096679688 -2.2688083648681641
v -0.041969563812017441 2.3284902572631836 -2.503242015838623
v -0.16708317399024963 2.4188072681427002 -2.5095772743225098
v -0.15327292680740356 2.5108263492584229 -2.3820271492004395
v 0.15900713205337524 1.7441741228103638 -2.2546093463897705
v 0.25081950426101685 1.5857764482498169 -2.0735163688659668
v -0.22691169381141663 3.1456418037414551 -2.066840648651123
v -0.16674184799194336 3.0855717658996582 -1.9943058490753174
v -0.3193269670009613 2.855210542678833 -2.1319530010223389
v -0.30658847093582153 2.7841968536376953 -2.1320922374725342
v -0.10138976573944092 3.1607375144958496 -2.1372132301330566
v 0.06595928966999054 2.6450338363647461 -2.1075644493103027
v 0.059937808662652969 2.4510726928710938 -1.776802659034729
v 0.4628179669380188 0.10377504676580429 -1.9651353359222412
v -0.031520437449216843 0.67672228813171387 -2.1531329154968262
v -0.073936834931373596 0.89272654056549072 -2.0371377468109131
v 0.14303721487522125 0.24556800723075867 -1.9246934652328491
v 0.20239539444446564 0.46199676394462585 -1.9148666858673096
v -0.0084500443190336227 0.016403229907155037 -2.3320505619049072
v -0.031096525490283966 0.077636636793613434 -2.3741555213928223
v -0.07603880763053894 -0.0013937122421339154 -2.188960075378418
v -0.21129553020000458 1.307947039604187 -2.0077230930328369
v -0.094780117273330688 1.1852350234985352 -2.0493016242980957
v -0.1195157989859581 1.3145875930786133 -2.0043618679046631
v 0.32557693123817444 2.2359647750854492 -1.9576113224029541
v -0.074942871928215027 0.65325456857681274 -2.2161319255828857
v 0.15966451168060303 1.7565320730209351 -1.861041784286499
v 0.17256706953048706 1.5595524311065674 -1.8965182304382324
v 0.22966587543487549 1.579257607460022 -1.9729461669921875
v -0.11875573545694351 2.1626994609832764 -2.4034583568572998
v -0.064763978123664856 3.0468339920043945 -2.0422117710113525
v -0.079830162227153778 0.037317771464586258 -2.3836731910705566
v -0.26652073860168457 3.0709447860717773 -2.3194179534912109
v 0.098027929663658142 2.0359401702880859 -1.8792494535446167
v 0.010708711110055447 0.26881307363510132 -2.0580739974975586
v -0.07293575257062912 0.061371352523565292 -1.9378947019577026
v 0.17303825914859772 2.0231916904449463 -2.1432476043701172
v -0.22235269844532013 0.36307516694068909 -2.0764670372009277
v -0.14475014805793762 2.6107571125030518 -2.3357176780700684
v -0.092334918677806854 1.6085753440856934 -2.3981218338012695
v 0.11517346650362015 2.4349706172943115 -2.1373360157012939
v 0.093187712132930756 1.439350962638855 -1.8654197454452515
v 0.10053154081106186 2.6808831691741943 -1.9409385919570923
v 0.074711434543132782 2.6905579566955566 -2.0197858810424805
v 0.53861957788467407 0.081813715398311615 -1.9895240068435669
v 0.54517412185668945 0.012431672774255276 -1.9848324060440063
v 0.58717590570449829 0.02079269103705883 -2.0598108768463135
v 0.57917231321334839 0.07636338472366333 -2.0696132183074951
v 0.49744421243667603 0.028615426272153854 -2.1009089946746826
v -0.032158531248569489 3.0744726657867432 -2.2196455001831055
v -0.37414658069610596 1.6219894886016846 -2.2445878982543945
v -0.37236335873603821 1.9131708145141602 -2.2359657287597656
v 0.17201189696788788 1.179923415184021 -2.2269017696380615
v -0.14966443181037903 0.0032882983796298504 -1.9458620548248291
v -0.24442492425441742 2.9890859127044678 -2.330463171005249
v -0.16178220510482788 0.16171817481517792 -1.9360301494598389
v -0.32616162300109863 1.6999644041061401 -2.3579180240631104
vt -2.7398273944854736 0.80517393350601196
vt -2.7730584144592285 0.65472984313964844
vt -2.8227465152740479 0.8337634801864624
vt 0.06046178936958313 1.3185547590255737
vt 0.097119137644767761 1.2701901197433472
vt 0.058915700763463974 1.2225972414016724
vt 0.79113370180130005 0.97975689172744751
vt 0.75252258777618408 0.72228443622589111
vt 0.73195952177047729 0.93577682971954346
vt 0.206743985414505 0.54430109262466431
vt 0.2100403755903244 0.71772187948226929
vt 0.25605109333992004 0.65225708484649658
vt 0.20530495047569275 1.5486519336700439
vt 0.15678083896636963 1.5709725618362427
vt 0.18545085191726685 1.6097873449325562
vt 0.79733890295028687 1.0387142896652222
vt 0.77420908212661743 1.2013182640075684
vt 0.83672159910202026 1.155017614364624
vt -2.7709856033325195 0.54493898153305054
vt -2.8025565147399902 0.65225708484649658
vt -2.7409782409667969 0.64172089099884033
vt 0.2100403755903244 0.71772187948226929
vt 0.206743985414505 0.54430109262466431
vt 0.15839841961860657 0.66548192501068115
vt 3.6234934329986572 0.86582231521606445
vt 3.5942928791046143 1.1567418575286865
vt 3.6669478416442871 1.0938694477081299
vt 3.684992790222168 0.76631647348403931
vt 3.7247428894042969 0.82705932855606079
vt 3.7365598678588867 0.66315704584121704
vt -2.6653707027435303 0.45006737112998962
vt -2.6475875377655029 0.70834261178970337
vt -2.6091673374176025 0.70010441541671753
vt 3.6818714141845703 0.56080025434494019
vt 3.6623082160949707 0.6504855751991272
vt 3.772554874420166 0.64615052938461304
vt -2.6919152736663818 1.2693229913711548
vt -2.6272592544555664 1.3289990425109863
vt -2.6734068393707275 1.1898428201675415
vt -2.711453914642334 0.50734555721282959
vt -2.6925966739654541 0.71308028697967529
vt -2.6475875377655029 0.70834261178970337
vt -2.859957218170166 1.1856561899185181
vt -2.7074575424194336 1.2289292812347412
vt -2.7541403770446777 1.1238794326782227
vt 0.097119137644767761 1.2701901197433472
vt 0.06046178936958313 1.3185547590255737
vt 0.12141641229391098 1.3523008823394775
vt -2.733534574508667 0.59627044200897217
vt -2.6947126388549805 0.35163861513137817
vt -2.7709856033325195 0.54493898153305054
vt 3.7365598678588867 0.66315704584121704
vt 3.7823128700256348 0.77249497175216675
vt 3.7471537590026855 0.49842563271522522
vt 0.34172925353050232 0.046043265610933304
vt 0.30773085355758667 0.20503771305084229
vt 0.37208375334739685 0.094503425061702728
vt -2.7470121383666992 0.50651669502258301
vt -2.6925966739654541 0.71308028697967529
vt -2.711453914642334 0.50734555721282959
vt 0.66673463582992554 0.48109450936317444
vt 0.69326913356781006 0.68594229221343994
vt 0.71126514673233032 0.52128362655639648
vt 3.6663761138916016 0.21634890139102936
vt 3.6801927089691162 0.41725608706474304
vt 3.7248058319091797 0.35948342084884644
vt -2.5846555233001709 1.3690153360366821
vt -2.5551919937133789 1.3115572929382324
vt -2.559598445892334 1.2581777572631836
vt 0.795981764793396 1.4480577707290649
vt 0.75178861618041992 1.400722861289978
vt 0.76575666666030884 1.5031182765960693
vt 0.85435152053833008 1.4242486953735352
vt 0.85659021139144897 1.4799598455429077
vt 0.89423173666000366 1.4681975841522217
vt 3.7207565307617188 1.5445010662078857
vt 3.7129559516906738 1.4955811500549316
vt 3.6726639270782471 1.5078065395355225
vt 0.25951048731803894 1.4958211183547974
vt 0.18286839127540588 1.4187248945236206
vt 0.16334578394889832 1.5036641359329224
vt 3.8025920391082764 1.4756327867507935
vt 3.8102481365203857 1.3861591815948486
vt 3.769667387008667 1.4268217086791992
vt 0.82374858856201172 0.40886065363883972
vt 0.81927090883255005 0.24608518183231354
vt 0.78634780645370483 0.30012348294258118
vt 3.6955604553222656 0.077439695596694946
vt 3.7015914916992188 0.016002696007490158
vt 3.6609444618225098 0.011386451311409473
vt 0.083093322813510895 0.98036390542984009
vt 0.069428518414497375 1.1411077976226807
vt 0.12357538193464279 1.1198583841323853
vt 3.7365598678588867 0.66315704584121704
vt 3.7247428894042969 0.82705932855606079
vt 3.7823128700256348 0.77249497175216675
vt 3.7365598678588867 0.66315704584121704
vt 3.695152759552002 0.66699677705764771
vt 3.684992790222168 0.76631647348403931
vt 0.75252258777618408 0.72228443622589111
vt 0.90066993236541748 0.80771046876907349
vt 0.83602273464202881 0.71782660484313965
vt -2.7541403770446777 1.1238794326782227
vt -2.7270338535308838 1.082585334777832
vt -2.7918014526367188 1.0926724672317505
vt 0.64569300413131714 -2.6054706573486328
vt 0.69921678304672241 -2.5968706607818604
vt 0.65026426315307617 -2.6877739429473877
vt -2.7541403770446777 1.1238794326782227
vt -2.8579838275909424 1.1109787225723267
vt -2.859957218170166 1.1856561899185181
vt 3.8629763126373291 1.2225972414016724
vt 3.9079577922821045 1.1898984909057617
vt 3.8817627429962158 1.147315502166748
vt 0.77420908212661743 1.2013182640075684
vt 0.79733890295028687 1.0387142896652222
vt 0.75093090534210205 1.0386364459991455
vt 0.65952658653259277 1.1456174850463867
vt 0.70144760608673096 1.1934103965759277
vt 0.73438531160354614 1.1452662944793701
vt 3.748992919921875 0.052511878311634064
vt 3.7500920295715332 0.086488872766494751
vt 3.8077480792999268 0.031492840498685837
vt -2.7380070686340332 0.088177815079689026
vt -2.703627347946167 0.066127099096775055
vt -2.7571175098419189 0.022683538496494293
vt 0.39688226580619812 0.050760764628648758
vt 0.45196619629859924 -0.0010937446495518088
vt 0.32053881883621216 0.0044588353484869003
vt 0.62960237264633179 0.082022666931152344
vt 0.67446416616439819 0.017431316897273064
vt 0.58529514074325562 0.018266540020704269
vt 3.7192788124084473 1.2120020389556885
vt 3.6988053321838379 1.3304131031036377
vt 3.7528560161590576 1.3413166999816895
vt 0.84953635931015015 1.3053866624832153
vt 0.78487288951873779 1.3350515365600586
vt 0.89565634727478027 1.3731166124343872
vt 0.58529514074325562 0.018266540020704269
vt 0.58138591051101685 0.082668505609035492
vt 0.62960237264633179 0.082022666931152344
vt -2.6091673374176025 0.70010441541671753
vt -2.6281871795654297 0.44215080142021179
vt -2.6653707027435303 0.45006737112998962
vt -2.7690463066101074 1.0332895517349243
vt -2.8255331516265869 0.88420319557189941
vt -2.7918014526367188 1.0926724672317505
vt 0.12691083550453186 0.86880379915237427
vt 0.24765950441360474 1.0752792358398438
vt 0.24906042218208313 0.82692581415176392
vt 0.78634780645370483 0.30012348294258118
vt 0.81927090883255005 0.24608518183231354
vt 0.79141271114349365 0.084001794457435608
vt -2.7571175098419189 0.022683538496494293
vt -2.703627347946167 0.066127099096775055
vt -2.6556646823883057 0.007694692350924015
vt -2.7410979270935059 1.4888662099838257
vt -2.6659166812896729 1.5031182765960693
vt -2.6824634075164795 1.4324291944503784
vt -2.7166681289672852 1.4112772941589355
vt -2.7983016967773438 1.3800090551376343
vt -2.772388219833374 1.4463329315185547
vt 0.15839841961860657 0.66548192501068115
vt 0.1702074408531189 0.43825563788414001
vt 0.13410107791423798 0.4411378800868988
vt 0.23762513697147369 0.13597689568996429
vt 0.20596215128898621 0.13597869873046875
vt 0.21160754561424255 0.23782363533973694
vt 3.712874174118042 0.28759348392486572
vt 3.6545810699462891 0.13318365812301636
vt 3.685856819152832 0.39950865507125854
vt 0.87034481763839722 0.13318365812301636
vt 0.83878040313720703 0.1387365460395813
vt 0.85657227039337158 0.24682812392711639
vt -2.7205867767333984 0.15352684259414673
vt -2.7355027198791504 0.35013389587402344
vt -2.7021448612213135 0.34813642501831055
vt 0.39688226580619812 0.050760764628648758
vt 0.44431588053703308 0.094289779663085938
vt 0.49643534421920776 0.045840486884117126
vt -2.7131457328796387 1.5672675371170044
vt -2.6659166812896729 1.5031182765960693
vt -2.7410979270935059 1.4888662099838257
vt 3.6777374744415283 1.5585504770278931
vt 3.7075588703155518 1.6009000539779663
vt 3.7402880191802979 1.5822910070419312
vt 0.66372442245483398 -2.7730584144592285
vt 0.70423769950866699 -2.7938637733459473
vt 0.74350422620773315 -2.8296120166778564
vt 0.37852668762207031 0.35013389587402344
vt 0.3943711519241333 0.15352684259414673
vt 0.34139013290405273 0.24824880063533783
vt 0.73337125778198242 0.61565923690795898
vt 0.71126514673233032 0.52128362655639648
vt 0.69326913356781006 0.68594229221343994
vt 0.73337125778198242 0.61565923690795898
vt 0.75252258777618408 0.72228443622589111
vt 0.83602273464202881 0.71782660484313965
vt 0.12141641229391098 -2.8166415691375732
vt 0.059536449611186981 -2.7982621192932129
vt 0.093518361449241638 -2.7714893817901611
vt 3.6988053321838379 1.3304131031036377
vt 3.6838541030883789 1.4245030879974365
vt 3.729933500289917 1.3845663070678711
vt 0.14380422234535217 0.18028564751148224
vt 0.17486217617988586 0.10367710143327713
vt 0.13851973414421082 0.077439695596694946
vt 0.1702074408531189 0.43825563788414001
vt 0.20596215128898621 0.13597869873046875
vt 0.14380422234535217 0.18028564751148224
vt 3.7213542461395264 0.92580145597457886
vt 3.7192788124084473 1.2120020389556885
vt 3.7638556957244873 1.083604097366333
vt 3.7192788124084473 1.2120020389556885
vt 3.7213542461395264 0.92580145597457886
vt 3.67136549949646 0.81859350204467773
vt 0.9058716893196106 0.86582231521606445
vt 0.79113370180130005 0.97975689172744751
vt 0.83672159910202026 1.155017614364624
vt 0.75252258777618408 0.72228443622589111
vt 0.82597410678863525 0.86585891246795654
vt 0.90066993236541748 0.80771046876907349
vt 0.75895106792449951 -2.7409782409667969
vt 0.71498101949691772 -2.772554874420166
vt 0.77476048469543457 -2.6623082160949707
vt 0.87418657541275024 0.51166117191314697
vt 0.82931715250015259 0.46043524146080017
vt 0.84781384468078613 0.60911357402801514
vt -2.8238332271575928 1.2657047510147095
vt -2.7159349918365479 1.2982409000396729
vt -2.819129467010498 1.2087911367416382
vt -2.7983016967773438 1.3800090551376343
vt -2.7166681289672852 1.4112772941589355
vt -2.7159349918365479 1.2982409000396729
vt 0.79113370180130005 0.97975689172744751
vt 0.73195952177047729 0.93577682971954346
vt 0.75093090534210205 1.0386364459991455
vt -2.6869049072265625 1.0372107028961182
vt -2.6312732696533203 1.0470471382141113
vt -2.6260273456573486 0.9045870304107666
vt 0.24984139204025269 -2.560697078704834
vt 0.28708046674728394 -2.5846555233001709
vt 0.21770630776882172 -2.6257691383361816
vt 0.82283025979995728 1.3929346799850464
vt 0.89565634727478027 1.3731166124343872
vt 0.78487288951873779 1.3350515365600586
vt 0.12691083550453186 0.86880379915237427
vt 0.12357538193464279 1.1198583841323853
vt 0.18083110451698303 1.0707052946090698
vt 0.82164043188095093 -2.9283373355865479
vt 0.78265565633773804 -2.8984971046447754
vt 0.89195072650909424 -2.8817627429962158
vt 0.12741711735725403 -2.7844381332397461
vt 0.0911259725689888 -2.7695817947387695
vt 0.14139853417873383 -2.7284636497497559
vt 3.769667387008667 1.4268217086791992
vt 3.7532260417938232 1.5301861763000488
vt 3.8030791282653809 1.5075923204421997
vt 3.6801927089691162 0.41725608706474304
vt 3.6663761138916016 0.21634890139102936
vt 3.6310050487518311 0.32597059011459351
vt 0.67946118116378784 -2.6599931716918945
vt 0.58529514074325562 -2.6211118698120117
vt 0.67446416616439819 -2.6236674785614014
vt 0.12357538193464279 1.1198583841323853
vt 0.12691083550453186 0.86880379915237427
vt 0.083093322813510895 0.98036390542984009
vt 0.10959311574697495 0.71886873245239258
vt 0.08940289169549942 0.81760859489440918
vt 0.15839841961860657 0.66548192501068115
vt -2.6754825115203857 1.1395186185836792
vt -2.663550853729248 1.0984344482421875
vt -2.7011475563049316 1.0959377288818359
vt -2.5919227600097656 1.2726092338562012
vt -2.6734068393707275 1.1898428201675415
vt -2.6272592544555664 1.3289990425109863
vt 0.83672159910202026 1.155017614364624
vt 0.78487288951873779 1.3350515365600586
vt 0.84953635931015015 1.3053866624832153
vt 3.6523237228393555 1.3218497037887573
vt 3.6669478416442871 1.0938694477081299
vt 3.5942928791046143 1.1567418575286865
vt 0.4109286367893219 0.34813642501831055
vt 0.42281949520111084 0.1059664785861969
vt 0.3943711519241333 0.15352684259414673
vt -2.6640515327453613 0.14925026893615723
vt -2.6653707027435303 0.45006737112998962
vt -2.6218063831329346 0.19582372903823853
vt 3.7398862838745117 0.55424016714096069
vt 3.7248058319091797 0.35948342084884644
vt 3.6801927089691162 0.41725608706474304
vt 0.30048933625221252 0.35948342084884644
vt 0.28969904780387878 0.55424016714096069
vt 0.33031606674194336 0.55283522605895996
vt 3.7622630596160889 1.14391028881073
vt 3.7638556957244873 1.083604097366333
vt 3.7192788124084473 1.2120020389556885
vt 3.7192788124084473 1.2120020389556885
vt 3.7921910285949707 1.2695375680923462
vt 3.7622630596160889 1.14391028881073
vt 0.22385917603969574 -2.9121954441070557
vt 0.15981467068195343 -2.915438175201416
vt 0.16688401997089386 -2.8501465320587158
vt 0.17835958302021027 1.1523078680038452
vt 0.22385917603969574 1.1919325590133667
vt 0.21734432876110077 1.1101101636886597
vt -2.8255331516265869 0.88420319557189941
vt -2.7690463066101074 1.0332895517349243
vt -2.7849225997924805 0.89282655715942383
vt -2.6260273456573486 0.9045870304107666
vt -2.6922228336334229 0.81174421310424805
vt -2.6869049072265625 1.0372107028961182
vt 0.82931715250015259 0.46043524146080017
vt 0.87418657541275024 0.51166117191314697
vt 0.85657227039337158 0.24682812392711639
vt 3.685856819152832 0.39950865507125854
vt 3.6545810699462891 0.13318365812301636
vt 3.6326427459716797 0.24682812392711639
vt 0.69326913356781006 0.68594229221343994
vt 0.66673463582992554 0.48109450936317444
vt 0.62278062105178833 0.44215080142021179
vt 0.62960237264633179 0.082022666931152344
vt 0.58138591051101685 0.082668505609035492
vt 0.59993255138397217 0.19582372903823853
vt 0.91509294509887695 1.5078065395355225
vt 0.89423173666000366 1.4681975841522217
vt 0.85659021139144897 1.4799598455429077
vt 0.87081098556518555 1.6102248430252075
vt 0.92492592334747314 1.5585504770278931
vt 0.84001058340072632 1.5794755220413208
vt 3.7532260417938232 1.5301861763000488
vt 3.769667387008667 1.4268217086791992
vt 3.7221360206604004 1.4615557193756104
vt 3.7714893817901611 1.3912925720214844
vt 3.729933500289917 1.3845663070678711
vt 3.7222073078155518 1.4252045154571533
vt 0.18545085191726685 -2.7823793888092041
vt 0.12741711735725403 -2.7844381332397461
vt 0.14139853417873383 -2.7284636497497559
vt 0.15998940169811249 -2.6516757011413574
vt 0.19344252347946167 -2.7248284816741943
vt 0.12918901443481445 -2.6888055801391602
vt 0.24821135401725769 -2.6426668167114258
vt 0.21770630776882172 -2.6257691383361816
vt 0.28708046674728394 -2.5846555233001709
vt -2.6272592544555664 1.3289990425109863
vt -2.6919152736663818 1.2693229913711548
vt -2.7096517086029053 1.3539682626724243
vt 3.685856819152832 0.39950865507125854
vt 3.7471537590026855 0.49842563271522522
vt 3.712874174118042 0.28759348392486572
vt 0.14380422234535217 0.18028564751148224
vt 0.13410107791423798 0.4411378800868988
vt 0.1702074408531189 0.43825563788414001
vt 0.72397536039352417 1.2546813488006592
vt 0.67738980054855347 1.2581777572631836
vt 0.70514696836471558 1.3115572929382324
vt 0.77420908212661743 1.2013182640075684
vt 0.78487288951873779 1.3350515365600586
vt 0.83672159910202026 1.155017614364624
vt 0.58529514074325562 -2.6211118698120117
vt 0.67946118116378784 -2.6599931716918945
vt 0.54803383350372314 -2.6673777103424072
vt 0.48225522041320801 -2.6367435455322266
vt 0.49643534421920776 -2.696528434753418
vt 0.44431588053703308 -2.6799995899200439
vt 0.21160754561424255 0.23782363533973694
vt 0.22920797765254974 0.34640786051750183
vt 0.23762513697147369 0.13597689568996429
vt -2.6736009120941162 0.456978440284729
vt -2.654742956161499 0.30012348294258118
vt -2.6947126388549805 0.35163861513137817
vt 3.6160416603088379 0.12570397555828094
vt 3.6310050487518311 0.32597059011459351
vt 3.6663761138916016 0.21634890139102936
vt 0.69445478916168213 0.32597059011459351
vt 0.68143755197525024 0.12570397555828094
vt 0.65105265378952026 0.236491858959198
vt -2.8245639801025391 0.0083966609090566635
vt -2.8461172580718994 0.039741475135087967
vt -2.7380070686340332 0.088177815079689026
vt 0.78942286968231201 -2.6556646823883057
vt 0.79358053207397461 -2.7513172626495361
vt 0.75795406103134155 -2.7571175098419189
vt 0.86281722784042358 0.66952592134475708
vt 0.83602273464202881 0.71782660484313965
vt 0.90066993236541748 0.80771046876907349
vt 0.84781384468078613 0.60911357402801514
vt 0.80317407846450806 0.60671079158782959
vt 0.81583601236343384 0.67292517423629761
vt 0.84689211845397949 -2.6609444618225098
vt 0.84917241334915161 -2.7015914916992188
vt 0.78942286968231201 -2.6556646823883057
vt 0.83878040313720703 0.1387365460395813
vt 0.79141271114349365 0.084001794457435608
vt 0.81927090883255005 0.24608518183231354
vt -2.663550853729248 1.0984344482421875
vt -2.6754825115203857 1.1395186185836792
vt -2.6328921318054199 1.1445696353912354
vt 0.67738980054855347 1.2581777572631836
vt 0.70144760608673096 1.1934103965759277
vt 0.65952658653259277 1.1456174850463867
vt 0.1702074408531189 0.43825563788414001
vt 0.15839841961860657 0.66548192501068115
vt 0.206743985414505 0.54430109262466431
vt -2.7329776287078857 0.34640786051750183
vt -2.7652263641357422 0.33439496159553528
vt -2.8135597705841064 0.54430109262466431
vt 0.22831173241138458 0.088177815079689026
vt 0.17768323421478271 0.031492840498685837
vt 0.19073949754238129 0.086488872766494751
vt 0.14380422234535217 0.18028564751148224
vt 0.20596215128898621 0.13597869873046875
vt 0.17486217617988586 0.10367710143327713
vt -2.7409782409667969 0.64172089099884033
vt -2.6568231582641602 0.67292517423629761
vt -2.6798274517059326 0.60671079158782959
vt -2.6736009120941162 0.456978440284729
vt -2.6947126388549805 0.35163861513137817
vt -2.733534574508667 0.59627044200897217
vt -2.6978063583374023 0.1059664785861969
vt -2.7021448612213135 0.34813642501831055
vt -2.6640515327453613 0.14925026893615723
vt 0.44431588053703308 -2.6799995899200439
vt 0.41861405968666077 -2.6348094940185547
vt 0.48225522041320801 -2.6367435455322266
vt 3.6326134204864502 0.52128362655639648
vt 3.6144213676452637 0.61565923690795898
vt 3.6818714141845703 0.56080025434494019
vt 3.6623082160949707 0.6504855751991272
vt 3.6818714141845703 0.56080025434494019
vt 3.6144213676452637 0.61565923690795898
vt -2.5834589004516602 0.89915245771408081
vt -2.6016190052032471 0.79832041263580322
vt -2.6407418251037598 0.80840730667114258
vt -2.5834589004516602 0.89915245771408081
vt -2.6260273456573486 0.9045870304107666
vt -2.6312732696533203 1.0470471382141113
vt 0.33031606674194336 0.55283522605895996
vt 0.34139013290405273 0.24824880063533783
vt 0.30048933625221252 0.35948342084884644
vt 0.34139013290405273 0.24824880063533783
vt 0.37208375334739685 0.094503425061702728
vt 0.30773085355758667 0.20503771305084229
vt -2.7541403770446777 1.1238794326782227
vt -2.7918014526367188 1.0926724672317505
vt -2.8579838275909424 1.1109787225723267
vt 0.18455304205417633 1.1070657968521118
vt 0.25788083672523499 1.1109787225723267
vt 0.24765950441360474 1.0752792358398438
vt -2.7159349918365479 1.2982409000396729
vt -2.8238332271575928 1.2657047510147095
vt -2.7983016967773438 1.3800090551376343
vt 0.12141641229391098 1.3523008823394775
vt 0.16688401997089386 1.2852686643600464
vt 0.097119137644767761 1.2701901197433472
vt 0.21219092607498169 -2.6761982440948486
vt 0.19344252347946167 -2.7248284816741943
vt 0.15998940169811249 -2.6516757011413574
vt 0.84001058340072632 1.5794755220413208
vt 0.795981764793396 1.4480577707290649
vt 0.76575666666030884 1.5031182765960693
vt 3.8052952289581299 1.1411077976226807
vt 3.8236539363861084 0.98036390542984009
vt 3.7638556957244873 1.083604097366333
vt 3.8248741626739502 0.81760859489440918
vt 3.82181715965271 0.71886873245239258
vt 3.7823128700256348 0.77249497175216675
vt 3.7513172626495361 -0.0007134283659979701
vt 3.748992919921875 0.052511878311634064
vt 3.8077480792999268 0.031492840498685837
vt 0.7955213189125061 -2.8509891033172607
vt 0.75898247957229614 -2.8245639801025391
vt 0.79358053207397461 -2.7513172626495361
vt 3.8052952289581299 1.1411077976226807
vt 3.8629763126373291 1.2225972414016724
vt 3.8817627429962158 1.147315502166748
vt 3.7622630596160889 1.14391028881073
vt 3.7921910285949707 1.2695375680923462
vt 3.8629763126373291 1.2225972414016724
vt 3.6663761138916016 0.21634890139102936
vt 3.6599931716918945 0.0044588353484869003
vt 3.6236674785614014 0.017431316897273064
vt 3.7077667713165283 0.20503771305084229
vt 3.6958539485931396 0.046043265610933304
vt 3.6663761138916016 0.21634890139102936
vt 3.6669478416442871 1.0938694477081299
vt 3.67136549949646 0.81859350204467773
vt 3.6234934329986572 0.86582231521606445
vt 3.6314315795898438 0.80771046876907349
vt 3.684992790222168 0.76631647348403931
vt 3.6585438251495361 0.66952592134475708
vt 3.7365598678588867 0.66315704584121704
vt 3.6721007823944092 0.51166117191314697
vt 3.695152759552002 0.66699677705764771
vt 3.7471537590026855 0.49842563271522522
vt 3.685856819152832 0.39950865507125854
vt 3.7365598678588867 0.66315704584121704
vt 0.33627554774284363 0.65472984313964844
vt 0.35954946279525757 0.80517393350601196
vt 0.37916707992553711 0.50651669502258301
vt 0.34139013290405273 0.24824880063533783
vt 0.33031606674194336 0.55283522605895996
vt 0.37916707992553711 0.50651669502258301
vt 0.11610161513090134 1.1898984909057617
vt 0.058915700763463974 1.2225972414016724
vt 0.097119137644767761 1.2701901197433472
vt 0.15981467068195343 1.238165020942688
vt 0.22385917603969574 1.1919325590133667
vt 0.17835958302021027 1.1523078680038452
vt 0.25649580359458923 0.7166447639465332
vt 0.29329538345336914 0.8337634801864624
vt 0.33627554774284363 0.65472984313964844
vt 0.29126125574111938 0.88420319557189941
vt 0.24906042218208313 0.82692581415176392
vt 0.24765950441360474 1.0752792358398438
vt 3.8030791282653809 1.5075923204421997
vt 3.7532260417938232 1.5301861763000488
vt 3.8180975914001465 1.5719881057739258
vt 0.15678083896636963 1.5709725618362427
vt 0.20530495047569275 1.5486519336700439
vt 0.16334578394889832 1.5036641359329224
vt -2.8501465320587158 1.2852686643600464
vt -2.819129467010498 1.2087911367416382
vt -2.9121954441070557 1.1919325590133667
vt 0.36324596405029297 -2.7074575424194336
vt 0.27380979061126709 -2.859957218170166
vt 0.24601259827613831 -2.819129467010498
vt 0.73438531160354614 1.1452662944793701
vt 0.69921678304672241 1.0862458944320679
vt 0.64569300413131714 1.1025432348251343
vt 0.75093090534210205 1.0386364459991455
vt 0.73195952177047729 0.93577682971954346
vt 0.70447742938995361 1.0421788692474365
vt -2.6843180656433105 0.13760291039943695
vt -2.654742956161499 0.30012348294258118
vt -2.6227993965148926 0.0314154252409935
vt -2.6843180656433105 0.13760291039943695
vt -2.6947126388549805 0.35163861513137817
vt -2.654742956161499 0.30012348294258118
vt -2.6877739429473877 1.076313853263855
vt -2.6312732696533203 1.0470471382141113
vt -2.6869049072265625 1.0372107028961182
vt -2.7918014526367188 1.0926724672317505
vt -2.7270338535308838 1.082585334777832
vt -2.7279174327850342 1.0356529951095581
vt 0.65105265378952026 0.236491858959198
vt 0.66673463582992554 0.48109450936317444
vt 0.69445478916168213 0.32597059011459351
vt 0.66673463582992554 0.48109450936317444
vt 0.65105265378952026 0.236491858959198
vt 0.59993255138397217 0.19582372903823853
vt 3.6545810699462891 0.13318365812301636
vt 3.6937332153320312 0.18585480749607086
vt 3.6955604553222656 0.077439695596694946
vt 3.6609444618225098 0.011386451311409473
vt 3.6545810699462891 0.13318365812301636
vt 3.6955604553222656 0.077439695596694946
vt 3.7402880191802979 1.5822910070419312
vt 3.7207565307617188 1.5445010662078857
vt 3.6777374744415283 1.5585504770278931
vt 3.7695817947387695 1.604859471321106
vt 3.8180975914001465 1.5719881057739258
vt 3.7532260417938232 1.5301861763000488
vt 0.17124675214290619 1.336422324180603
vt 0.16688401997089386 1.2852686643600464
vt 0.12141641229391098 1.3523008823394775
vt 0.16334578394889832 1.5036641359329224
vt 0.18286839127540588 1.4187248945236206
vt 0.13417507708072662 1.3861591815948486
vt 0.12691083550453186 0.86880379915237427
vt 0.15839841961860657 0.66548192501068115
vt 0.08940289169549942 0.81760859489440918
vt 0.15839841961860657 0.66548192501068115
vt 0.12691083550453186 0.86880379915237427
vt 0.19807761907577515 0.82341480255126953
vt 0.29398256540298462 1.2982409000396729
vt 0.27910694479942322 1.3539682626724243
vt 0.33913591504096985 1.2693229913711548
vt 0.24601259827613831 -2.819129467010498
vt 0.30429923534393311 -2.7248914241790771
vt 0.36324596405029297 -2.7074575424194336
vt 0.73195952177047729 0.93577682971954346
vt 0.70695507526397705 0.73679041862487793
vt 0.6663215160369873 0.79832041263580322
vt 0.62278062105178833 0.44215080142021179
vt 0.64979946613311768 0.70010441541671753
vt 0.69326913356781006 0.68594229221343994
vt 0.24821135401725769 -2.6426668167114258
vt 0.29680415987968445 -2.6243574619293213
vt 0.28358709812164307 -2.6647186279296875
vt -2.6824634075164795 1.4324291944503784
vt -2.7166681289672852 1.4112772941589355
vt -2.7410979270935059 1.4888662099838257
vt -2.6653707027435303 0.45006737112998962
vt -2.6640515327453613 0.14925026893615723
vt -2.7021448612213135 0.34813642501831055
vt -2.6475875377655029 0.70834261178970337
vt -2.6653707027435303 0.45006737112998962
vt -2.711453914642334 0.50734555721282959
vt 0.89423173666000366 1.4681975841522217
vt 0.89656943082809448 1.4245030879974365
vt 0.85435152053833008 1.4242486953735352
vt 3.7221360206604004 1.4615557193756104
vt 3.7129559516906738 1.4955811500549316
vt 3.7532260417938232 1.5301861763000488
vt 0.80317407846450806 0.60671079158782959
vt 0.84781384468078613 0.60911357402801514
vt 0.82931715250015259 0.46043524146080017
vt 0.82374858856201172 0.40886065363883972
vt 0.78634780645370483 0.30012348294258118
vt 0.79250454902648926 0.456978440284729
vt -2.6734068393707275 1.1898428201675415
vt -2.5919227600097656 1.2726092338562012
vt -2.6328921318054199 1.1445696353912354
vt 0.65952658653259277 1.1456174850463867
vt 0.5879971981048584 1.1445696353912354
vt 0.67738980054855347 1.2581777572631836
vt -2.6492278575897217 0.041879680007696152
vt -2.6468262672424316 0.0063636577688157558
vt -2.6852071285247803 0.010643585585057735
vt 0.51774477958679199 0.053121484816074371
vt 0.58138591051101685 0.082668505609035492
vt 0.58529514074325562 0.018266540020704269
vt -2.6734068393707275 1.1898428201675415
vt -2.7541403770446777 1.1238794326782227
vt -2.7074575424194336 1.2289292812347412
vt -2.6328921318054199 1.1445696353912354
vt -2.6754825115203857 1.1395186185836792
vt -2.6734068393707275 1.1898428201675415
vt 3.8629763126373291 1.2225972414016724
vt 3.7921910285949707 1.2695375680923462
vt 3.8422696590423584 1.3185547590255737
vt 0.072030290961265564 -2.729933500289917
vt 0.093518361449241638 -2.7714893817901611
vt 0.059536449611186981 -2.7982621192932129
vt -2.6852071285247803 0.010643585585057735
vt -2.6902248859405518 0.039089709520339966
vt -2.6492278575897217 0.041879680007696152
vt 0.49643534421920776 0.045840486884117126
vt 0.49998009204864502 0.014647970907390118
vt 0.39688226580619812 0.050760764628648758
vt -2.7410979270935059 1.4888662099838257
vt -2.7670249938964844 1.5737940073013306
vt -2.7131457328796387 1.5672675371170044
vt 0.14139853417873383 -2.7284636497497559
vt 0.19344252347946167 -2.7248284816741943
vt 0.18545085191726685 -2.7823793888092041
vt -2.6925966739654541 0.71308028697967529
vt -2.7470121383666992 0.50651669502258301
vt -2.7398273944854736 0.80517393350601196
vt -2.6922228336334229 0.81174421310424805
vt -2.7398273944854736 0.80517393350601196
vt -2.7279174327850342 1.0356529951095581
vt 0.65026426315307617 -2.6877739429473877
vt 0.60624438524246216 -2.663550853729248
vt 0.64569300413131714 -2.6054706573486328
vt -2.6328921318054199 1.1445696353912354
vt -2.6054706573486328 1.1025432348251343
vt -2.663550853729248 1.0984344482421875
vt 0.85659021139144897 1.4799598455429077
vt 0.85435152053833008 1.4242486953735352
vt 0.795981764793396 1.4480577707290649
vt 0.21770630776882172 -2.6257691383361816
vt 0.17716974020004272 -2.61885666847229
vt 0.24984139204025269 -2.560697078704834
vt 3.7797927856445312 0.83028137683868408
vt 3.7753791809082031 0.97933435440063477
vt 3.8236539363861084 0.98036390542984009
vt 3.7753791809082031 0.97933435440063477
vt 3.7797927856445312 0.83028137683868408
vt 3.7247428894042969 0.82705932855606079
vt 3.712874174118042 0.28759348392486572
vt 3.6937332153320312 0.18585480749607086
vt 3.6545810699462891 0.13318365812301636
vt 3.712874174118042 0.28759348392486572
vt 3.7700073719024658 0.4411378800868988
vt 3.7278249263763428 0.18028564751148224
vt 0.21160754561424255 0.23782363533973694
vt 0.20596215128898621 0.13597869873046875
vt 0.1702074408531189 0.43825563788414001
vt 0.206743985414505 0.54430109262466431
vt 0.20698043704032898 0.33439496159553528
vt 0.1702074408531189 0.43825563788414001
vt -2.7166681289672852 1.4112772941589355
vt -2.6824634075164795 1.4324291944503784
vt -2.6647186279296875 1.3772716522216797
vt -2.7096517086029053 1.3539682626724243
vt -2.7159349918365479 1.2982409000396729
vt -2.7166681289672852 1.4112772941589355
vt 0.33339428901672363 0.60399186611175537
vt 0.28969904780387878 0.55424016714096069
vt 0.28501898050308228 0.64615052938461304
vt 3.772554874420166 0.64615052938461304
vt 3.7398862838745117 0.55424016714096069
vt 3.6818714141845703 0.56080025434494019
vt -2.8025565147399902 0.65225708484649658
vt -2.7709856033325195 0.54493898153305054
vt -2.8135597705841064 0.54430109262466431
vt -2.8135597705841064 0.54430109262466431
vt -2.7709856033325195 0.54493898153305054
vt -2.7329776287078857 0.34640786051750183
vt -2.6272592544555664 1.3289990425109863
vt -2.5846555233001709 1.3690153360366821
vt -2.5919227600097656 1.2726092338562012
vt 0.28708046674728394 -2.5846555233001709
vt 0.29680415987968445 -2.6243574619293213
vt 0.24821135401725769 -2.6426668167114258
vt 0.78942286968231201 -2.6556646823883057
vt 0.79199212789535522 -2.6227993965148926
vt 0.83126884698867798 -2.6268777847290039
vt -2.703627347946167 0.066127099096775055
vt -2.6227993965148926 0.0314154252409935
vt -2.6556646823883057 0.007694692350924015
vt 0.75252258777618408 0.72228443622589111
vt 0.79113370180130005 0.97975689172744751
vt 0.82597410678863525 0.86585891246795654
vt 0.9058716893196106 0.86582231521606445
vt 0.82597410678863525 0.86585891246795654
vt 0.79113370180130005 0.97975689172744751
vt 3.712874174118042 0.28759348392486572
vt 3.7471537590026855 0.49842563271522522
vt 3.7700073719024658 0.4411378800868988
vt 3.82181715965271 0.71886873245239258
vt 3.7471537590026855 0.49842563271522522
vt 3.7823128700256348 0.77249497175216675
vt 0.24765950441360474 1.0752792358398438
vt 0.30457901954650879 1.0926724672317505
vt 0.29126125574111938 0.88420319557189941
vt -2.7918014526367188 1.0926724672317505
vt -2.8380439281463623 1.0752792358398438
vt -2.8579838275909424 1.1109787225723267
vt -2.6348094940185547 0.082668505609035492
vt -2.6799995899200439 0.094289779663085938
vt -2.6640515327453613 0.14925026893615723
vt -2.6640515327453613 0.14925026893615723
vt -2.6218063831329346 0.19582372903823853
vt -2.6348094940185547 0.082668505609035492
vt 0.18286839127540588 1.4187248945236206
vt 0.17124675214290619 1.336422324180603
vt 0.13417507708072662 1.3861591815948486
vt 0.20747290551662445 1.3800090551376343
vt 0.18286839127540588 1.4187248945236206
vt 0.27279156446456909 1.4463329315185547
vt 0.29329538345336914 0.8337634801864624
vt 0.25649580359458923 0.7166447639465332
vt 0.24906042218208313 0.82692581415176392
vt 0.19807761907577515 0.82341480255126953
vt 0.2100403755903244 0.71772187948226929
vt 0.15839841961860657 0.66548192501068115
vt -2.703627347946167 0.066127099096775055
vt -2.7380070686340332 0.088177815079689026
vt -2.7159950733184814 0.13597689568996429
vt -2.6843180656433105 0.13760291039943695
vt -2.7159950733184814 0.13597689568996429
vt -2.7329776287078857 0.34640786051750183
vt 0.37208375334739685 0.094503425061702728
vt 0.39688226580619812 0.050760764628648758
vt 0.34172925353050232 0.046043265610933304
vt 0.42281949520111084 0.1059664785861969
vt 0.39688226580619812 0.050760764628648758
vt 0.37208375334739685 0.094503425061702728
vt 0.18286839127540588 1.4187248945236206
vt 0.25951048731803894 1.4958211183547974
vt 0.27279156446456909 1.4463329315185547
vt -2.7670249938964844 1.5737940073013306
vt -2.7410979270935059 1.4888662099838257
vt -2.7981870174407959 1.4958211183547974
vt 3.7222073078155518 1.4252045154571533
vt 3.729933500289917 1.3845663070678711
vt 3.6838541030883789 1.4245030879974365
vt 3.6838541030883789 1.4245030879974365
vt 3.6808812618255615 1.4681975841522217
vt 3.7221360206604004 1.4615557193756104
vt 0.79358053207397461 -2.7513172626495361
vt 0.78942286968231201 -2.6556646823883057
vt 0.84917241334915161 -2.7015914916992188
vt 3.7015914916992188 0.016002696007490158
vt 3.748992919921875 0.052511878311634064
vt 3.7513172626495361 -0.0007134283659979701
vt 3.6721007823944092 0.51166117191314697
vt 3.7365598678588867 0.66315704584121704
vt 3.685856819152832 0.39950865507125854
vt 3.685856819152832 0.39950865507125854
vt 3.6326427459716797 0.24682812392711639
vt 3.6721007823944092 0.51166117191314697
vt 0.6663215160369873 0.79832041263580322
vt 0.67292618751525879 0.89915245771408081
vt 0.73195952177047729 0.93577682971954346
vt 0.67292618751525879 0.89915245771408081
vt 0.70447742938995361 1.0421788692474365
vt 0.73195952177047729 0.93577682971954346
vt 3.6367297172546387 0.71782660484313965
vt 3.6623082160949707 0.6504855751991272
vt 3.6144213676452637 0.61565923690795898
vt 0.77476048469543457 -2.6623082160949707
vt 0.81583601236343384 -2.6568231582641602
vt 0.75895106792449951 -2.7409782409667969
vt -2.6407418251037598 0.80840730667114258
vt -2.6475875377655029 0.70834261178970337
vt -2.6925966739654541 0.71308028697967529
vt -2.6475875377655029 0.70834261178970337
vt -2.6407418251037598 0.80840730667114258
vt -2.6016190052032471 0.79832041263580322
vt 0.54803383350372314 -2.6673777103424072
vt 0.60311776399612427 -2.706599235534668
vt 0.50001990795135498 -2.7062447071075439
vt 0.45408710837364197 -2.6852071285247803
vt 0.47558742761611938 -2.6468262672424316
vt 0.54803383350372314 -2.6673777103424072
vt 0.12741711735725403 1.6180320978164673
vt 0.18545085191726685 1.6097873449325562
vt 0.15678083896636963 1.5709725618362427
vt 0.0911259725689888 -2.7695817947387695
vt 0.12741711735725403 -2.7844381332397461
vt 0.10891351103782654 -2.8180975914001465
vt 0.87642461061477661 -2.8487186431884766
vt 0.89195072650909424 -2.8817627429962158
vt 0.78265565633773804 -2.8984971046447754
vt 0.89195072650909424 -2.8817627429962158
vt 0.87642461061477661 -2.8487186431884766
vt 0.93057149648666382 -2.8052952289581299
vt 0.84001058340072632 1.5794755220413208
vt 0.92492592334747314 1.5585504770278931
vt 0.85659021139144897 1.4799598455429077
vt 0.85659021139144897 1.4799598455429077
vt 0.795981764793396 1.4480577707290649
vt 0.84001058340072632 1.5794755220413208
vt 0.83672159910202026 1.155017614364624
vt 0.87903392314910889 1.1567418575286865
vt 0.9058716893196106 0.86582231521606445
vt 0.84953635931015015 1.3053866624832153
vt 0.87903392314910889 1.1567418575286865
vt 0.83672159910202026 1.155017614364624
vt 0.14139853417873383 -2.7284636497497559
vt 0.12918901443481445 -2.6888055801391602
vt 0.19344252347946167 -2.7248284816741943
vt 0.063630595803260803 -2.7402880191802979
vt 0.088989786803722382 -2.7075588703155518
vt 0.14139853417873383 -2.7284636497497559
vt 0.73438531160354614 1.1452662944793701
vt 0.70144760608673096 1.1934103965759277
vt 0.77420908212661743 1.2013182640075684
vt 0.77420908212661743 1.2013182640075684
vt 0.72397536039352417 1.2546813488006592
vt 0.78487288951873779 1.3350515365600586
vt 0.22942498326301575 0.039741475135087967
vt 0.24101750552654266 0.0083966609090566635
vt 0.2044786810874939 0.019102619960904121
vt 0.17768323421478271 -2.8077480792999268
vt 0.22831173241138458 -2.7380070686340332
vt 0.22942498326301575 -2.8461172580718994
vt 0.85657227039337158 0.24682812392711639
vt 0.81927090883255005 0.24608518183231354
vt 0.82374858856201172 0.40886065363883972
vt 0.81927090883255005 0.24608518183231354
vt 0.85657227039337158 0.24682812392711639
vt 0.83878040313720703 0.1387365460395813
vt 0.54803383350372314 -2.6673777103424072
vt 0.47558742761611938 -2.6468262672424316
vt 0.58529514074325562 -2.6211118698120117
vt 0.51774477958679199 0.053121484816074371
vt 0.58529514074325562 0.018266540020704269
vt 0.47558742761611938 0.0063636577688157558
vt 0.10891351103782654 1.5719881057739258
vt 0.12022415548563004 1.5300853252410889
vt 0.084622219204902649 1.5075923204421997
vt 0.13417507708072662 1.3861591815948486
vt 0.11587370932102203 1.4756327867507935
vt 0.16334578394889832 1.5036641359329224
vt 0.84781384468078613 0.60911357402801514
vt 0.89594048261642456 0.66699677705764771
vt 0.87418657541275024 0.51166117191314697
vt 0.81583601236343384 0.67292517423629761
vt 0.86281722784042358 0.66952592134475708
vt 0.84781384468078613 0.60911357402801514
vt 3.6669478416442871 1.0938694477081299
vt 3.6523237228393555 1.3218497037887573
vt 3.7192788124084473 1.2120020389556885
vt 3.67136549949646 0.81859350204467773
vt 3.6669478416442871 1.0938694477081299
vt 3.7192788124084473 1.2120020389556885
vt 0.70695507526397705 0.73679041862487793
vt 0.73195952177047729 0.93577682971954346
vt 0.75252258777618408 0.72228443622589111
vt 0.75252258777618408 0.72228443622589111
vt 0.73337125778198242 0.61565923690795898
vt 0.69326913356781006 0.68594229221343994
vt 0.33339428901672363 0.60399186611175537
vt 0.33031606674194336 0.55283522605895996
vt 0.28969904780387878 0.55424016714096069
vt 0.37916707992553711 0.50651669502258301
vt 0.33031606674194336 0.55283522605895996
vt 0.33339428901672363 0.60399186611175537
vt 0.3943711519241333 0.15352684259414673
vt 0.42281949520111084 0.1059664785861969
vt 0.37208375334739685 0.094503425061702728
vt 0.37208375334739685 0.094503425061702728
vt 0.34139013290405273 0.24824880063533783
vt 0.3943711519241333 0.15352684259414673
vt -2.859957218170166 1.1856561899185181
vt -2.8579838275909424 1.1109787225723267
vt -2.8984971046447754 1.1101101636886597
vt 0.78265565633773804 -2.8984971046447754
vt 0.7421191930770874 -2.8579838275909424
vt 0.81544697284698486 -2.861116886138916
vt 0.71126514673233032 0.52128362655639648
vt 0.69445478916168213 0.32597059011459351
vt 0.66673463582992554 0.48109450936317444
vt 3.6310050487518311 0.32597059011459351
vt 3.6326134204864502 0.52128362655639648
vt 3.6801927089691162 0.41725608706474304
vt 0.33627554774284363 0.65472984313964844
vt 0.28501898050308228 0.64615052938461304
vt 0.2957623302936554 0.6811402440071106
vt 0.71498101949691772 -2.772554874420166
vt 0.75895106792449951 -2.7409782409667969
vt 0.74394887685775757 -2.8025565147399902
vt 3.6218447685241699 0.08278203010559082
vt 3.6545810699462891 0.13318365812301636
vt 3.6609444618225098 0.011386451311409473
vt 0.83747178316116333 0.08278203010559082
vt 0.83126884698867798 0.0016832493711262941
vt 0.79199212789535522 0.0314154252409935
vt 3.67136549949646 0.81859350204467773
vt 3.6314315795898438 0.80771046876907349
vt 3.6234934329986572 0.86582231521606445
vt 0.9058716893196106 0.86582231521606445
vt 0.90066993236541748 0.80771046876907349
vt 0.82597410678863525 0.86585891246795654
vt 0.27380979061126709 -2.859957218170166
vt 0.22385917603969574 -2.9121954441070557
vt 0.24601259827613831 -2.819129467010498
vt -2.8984971046447754 1.1101101636886597
vt -2.9121954441070557 1.1919325590133667
vt -2.859957218170166 1.1856561899185181
vt 0.20596215128898621 0.13597869873046875
vt 0.23762513697147369 0.13597689568996429
vt 0.22831173241138458 0.088177815079689026
vt 0.22831173241138458 0.088177815079689026
vt 0.19073949754238129 0.086488872766494751
vt 0.20596215128898621 0.13597869873046875
vt 0.13410107791423798 0.4411378800868988
vt 0.10959311574697495 0.71886873245239258
vt 0.15839841961860657 0.66548192501068115
vt 3.7471537590026855 0.49842563271522522
vt 3.82181715965271 0.71886873245239258
vt 3.7700073719024658 0.4411378800868988
vt 0.78487288951873779 1.3350515365600586
vt 0.75015860795974731 1.3535758256912231
vt 0.82283025979995728 1.3929346799850464
vt 0.75015860795974731 1.3535758256912231
vt 0.78487288951873779 1.3350515365600586
vt 0.72397536039352417 1.2546813488006592
vt 0.75093090534210205 1.0386364459991455
vt 0.73438531160354614 1.1452662944793701
vt 0.77420908212661743 1.2013182640075684
vt 0.75093090534210205 1.0386364459991455
vt 0.69921678304672241 1.0862458944320679
vt 0.73438531160354614 1.1452662944793701
vt 3.8422696590423584 1.3185547590255737
vt 3.7921910285949707 1.2695375680923462
vt 3.7528560161590576 1.3413166999816895
vt 3.7528560161590576 1.3413166999816895
vt 3.7921910285949707 1.2695375680923462
vt 3.7192788124084473 1.2120020389556885
vt -2.6312732696533203 1.0470471382141113
vt -2.5927793979644775 1.0421788692474365
vt -2.5834589004516602 0.89915245771408081
vt -2.6312732696533203 1.0470471382141113
vt -2.6877739429473877 1.076313853263855
vt -2.5968706607818604 1.0862458944320679
vt -2.6947126388549805 0.35163861513137817
vt -2.7329776287078857 0.34640786051750183
vt -2.7709856033325195 0.54493898153305054
vt -2.7329776287078857 0.34640786051750183
vt -2.6947126388549805 0.35163861513137817
vt -2.6843180656433105 0.13760291039943695
vt -2.6281871795654297 0.44215080142021179
vt -2.6218063831329346 0.19582372903823853
vt -2.6653707027435303 0.45006737112998962
vt 0.59993255138397217 0.19582372903823853
vt 0.62278062105178833 0.44215080142021179
vt 0.66673463582992554 0.48109450936317444
vt 3.6599931716918945 0.0044588353484869003
vt 3.6663761138916016 0.21634890139102936
vt 3.6958539485931396 0.046043265610933304
vt 0.32053881883621216 0.0044588353484869003
vt 0.34172925353050232 0.046043265610933304
vt 0.39688226580619812 0.050760764628648758
vt -2.7410979270935059 1.4888662099838257
vt -2.772388219833374 1.4463329315185547
vt -2.7981870174407959 1.4958211183547974
vt -2.772388219833374 1.4463329315185547
vt -2.7410979270935059 1.4888662099838257
vt -2.7166681289672852 1.4112772941589355
vt -2.7541403770446777 1.1238794326782227
vt -2.6754825115203857 1.1395186185836792
vt -2.7011475563049316 1.0959377288818359
vt -2.7541403770446777 1.1238794326782227
vt -2.6734068393707275 1.1898428201675415
vt -2.6754825115203857 1.1395186185836792
vt 0.12141641229391098 1.3523008823394775
vt 0.13417507708072662 1.3861591815948486
vt 0.17124675214290619 1.336422324180603
vt 0.093518361449241638 1.3912925720214844
vt 0.13417507708072662 1.3861591815948486
vt 0.12141641229391098 1.3523008823394775
vt 3.6801927089691162 0.41725608706474304
vt 3.6818714141845703 0.56080025434494019
vt 3.7398862838745117 0.55424016714096069
vt 3.6818714141845703 0.56080025434494019
vt 3.6801927089691162 0.41725608706474304
vt 3.6326134204864502 0.52128362655639648
vt 3.7247428894042969 0.82705932855606079
vt 3.7213542461395264 0.92580145597457886
vt 3.7753791809082031 0.97933435440063477
vt 3.67136549949646 0.81859350204467773
vt 3.7213542461395264 0.92580145597457886
vt 3.7247428894042969 0.82705932855606079
vt -2.6640515327453613 0.14925026893615723
vt -2.6799995899200439 0.094289779663085938
vt -2.6978063583374023 0.1059664785861969
vt 0.39688226580619812 0.050760764628648758
vt 0.42281949520111084 0.1059664785861969
vt 0.44431588053703308 0.094289779663085938
vt -2.711453914642334 0.50734555721282959
vt -2.7021448612213135 0.34813642501831055
vt -2.7355027198791504 0.35013389587402344
vt -2.7021448612213135 0.34813642501831055
vt -2.711453914642334 0.50734555721282959
vt -2.6653707027435303 0.45006737112998962
vt 0.18455304205417633 1.1070657968521118
vt 0.18083110451698303 1.0707052946090698
vt 0.12357538193464279 1.1198583841323853
vt 0.78265565633773804 -2.8984971046447754
vt 0.81544697284698486 -2.861116886138916
vt 0.87642461061477661 -2.8487186431884766
vt 0.097119137644767761 1.2701901197433472
vt 0.15981467068195343 1.238165020942688
vt 0.11610161513090134 1.1898984909057617
vt 0.15981467068195343 -2.915438175201416
vt 0.097119137644767761 -2.888486385345459
vt 0.16688401997089386 -2.8501465320587158
vt 3.7638556957244873 1.083604097366333
vt 3.7622630596160889 1.14391028881073
vt 3.8052952289581299 1.1411077976226807
vt 3.8629763126373291 1.2225972414016724
vt 3.8052952289581299 1.1411077976226807
vt 3.7622630596160889 1.14391028881073
vt -2.7279174327850342 1.0356529951095581
vt -2.6869049072265625 1.0372107028961182
vt -2.6922228336334229 0.81174421310424805
vt -2.7270338535308838 1.082585334777832
vt -2.6869049072265625 1.0372107028961182
vt -2.7279174327850342 1.0356529951095581
vt 3.6314315795898438 0.80771046876907349
vt 3.67136549949646 0.81859350204467773
vt 3.684992790222168 0.76631647348403931
vt 3.684992790222168 0.76631647348403931
vt 3.67136549949646 0.81859350204467773
vt 3.7247428894042969 0.82705932855606079
vt 0.60624438524246216 -2.663550853729248
vt 0.65026426315307617 -2.6877739429473877
vt 0.61837750673294067 -2.7011475563049316
vt -2.6869049072265625 1.0372107028961182
vt -2.7270338535308838 1.082585334777832
vt -2.6877739429473877 1.076313853263855
vt 3.7129559516906738 1.4955811500549316
vt 3.7207565307617188 1.5445010662078857
vt 3.7532260417938232 1.5301861763000488
vt 3.7532260417938232 1.5301861763000488
vt 3.7207565307617188 1.5445010662078857
vt 3.7402880191802979 1.5822910070419312
vt 0.79358053207397461 -2.7513172626495361
vt 0.82231676578521729 -2.8077480792999268
vt 0.7955213189125061 -2.8509891033172607
vt 0.22942498326301575 -2.8461172580718994
vt 0.2044786810874939 -2.8509891033172607
vt 0.17768323421478271 -2.8077480792999268
vt -2.6925966739654541 0.71308028697967529
vt -2.6922228336334229 0.81174421310424805
vt -2.6407418251037598 0.80840730667114258
vt -2.7398273944854736 0.80517393350601196
vt -2.6922228336334229 0.81174421310424805
vt -2.6925966739654541 0.71308028697967529
vt 0.2100403755903244 0.71772187948226929
vt 0.19807761907577515 0.82341480255126953
vt 0.25649580359458923 0.7166447639465332
vt 0.25649580359458923 0.7166447639465332
vt 0.25605109333992004 0.65225708484649658
vt 0.2100403755903244 0.71772187948226929
vt 3.748992919921875 0.052511878311634064
vt 3.7015914916992188 0.016002696007490158
vt 3.6955604553222656 0.077439695596694946
vt 3.6955604553222656 0.077439695596694946
vt 3.734663724899292 0.10367710143327713
vt 3.748992919921875 0.052511878311634064
vt 0.82931715250015259 0.46043524146080017
vt 0.79250454902648926 0.456978440284729
vt 0.80317407846450806 0.60671079158782959
vt -2.733534574508667 0.59627044200897217
vt -2.6798274517059326 0.60671079158782959
vt -2.6736009120941162 0.456978440284729
vt 3.6838541030883789 1.4245030879974365
vt 3.6988053321838379 1.3304131031036377
vt 3.6523237228393555 1.3218497037887573
vt 3.6988053321838379 1.3304131031036377
vt 3.7192788124084473 1.2120020389556885
vt 3.6523237228393555 1.3218497037887573
vt -2.7096517086029053 1.3539682626724243
vt -2.6647186279296875 1.3772716522216797
vt -2.6243574619293213 1.372319221496582
vt -2.6647186279296875 1.3772716522216797
vt -2.7096517086029053 1.3539682626724243
vt -2.7166681289672852 1.4112772941589355
vt 3.6523237228393555 1.3218497037887573
vt 3.6464157104492188 1.3731166124343872
vt 3.6838541030883789 1.4245030879974365
vt 0.89565634727478027 1.3731166124343872
vt 0.85435152053833008 1.4242486953735352
vt 0.89656943082809448 1.4245030879974365
vt 0.82283025979995728 1.3929346799850464
vt 0.78229367733001709 1.4088547229766846
vt 0.795981764793396 1.4480577707290649
vt 0.75178861618041992 1.400722861289978
vt 0.795981764793396 1.4480577707290649
vt 0.78229367733001709 1.4088547229766846
vt 0.67738980054855347 1.2581777572631836
vt 0.64809674024581909 1.2726092338562012
vt 0.71291953325271606 1.3690153360366821
vt -2.5919227600097656 1.2726092338562012
vt -2.559598445892334 1.2581777572631836
vt -2.6328921318054199 1.1445696353912354
vt 3.8236539363861084 0.98036390542984009
vt 3.8378052711486816 0.87019598484039307
vt 3.7797927856445312 0.83028137683868408
vt 0.078383900225162506 0.87019598484039307
vt 0.083093322813510895 0.98036390542984009
vt 0.12691083550453186 0.86880379915237427
vt 0.13417507708072662 1.3861591815948486
vt 0.093518361449241638 1.3912925720214844
vt 0.10371959954500198 1.4268217086791992
vt 3.7222073078155518 1.4252045154571533
vt 3.769667387008667 1.4268217086791992
vt 3.7714893817901611 1.3912925720214844
vt 0.54181593656539917 0.039089709520339966
vt 0.54591292142868042 0.010643585585057735
vt 0.49998009204864502 0.014647970907390118
vt 0.54803383350372314 -2.6673777103424072
vt 0.50001990795135498 -2.7062447071075439
vt 0.45408710837364197 -2.6852071285247803
vt -2.7355027198791504 0.35013389587402344
vt -2.7470121383666992 0.50651669502258301
vt -2.711453914642334 0.50734555721282959
vt 0.37916707992553711 0.50651669502258301
vt 0.37852668762207031 0.35013389587402344
vt 0.34139013290405273 0.24824880063533783
vt 0.33913591504096985 1.2693229913711548
vt 0.30429923534393311 1.2464388608932495
vt 0.29398256540298462 1.2982409000396729
vt -2.7248914241790771 1.2464388608932495
vt -2.819129467010498 1.2087911367416382
vt -2.7159349918365479 1.2982409000396729
vt 3.695152759552002 0.66699677705764771
vt 3.6550018787384033 0.60911357402801514
vt 3.6585438251495361 0.66952592134475708
vt 3.6585438251495361 0.66952592134475708
vt 3.684992790222168 0.76631647348403931
vt 3.695152759552002 0.66699677705764771
vt 0.86281722784042358 0.66952592134475708
vt 0.81583601236343384 0.67292517423629761
vt 0.83602273464202881 0.71782660484313965
vt 0.81583601236343384 0.67292517423629761
vt 0.77476048469543457 0.6504855751991272
vt 0.83602273464202881 0.71782660484313965
vt -2.7159950733184814 0.13597689568996429
vt -2.6843180656433105 0.13760291039943695
vt -2.703627347946167 0.066127099096775055
vt -2.6227993965148926 0.0314154252409935
vt -2.703627347946167 0.066127099096775055
vt -2.6843180656433105 0.13760291039943695
vt -2.7398273944854736 0.80517393350601196
vt -2.8227465152740479 0.8337634801864624
vt -2.7849225997924805 0.89282655715942383
vt -2.7849225997924805 0.89282655715942383
vt -2.7279174327850342 1.0356529951095581
vt -2.7398273944854736 0.80517393350601196
vt 3.6236674785614014 0.017431316897273064
vt 3.6160416603088379 0.12570397555828094
vt 3.6663761138916016 0.21634890139102936
vt 0.68143755197525024 0.12570397555828094
vt 0.67446416616439819 0.017431316897273064
vt 0.62960237264633179 0.082022666931152344
vt 0.79733890295028687 1.0387142896652222
vt 0.83672159910202026 1.155017614364624
vt 0.79113370180130005 0.97975689172744751
vt 0.75093090534210205 1.0386364459991455
vt 0.79733890295028687 1.0387142896652222
vt 0.79113370180130005 0.97975689172744751
vt -2.7823793888092041 1.6097873449325562
vt -2.7670249938964844 1.5737940073013306
vt -2.8164436817169189 1.5486519336700439
vt 0.2288813441991806 -2.7670249938964844
vt 0.18545085191726685 -2.7823793888092041
vt 0.19344252347946167 -2.7248284816741943
vt 0.69326913356781006 0.68594229221343994
vt 0.70695507526397705 0.73679041862487793
vt 0.75252258777618408 0.72228443622589111
vt 0.70695507526397705 0.73679041862487793
vt 0.69326913356781006 0.68594229221343994
vt 0.64979946613311768 0.70010441541671753
vt 3.7248058319091797 0.35948342084884644
vt 3.7077667713165283 0.20503771305084229
vt 3.6663761138916016 0.21634890139102936
vt 0.30773085355758667 0.20503771305084229
vt 0.30048933625221252 0.35948342084884644
vt 0.34139013290405273 0.24824880063533783
vt 0.20747290551662445 1.3800090551376343
vt 0.20633438229560852 1.2657047510147095
vt 0.17124675214290619 1.336422324180603
vt 0.20747290551662445 1.3800090551376343
vt 0.17124675214290619 1.336422324180603
vt 0.18286839127540588 1.4187248945236206
vt 3.6726639270782471 1.5078065395355225
vt 3.6777374744415283 1.5585504770278931
vt 3.7207565307617188 1.5445010662078857
vt 0.92492592334747314 1.5585504770278931
vt 0.91509294509887695 1.5078065395355225
vt 0.85659021139144897 1.4799598455429077
vt 0.62960237264633179 0.082022666931152344
vt 0.65105265378952026 0.236491858959198
vt 0.68143755197525024 0.12570397555828094
vt 0.59993255138397217 0.19582372903823853
vt 0.65105265378952026 0.236491858959198
vt 0.62960237264633179 0.082022666931152344
vt 0.79199212789535522 0.0314154252409935
vt 0.79141271114349365 0.084001794457435608
vt 0.83747178316116333 0.08278203010559082
vt -2.6220624446868896 0.084001794457435608
vt -2.6227993965148926 0.0314154252409935
vt -2.654742956161499 0.30012348294258118
vt -2.7981870174407959 1.4958211183547974
vt -2.8164436817169189 1.5486519336700439
vt -2.7670249938964844 1.5737940073013306
vt 0.16334578394889832 1.5036641359329224
vt 0.20530495047569275 1.5486519336700439
vt 0.25951048731803894 1.4958211183547974
vt 0.19073949754238129 0.086488872766494751
vt 0.16121308505535126 0.052511878311634064
vt 0.17486217617988586 0.10367710143327713
vt 0.20596215128898621 0.13597869873046875
vt 0.19073949754238129 0.086488872766494751
vt 0.17486217617988586 0.10367710143327713
vt -2.7248284816741943 1.6179522275924683
vt -2.6761982440948486 1.5596460103988647
vt -2.7131457328796387 1.5672675371170044
vt -2.7248284816741943 1.6179522275924683
vt -2.7131457328796387 1.5672675371170044
vt -2.7670249938964844 1.5737940073013306
vt 0.19807761907577515 0.82341480255126953
vt 0.12691083550453186 0.86880379915237427
vt 0.24906042218208313 0.82692581415176392
vt 0.24906042218208313 0.82692581415176392
vt 0.25649580359458923 0.7166447639465332
vt 0.19807761907577515 0.82341480255126953
vt 0.10804927349090576 1.147315502166748
vt 0.11610161513090134 1.1898984909057617
vt 0.17835958302021027 1.1523078680038452
vt 0.17835958302021027 1.1523078680038452
vt 0.11610161513090134 1.1898984909057617
vt 0.15981467068195343 1.238165020942688
vt -2.6407418251037598 0.80840730667114258
vt -2.6260273456573486 0.9045870304107666
vt -2.5834589004516602 0.89915245771408081
vt -2.6922228336334229 0.81174421310424805
vt -2.6260273456573486 0.9045870304107666
vt -2.6407418251037598 0.80840730667114258
vt 3.6808812618255615 1.4681975841522217
vt 3.6726639270782471 1.5078065395355225
vt 3.7129559516906738 1.4955811500549316
vt 3.7129559516906738 1.4955811500549316
vt 3.7221360206604004 1.4615557193756104
vt 3.6808812618255615 1.4681975841522217
vt 0.71291953325271606 1.3690153360366821
vt 0.75015860795974731 1.3535758256912231
vt 0.70514696836471558 1.3115572929382324
vt 0.72397536039352417 1.2546813488006592
vt 0.70514696836471558 1.3115572929382324
vt 0.75015860795974731 1.3535758256912231
vt 0.5210573673248291 -2.6492278575897217
vt 0.54181593656539917 -2.6902248859405518
vt 0.49643534421920776 -2.696528434753418
vt 0.49998009204864502 0.014647970907390118
vt 0.49643534421920776 0.045840486884117126
vt 0.54181593656539917 0.039089709520339966
vt 0.06046178936958313 1.3185547590255737
vt 0.059536449611186981 1.3629980087280273
vt 0.12141641229391098 1.3523008823394775
vt 3.7528560161590576 1.3413166999816895
vt 3.7982621192932129 1.3629980087280273
vt 3.8422696590423584 1.3185547590255737
vt 0.92492592334747314 1.5585504770278931
vt 0.87081098556518555 1.6102248430252075
vt 0.91101020574569702 1.6009000539779663
vt 0.14139853417873383 -2.7284636497497559
vt 0.088989786803722382 -2.7075588703155518
vt 0.12918901443481445 -2.6888055801391602
vt -2.7849225997924805 0.89282655715942383
vt -2.8227465152740479 0.8337634801864624
vt -2.8255331516265869 0.88420319557189941
vt 0.24906042218208313 0.82692581415176392
vt 0.29126125574111938 0.88420319557189941
vt 0.29329538345336914 0.8337634801864624
vt 0.20633438229560852 1.2657047510147095
vt 0.24601259827613831 1.2087911367416382
vt 0.16688401997089386 1.2852686643600464
vt 0.16688401997089386 1.2852686643600464
vt 0.17124675214290619 1.336422324180603
vt 0.20633438229560852 1.2657047510147095
vt -2.7279174327850342 1.0356529951095581
vt -2.7690463066101074 1.0332895517349243
vt -2.7918014526367188 1.0926724672317505
vt -2.7279174327850342 1.0356529951095581
vt -2.7849225997924805 0.89282655715942383
vt -2.7690463066101074 1.0332895517349243
vt -2.5968706607818604 1.0862458944320679
vt -2.5927793979644775 1.0421788692474365
vt -2.6312732696533203 1.0470471382141113
vt 0.70447742938995361 1.0421788692474365
vt 0.69921678304672241 1.0862458944320679
vt 0.75093090534210205 1.0386364459991455
vt -2.5846555233001709 1.3690153360366821
vt -2.6272592544555664 1.3289990425109863
vt -2.6243574619293213 1.372319221496582
vt -2.6243574619293213 1.372319221496582
vt -2.6272592544555664 1.3289990425109863
vt -2.7096517086029053 1.3539682626724243
vt -2.6426668167114258 1.400722861289978
vt -2.6647186279296875 1.3772716522216797
vt -2.6824634075164795 1.4324291944503784
vt -2.6426668167114258 1.400722861289978
vt -2.6824634075164795 1.4324291944503784
vt -2.6659166812896729 1.5031182765960693
vt 0.89565634727478027 1.3731166124343872
vt 0.82283025979995728 1.3929346799850464
vt 0.85435152053833008 1.4242486953735352
vt 0.795981764793396 1.4480577707290649
vt 0.85435152053833008 1.4242486953735352
vt 0.82283025979995728 1.3929346799850464
vt 0.85657227039337158 0.24682812392711639
vt 0.82374858856201172 0.40886065363883972
vt 0.82931715250015259 0.46043524146080017
vt 0.79250454902648926 0.456978440284729
vt 0.82931715250015259 0.46043524146080017
vt 0.82374858856201172 0.40886065363883972
vt 0.64979946613311768 0.70010441541671753
vt 0.6663215160369873 0.79832041263580322
vt 0.70695507526397705 0.73679041862487793
vt -2.6016190052032471 0.79832041263580322
vt -2.6091673374176025 0.70010441541671753
vt -2.6475875377655029 0.70834261178970337
vt 0.67738980054855347 1.2581777572631836
vt 0.72397536039352417 1.2546813488006592
vt 0.70144760608673096 1.1934103965759277
vt 0.77420908212661743 1.2013182640075684
vt 0.70144760608673096 1.1934103965759277
vt 0.72397536039352417 1.2546813488006592
vt 0.1702074408531189 0.43825563788414001
vt 0.20698043704032898 0.33439496159553528
vt 0.21160754561424255 0.23782363533973694
vt -2.7329776287078857 0.34640786051750183
vt -2.7457675933837891 0.23782363533973694
vt -2.7652263641357422 0.33439496159553528
vt 0.37916707992553711 0.50651669502258301
vt 0.33339428901672363 0.60399186611175537
vt 0.33627554774284363 0.65472984313964844
vt 0.28501898050308228 0.64615052938461304
vt 0.33627554774284363 0.65472984313964844
vt 0.33339428901672363 0.60399186611175537
vt 3.7278249263763428 0.18028564751148224
vt 3.6937332153320312 0.18585480749607086
vt 3.712874174118042 0.28759348392486572
vt 3.6955604553222656 0.077439695596694946
vt 3.6937332153320312 0.18585480749607086
vt 3.7278249263763428 0.18028564751148224
vt 3.7823128700256348 0.77249497175216675
vt 3.7797927856445312 0.83028137683868408
vt 3.8248741626739502 0.81760859489440918
vt 3.7797927856445312 0.83028137683868408
vt 3.7823128700256348 0.77249497175216675
vt 3.7247428894042969 0.82705932855606079
vt 3.7982621192932129 1.3629980087280273
vt 3.7528560161590576 1.3413166999816895
vt 3.729933500289917 1.3845663070678711
vt 3.729933500289917 1.3845663070678711
vt 3.7528560161590576 1.3413166999816895
vt 3.6988053321838379 1.3304131031036377
vt -2.7409782409667969 0.64172089099884033
vt -2.733534574508667 0.59627044200897217
vt -2.7709856033325195 0.54493898153305054
vt -2.6798274517059326 0.60671079158782959
vt -2.733534574508667 0.59627044200897217
vt -2.7409782409667969 0.64172089099884033
vt 0.08940289169549942 0.81760859489440918
vt 0.078383900225162506 0.87019598484039307
vt 0.12691083550453186 0.86880379915237427
vt 3.8378052711486816 0.87019598484039307
vt 3.8248741626739502 0.81760859489440918
vt 3.7797927856445312 0.83028137683868408
vt 0.84953635931015015 1.3053866624832153
vt 0.92851650714874268 1.3218497037887573
vt 0.87903392314910889 1.1567418575286865
vt 0.89565634727478027 1.3731166124343872
vt 0.92851650714874268 1.3218497037887573
vt 0.84953635931015015 1.3053866624832153
vt 0.15678083896636963 1.5709725618362427
vt 0.10891351103782654 1.5719881057739258
vt 0.12741711735725403 1.6180320978164673
vt 0.10891351103782654 1.5719881057739258
vt 0.15678083896636963 1.5709725618362427
vt 0.12022415548563004 1.5300853252410889
vt 0.14139853417873383 -2.7284636497497559
vt 0.0911259725689888 -2.7695817947387695
vt 0.063630595803260803 -2.7402880191802979
vt 3.7532260417938232 1.5301861763000488
vt 3.7402880191802979 1.5822910070419312
vt 3.7695817947387695 1.604859471321106
vt 0.83126884698867798 -2.6268777847290039
vt 0.84689211845397949 -2.6609444618225098
vt 0.78942286968231201 -2.6556646823883057
vt 3.6609444618225098 0.011386451311409473
vt 3.6268777847290039 0.0016832493711262941
vt 3.6218447685241699 0.08278203010559082
vt 0.5879971981048584 1.1445696353912354
vt 0.65952658653259277 1.1456174850463867
vt 0.64569300413131714 1.1025432348251343
vt 0.64569300413131714 1.1025432348251343
vt 0.65952658653259277 1.1456174850463867
vt 0.73438531160354614 1.1452662944793701
vt 3.7221360206604004 1.4615557193756104
vt 3.7222073078155518 1.4252045154571533
vt 3.6838541030883789 1.4245030879974365
vt 3.7222073078155518 1.4252045154571533
vt 3.7221360206604004 1.4615557193756104
vt 3.769667387008667 1.4268217086791992
vt 0.12022415548563004 1.5300853252410889
vt 0.16334578394889832 1.5036641359329224
vt 0.11587370932102203 1.4756327867507935
vt 0.16334578394889832 1.5036641359329224
vt 0.12022415548563004 1.5300853252410889
vt 0.15678083896636963 1.5709725618362427
vt 0.2957623302936554 0.6811402440071106
vt 0.25605109333992004 0.65225708484649658
vt 0.25649580359458923 0.7166447639465332
vt 0.25605109333992004 0.65225708484649658
vt 0.2957623302936554 0.6811402440071106
vt 0.28501898050308228 0.64615052938461304
vt -2.7380070686340332 0.088177815079689026
vt -2.7571175098419189 0.022683538496494293
vt -2.8245639801025391 0.0083966609090566635
vt 0.79358053207397461 -2.7513172626495361
vt 0.75898247957229614 -2.8245639801025391
vt 0.75795406103134155 -2.7571175098419189
vt 0.76575666666030884 1.5031182765960693
vt 0.78780907392501831 1.5596460103988647
vt 0.84001058340072632 1.5794755220413208
vt -2.6659166812896729 1.5031182765960693
vt -2.7131457328796387 1.5672675371170044
vt -2.6761982440948486 1.5596460103988647
vt 0.084622219204902649 1.5075923204421997
vt 0.11587370932102203 1.4756327867507935
vt 0.10371959954500198 1.4268217086791992
vt 0.11587370932102203 1.4756327867507935
vt 0.084622219204902649 1.5075923204421997
vt 0.12022415548563004 1.5300853252410889
vt -2.6734068393707275 1.1898428201675415
vt -2.7074575424194336 1.2289292812347412
vt -2.6919152736663818 1.2693229913711548
vt 0.30429923534393311 1.2464388608932495
vt 0.33913591504096985 1.2693229913711548
vt 0.36324596405029297 1.2289292812347412
vt 3.7753791809082031 0.97933435440063477
vt 3.7638556957244873 1.083604097366333
vt 3.8236539363861084 0.98036390542984009
vt 3.7638556957244873 1.083604097366333
vt 3.7753791809082031 0.97933435440063477
vt 3.7213542461395264 0.92580145597457886
vt 0.79141271114349365 0.084001794457435608
vt 0.83878040313720703 0.1387365460395813
vt 0.83747178316116333 0.08278203010559082
vt 0.83747178316116333 0.08278203010559082
vt 0.83878040313720703 0.1387365460395813
vt 0.87034481763839722 0.13318365812301636
vt 0.49643534421920776 -2.696528434753418
vt 0.48225522041320801 -2.6367435455322266
vt 0.5210573673248291 -2.6492278575897217
vt 0.47558742761611938 0.0063636577688157558
vt 0.4789426326751709 0.041879680007696152
vt 0.51774477958679199 0.053121484816074371
vt -2.7011475563049316 1.0959377288818359
vt -2.7270338535308838 1.082585334777832
vt -2.7541403770446777 1.1238794326782227
vt 0.65240204334259033 -2.7270338535308838
vt 0.61837750673294067 -2.7011475563049316
vt 0.65026426315307617 -2.6877739429473877
vt 0.24765950441360474 1.0752792358398438
vt 0.18083110451698303 1.0707052946090698
vt 0.18455304205417633 1.1070657968521118
vt 0.24765950441360474 1.0752792358398438
vt 0.12691083550453186 0.86880379915237427
vt 0.18083110451698303 1.0707052946090698
vn 0.78380072116851807 0.015869878232479095 -0.62080961465835571
vn 0.78380072116851807 0.015869878232479095 -0.62080961465835571
vn 0.78380072116851807 0.015869878232479095 -0.62080961465835571
vn -0.68148249387741089 0.16484583914279938 -0.71302694082260132
vn -0.68148249387741089 0.16484583914279938 -0.71302694082260132
vn -0.68148249387741089 0.16484583914279938 -0.71302694082260132
vn -0.066950142383575439 -0.1394672691822052 0.9879608154296875
vn -0.066950142383575439 -0.1394672691822052 0.9879608154296875
vn -0.066950142383575439 -0.1394672691822052 0.9879608154296875
vn 0.56222242116928101 -0.17438621819019318 -0.80839061737060547
vn 0.56222242116928101 -0.17438621819019318 -0.80839061737060547
vn 0.56222242116928101 -0.17438621819019318 -0.80839061737060547
vn 0.34622052311897278 0.53992003202438354 -0.76721423864364624
vn 0.34622052311897278 0.53992003202438354 -0.76721423864364624
vn 0.34622052311897278 0.53992003202438354 -0.76721423864364624
vn -0.29057991504669189 -0.048759970813989639 0.95560753345489502
vn -0.29057991504669189 -0.048759970813989639 0.95560753345489502
vn -0.29057991504669189 -0.048759970813989639 0.95560753345489502
vn 0.9572746753692627 -0.21170009672641754 0.19699805974960327
vn 0.9572746753692627 -0.21170009672641754 0.19699805974960327
vn 0.9572746753692627 -0.21170009672641754 0.19699805974960327
vn 0.05846293643116951 -0.19920048117637634 -0.97821331024169922
vn 0.05846293643116951 -0.19920048117637634 -0.97821331024169922
vn 0.05846293643116951 -0.19920048117637634 -0.97821331024169922
vn -0.72140926122665405 -0.0029580919072031975 0.69250261783599854
vn -0.72140926122665405 -0.0029580919072031975 0.69250261783599854
vn -0.72140926122665405 -0.0029580919072031975 0.69250261783599854
vn -0.92519921064376831 -0.28117519617080688 0.2548469603061676
vn -0.92519921064376831 -0.28117519617080688 0.2548469603061676
vn -0.92519921064376831 -0.28117519617080688 0.2548469603061676
vn 0.75272691249847412 0.015034501440823078 0.6581612229347229
vn 0.75272691249847412 0.015034501440823078 0.6581612229347229
vn 0.75272691249847412 0.015034501440823078 0.6581612229347229
vn -0.83563327789306641 -0.32856020331382751 -0.4401877224445343
vn -0.83563327789306641 -0.32856020331382751 -0.4401877224445343
vn -0.83563327789306641 -0.32856020331382751 -0.4401877224445343
vn 0.7438971996307373 0.52896499633789062 -0.40842744708061218
vn 0.7438971996307373 0.52896499633789062 -0.40842744708061218
vn 0.7438971996307373 0.52896499633789062 -0.40842744708061218
vn 0.96706688404083252 0.052838869392871857 0.24897719919681549
vn 0.96706688404083252 0.052838869392871857 0.24897719919681549
vn 0.96706688404083252 0.052838869392871857 0.24897719919681549
vn 0.82688826322555542 0.17474469542503357 -0.53452789783477783
vn 0.82688826322555542 0.17474469542503357 -0.53452789783477783
vn 0.82688826322555542 0.17474469542503357 -0.53452789783477783
vn -0.056834004819393158 0.66690200567245483 -0.74297481775283813
vn -0.056834004819393158 0.66690200567245483 -0.74297481775283813
vn -0.056834004819393158 0.66690200567245483 -0.74297481775283813
vn 0.99431788921356201 -0.036945976316928864 -0.099834375083446503
vn 0.99431788921356201 -0.036945976316928864 -0.099834375083446503
vn 0.99431788921356201 -0.036945976316928864 -0.099834375083446503
vn -0.98160463571548462 -0.16703778505325317 0.092469818890094757
vn -0.98160463571548462 -0.16703778505325317 0.092469818890094757
vn -0.98160463571548462 -0.16703778505325317 0.092469818890094757
vn -0.45154187083244324 -0.16229216754436493 -0.87736606597900391
vn -0.45154187083244324 -0.16229216754436493 -0.87736606597900391
vn -0.45154187083244324 -0.16229216754436493 -0.87736606597900391
vn 0.73785847425460815 0.11862944066524506 -0.66444861888885498
vn 0.73785847425460815 0.11862944066524506 -0.66444861888885498
vn 0.73785847425460815 0.11862944066524506 -0.66444861888885498
vn -0.54510408639907837 -0.17599202692508698 0.81968796253204346
vn -0.54510408639907837 -0.17599202692508698 0.81968796253204346
vn -0.54510408639907837 -0.17599202692508698 0.81968796253204346
vn -0.96382522583007812 -0.027955181896686554 -0.26506504416465759
vn -0.96382522583007812 -0.027955181896686554 -0.26506504416465759
vn -0.96382522583007812 -0.027955181896686554 -0.26506504416465759
vn 0.78197187185287476 0.36490640044212341 0.50533485412597656
vn 0.78197187185287476 0.36490640044212341 0.50533485412597656
vn 0.78197187185287476 0.36490640044212341 0.50533485412597656
vn 0.29179081320762634 0.2494674026966095 0.92337650060653687
vn 0.29179081320762634 0.2494674026966095 0.92337650060653687
vn 0.29179081320762634 0.2494674026966095 0.92337650060653687
vn -0.6081700325012207 0.055451840162277222 0.79186761379241943
vn -0.6081700325012207 0.055451840162277222 0.79186761379241943
vn -0.6081700325012207 0.055451840162277222 0.79186761379241943
vn -0.84164547920227051 -0.094947144389152527 0.53161823749542236
vn -0.84164547920227051 -0.094947144389152527 0.53161823749542236
vn -0.84164547920227051 -0.094947144389152527 0.53161823749542236
vn 0.20573791861534119 0.034954547882080078 -0.97798264026641846
vn 0.20573791861534119 0.034954547882080078 -0.97798264026641846
vn 0.20573791861534119 0.034954547882080078 -0.97798264026641846
vn -0.85138547420501709 -0.13068154454231262 -0.50800108909606934
vn -0.85138547420501709 -0.13068154454231262 -0.50800108909606934
vn -0.85138547420501709 -0.13068154454231262 -0.50800108909606934
vn 0.41208133101463318 0.044634822756052017 0.91005313396453857
vn 0.41208133101463318 0.044634822756052017 0.91005313396453857
vn 0.41208133101463318 0.044634822756052017 0.91005313396453857
vn -0.97939121723175049 -0.19937324523925781 0.03229701891541481
vn -0.97939121723175049 -0.19937324523925781 0.03229701891541481
vn -0.97939121723175049 -0.19937324523925781 0.03229701891541481
vn -0.61619347333908081 0.037466283887624741 -0.78670316934585571
vn -0.61619347333908081 0.037466283887624741 -0.78670316934585571
vn -0.61619347333908081 0.037466283887624741 -0.78670316934585571
vn -0.95449328422546387 -0.26067671179771423 -0.14487992227077484
vn -0.95449328422546387 -0.26067671179771423 -0.14487992227077484
vn -0.95449328422546387 -0.26067671179771423 -0.14487992227077484
vn -0.85283780097961426 -0.33990567922592163 0.39639854431152344
vn -0.85283780097961426 -0.33990567922592163 0.39639854431152344
vn -0.85283780097961426 -0.33990567922592163 0.39639854431152344
vn -0.43821892142295837 -0.36363309621810913 0.82203108072280884
vn -0.43821892142295837 -0.36363309621810913 0.82203108072280884
vn -0.43821892142295837 -0.36363309621810913 0.82203108072280884
vn 0.6940838098526001 -0.48069494962692261 -0.5358918309211731
vn 0.6940838098526001 -0.48069494962692261 -0.5358918309211731
vn 0.6940838098526001 -0.48069494962692261 -0.5358918309211731
vn 0.32000088691711426 -0.90768337249755859 0.2714964747428894
vn 0.32000088691711426 -0.90768337249755859 0.2714964747428894
vn 0.32000088691711426 -0.90768337249755859 0.2714964747428894
vn 0.72905051708221436 -0.17300963401794434 -0.66223335266113281
vn 0.72905051708221436 -0.17300963401794434 -0.66223335266113281
vn 0.72905051708221436 -0.17300963401794434 -0.66223335266113281
vn -0.6875271201133728 -0.28170153498649597 -0.66929119825363159
vn -0.6875271201133728 -0.28170153498649597 -0.66929119825363159
vn -0.6875271201133728 -0.28170153498649597 -0.66929119825363159
vn 0.068391904234886169 -0.10328187793493271 0.99229806661605835
vn 0.068391904234886169 -0.10328187793493271 0.99229806661605835
vn 0.068391904234886169 -0.10328187793493271 0.99229806661605835
vn 0.18454332649707794 -0.38099193572998047 0.90597403049468994
vn 0.18454332649707794 -0.38099193572998047 0.90597403049468994
vn 0.18454332649707794 -0.38099193572998047 0.90597403049468994
vn -0.69601500034332275 0.59168893098831177 -0.4067767858505249
vn -0.69601500034332275 0.59168893098831177 -0.4067767858505249
vn -0.69601500034332275 0.59168893098831177 -0.4067767858505249
vn 0.97359371185302734 0.22093616425991058 -0.057467252016067505
vn 0.97359371185302734 0.22093616425991058 -0.057467252016067505
vn 0.97359371185302734 0.22093616425991058 -0.057467252016067505
vn -0.069990992546081543 -0.64799678325653076 -0.75842034816741943
vn -0.069990992546081543 -0.64799678325653076 -0.75842034816741943
vn -0.069990992546081543 -0.64799678325653076 -0.75842034816741943
vn -0.024482535198330879 -0.30168077349662781 0.95309460163116455
vn -0.024482535198330879 -0.30168077349662781 0.95309460163116455
vn -0.024482535198330879 -0.30168077349662781 0.95309460163116455
vn -0.97522944211959839 0.13575939834117889 0.17463356256484985
vn -0.97522944211959839 0.13575939834117889 0.17463356256484985
vn -0.97522944211959839 0.13575939834117889 0.17463356256484985
vn -0.48548868298530579 0.37200576066970825 0.79114627838134766
vn -0.48548868298530579 0.37200576066970825 0.79114627838134766
vn -0.48548868298530579 0.37200576066970825 0.79114627838134766
vn 0.55487209558486938 0.14070874452590942 0.81994998455047607
vn 0.55487209558486938 0.14070874452590942 0.81994998455047607
vn 0.55487209558486938 0.14070874452590942 0.81994998455047607
vn 0.80319505929946899 0.040304683148860931 0.59435111284255981
vn 0.80319505929946899 0.040304683148860931 0.59435111284255981
vn 0.80319505929946899 0.040304683148860931 0.59435111284255981
vn 0.90377718210220337 0.011493965052068233 -0.4278489351272583
vn 0.90377718210220337 0.011493965052068233 -0.4278489351272583
vn 0.90377718210220337 0.011493965052068233 -0.4278489351272583
vn 0.11931135505437851 0.04757845401763916 -0.99171620607376099
vn 0.11931135505437851 0.04757845401763916 -0.99171620607376099
vn 0.11931135505437851 0.04757845401763916 -0.99171620607376099
vn 0.28161013126373291 0.13700754940509796 0.94969713687896729
vn 0.28161013126373291 0.13700754940509796 0.94969713687896729
vn 0.28161013126373291 0.13700754940509796 0.94969713687896729
vn 0.94640123844146729 -0.18230372667312622 0.26662728190422058
vn 0.94640123844146729 -0.18230372667312622 0.26662728190422058
vn 0.94640123844146729 -0.18230372667312622 0.26662728190422058
vn 0.88293266296386719 0.26863917708396912 0.38504919409751892
vn 0.88293266296386719 0.26863917708396912 0.38504919409751892
vn 0.88293266296386719 0.26863917708396912 0.38504919409751892
vn 0.72939956188201904 -0.57135254144668579 -0.37620812654495239
vn 0.72939956188201904 -0.57135254144668579 -0.37620812654495239
vn 0.72939956188201904 -0.57135254144668579 -0.37620812654495239
vn -0.42985481023788452 -0.23021240532398224 -0.87305617332458496
vn -0.42985481023788452 -0.23021240532398224 -0.87305617332458496
vn -0.42985481023788452 -0.23021240532398224 -0.87305617332458496
vn 0.53001606464385986 -0.11038241535425186 -0.84077268838882446
vn 0.53001606464385986 -0.11038241535425186 -0.84077268838882446
vn 0.53001606464385986 -0.11038241535425186 -0.84077268838882446
vn -0.98142260313034058 -0.049298204481601715 0.18541666865348816
vn -0.98142260313034058 -0.049298204481601715 0.18541666865348816
vn -0.98142260313034058 -0.049298204481601715 0.18541666865348816
vn -0.60841786861419678 -0.078716538846492767 0.789703369140625
vn -0.60841786861419678 -0.078716538846492767 0.789703369140625
vn -0.60841786861419678 -0.078716538846492767 0.789703369140625
vn 0.71745127439498901 0.0049731223843991756 -0.69659096002578735
vn 0.71745127439498901 0.0049731223843991756 -0.69659096002578735
vn 0.71745127439498901 0.0049731223843991756 -0.69659096002578735
vn 0.11187545210123062 0.42654255032539368 -0.89752179384231567
vn 0.11187545210123062 0.42654255032539368 -0.89752179384231567
vn 0.11187545210123062 0.42654255032539368 -0.89752179384231567
vn 0.87377595901489258 0.31315356492996216 0.3720892071723938
vn 0.87377595901489258 0.31315356492996216 0.3720892071723938
vn 0.87377595901489258 0.31315356492996216 0.3720892071723938
vn -0.79909712076187134 0.49885609745979309 0.33553895354270935
vn -0.79909712076187134 0.49885609745979309 0.33553895354270935
vn -0.79909712076187134 0.49885609745979309 0.33553895354270935
vn -0.26480939984321594 -0.81377005577087402 -0.51735317707061768
vn -0.26480939984321594 -0.81377005577087402 -0.51735317707061768
vn -0.26480939984321594 -0.81377005577087402 -0.51735317707061768
vn 0.21145384013652802 -0.056982927024364471 -0.97572547197341919
vn 0.21145384013652802 -0.056982927024364471 -0.97572547197341919
vn 0.21145384013652802 -0.056982927024364471 -0.97572547197341919
vn -0.25777876377105713 -0.24074415862560272 0.93573093414306641
vn -0.25777876377105713 -0.24074415862560272 0.93573093414306641
vn -0.25777876377105713 -0.24074415862560272 0.93573093414306641
vn -0.45659887790679932 -0.27394750714302063 0.84644562005996704
vn -0.45659887790679932 -0.27394750714302063 0.84644562005996704
vn -0.45659887790679932 -0.27394750714302063 0.84644562005996704
vn -0.07490915060043335 0.73136001825332642 -0.67786514759063721
vn -0.07490915060043335 0.73136001825332642 -0.67786514759063721
vn -0.07490915060043335 0.73136001825332642 -0.67786514759063721
vn -0.85353606939315796 0.49930635094642639 0.14889378845691681
vn -0.85353606939315796 0.49930635094642639 0.14889378845691681
vn -0.85353606939315796 0.49930635094642639 0.14889378845691681
vn -0.64855575561523438 -0.19730822741985321 -0.7351495623588562
vn -0.64855575561523438 -0.19730822741985321 -0.7351495623588562
vn -0.64855575561523438 -0.19730822741985321 -0.7351495623588562
vn -0.25974032282829285 -0.19065938889980316 -0.94666993618011475
vn -0.25974032282829285 -0.19065938889980316 -0.94666993618011475
vn -0.25974032282829285 -0.19065938889980316 -0.94666993618011475
vn -0.94187241792678833 -0.064591102302074432 -0.32970339059829712
vn -0.94187241792678833 -0.064591102302074432 -0.32970339059829712
vn -0.94187241792678833 -0.064591102302074432 -0.32970339059829712
vn -0.97654217481613159 -0.070921808481216431 0.20331129431724548
vn -0.97654217481613159 -0.070921808481216431 0.20331129431724548
vn -0.97654217481613159 -0.070921808481216431 0.20331129431724548
vn -0.4526364803314209 -0.06689935177564621 0.88918203115463257
vn -0.4526364803314209 -0.06689935177564621 0.88918203115463257
vn -0.4526364803314209 -0.06689935177564621 0.88918203115463257
vn -0.40457239747047424 -0.28221753239631653 0.86987036466598511
vn -0.40457239747047424 -0.28221753239631653 0.86987036466598511
vn -0.40457239747047424 -0.28221753239631653 0.86987036466598511
vn 0.2043677419424057 -0.96750974655151367 0.14885807037353516
vn 0.2043677419424057 -0.96750974655151367 0.14885807037353516
vn 0.2043677419424057 -0.96750974655151367 0.14885807037353516
vn -0.40037328004837036 -0.052180517464876175 0.91486525535583496
vn -0.40037328004837036 -0.052180517464876175 0.91486525535583496
vn -0.40037328004837036 -0.052180517464876175 0.91486525535583496
vn 0.64912420511245728 0.39902329444885254 -0.64762502908706665
vn 0.64912420511245728 0.39902329444885254 -0.64762502908706665
vn 0.64912420511245728 0.39902329444885254 -0.64762502908706665
vn 0.74424606561660767 0.12684683501720428 -0.65574967861175537
vn 0.74424606561660767 0.12684683501720428 -0.65574967861175537
vn 0.74424606561660767 0.12684683501720428 -0.65574967861175537
vn 0.084339909255504608 0.063771076500415802 0.99439430236816406
vn 0.084339909255504608 0.063771076500415802 0.99439430236816406
vn 0.084339909255504608 0.063771076500415802 0.99439430236816406
vn 0.96702367067337036 0.20369088649749756 0.15288959443569183
vn 0.96702367067337036 0.20369088649749756 0.15288959443569183
vn 0.96702367067337036 0.20369088649749756 0.15288959443569183
vn 0.077941387891769409 0.77846860885620117 0.62282562255859375
vn 0.077941387891769409 0.77846860885620117 0.62282562255859375
vn 0.077941387891769409 0.77846860885620117 0.62282562255859375
vn -0.42202067375183105 0.49108955264091492 0.76205617189407349
vn -0.42202067375183105 0.49108955264091492 0.76205617189407349
vn -0.42202067375183105 0.49108955264091492 0.76205617189407349
vn 0.1293923556804657 0.055974438786506653 -0.99001234769821167
vn 0.1293923556804657 0.055974438786506653 -0.99001234769821167
vn 0.1293923556804657 0.055974438786506653 -0.99001234769821167
vn -0.33956867456436157 -0.73167538642883301 -0.59105348587036133
vn -0.33956867456436157 -0.73167538642883301 -0.59105348587036133
vn -0.33956867456436157 -0.73167538642883301 -0.59105348587036133
vn -0.37954124808311462 0.91825246810913086 -0.11296381056308746
vn -0.37954124808311462 0.91825246810913086 -0.11296381056308746
vn -0.37954124808311462 0.91825246810913086 -0.11296381056308746
vn -0.86007910966873169 -0.35494261980056763 -0.36644193530082703
vn -0.86007910966873169 -0.35494261980056763 -0.36644193530082703
vn -0.86007910966873169 -0.35494261980056763 -0.36644193530082703
vn -0.92140567302703857 0.017399385571479797 0.3882124125957489
vn -0.92140567302703857 0.017399385571479797 0.3882124125957489
vn -0.92140567302703857 0.017399385571479797 0.3882124125957489
vn -0.00081811106065288186 -0.9417153000831604 0.33640983700752258
vn -0.00081811106065288186 -0.9417153000831604 0.33640983700752258
vn -0.00081811106065288186 -0.9417153000831604 0.33640983700752258
vn -0.61101573705673218 0.035221375524997711 -0.79083448648452759
vn -0.61101573705673218 0.035221375524997711 -0.79083448648452759
vn -0.61101573705673218 0.035221375524997711 -0.79083448648452759
vn -0.48030644655227661 -0.12509168684482574 -0.86813467741012573
vn -0.48030644655227661 -0.12509168684482574 -0.86813467741012573
vn -0.48030644655227661 -0.12509168684482574 -0.86813467741012573
vn 0.86055624485015869 -0.44480624794960022 -0.24817399680614471
vn 0.86055624485015869 -0.44480624794960022 -0.24817399680614471
vn 0.86055624485015869 -0.44480624794960022 -0.24817399680614471
vn 0.89333248138427734 0.41705036163330078 0.16741000115871429
vn 0.89333248138427734 0.41705036163330078 0.16741000115871429
vn 0.89333248138427734 0.41705036163330078 0.16741000115871429
vn -0.40195807814598083 0.08538094162940979 0.91166871786117554
vn -0.40195807814598083 0.08538094162940979 0.91166871786117554
vn -0.40195807814598083 0.08538094162940979 0.91166871786117554
vn -0.73131614923477173 0.020436959341168404 0.6817324161529541
vn -0.73131614923477173 0.020436959341168404 0.6817324161529541
vn -0.73131614923477173 0.020436959341168404 0.6817324161529541
vn 0.64298176765441895 0.017855469137430191 -0.76567327976226807
vn 0.64298176765441895 0.017855469137430191 -0.76567327976226807
vn 0.64298176765441895 0.017855469137430191 -0.76567327976226807
vn 0.90185689926147461 0.058207157999277115 0.42809587717056274
vn 0.90185689926147461 0.058207157999277115 0.42809587717056274
vn 0.90185689926147461 0.058207157999277115 0.42809587717056274
vn -0.97444295883178711 -0.070504866540431976 -0.21328376233577728
vn -0.97444295883178711 -0.070504866540431976 -0.21328376233577728
vn -0.97444295883178711 -0.070504866540431976 -0.21328376233577728
vn -0.62653058767318726 -0.0946163609623909 -0.77363240718841553
vn -0.62653058767318726 -0.0946163609623909 -0.77363240718841553
vn -0.62653058767318726 -0.0946163609623909 -0.77363240718841553
vn -0.98355627059936523 -0.17920921742916107 -0.022386511787772179
vn -0.98355627059936523 -0.17920921742916107 -0.022386511787772179
vn -0.98355627059936523 -0.17920921742916107 -0.022386511787772179
vn -0.98552000522613525 -0.11516920477151871 -0.12444403767585754
vn -0.98552000522613525 -0.11516920477151871 -0.12444403767585754
vn -0.98552000522613525 -0.11516920477151871 -0.12444403767585754
vn 0.51089829206466675 0.66995495557785034 -0.53864949941635132
vn 0.51089829206466675 0.66995495557785034 -0.53864949941635132
vn 0.51089829206466675 0.66995495557785034 -0.53864949941635132
vn 0.46576401591300964 -0.18206539750099182 -0.86597692966461182
vn 0.46576401591300964 -0.18206539750099182 -0.86597692966461182
vn 0.46576401591300964 -0.18206539750099182 -0.86597692966461182
vn 0.73269075155258179 0.13093756139278412 -0.66784703731536865
vn 0.73269075155258179 0.13093756139278412 -0.66784703731536865
vn 0.73269075155258179 0.13093756139278412 -0.66784703731536865
vn 0.98386496305465698 0.1662188321352005 0.06618954986333847
vn 0.98386496305465698 0.1662188321352005 0.06618954986333847
vn 0.98386496305465698 0.1662188321352005 0.06618954986333847
vn -0.21215155720710754 0.13019321858882904 0.96852540969848633
vn -0.21215155720710754 0.13019321858882904 0.96852540969848633
vn -0.21215155720710754 0.13019321858882904 0.96852540969848633
vn -0.84854453802108765 0.0006875263643451035 0.52912348508834839
vn -0.84854453802108765 0.0006875263643451035 0.52912348508834839
vn -0.84854453802108765 0.0006875263643451035 0.52912348508834839
vn 0.28356721997261047 -0.086058087646961212 0.95508307218551636
vn 0.28356721997261047 -0.086058087646961212 0.95508307218551636
vn 0.28356721997261047 -0.086058087646961212 0.95508307218551636
vn 0.56177645921707153 -0.0029834697488695383 0.82728368043899536
vn 0.56177645921707153 -0.0029834697488695383 0.82728368043899536
vn 0.56177645921707153 -0.0029834697488695383 0.82728368043899536
vn -0.4613366425037384 -0.40659162402153015 0.78857576847076416
vn -0.4613366425037384 -0.40659162402153015 0.78857576847076416
vn -0.4613366425037384 -0.40659162402153015 0.78857576847076416
vn -0.3658376932144165 0.54472911357879639 0.75460779666900635
vn -0.3658376932144165 0.54472911357879639 0.75460779666900635
vn -0.3658376932144165 0.54472911357879639 0.75460779666900635
vn -0.90258502960205078 -0.41605517268180847 -0.110627181828022
vn -0.90258502960205078 -0.41605517268180847 -0.110627181828022
vn -0.90258502960205078 -0.41605517268180847 -0.110627181828022
vn -0.83664369583129883 0.40682110190391541 -0.36677506566047668
vn -0.83664369583129883 0.40682110190391541 -0.36677506566047668
vn -0.83664369583129883 0.40682110190391541 -0.36677506566047668
vn 0.14487411081790924 0.95665150880813599 -0.25264477729797363
vn 0.14487411081790924 0.95665150880813599 -0.25264477729797363
vn 0.14487411081790924 0.95665150880813599 -0.25264477729797363
vn 0.19459089636802673 0.82866013050079346 0.52483969926834106
vn 0.19459089636802673 0.82866013050079346 0.52483969926834106
vn 0.19459089636802673 0.82866013050079346 0.52483969926834106
vn 0.37222138047218323 0.89642620086669922 0.24056464433670044
vn 0.37222138047218323 0.89642620086669922 0.24056464433670044
vn 0.37222138047218323 0.89642620086669922 0.24056464433670044
vn 0.7940056324005127 0.4867917001247406 -0.36412757635116577
vn 0.7940056324005127 0.4867917001247406 -0.36412757635116577
vn 0.7940056324005127 0.4867917001247406 -0.36412757635116577
vn -0.99915945529937744 0.0051972032524645329 -0.040661927312612534
vn -0.99915945529937744 0.0051972032524645329 -0.040661927312612534
vn -0.99915945529937744 0.0051972032524645329 -0.040661927312612534
vn -0.43126058578491211 -0.15963895618915558 -0.88799196481704712
vn -0.43126058578491211 -0.15963895618915558 -0.88799196481704712
vn -0.43126058578491211 -0.15963895618915558 -0.88799196481704712
vn 0.37189710140228271 0.11737179011106491 0.92082375288009644
vn 0.37189710140228271 0.11737179011106491 0.92082375288009644
vn 0.37189710140228271 0.11737179011106491 0.92082375288009644
vn -0.37284466624259949 0.07656116783618927 0.92472982406616211
vn -0.37284466624259949 0.07656116783618927 0.92472982406616211
vn -0.37284466624259949 0.07656116783618927 0.92472982406616211
vn -0.018200583755970001 -0.92747163772583008 0.37345027923583984
vn -0.018200583755970001 -0.92747163772583008 0.37345027923583984
vn -0.018200583755970001 -0.92747163772583008 0.37345027923583984
vn 0.69177711009979248 0.71803361177444458 0.076630100607872009
vn 0.69177711009979248 0.71803361177444458 0.076630100607872009
vn 0.69177711009979248 0.71803361177444458 0.076630100607872009
vn 0.70041990280151367 -0.029534941539168358 -0.71311968564987183
vn 0.70041990280151367 -0.029534941539168358 -0.71311968564987183
vn 0.70041990280151367 -0.029534941539168358 -0.71311968564987183
vn 0.91405034065246582 0.083594575524330139 0.39689284563064575
vn 0.91405034065246582 0.083594575524330139 0.39689284563064575
vn 0.91405034065246582 0.083594575524330139 0.39689284563064575
vn -0.8748430609703064 -0.020705852657556534 0.48396366834640503
vn -0.8748430609703064 -0.020705852657556534 0.48396366834640503
vn -0.8748430609703064 -0.020705852657556534 0.48396366834640503
vn -0.33336544036865234 0.048679277300834656 0.94154012203216553
vn -0.33336544036865234 0.048679277300834656 0.94154012203216553
vn -0.33336544036865234 0.048679277300834656 0.94154012203216553
vn 0.95470583438873291 0.2750898003578186 -0.11341243982315063
vn 0.95470583438873291 0.2750898003578186 -0.11341243982315063
vn 0.95470583438873291 0.2750898003578186 -0.11341243982315063
vn 0.55383431911468506 -0.83118432760238647 0.048991542309522629
vn 0.55383431911468506 -0.83118432760238647 0.048991542309522629
vn 0.55383431911468506 -0.83118432760238647 0.048991542309522629
vn -0.28450778126716614 -0.25903189182281494 0.92301559448242188
vn -0.28450778126716614 -0.25903189182281494 0.92301559448242188
vn -0.28450778126716614 -0.25903189182281494 0.92301559448242188
vn 0.46663352847099304 -0.20931334793567657 0.85932594537734985
vn 0.46663352847099304 -0.20931334793567657 0.85932594537734985
vn 0.46663352847099304 -0.20931334793567657 0.85932594537734985
vn -0.053679343312978745 -0.99251347780227661 -0.10970658808946609
vn -0.053679343312978745 -0.99251347780227661 -0.10970658808946609
vn -0.053679343312978745 -0.99251347780227661 -0.10970658808946609
vn -0.066558197140693665 0.0813426673412323 0.99446135759353638
vn -0.066558197140693665 0.0813426673412323 0.99446135759353638
vn -0.066558197140693665 0.0813426673412323 0.99446135759353638
vn 0.92081946134567261 -0.38829994201660156 0.036258291453123093
vn 0.92081946134567261 -0.38829994201660156 0.036258291453123093
vn 0.92081946134567261 -0.38829994201660156 0.036258291453123093
vn 0.53687667846679688 -0.034194741398096085 0.8429674506187439
vn 0.53687667846679688 -0.034194741398096085 0.8429674506187439
vn 0.53687667846679688 -0.034194741398096085 0.8429674506187439
vn -0.029740860685706139 -0.23298273980617523 -0.97202599048614502
vn -0.029740860685706139 -0.23298273980617523 -0.97202599048614502
vn -0.029740860685706139 -0.23298273980617523 -0.97202599048614502
vn 0.83784300088882446 -0.12160259485244751 -0.53219538927078247
vn 0.83784300088882446 -0.12160259485244751 -0.53219538927078247
vn 0.83784300088882446 -0.12160259485244751 -0.53219538927078247
vn 0.19416867196559906 0.68749839067459106 -0.69974601268768311
vn 0.19416867196559906 0.68749839067459106 -0.69974601268768311
vn 0.19416867196559906 0.68749839067459106 -0.69974601268768311
vn -0.093945138156414032 0.050670340657234192 -0.99428707361221313
vn -0.093945138156414032 0.050670340657234192 -0.99428707361221313
vn -0.093945138156414032 0.050670340657234192 -0.99428707361221313
vn 0.82065010070800781 -0.041084468364715576 0.56995218992233276
vn 0.82065010070800781 -0.041084468364715576 0.56995218992233276
vn 0.82065010070800781 -0.041084468364715576 0.56995218992233276
vn 0.87245833873748779 0.058477729558944702 0.48517709970474243
vn 0.87245833873748779 0.058477729558944702 0.48517709970474243
vn 0.87245833873748779 0.058477729558944702 0.48517709970474243
vn 0.99639570713043213 0.047669302672147751 -0.070165678858757019
vn 0.99639570713043213 0.047669302672147751 -0.070165678858757019
vn 0.99639570713043213 0.047669302672147751 -0.070165678858757019
vn 0.39067226648330688 0.81322449445724487 0.43132477998733521
vn 0.39067226648330688 0.81322449445724487 0.43132477998733521
vn 0.39067226648330688 0.81322449445724487 0.43132477998733521
vn -0.95662736892700195 -0.25218269228935242 0.14583556354045868
vn -0.95662736892700195 -0.25218269228935242 0.14583556354045868
vn -0.95662736892700195 -0.25218269228935242 0.14583556354045868
vn -0.80480998754501343 -0.48389172554016113 0.34369996190071106
vn -0.80480998754501343 -0.48389172554016113 0.34369996190071106
vn -0.80480998754501343 -0.48389172554016113 0.34369996190071106
vn 0.80651229619979858 -0.053216449916362762 0.58881735801696777
vn 0.80651229619979858 -0.053216449916362762 0.58881735801696777
vn 0.80651229619979858 -0.053216449916362762 0.58881735801696777
vn 0.82259440422058105 0.188238725066185 0.53656744956970215
vn 0.82259440422058105 0.188238725066185 0.53656744956970215
vn 0.82259440422058105 0.188238725066185 0.53656744956970215
vn -0.5664246678352356 -0.11439617723226547 -0.81613516807556152
vn -0.5664246678352356 -0.11439617723226547 -0.81613516807556152
vn -0.5664246678352356 -0.11439617723226547 -0.81613516807556152
vn -0.49942070245742798 -0.19395019114017487 -0.84437096118927002
vn -0.49942070245742798 -0.19395019114017487 -0.84437096118927002
vn -0.49942070245742798 -0.19395019114017487 -0.84437096118927002
vn 0.69247573614120483 -0.40122359991073608 -0.59958064556121826
vn 0.69247573614120483 -0.40122359991073608 -0.59958064556121826
vn 0.69247573614120483 -0.40122359991073608 -0.59958064556121826
vn 0.063594751060009003 -0.50047206878662109 -0.86341381072998047
vn 0.063594751060009003 -0.50047206878662109 -0.86341381072998047
vn 0.063594751060009003 -0.50047206878662109 -0.86341381072998047
vn 0.74809855222702026 0.13754391670227051 -0.64917653799057007
vn 0.74809855222702026 0.13754391670227051 -0.64917653799057007
vn 0.74809855222702026 0.13754391670227051 -0.64917653799057007
vn 0.29297542572021484 0.5790284276008606 -0.76084917783737183
vn 0.29297542572021484 0.5790284276008606 -0.76084917783737183
vn 0.29297542572021484 0.5790284276008606 -0.76084917783737183
vn 0.51205295324325562 0.64127761125564575 0.57145845890045166
vn 0.51205295324325562 0.64127761125564575 0.57145845890045166
vn 0.51205295324325562 0.64127761125564575 0.57145845890045166
vn 0.37524515390396118 0.19593717157840729 0.90597999095916748
vn 0.37524515390396118 0.19593717157840729 0.90597999095916748
vn 0.37524515390396118 0.19593717157840729 0.90597999095916748
vn -0.89212989807128906 -0.024316860362887383 -0.45112413167953491
vn -0.89212989807128906 -0.024316860362887383 -0.45112413167953491
vn -0.89212989807128906 -0.024316860362887383 -0.45112413167953491
vn -0.74857723712921143 -0.17288883030414581 -0.64011061191558838
vn -0.74857723712921143 -0.17288883030414581 -0.64011061191558838
vn -0.74857723712921143 -0.17288883030414581 -0.64011061191558838
vn -0.76166784763336182 -0.64771205186843872 0.018199406564235687
vn -0.76166784763336182 -0.64771205186843872 0.018199406564235687
vn -0.76166784763336182 -0.64771205186843872 0.018199406564235687
vn -0.14691857993602753 -0.97070395946502686 -0.19012837111949921
vn -0.14691857993602753 -0.97070395946502686 -0.19012837111949921
vn -0.14691857993602753 -0.97070395946502686 -0.19012837111949921
vn -0.7992064356803894 -0.41252601146697998 -0.43714001774787903
vn -0.7992064356803894 -0.41252601146697998 -0.43714001774787903
vn -0.7992064356803894 -0.41252601146697998 -0.43714001774787903
vn -0.93932116031646729 -0.15448062121868134 -0.30628654360771179
vn -0.93932116031646729 -0.15448062121868134 -0.30628654360771179
vn -0.93932116031646729 -0.15448062121868134 -0.30628654360771179
vn -0.97269153594970703 -0.141193687915802 0.18421602249145508
vn -0.97269153594970703 -0.141193687915802 0.18421602249145508
vn -0.97269153594970703 -0.141193687915802 0.18421602249145508
vn -0.90670478343963623 -0.22080658376216888 -0.35934790968894958
vn -0.90670478343963623 -0.22080658376216888 -0.35934790968894958
vn -0.90670478343963623 -0.22080658376216888 -0.35934790968894958
vn -0.825264573097229 -0.047099746763706207 0.56277883052825928
vn -0.825264573097229 -0.047099746763706207 0.56277883052825928
vn -0.825264573097229 -0.047099746763706207 0.56277883052825928
vn -0.70045113563537598 -0.31730273365974426 0.63928645849227905
vn -0.70045113563537598 -0.31730273365974426 0.63928645849227905
vn -0.70045113563537598 -0.31730273365974426 0.63928645849227905
vn -0.91485846042633057 -0.069086164236068726 0.39782041311264038
vn -0.91485846042633057 -0.069086164236068726 0.39782041311264038
vn -0.91485846042633057 -0.069086164236068726 0.39782041311264038
vn -0.95253211259841919 -0.13889817893505096 -0.27090564370155334
vn -0.95253211259841919 -0.13889817893505096 -0.27090564370155334
vn -0.95253211259841919 -0.13889817893505096 -0.27090564370155334
vn 0.66485214233398438 0.061578258872032166 -0.74443250894546509
vn 0.66485214233398438 0.061578258872032166 -0.74443250894546509
vn 0.66485214233398438 0.061578258872032166 -0.74443250894546509
vn 0.39324644207954407 -0.09086068719625473 -0.91493254899978638
vn 0.39324644207954407 -0.09086068719625473 -0.91493254899978638
vn 0.39324644207954407 -0.09086068719625473 -0.91493254899978638
vn -0.59876972436904907 0.052253376692533493 -0.79921489953994751
vn -0.59876972436904907 0.052253376692533493 -0.79921489953994751
vn -0.59876972436904907 0.052253376692533493 -0.79921489953994751
vn 0.18202926218509674 0.18442180752754211 -0.96584361791610718
vn 0.18202926218509674 0.18442180752754211 -0.96584361791610718
vn 0.18202926218509674 0.18442180752754211 -0.96584361791610718
vn 0.51529663801193237 -0.11209976673126221 -0.84964877367019653
vn 0.51529663801193237 -0.11209976673126221 -0.84964877367019653
vn 0.51529663801193237 -0.11209976673126221 -0.84964877367019653
vn 0.45155608654022217 0.04469551146030426 -0.89112257957458496
vn 0.45155608654022217 0.04469551146030426 -0.89112257957458496
vn 0.45155608654022217 0.04469551146030426 -0.89112257957458496
vn -0.80381709337234497 0.1702863872051239 -0.56998300552368164
vn -0.80381709337234497 0.1702863872051239 -0.56998300552368164
vn -0.80381709337234497 0.1702863872051239 -0.56998300552368164
vn 0.10069874674081802 -0.056523408740758896 -0.99331003427505493
vn 0.10069874674081802 -0.056523408740758896 -0.99331003427505493
vn 0.10069874674081802 -0.056523408740758896 -0.99331003427505493
vn 0.72153586149215698 0.6305585503578186 -0.28597533702850342
vn 0.72153586149215698 0.6305585503578186 -0.28597533702850342
vn 0.72153586149215698 0.6305585503578186 -0.28597533702850342
vn 0.20194466412067413 0.90469890832901001 -0.37515100836753845
vn 0.20194466412067413 0.90469890832901001 -0.37515100836753845
vn 0.20194466412067413 0.90469890832901001 -0.37515100836753845
vn 0.26062214374542236 -0.38986805081367493 0.88322079181671143
vn 0.26062214374542236 -0.38986805081367493 0.88322079181671143
vn 0.26062214374542236 -0.38986805081367493 0.88322079181671143
vn 0.51813751459121704 0.13650448620319366 0.84433406591415405
vn 0.51813751459121704 0.13650448620319366 0.84433406591415405
vn 0.51813751459121704 0.13650448620319366 0.84433406591415405
vn 0.76808089017868042 0.05965781956911087 0.63756781816482544
vn 0.76808089017868042 0.05965781956911087 0.63756781816482544
vn 0.76808089017868042 0.05965781956911087 0.63756781816482544
vn 0.88936275243759155 0.12330333888530731 0.44026151299476624
vn 0.88936275243759155 0.12330333888530731 0.44026151299476624
vn 0.88936275243759155 0.12330333888530731 0.44026151299476624
vn 0.91296947002410889 -0.33209499716758728 0.23706459999084473
vn 0.91296947002410889 -0.33209499716758728 0.23706459999084473
vn 0.91296947002410889 -0.33209499716758728 0.23706459999084473
vn 0.7960655689239502 -0.22142569720745087 -0.56324976682662964
vn 0.7960655689239502 -0.22142569720745087 -0.56324976682662964
vn 0.7960655689239502 -0.22142569720745087 -0.56324976682662964
vn -0.46453344821929932 -0.027549436315894127 0.88512694835662842
vn -0.46453344821929932 -0.027549436315894127 0.88512694835662842
vn -0.46453344821929932 -0.027549436315894127 0.88512694835662842
vn 0.21914233267307281 0.016509409993886948 0.97555321455001831
vn 0.21914233267307281 0.016509409993886948 0.97555321455001831
vn 0.21914233267307281 0.016509409993886948 0.97555321455001831
vn -0.98957192897796631 -0.061672959476709366 -0.13016869127750397
vn -0.98957192897796631 -0.061672959476709366 -0.13016869127750397
vn -0.98957192897796631 -0.061672959476709366 -0.13016869127750397
vn -0.98035353422164917 -0.1912846565246582 0.048136882483959198
vn -0.98035353422164917 -0.1912846565246582 0.048136882483959198
vn -0.98035353422164917 -0.1912846565246582 0.048136882483959198
vn -0.82736414670944214 0.45795437693595886 0.32518661022186279
vn -0.82736414670944214 0.45795437693595886 0.32518661022186279
vn -0.82736414670944214 0.45795437693595886 0.32518661022186279
vn -0.8148733377456665 0.29525172710418701 -0.49880644679069519
vn -0.8148733377456665 0.29525172710418701 -0.49880644679069519
vn -0.8148733377456665 0.29525172710418701 -0.49880644679069519
vn -0.043168224394321442 0.42310163378715515 -0.90505331754684448
vn -0.043168224394321442 0.42310163378715515 -0.90505331754684448
vn -0.043168224394321442 0.42310163378715515 -0.90505331754684448
vn -0.11322546005249023 -0.038543075323104858 -0.99282145500183105
vn -0.11322546005249023 -0.038543075323104858 -0.99282145500183105
vn -0.11322546005249023 -0.038543075323104858 -0.99282145500183105
vn -0.56984364986419678 -0.1726142019033432 -0.80341929197311401
vn -0.56984364986419678 -0.1726142019033432 -0.80341929197311401
vn -0.56984364986419678 -0.1726142019033432 -0.80341929197311401
vn -0.010459335520863533 -0.10602946579456329 -0.9943079948425293
vn -0.010459335520863533 -0.10602946579456329 -0.9943079948425293
vn -0.010459335520863533 -0.10602946579456329 -0.9943079948425293
vn 0.57160717248916626 0.24102029204368591 -0.78433054685592651
vn 0.57160717248916626 0.24102029204368591 -0.78433054685592651
vn 0.57160717248916626 0.24102029204368591 -0.78433054685592651
vn 0.38218966126441956 0.75213748216629028 -0.53686147928237915
vn 0.38218966126441956 0.75213748216629028 -0.53686147928237915
vn 0.38218966126441956 0.75213748216629028 -0.53686147928237915
vn 0.44747614860534668 -0.064741536974906921 0.8919493556022644
vn 0.44747614860534668 -0.064741536974906921 0.8919493556022644
vn 0.44747614860534668 -0.064741536974906921 0.8919493556022644
vn 0.48478728532791138 -0.013704400509595871 0.87452471256256104
vn 0.48478728532791138 -0.013704400509595871 0.87452471256256104
vn 0.48478728532791138 -0.013704400509595871 0.87452471256256104
vn 0.52211534976959229 0.8502662181854248 -0.06665503978729248
vn 0.52211534976959229 0.8502662181854248 -0.06665503978729248
vn 0.52211534976959229 0.8502662181854248 -0.06665503978729248
vn 0.96335285902023315 0.11054488271474838 0.24439945816993713
vn 0.96335285902023315 0.11054488271474838 0.24439945816993713
vn 0.96335285902023315 0.11054488271474838 0.24439945816993713
vn 0.99803531169891357 0.062363673001527786 0.0060285148210823536
vn 0.99803531169891357 0.062363673001527786 0.0060285148210823536
vn 0.99803531169891357 0.062363673001527786 0.0060285148210823536
vn 0.9734540581703186 0.062895044684410095 0.2200714498758316
vn 0.9734540581703186 0.062895044684410095 0.2200714498758316
vn 0.9734540581703186 0.062895044684410095 0.2200714498758316
vn -0.65582138299942017 -0.016263635829091072 0.75474089384078979
vn -0.65582138299942017 -0.016263635829091072 0.75474089384078979
vn -0.65582138299942017 -0.016263635829091072 0.75474089384078979
vn -0.85202926397323608 -0.4592607319355011 -0.25124824047088623
vn -0.85202926397323608 -0.4592607319355011 -0.25124824047088623
vn -0.85202926397323608 -0.4592607319355011 -0.25124824047088623
vn 0.48759853839874268 0.058404929935932159 0.87111222743988037
vn 0.48759853839874268 0.058404929935932159 0.87111222743988037
vn 0.48759853839874268 0.058404929935932159 0.87111222743988037
vn 0.59305286407470703 0.11901701986789703 0.79631859064102173
vn 0.59305286407470703 0.11901701986789703 0.79631859064102173
vn 0.59305286407470703 0.11901701986789703 0.79631859064102173
vn 0.90508973598480225 0.34552869200706482 0.24783559143543243
vn 0.90508973598480225 0.34552869200706482 0.24783559143543243
vn 0.90508973598480225 0.34552869200706482 0.24783559143543243
vn 0.62540054321289062 -0.011259159073233604 0.78022265434265137
vn 0.62540054321289062 -0.011259159073233604 0.78022265434265137
vn 0.62540054321289062 -0.011259159073233604 0.78022265434265137
vn 0.86115157604217529 0.11484082788228989 0.49520659446716309
vn 0.86115157604217529 0.11484082788228989 0.49520659446716309
vn 0.86115157604217529 0.11484082788228989 0.49520659446716309
vn 0.12212079763412476 0.19937619566917419 0.97228372097015381
vn 0.12212079763412476 0.19937619566917419 0.97228372097015381
vn 0.12212079763412476 0.19937619566917419 0.97228372097015381
vn 0.72834348678588867 0.23131512105464935 -0.64498764276504517
vn 0.72834348678588867 0.23131512105464935 -0.64498764276504517
vn 0.72834348678588867 0.23131512105464935 -0.64498764276504517
vn 0.99316436052322388 0.11420817673206329 -0.024105997756123543
vn 0.99316436052322388 0.11420817673206329 -0.024105997756123543
vn 0.99316436052322388 0.11420817673206329 -0.024105997756123543
vn -0.88142096996307373 0.11316046863794327 -0.4585757851600647
vn -0.88142096996307373 0.11316046863794327 -0.4585757851600647
vn -0.88142096996307373 0.11316046863794327 -0.4585757851600647
vn -0.55668216943740845 0.81598860025405884 -0.1557805985212326
vn -0.55668216943740845 0.81598860025405884 -0.1557805985212326
vn -0.55668216943740845 0.81598860025405884 -0.1557805985212326
vn 0.87912184000015259 0.20270459353923798 0.43134164810180664
vn 0.87912184000015259 0.20270459353923798 0.43134164810180664
vn 0.87912184000015259 0.20270459353923798 0.43134164810180664
vn 0.11079472303390503 0.30703273415565491 -0.94522768259048462
vn 0.11079472303390503 0.30703273415565491 -0.94522768259048462
vn 0.11079472303390503 0.30703273415565491 -0.94522768259048462
vn 0.89260977506637573 0.45062974095344543 0.013438872992992401
vn 0.89260977506637573 0.45062974095344543 0.013438872992992401
vn 0.89260977506637573 0.45062974095344543 0.013438872992992401
vn 0.24557462334632874 0.95444202423095703 -0.16950984299182892
vn 0.24557462334632874 0.95444202423095703 -0.16950984299182892
vn 0.24557462334632874 0.95444202423095703 -0.16950984299182892
vn 0.85782557725906372 0.068598255515098572 -0.50934231281280518
vn 0.85782557725906372 0.068598255515098572 -0.50934231281280518
vn 0.85782557725906372 0.068598255515098572 -0.50934231281280518
vn 0.94666540622711182 0.12071292847394943 -0.29875233769416809
vn 0.94666540622711182 0.12071292847394943 -0.29875233769416809
vn 0.94666540622711182 0.12071292847394943 -0.29875233769416809
vn 0.30756515264511108 -0.9114108681678772 0.27337509393692017
vn 0.30756515264511108 -0.9114108681678772 0.27337509393692017
vn 0.30756515264511108 -0.9114108681678772 0.27337509393692017
vn 0.65366679430007935 -0.58088564872741699 0.48506864905357361
vn 0.65366679430007935 -0.58088564872741699 0.48506864905357361
vn 0.65366679430007935 -0.58088564872741699 0.48506864905357361
vn -0.13445980846881866 0.094123482704162598 0.98643869161605835
vn -0.13445980846881866 0.094123482704162598 0.98643869161605835
vn -0.13445980846881866 0.094123482704162598 0.98643869161605835
vn -0.16254417598247528 0.71093392372131348 0.68421655893325806
vn -0.16254417598247528 0.71093392372131348 0.68421655893325806
vn -0.16254417598247528 0.71093392372131348 0.68421655893325806
vn -0.86223655939102173 0.020266279578208923 -0.50610017776489258
vn -0.86223655939102173 0.020266279578208923 -0.50610017776489258
vn -0.86223655939102173 0.020266279578208923 -0.50610017776489258
vn -0.96911245584487915 0.013227136805653572 -0.24626420438289642
vn -0.96911245584487915 0.013227136805653572 -0.24626420438289642
vn -0.96911245584487915 0.013227136805653572 -0.24626420438289642
vn -0.88923180103302002 -0.25217962265014648 -0.38167038559913635
vn -0.88923180103302002 -0.25217962265014648 -0.38167038559913635
vn -0.88923180103302002 -0.25217962265014648 -0.38167038559913635
vn -0.73821890354156494 -0.13435716927051544 -0.6610453724861145
vn -0.73821890354156494 -0.13435716927051544 -0.6610453724861145
vn -0.73821890354156494 -0.13435716927051544 -0.6610453724861145
vn 0.38329893350601196 -0.10960209369659424 -0.9170982837677002
vn 0.38329893350601196 -0.10960209369659424 -0.9170982837677002
vn 0.38329893350601196 -0.10960209369659424 -0.9170982837677002
vn -0.056197918951511383 -0.22409719228744507 -0.97294515371322632
vn -0.056197918951511383 -0.22409719228744507 -0.97294515371322632
vn -0.056197918951511383 -0.22409719228744507 -0.97294515371322632
vn 0.92639672756195068 0.36955609917640686 0.072231210768222809
vn 0.92639672756195068 0.36955609917640686 0.072231210768222809
vn 0.92639672756195068 0.36955609917640686 0.072231210768222809
vn 0.78748798370361328 0.14259551465511322 0.59960752725601196
vn 0.78748798370361328 0.14259551465511322 0.59960752725601196
vn 0.78748798370361328 0.14259551465511322 0.59960752725601196
vn -0.25812390446662903 -0.33520445227622986 -0.90609604120254517
vn -0.25812390446662903 -0.33520445227622986 -0.90609604120254517
vn -0.25812390446662903 -0.33520445227622986 -0.90609604120254517
vn -0.94481551647186279 -0.15137489140033722 -0.29053279757499695
vn -0.94481551647186279 -0.15137489140033722 -0.29053279757499695
vn -0.94481551647186279 -0.15137489140033722 -0.29053279757499695
vn 0.85599362850189209 -0.35240235924720764 -0.37826910614967346
vn 0.85599362850189209 -0.35240235924720764 -0.37826910614967346
vn 0.85599362850189209 -0.35240235924720764 -0.37826910614967346
vn 0.91114640235900879 -0.062434226274490356 -0.4073256254196167
vn 0.91114640235900879 -0.062434226274490356 -0.4073256254196167
vn 0.91114640235900879 -0.062434226274490356 -0.4073256254196167
vn 0.78607463836669922 0.50129240751266479 0.36165255308151245
vn 0.78607463836669922 0.50129240751266479 0.36165255308151245
vn 0.78607463836669922 0.50129240751266479 0.36165255308151245
vn 0.44426813721656799 0.87725156545639038 0.18181164562702179
vn 0.44426813721656799 0.87725156545639038 0.18181164562702179
vn 0.44426813721656799 0.87725156545639038 0.18181164562702179
vn 0.47163280844688416 -0.6971021294593811 0.54001027345657349
vn 0.47163280844688416 -0.6971021294593811 0.54001027345657349
vn 0.47163280844688416 -0.6971021294593811 0.54001027345657349
vn 0.94949734210968018 -0.21447843313217163 0.22902803122997284
vn 0.94949734210968018 -0.21447843313217163 0.22902803122997284
vn 0.94949734210968018 -0.21447843313217163 0.22902803122997284
vn -0.1208283007144928 -0.14673569798469543 0.98176836967468262
vn -0.1208283007144928 -0.14673569798469543 0.98176836967468262
vn -0.1208283007144928 -0.14673569798469543 0.98176836967468262
vn -0.49620789289474487 -0.010649777948856354 0.86813843250274658
vn -0.49620789289474487 -0.010649777948856354 0.86813843250274658
vn -0.49620789289474487 -0.010649777948856354 0.86813843250274658
vn -0.82992178201675415 -0.07996126264333725 -0.55211961269378662
vn -0.82992178201675415 -0.07996126264333725 -0.55211961269378662
vn -0.82992178201675415 -0.07996126264333725 -0.55211961269378662
vn -0.76795798540115356 -0.21725930273532867 -0.60252714157104492
vn -0.76795798540115356 -0.21725930273532867 -0.60252714157104492
vn -0.76795798540115356 -0.21725930273532867 -0.60252714157104492
vn 0.6117432713508606 0.088123112916946411 -0.78613263368606567
vn 0.6117432713508606 0.088123112916946411 -0.78613263368606567
vn 0.6117432713508606 0.088123112916946411 -0.78613263368606567
vn 0.63129639625549316 -0.50804919004440308 -0.58596152067184448
vn 0.63129639625549316 -0.50804919004440308 -0.58596152067184448
vn 0.63129639625549316 -0.50804919004440308 -0.58596152067184448
vn 0.83671283721923828 0.17169679701328278 0.52003061771392822
vn 0.83671283721923828 0.17169679701328278 0.52003061771392822
vn 0.83671283721923828 0.17169679701328278 0.52003061771392822
vn 0.91738015413284302 0.10629277676343918 0.38355636596679688
vn 0.91738015413284302 0.10629277676343918 0.38355636596679688
vn 0.91738015413284302 0.10629277676343918 0.38355636596679688
vn -0.22985528409481049 0.14213123917579651 -0.96279036998748779
vn -0.22985528409481049 0.14213123917579651 -0.96279036998748779
vn -0.22985528409481049 0.14213123917579651 -0.96279036998748779
vn 0.47167026996612549 -0.12338563799858093 -0.87309974431991577
vn 0.47167026996612549 -0.12338563799858093 -0.87309974431991577
vn 0.47167026996612549 -0.12338563799858093 -0.87309974431991577
vn 0.53117179870605469 -0.11770930886268616 -0.83904772996902466
vn 0.53117179870605469 -0.11770930886268616 -0.83904772996902466
vn 0.53117179870605469 -0.11770930886268616 -0.83904772996902466
vn -0.047565143555402756 -0.096692733466625214 -0.99417710304260254
vn -0.047565143555402756 -0.096692733466625214 -0.99417710304260254
vn -0.047565143555402756 -0.096692733466625214 -0.99417710304260254
vn 0.96639323234558105 -0.075084157288074493 -0.24585863947868347
vn 0.96639323234558105 -0.075084157288074493 -0.24585863947868347
vn 0.96639323234558105 -0.075084157288074493 -0.24585863947868347
vn 0.92294502258300781 0.0058549800887703896 -0.38488724827766418
vn 0.92294502258300781 0.0058549800887703896 -0.38488724827766418
vn 0.92294502258300781 0.0058549800887703896 -0.38488724827766418
vn -0.14658625423908234 -0.37300360202789307 -0.91617727279663086
vn -0.14658625423908234 -0.37300360202789307 -0.91617727279663086
vn -0.14658625423908234 -0.37300360202789307 -0.91617727279663086
vn 0.41648468375205994 -0.051106341183185577 -0.90770512819290161
vn 0.41648468375205994 -0.051106341183185577 -0.90770512819290161
vn 0.41648468375205994 -0.051106341183185577 -0.90770512819290161
vn 0.49605035781860352 -0.29297864437103271 -0.81737232208251953
vn 0.49605035781860352 -0.29297864437103271 -0.81737232208251953
vn 0.49605035781860352 -0.29297864437103271 -0.81737232208251953
vn 0.90200316905975342 0.40926095843315125 -0.13746169209480286
vn 0.90200316905975342 0.40926095843315125 -0.13746169209480286
vn 0.90200316905975342 0.40926095843315125 -0.13746169209480286
vn -0.88898420333862305 0.29093518853187561 0.35364356637001038
vn -0.88898420333862305 0.29093518853187561 0.35364356637001038
vn -0.88898420333862305 0.29093518853187561 0.35364356637001038
vn -0.86620986461639404 0.012352939695119858 0.49952766299247742
vn -0.86620986461639404 0.012352939695119858 0.49952766299247742
vn -0.86620986461639404 0.012352939695119858 0.49952766299247742
vn -0.20809759199619293 -0.97352069616317749 0.094619505107402802
vn -0.20809759199619293 -0.97352069616317749 0.094619505107402802
vn -0.20809759199619293 -0.97352069616317749 0.094619505107402802
vn -0.64904516935348511 -0.52731168270111084 -0.54834550619125366
vn -0.64904516935348511 -0.52731168270111084 -0.54834550619125366
vn -0.64904516935348511 -0.52731168270111084 -0.54834550619125366
vn -0.80839097499847412 0.039286855608224869 0.58733344078063965
vn -0.80839097499847412 0.039286855608224869 0.58733344078063965
vn -0.80839097499847412 0.039286855608224869 0.58733344078063965
vn -0.79878294467926025 0.036346267908811569 0.60052037239074707
vn -0.79878294467926025 0.036346267908811569 0.60052037239074707
vn -0.79878294467926025 0.036346267908811569 0.60052037239074707
vn 0.30175039172172546 -0.14980873465538025 0.94154345989227295
vn 0.30175039172172546 -0.14980873465538025 0.94154345989227295
vn 0.30175039172172546 -0.14980873465538025 0.94154345989227295
vn 0.46402847766876221 0.15914759039878845 0.8714066743850708
vn 0.46402847766876221 0.15914759039878845 0.8714066743850708
vn 0.46402847766876221 0.15914759039878845 0.8714066743850708
vn -0.71314996480941772 -0.69180011749267578 0.11326822638511658
vn -0.71314996480941772 -0.69180011749267578 0.11326822638511658
vn -0.71314996480941772 -0.69180011749267578 0.11326822638511658
vn -0.47927293181419373 -0.87766468524932861 0.0014666706556454301
vn -0.47927293181419373 -0.87766468524932861 0.0014666706556454301
vn -0.47927293181419373 -0.87766468524932861 0.0014666706556454301
vn 0.94946813583374023 0.17898638546466827 0.25782573223114014
vn 0.94946813583374023 0.17898638546466827 0.25782573223114014
vn 0.94946813583374023 0.17898638546466827 0.25782573223114014
vn 0.7803339958190918 0.11960779875516891 0.61381822824478149
vn 0.7803339958190918 0.11960779875516891 0.61381822824478149
vn 0.7803339958190918 0.11960779875516891 0.61381822824478149
vn -0.25776240229606628 -0.74195075035095215 -0.61892455816268921
vn -0.25776240229606628 -0.74195075035095215 -0.61892455816268921
vn -0.25776240229606628 -0.74195075035095215 -0.61892455816268921
vn 0.11521954089403152 -0.99226957559585571 -0.046104129403829575
vn 0.11521954089403152 -0.99226957559585571 -0.046104129403829575
vn 0.11521954089403152 -0.99226957559585571 -0.046104129403829575
vn 0.1211731806397438 0.67002564668655396 -0.73238152265548706
vn 0.1211731806397438 0.67002564668655396 -0.73238152265548706
vn 0.1211731806397438 0.67002564668655396 -0.73238152265548706
vn -0.47867327928543091 0.63534551858901978 -0.60597687959671021
vn -0.47867327928543091 0.63534551858901978 -0.60597687959671021
vn -0.47867327928543091 0.63534551858901978 -0.60597687959671021
vn -0.3468305766582489 -0.79502278566360474 -0.49764177203178406
vn -0.3468305766582489 -0.79502278566360474 -0.49764177203178406
vn -0.3468305766582489 -0.79502278566360474 -0.49764177203178406
vn -0.57131510972976685 -0.74289679527282715 -0.34886020421981812
vn -0.57131510972976685 -0.74289679527282715 -0.34886020421981812
vn -0.57131510972976685 -0.74289679527282715 -0.34886020421981812
vn -0.30208757519721985 0.039611946791410446 0.95245683193206787
vn -0.30208757519721985 0.039611946791410446 0.95245683193206787
vn -0.30208757519721985 0.039611946791410446 0.95245683193206787
vn -0.1742042601108551 0.017945317551493645 0.9845460057258606
vn -0.1742042601108551 0.017945317551493645 0.9845460057258606
vn -0.1742042601108551 0.017945317551493645 0.9845460057258606
vn -0.54917114973068237 -0.033155452460050583 0.83505195379257202
vn -0.54917114973068237 -0.033155452460050583 0.83505195379257202
vn -0.54917114973068237 -0.033155452460050583 0.83505195379257202
vn -0.54563242197036743 0.063159957528114319 0.83564108610153198
vn -0.54563242197036743 0.063159957528114319 0.83564108610153198
vn -0.54563242197036743 0.063159957528114319 0.83564108610153198
vn 0.17420768737792969 0.85211277008056641 0.49351346492767334
vn 0.17420768737792969 0.85211277008056641 0.49351346492767334
vn 0.17420768737792969 0.85211277008056641 0.49351346492767334
vn -0.51743984222412109 0.85165590047836304 -0.083296135067939758
vn -0.51743984222412109 0.85165590047836304 -0.083296135067939758
vn -0.51743984222412109 0.85165590047836304 -0.083296135067939758
vn -0.0059560695663094521 -0.26689481735229492 0.96370726823806763
vn -0.0059560695663094521 -0.26689481735229492 0.96370726823806763
vn -0.0059560695663094521 -0.26689481735229492 0.96370726823806763
vn -0.19625818729400635 0.096511013805866241 0.97579115629196167
vn -0.19625818729400635 0.096511013805866241 0.97579115629196167
vn -0.19625818729400635 0.096511013805866241 0.97579115629196167
vn 0.46782153844833374 -0.37674093246459961 -0.79950565099716187
vn 0.46782153844833374 -0.37674093246459961 -0.79950565099716187
vn 0.46782153844833374 -0.37674093246459961 -0.79950565099716187
vn -0.41132548451423645 0.83023113012313843 -0.3762015700340271
vn -0.41132548451423645 0.83023113012313843 -0.3762015700340271
vn -0.41132548451423645 0.83023113012313843 -0.3762015700340271
vn 0.12154966592788696 0.03963412344455719 0.99179375171661377
vn 0.12154966592788696 0.03963412344455719 0.99179375171661377
vn 0.12154966592788696 0.03963412344455719 0.99179375171661377
vn 0.12165454775094986 0.046928692609071732 0.99146246910095215
vn 0.12165454775094986 0.046928692609071732 0.99146246910095215
vn 0.12165454775094986 0.046928692609071732 0.99146246910095215
vn -0.011886319145560265 -0.9257967472076416 0.37783470749855042
vn -0.011886319145560265 -0.9257967472076416 0.37783470749855042
vn -0.011886319145560265 -0.9257967472076416 0.37783470749855042
vn 0.2277219146490097 -0.0046409722417593002 0.97371512651443481
vn 0.2277219146490097 -0.0046409722417593002 0.97371512651443481
vn 0.2277219146490097 -0.0046409722417593002 0.97371512651443481
vn -0.49440893530845642 -0.016177942976355553 -0.8690788745880127
vn -0.49440893530845642 -0.016177942976355553 -0.8690788745880127
vn -0.49440893530845642 -0.016177942976355553 -0.8690788745880127
vn -0.3195197582244873 0.015715992078185081 -0.94744926691055298
vn -0.3195197582244873 0.015715992078185081 -0.94744926691055298
vn -0.3195197582244873 0.015715992078185081 -0.94744926691055298
vn -0.61896777153015137 0.029787970706820488 0.7848513126373291
vn -0.61896777153015137 0.029787970706820488 0.7848513126373291
vn -0.61896777153015137 0.029787970706820488 0.7848513126373291
vn -0.04006330668926239 0.048569057136774063 0.99801599979400635
vn -0.04006330668926239 0.048569057136774063 0.99801599979400635
vn -0.04006330668926239 0.048569057136774063 0.99801599979400635
vn -0.85504496097564697 0.041869349777698517 0.51686084270477295
vn -0.85504496097564697 0.041869349777698517 0.51686084270477295
vn -0.85504496097564697 0.041869349777698517 0.51686084270477295
vn -0.93485075235366821 -0.04876738041639328 0.35167571902275085
vn -0.93485075235366821 -0.04876738041639328 0.35167571902275085
vn -0.93485075235366821 -0.04876738041639328 0.35167571902275085
vn -0.053751382976770401 -0.14082910120487213 0.98857367038726807
vn -0.053751382976770401 -0.14082910120487213 0.98857367038726807
vn -0.053751382976770401 -0.14082910120487213 0.98857367038726807
vn -0.2347167432308197 -0.25486686825752258 0.93805700540542603
vn -0.2347167432308197 -0.25486686825752258 0.93805700540542603
vn -0.2347167432308197 -0.25486686825752258 0.93805700540542603
vn -0.62460821866989136 0.066015452146530151 -0.77814298868179321
vn -0.62460821866989136 0.066015452146530151 -0.77814298868179321
vn -0.62460821866989136 0.066015452146530151 -0.77814298868179321
vn 0.46722790598869324 0.0041895736940205097 -0.88412696123123169
vn 0.46722790598869324 0.0041895736940205097 -0.88412696123123169
vn 0.46722790598869324 0.0041895736940205097 -0.88412696123123169
vn 0.43274948000907898 -0.16561280190944672 -0.88617169857025146
vn 0.43274948000907898 -0.16561280190944672 -0.88617169857025146
vn 0.43274948000907898 -0.16561280190944672 -0.88617169857025146
vn 0.18527257442474365 -0.072397813200950623 -0.98001664876937866
vn 0.18527257442474365 -0.072397813200950623 -0.98001664876937866
vn 0.18527257442474365 -0.072397813200950623 -0.98001664876937866
vn 0.69871532917022705 -0.16741877794265747 -0.69553422927856445
vn 0.69871532917022705 -0.16741877794265747 -0.69553422927856445
vn 0.69871532917022705 -0.16741877794265747 -0.69553422927856445
vn 0.054675597697496414 -0.99794834852218628 -0.033311322331428528
vn 0.054675597697496414 -0.99794834852218628 -0.033311322331428528
vn 0.054675597697496414 -0.99794834852218628 -0.033311322331428528
vn -0.44904491305351257 -0.031295768916606903 0.89296096563339233
vn -0.44904491305351257 -0.031295768916606903 0.89296096563339233
vn -0.44904491305351257 -0.031295768916606903 0.89296096563339233
vn -0.97127872705459595 -0.081756994128227234 0.22345799207687378
vn -0.97127872705459595 -0.081756994128227234 0.22345799207687378
vn -0.97127872705459595 -0.081756994128227234 0.22345799207687378
vn 0.081556230783462524 -0.53655374050140381 -0.83991587162017822
vn 0.081556230783462524 -0.53655374050140381 -0.83991587162017822
vn 0.081556230783462524 -0.53655374050140381 -0.83991587162017822
vn -0.026404544711112976 -0.98424267768859863 -0.1748403012752533
vn -0.026404544711112976 -0.98424267768859863 -0.1748403012752533
vn -0.026404544711112976 -0.98424267768859863 -0.1748403012752533
vn -0.82186394929885864 -0.18637606501579285 0.53833407163619995
vn -0.82186394929885864 -0.18637606501579285 0.53833407163619995
vn -0.82186394929885864 -0.18637606501579285 0.53833407163619995
vn -0.05355328693985939 -0.065934218466281891 0.99638581275939941
vn -0.05355328693985939 -0.065934218466281891 0.99638581275939941
vn -0.05355328693985939 -0.065934218466281891 0.99638581275939941
vn -0.76210534572601318 -0.1541159451007843 0.62884312868118286
vn -0.76210534572601318 -0.1541159451007843 0.62884312868118286
vn -0.76210534572601318 -0.1541159451007843 0.62884312868118286
vn -0.48971939086914062 -0.16088931262493134 0.8569069504737854
vn -0.48971939086914062 -0.16088931262493134 0.8569069504737854
vn -0.48971939086914062 -0.16088931262493134 0.8569069504737854
vn 0.37449416518211365 0.8926541805267334 -0.25084388256072998
vn 0.37449416518211365 0.8926541805267334 -0.25084388256072998
vn 0.37449416518211365 0.8926541805267334 -0.25084388256072998
vn 0.70164471864700317 -0.17164397239685059 -0.69154393672943115
vn 0.70164471864700317 -0.17164397239685059 -0.69154393672943115
vn 0.70164471864700317 -0.17164397239685059 -0.69154393672943115
vn 0.51278245449066162 0.27465423941612244 -0.8133997917175293
vn 0.51278245449066162 0.27465423941612244 -0.8133997917175293
vn 0.51278245449066162 0.27465423941612244 -0.8133997917175293
vn 0.29407012462615967 0.17778512835502625 -0.93910342454910278
vn 0.29407012462615967 0.17778512835502625 -0.93910342454910278
vn 0.29407012462615967 0.17778512835502625 -0.93910342454910278
vn -0.54184728860855103 -0.20009481906890869 -0.81631094217300415
vn -0.54184728860855103 -0.20009481906890869 -0.81631094217300415
vn -0.54184728860855103 -0.20009481906890869 -0.81631094217300415
vn -0.89479255676269531 -0.15693536400794983 -0.41799232363700867
vn -0.89479255676269531 -0.15693536400794983 -0.41799232363700867
vn -0.89479255676269531 -0.15693536400794983 -0.41799232363700867
vn -0.30137249827384949 0.57145285606384277 0.76329302787780762
vn -0.30137249827384949 0.57145285606384277 0.76329302787780762
vn -0.30137249827384949 0.57145285606384277 0.76329302787780762
vn -0.090312458574771881 0.17782139778137207 0.97990977764129639
vn -0.090312458574771881 0.17782139778137207 0.97990977764129639
vn -0.090312458574771881 0.17782139778137207 0.97990977764129639
vn 0.26854431629180908 -0.071034930646419525 0.96064454317092896
vn 0.26854431629180908 -0.071034930646419525 0.96064454317092896
vn 0.26854431629180908 -0.071034930646419525 0.96064454317092896
vn 0.61124151945114136 -0.11876272410154343 0.78248274326324463
vn 0.61124151945114136 -0.11876272410154343 0.78248274326324463
vn 0.61124151945114136 -0.11876272410154343 0.78248274326324463
vn -0.90790659189224243 0.28743183612823486 -0.30510410666465759
vn -0.90790659189224243 0.28743183612823486 -0.30510410666465759
vn -0.90790659189224243 0.28743183612823486 -0.30510410666465759
vn -0.99329572916030884 0.1047733947634697 0.048848416656255722
vn -0.99329572916030884 0.1047733947634697 0.048848416656255722
vn -0.99329572916030884 0.1047733947634697 0.048848416656255722
vn 0.76920193433761597 0.20903250575065613 0.60384917259216309
vn 0.76920193433761597 0.20903250575065613 0.60384917259216309
vn 0.76920193433761597 0.20903250575065613 0.60384917259216309
vn 0.87906777858734131 0.12672913074493408 0.45954275131225586
vn 0.87906777858734131 0.12672913074493408 0.45954275131225586
vn 0.87906777858734131 0.12672913074493408 0.45954275131225586
vn 0.9969552755355835 0.030730606988072395 0.071664534509181976
vn 0.9969552755355835 0.030730606988072395 0.071664534509181976
vn 0.9969552755355835 0.030730606988072395 0.071664534509181976
vn 0.99140512943267822 0.11650574952363968 0.059516619890928268
vn 0.99140512943267822 0.11650574952363968 0.059516619890928268
vn 0.99140512943267822 0.11650574952363968 0.059516619890928268
vn 0.79557830095291138 0.089315518736839294 0.59923112392425537
vn 0.79557830095291138 0.089315518736839294 0.59923112392425537
vn 0.79557830095291138 0.089315518736839294 0.59923112392425537
vn 0.39852678775787354 0.060670826584100723 0.91514778137207031
vn 0.39852678775787354 0.060670826584100723 0.91514778137207031
vn 0.39852678775787354 0.060670826584100723 0.91514778137207031
vn -0.77608263492584229 -0.13563494384288788 -0.61587244272232056
vn -0.77608263492584229 -0.13563494384288788 -0.61587244272232056
vn -0.77608263492584229 -0.13563494384288788 -0.61587244272232056
vn -0.098462171852588654 -0.62064510583877563 -0.777884840965271
vn -0.098462171852588654 -0.62064510583877563 -0.777884840965271
vn -0.098462171852588654 -0.62064510583877563 -0.777884840965271
vn 0.9693940281867981 0.16573964059352875 -0.18112319707870483
vn 0.9693940281867981 0.16573964059352875 -0.18112319707870483
vn 0.9693940281867981 0.16573964059352875 -0.18112319707870483
vn 0.99940580129623413 0.034444000571966171 -0.0012877328554168344
vn 0.99940580129623413 0.034444000571966171 -0.0012877328554168344
vn 0.99940580129623413 0.034444000571966171 -0.0012877328554168344
vn 0.81101447343826294 -0.24373666942119598 -0.53183448314666748
vn 0.81101447343826294 -0.24373666942119598 -0.53183448314666748
vn 0.81101447343826294 -0.24373666942119598 -0.53183448314666748
vn 0.79684585332870483 0.11529429256916046 -0.59308004379272461
vn 0.79684585332870483 0.11529429256916046 -0.59308004379272461
vn 0.79684585332870483 0.11529429256916046 -0.59308004379272461
vn -0.11781293153762817 0.22693437337875366 -0.96675795316696167
vn -0.11781293153762817 0.22693437337875366 -0.96675795316696167
vn -0.11781293153762817 0.22693437337875366 -0.96675795316696167
vn -0.61805027723312378 0.36441740393638611 -0.69657295942306519
vn -0.61805027723312378 0.36441740393638611 -0.69657295942306519
vn -0.61805027723312378 0.36441740393638611 -0.69657295942306519
vn -0.94886606931686401 -0.10749365389347076 -0.29681363701820374
vn -0.94886606931686401 -0.10749365389347076 -0.29681363701820374
vn -0.94886606931686401 -0.10749365389347076 -0.29681363701820374
vn -0.95829665660858154 -0.10193490982055664 0.26697716116905212
vn -0.95829665660858154 -0.10193490982055664 0.26697716116905212
vn -0.95829665660858154 -0.10193490982055664 0.26697716116905212
vn -0.99323374032974243 0.065624266862869263 -0.095813348889350891
vn -0.99323374032974243 0.065624266862869263 -0.095813348889350891
vn -0.99323374032974243 0.065624266862869263 -0.095813348889350891
vn -0.90616244077682495 0.04243064671754837 0.4207959771156311
vn -0.90616244077682495 0.04243064671754837 0.4207959771156311
vn -0.90616244077682495 0.04243064671754837 0.4207959771156311
vn 0.7027134895324707 0.4344293475151062 -0.56344020366668701
vn 0.7027134895324707 0.4344293475151062 -0.56344020366668701
vn 0.7027134895324707 0.4344293475151062 -0.56344020366668701
vn 0.5826650857925415 -0.14643080532550812 -0.79941189289093018
vn 0.5826650857925415 -0.14643080532550812 -0.79941189289093018
vn 0.5826650857925415 -0.14643080532550812 -0.79941189289093018
vn 0.71545952558517456 -0.041344933211803436 -0.69742977619171143
vn 0.71545952558517456 -0.041344933211803436 -0.69742977619171143
vn 0.71545952558517456 -0.041344933211803436 -0.69742977619171143
vn 0.98799657821655273 0.0082373423501849174 0.15425591170787811
vn 0.98799657821655273 0.0082373423501849174 0.15425591170787811
vn 0.98799657821655273 0.0082373423501849174 0.15425591170787811
vn -0.26121392846107483 -0.38882946968078613 -0.88350379467010498
vn -0.26121392846107483 -0.38882946968078613 -0.88350379467010498
vn -0.26121392846107483 -0.38882946968078613 -0.88350379467010498
vn -0.25357335805892944 -0.92046147584915161 -0.29740753769874573
vn -0.25357335805892944 -0.92046147584915161 -0.29740753769874573
vn -0.25357335805892944 -0.92046147584915161 -0.29740753769874573
vn -0.32500118017196655 0.14961874485015869 -0.93380320072174072
vn -0.32500118017196655 0.14961874485015869 -0.93380320072174072
vn -0.32500118017196655 0.14961874485015869 -0.93380320072174072
vn 0.15217408537864685 0.79364484548568726 -0.58904236555099487
vn 0.15217408537864685 0.79364484548568726 -0.58904236555099487
vn 0.15217408537864685 0.79364484548568726 -0.58904236555099487
vn -0.81339365243911743 -0.13374188542366028 -0.56613063812255859
vn -0.81339365243911743 -0.13374188542366028 -0.56613063812255859
vn -0.81339365243911743 -0.13374188542366028 -0.56613063812255859
vn -0.74382132291793823 -0.44742047786712646 -0.49653270840644836
vn -0.74382132291793823 -0.44742047786712646 -0.49653270840644836
vn -0.74382132291793823 -0.44742047786712646 -0.49653270840644836
vn 0.98485612869262695 0.16887471079826355 -0.039238743484020233
vn 0.98485612869262695 0.16887471079826355 -0.039238743484020233
vn 0.98485612869262695 0.16887471079826355 -0.039238743484020233
vn 0.95993983745574951 -0.27938902378082275 -0.021384920924901962
vn 0.95993983745574951 -0.27938902378082275 -0.021384920924901962
vn 0.95993983745574951 -0.27938902378082275 -0.021384920924901962
vn -0.76067149639129639 -0.23115323483943939 0.60658639669418335
vn -0.76067149639129639 -0.23115323483943939 0.60658639669418335
vn -0.76067149639129639 -0.23115323483943939 0.60658639669418335
vn -0.9043925404548645 -0.18682877719402313 0.38362628221511841
vn -0.9043925404548645 -0.18682877719402313 0.38362628221511841
vn -0.9043925404548645 -0.18682877719402313 0.38362628221511841
vn 0.49045196175575256 -0.86562001705169678 -0.10079127550125122
vn 0.49045196175575256 -0.86562001705169678 -0.10079127550125122
vn 0.49045196175575256 -0.86562001705169678 -0.10079127550125122
vn 0.93194097280502319 -0.34673362970352173 -0.10612165927886963
vn 0.93194097280502319 -0.34673362970352173 -0.10612165927886963
vn 0.93194097280502319 -0.34673362970352173 -0.10612165927886963
vn -0.97724741697311401 -0.21140530705451965 -0.017184671014547348
vn -0.97724741697311401 -0.21140530705451965 -0.017184671014547348
vn -0.97724741697311401 -0.21140530705451965 -0.017184671014547348
vn -0.95174145698547363 0.22632093727588654 -0.20728489756584167
vn -0.95174145698547363 0.22632093727588654 -0.20728489756584167
vn -0.95174145698547363 0.22632093727588654 -0.20728489756584167
vn -0.59837204217910767 -0.787986159324646 -0.14501290023326874
vn -0.59837204217910767 -0.787986159324646 -0.14501290023326874
vn -0.59837204217910767 -0.787986159324646 -0.14501290023326874
vn -0.48879298567771912 0.71035170555114746 -0.50644040107727051
vn -0.48879298567771912 0.71035170555114746 -0.50644040107727051
vn -0.48879298567771912 0.71035170555114746 -0.50644040107727051
vn 0.95512193441390991 0.20463947951793671 0.21416062116622925
vn 0.95512193441390991 0.20463947951793671 0.21416062116622925
vn 0.95512193441390991 0.20463947951793671 0.21416062116622925
vn 0.9307715892791748 0.20136748254299164 -0.30514821410179138
vn 0.9307715892791748 0.20136748254299164 -0.30514821410179138
vn 0.9307715892791748 0.20136748254299164 -0.30514821410179138
vn 0.37851119041442871 -0.042077984660863876 -0.92463976144790649
vn 0.37851119041442871 -0.042077984660863876 -0.92463976144790649
vn 0.37851119041442871 -0.042077984660863876 -0.92463976144790649
vn 0.34615248441696167 -0.36547121405601501 -0.86406552791595459
vn 0.34615248441696167 -0.36547121405601501 -0.86406552791595459
vn 0.34615248441696167 -0.36547121405601501 -0.86406552791595459
vn -0.93325740098953247 -0.15515567362308502 -0.32397115230560303
vn -0.93325740098953247 -0.15515567362308502 -0.32397115230560303
vn -0.93325740098953247 -0.15515567362308502 -0.32397115230560303
vn -0.7915879487991333 0.35121092200279236 -0.50003939867019653
vn -0.7915879487991333 0.35121092200279236 -0.50003939867019653
vn -0.7915879487991333 0.35121092200279236 -0.50003939867019653
vn 0.44761523604393005 0.068967826664447784 0.89156270027160645
vn 0.44761523604393005 0.068967826664447784 0.89156270027160645
vn 0.44761523604393005 0.068967826664447784 0.89156270027160645
vn 0.8445659875869751 0.082183890044689178 0.52910685539245605
vn 0.8445659875869751 0.082183890044689178 0.52910685539245605
vn 0.8445659875869751 0.082183890044689178 0.52910685539245605
vn -0.77186387777328491 0.39358201622962952 0.49931889772415161
vn -0.77186387777328491 0.39358201622962952 0.49931889772415161
vn -0.77186387777328491 0.39358201622962952 0.49931889772415161
vn -0.86845457553863525 0.062753550708293915 0.491781085729599
vn -0.86845457553863525 0.062753550708293915 0.491781085729599
vn -0.86845457553863525 0.062753550708293915 0.491781085729599
vn 0.91031175851821899 0.32332849502563477 -0.25843989849090576
vn 0.91031175851821899 0.32332849502563477 -0.25843989849090576
vn 0.91031175851821899 0.32332849502563477 -0.25843989849090576
vn 0.98834776878356934 0.070310652256011963 -0.13500019907951355
vn 0.98834776878356934 0.070310652256011963 -0.13500019907951355
vn 0.98834776878356934 0.070310652256011963 -0.13500019907951355
vn -0.72299361228942871 0.39837166666984558 0.56442916393280029
vn -0.72299361228942871 0.39837166666984558 0.56442916393280029
vn -0.72299361228942871 0.39837166666984558 0.56442916393280029
vn -0.5755692720413208 0.47482845187187195 0.66577619314193726
vn -0.5755692720413208 0.47482845187187195 0.66577619314193726
vn -0.5755692720413208 0.47482845187187195 0.66577619314193726
vn 0.010609732009470463 0.37537303566932678 0.92681306600570679
vn 0.010609732009470463 0.37537303566932678 0.92681306600570679
vn 0.010609732009470463 0.37537303566932678 0.92681306600570679
vn 0.52039742469787598 0.46810260415077209 0.71418935060501099
vn 0.52039742469787598 0.46810260415077209 0.71418935060501099
vn 0.52039742469787598 0.46810260415077209 0.71418935060501099
vn 0.60815471410751343 0.35541358590126038 0.70980918407440186
vn 0.60815471410751343 0.35541358590126038 0.70980918407440186
vn 0.60815471410751343 0.35541358590126038 0.70980918407440186
vn 0.71105515956878662 0.11162254214286804 0.69421964883804321
vn 0.71105515956878662 0.11162254214286804 0.69421964883804321
vn 0.71105515956878662 0.11162254214286804 0.69421964883804321
vn -0.9369921088218689 0.083624787628650665 -0.33919420838356018
vn -0.9369921088218689 0.083624787628650665 -0.33919420838356018
vn -0.9369921088218689 0.083624787628650665 -0.33919420838356018
vn -0.44615668058395386 0.13276098668575287 -0.88505297899246216
vn -0.44615668058395386 0.13276098668575287 -0.88505297899246216
vn -0.44615668058395386 0.13276098668575287 -0.88505297899246216
vn -0.65715938806533813 0.22557291388511658 -0.71920680999755859
vn -0.65715938806533813 0.22557291388511658 -0.71920680999755859
vn -0.65715938806533813 0.22557291388511658 -0.71920680999755859
vn -0.91689884662628174 0.27794921398162842 -0.28642761707305908
vn -0.91689884662628174 0.27794921398162842 -0.28642761707305908
vn -0.91689884662628174 0.27794921398162842 -0.28642761707305908
vn 0.4069182276725769 -0.10151346772909164 -0.90780645608901978
vn 0.4069182276725769 -0.10151346772909164 -0.90780645608901978
vn 0.4069182276725769 -0.10151346772909164 -0.90780645608901978
vn 0.059566840529441833 -0.94866043329238892 -0.31063666939735413
vn 0.059566840529441833 -0.94866043329238892 -0.31063666939735413
vn 0.059566840529441833 -0.94866043329238892 -0.31063666939735413
vn 0.74408465623855591 -0.052067376673221588 -0.66605329513549805
vn 0.74408465623855591 -0.052067376673221588 -0.66605329513549805
vn 0.74408465623855591 -0.052067376673221588 -0.66605329513549805
vn 0.25219142436981201 -0.072052523493766785 -0.96499115228652954
vn 0.25219142436981201 -0.072052523493766785 -0.96499115228652954
vn 0.25219142436981201 -0.072052523493766785 -0.96499115228652954
vn 0.57439488172531128 0.24919916689395905 -0.77972447872161865
vn 0.57439488172531128 0.24919916689395905 -0.77972447872161865
vn 0.57439488172531128 0.24919916689395905 -0.77972447872161865
vn 0.77373218536376953 0.25440019369125366 -0.5801888108253479
vn 0.77373218536376953 0.25440019369125366 -0.5801888108253479
vn 0.77373218536376953 0.25440019369125366 -0.5801888108253479
vn -0.72913974523544312 -0.14182290434837341 0.66950839757919312
vn -0.72913974523544312 -0.14182290434837341 0.66950839757919312
vn -0.72913974523544312 -0.14182290434837341 0.66950839757919312
vn -0.69421255588531494 -0.31012040376663208 0.64953386783599854
vn -0.69421255588531494 -0.31012040376663208 0.64953386783599854
vn -0.69421255588531494 -0.31012040376663208 0.64953386783599854
vn -0.0037493747659027576 -0.40986731648445129 0.91213744878768921
vn -0.0037493747659027576 -0.40986731648445129 0.91213744878768921
vn -0.0037493747659027576 -0.40986731648445129 0.91213744878768921
vn -0.12970840930938721 -0.45301693677902222 0.88201552629470825
vn -0.12970840930938721 -0.45301693677902222 0.88201552629470825
vn -0.12970840930938721 -0.45301693677902222 0.88201552629470825
vn 0.92046678066253662 -0.097083725035190582 -0.37857058644294739
vn 0.92046678066253662 -0.097083725035190582 -0.37857058644294739
vn 0.92046678066253662 -0.097083725035190582 -0.37857058644294739
vn 0.9430539608001709 -0.26022255420684814 0.20720382034778595
vn 0.9430539608001709 -0.26022255420684814 0.20720382034778595
vn 0.9430539608001709 -0.26022255420684814 0.20720382034778595
vn 0.77491849660873413 -0.034598521888256073 -0.63111352920532227
vn 0.77491849660873413 -0.034598521888256073 -0.63111352920532227
vn 0.77491849660873413 -0.034598521888256073 -0.63111352920532227
vn 0.90008825063705444 0.1217140257358551 -0.41836205124855042
vn 0.90008825063705444 0.1217140257358551 -0.41836205124855042
vn 0.90008825063705444 0.1217140257358551 -0.41836205124855042
vn -0.91660153865814209 -0.086516954004764557 0.39032864570617676
vn -0.91660153865814209 -0.086516954004764557 0.39032864570617676
vn -0.91660153865814209 -0.086516954004764557 0.39032864570617676
vn -0.32721742987632751 -0.087337538599967957 0.94090431928634644
vn -0.32721742987632751 -0.087337538599967957 0.94090431928634644
vn -0.32721742987632751 -0.087337538599967957 0.94090431928634644
vn 0.066300898790359497 0.074135296046733856 0.99504178762435913
vn 0.066300898790359497 0.074135296046733856 0.99504178762435913
vn 0.066300898790359497 0.074135296046733856 0.99504178762435913
vn 0.068865962326526642 0.074392199516296387 0.99484837055206299
vn 0.068865962326526642 0.074392199516296387 0.99484837055206299
vn 0.068865962326526642 0.074392199516296387 0.99484837055206299
vn 0.63462972640991211 0.52307611703872681 -0.56889057159423828
vn 0.63462972640991211 0.52307611703872681 -0.56889057159423828
vn 0.63462972640991211 0.52307611703872681 -0.56889057159423828
vn 0.66578006744384766 0.72031223773956299 -0.19464631378650665
vn 0.66578006744384766 0.72031223773956299 -0.19464631378650665
vn 0.66578006744384766 0.72031223773956299 -0.19464631378650665
vn -0.093775615096092224 -0.017251536250114441 0.99544388055801392
vn -0.093775615096092224 -0.017251536250114441 0.99544388055801392
vn -0.093775615096092224 -0.017251536250114441 0.99544388055801392
vn 0.44540402293205261 0.1269930899143219 0.88627761602401733
vn 0.44540402293205261 0.1269930899143219 0.88627761602401733
vn 0.44540402293205261 0.1269930899143219 0.88627761602401733
vn -0.91290402412414551 -0.08680327981710434 -0.39883756637573242
vn -0.91290402412414551 -0.08680327981710434 -0.39883756637573242
vn -0.91290402412414551 -0.08680327981710434 -0.39883756637573242
vn -0.5708920955657959 -0.11643078178167343 -0.81272757053375244
vn -0.5708920955657959 -0.11643078178167343 -0.81272757053375244
vn -0.5708920955657959 -0.11643078178167343 -0.81272757053375244
vn 0.44889214634895325 0.19052676856517792 -0.87303805351257324
vn 0.44889214634895325 0.19052676856517792 -0.87303805351257324
vn 0.44889214634895325 0.19052676856517792 -0.87303805351257324
vn 0.61039173603057861 0.0040382309816777706 -0.79208940267562866
vn 0.61039173603057861 0.0040382309816777706 -0.79208940267562866
vn 0.61039173603057861 0.0040382309816777706 -0.79208940267562866
vn -0.84573954343795776 -0.1117011159658432 0.52177339792251587
vn -0.84573954343795776 -0.1117011159658432 0.52177339792251587
vn -0.84573954343795776 -0.1117011159658432 0.52177339792251587
vn -0.30602678656578064 0.035834923386573792 0.95134824514389038
vn -0.30602678656578064 0.035834923386573792 0.95134824514389038
vn -0.30602678656578064 0.035834923386573792 0.95134824514389038
vn -0.24249599874019623 0.022470336407423019 0.96989214420318604
vn -0.24249599874019623 0.022470336407423019 0.96989214420318604
vn -0.24249599874019623 0.022470336407423019 0.96989214420318604
vn 0.27656376361846924 0.09376971423625946 0.95640981197357178
vn 0.27656376361846924 0.09376971423625946 0.95640981197357178
vn 0.27656376361846924 0.09376971423625946 0.95640981197357178
vn 0.0050957263447344303 -0.0140721146017313 0.99988800287246704
vn 0.0050957263447344303 -0.0140721146017313 0.99988800287246704
vn 0.0050957263447344303 -0.0140721146017313 0.99988800287246704
vn 0.99711364507675171 -0.01203506626188755 0.074963420629501343
vn 0.99711364507675171 -0.01203506626188755 0.074963420629501343
vn 0.99711364507675171 -0.01203506626188755 0.074963420629501343
vn 0.66542339324951172 0.48736163973808289 -0.56541168689727783
vn 0.66542339324951172 0.48736163973808289 -0.56541168689727783
vn 0.66542339324951172 0.48736163973808289 -0.56541168689727783
vn 0.19009284675121307 -0.14071474969387054 -0.97162961959838867
vn 0.19009284675121307 -0.14071474969387054 -0.97162961959838867
vn 0.19009284675121307 -0.14071474969387054 -0.97162961959838867
vn -0.43165141344070435 0.34819218516349792 -0.83212935924530029
vn -0.43165141344070435 0.34819218516349792 -0.83212935924530029
vn -0.43165141344070435 0.34819218516349792 -0.83212935924530029
vn -0.41427290439605713 0.36550760269165039 -0.83353590965270996
vn -0.41427290439605713 0.36550760269165039 -0.83353590965270996
vn -0.41427290439605713 0.36550760269165039 -0.83353590965270996
vn 0.65513414144515991 0.59692490100860596 0.46311980485916138
vn 0.65513414144515991 0.59692490100860596 0.46311980485916138
vn 0.65513414144515991 0.59692490100860596 0.46311980485916138
vn 0.79610699415206909 0.60405582189559937 0.036472007632255554
vn 0.79610699415206909 0.60405582189559937 0.036472007632255554
vn 0.79610699415206909 0.60405582189559937 0.036472007632255554
vn 0.15398427844047546 0.15344786643981934 -0.976085364818573
vn 0.15398427844047546 0.15344786643981934 -0.976085364818573
vn 0.15398427844047546 0.15344786643981934 -0.976085364818573
vn 0.17502766847610474 -0.1657743901014328 -0.97050714492797852
vn 0.17502766847610474 -0.1657743901014328 -0.97050714492797852
vn 0.17502766847610474 -0.1657743901014328 -0.97050714492797852
vn -0.48974254727363586 -0.38775596022605896 -0.78089535236358643
vn -0.48974254727363586 -0.38775596022605896 -0.78089535236358643
vn -0.48974254727363586 -0.38775596022605896 -0.78089535236358643
vn -0.2615504264831543 0.08791176974773407 -0.96117788553237915
vn -0.2615504264831543 0.08791176974773407 -0.96117788553237915
vn -0.2615504264831543 0.08791176974773407 -0.96117788553237915
vn 0.84866183996200562 0.0012288449797779322 0.52893441915512085
vn 0.84866183996200562 0.0012288449797779322 0.52893441915512085
vn 0.84866183996200562 0.0012288449797779322 0.52893441915512085
vn 0.97585481405258179 0.062442585825920105 0.20930421352386475
vn 0.97585481405258179 0.062442585825920105 0.20930421352386475
vn 0.97585481405258179 0.062442585825920105 0.20930421352386475
vn -0.68436598777770996 -0.47518724203109741 0.55302828550338745
vn -0.68436598777770996 -0.47518724203109741 0.55302828550338745
vn -0.68436598777770996 -0.47518724203109741 0.55302828550338745
vn -0.68052995204925537 -0.5512043833732605 0.48275536298751831
vn -0.68052995204925537 -0.5512043833732605 0.48275536298751831
vn -0.68052995204925537 -0.5512043833732605 0.48275536298751831
vn 0.33427056670188904 0.46545222401618958 0.8195226788520813
vn 0.33427056670188904 0.46545222401618958 0.8195226788520813
vn 0.33427056670188904 0.46545222401618958 0.8195226788520813
vn 0.090076997876167297 0.22364315390586853 0.97049981355667114
vn 0.090076997876167297 0.22364315390586853 0.97049981355667114
vn 0.090076997876167297 0.22364315390586853 0.97049981355667114
vn 0.14622236788272858 0.98922890424728394 0.0067190215922892094
vn 0.14622236788272858 0.98922890424728394 0.0067190215922892094
vn 0.14622236788272858 0.98922890424728394 0.0067190215922892094
vn 0.17598062753677368 0.31094127893447876 -0.9339948296546936
vn 0.17598062753677368 0.31094127893447876 -0.9339948296546936
vn 0.17598062753677368 0.31094127893447876 -0.9339948296546936
vn -0.089502610266208649 0.69985044002532959 -0.70865976810455322
vn -0.089502610266208649 0.69985044002532959 -0.70865976810455322
vn -0.089502610266208649 0.69985044002532959 -0.70865976810455322
vn -0.90977275371551514 0.28235194087028503 -0.30428764224052429
vn -0.90977275371551514 0.28235194087028503 -0.30428764224052429
vn -0.90977275371551514 0.28235194087028503 -0.30428764224052429
vn -0.44703054428100586 0.60855305194854736 0.65561181306838989
vn -0.44703054428100586 0.60855305194854736 0.65561181306838989
vn -0.44703054428100586 0.60855305194854736 0.65561181306838989
vn -0.3595389723777771 0.86966890096664429 0.33824217319488525
vn -0.3595389723777771 0.86966890096664429 0.33824217319488525
vn -0.3595389723777771 0.86966890096664429 0.33824217319488525
vn 0.75372588634490967 -0.0059176790527999401 -0.65716230869293213
vn 0.75372588634490967 -0.0059176790527999401 -0.65716230869293213
vn 0.75372588634490967 -0.0059176790527999401 -0.65716230869293213
vn 0.52435147762298584 -0.025884367525577545 -0.85110843181610107
vn 0.52435147762298584 -0.025884367525577545 -0.85110843181610107
vn 0.52435147762298584 -0.025884367525577545 -0.85110843181610107
vn 0.63689184188842773 0.38900876045227051 -0.66561323404312134
vn 0.63689184188842773 0.38900876045227051 -0.66561323404312134
vn 0.63689184188842773 0.38900876045227051 -0.66561323404312134
vn 0.62546908855438232 0.28352817893028259 -0.72691142559051514
vn 0.62546908855438232 0.28352817893028259 -0.72691142559051514
vn 0.62546908855438232 0.28352817893028259 -0.72691142559051514
vn 0.91680943965911865 0.025260334834456444 -0.39852520823478699
vn 0.91680943965911865 0.025260334834456444 -0.39852520823478699
vn 0.91680943965911865 0.025260334834456444 -0.39852520823478699
vn 0.90923607349395752 0.11406452208757401 -0.40034860372543335
vn 0.90923607349395752 0.11406452208757401 -0.40034860372543335
vn 0.90923607349395752 0.11406452208757401 -0.40034860372543335
vn 0.80153447389602661 -0.040299519896507263 0.59658902883529663
vn 0.80153447389602661 -0.040299519896507263 0.59658902883529663
vn 0.80153447389602661 -0.040299519896507263 0.59658902883529663
vn 0.52969092130661011 0.015499990433454514 0.8480491042137146
vn 0.52969092130661011 0.015499990433454514 0.8480491042137146
vn 0.52969092130661011 0.015499990433454514 0.8480491042137146
vn 0.7601049542427063 0.60522240400314331 0.23652978241443634
vn 0.7601049542427063 0.60522240400314331 0.23652978241443634
vn 0.7601049542427063 0.60522240400314331 0.23652978241443634
vn 0.73282521963119507 0.61786097288131714 -0.28498244285583496
vn 0.73282521963119507 0.61786097288131714 -0.28498244285583496
vn 0.73282521963119507 0.61786097288131714 -0.28498244285583496
vn 0.66696673631668091 0.44224816560745239 0.59964317083358765
vn 0.66696673631668091 0.44224816560745239 0.59964317083358765
vn 0.66696673631668091 0.44224816560745239 0.59964317083358765
vn 0.84061169624328613 0.22639614343643188 0.4920535683631897
vn 0.84061169624328613 0.22639614343643188 0.4920535683631897
vn 0.84061169624328613 0.22639614343643188 0.4920535683631897
vn -0.4129757285118103 0.34610223770141602 0.84241575002670288
vn -0.4129757285118103 0.34610223770141602 0.84241575002670288
vn -0.4129757285118103 0.34610223770141602 0.84241575002670288
vn -0.27583706378936768 0.47698906064033508 0.83450305461883545
vn -0.27583706378936768 0.47698906064033508 0.83450305461883545
vn -0.27583706378936768 0.47698906064033508 0.83450305461883545
vn -0.48018214106559753 0.15322932600975037 0.8636816143989563
vn -0.48018214106559753 0.15322932600975037 0.8636816143989563
vn -0.48018214106559753 0.15322932600975037 0.8636816143989563
vn 0.44806867837905884 0.25203931331634521 0.85773575305938721
vn 0.44806867837905884 0.25203931331634521 0.85773575305938721
vn 0.44806867837905884 0.25203931331634521 0.85773575305938721
vn 0.37535750865936279 -0.0080869616940617561 0.92684483528137207
vn 0.37535750865936279 -0.0080869616940617561 0.92684483528137207
vn 0.37535750865936279 -0.0080869616940617561 0.92684483528137207
vn 0.74439436197280884 0.07422223687171936 0.66360241174697876
vn 0.74439436197280884 0.07422223687171936 0.66360241174697876
vn 0.74439436197280884 0.07422223687171936 0.66360241174697876
vn 0.37917470932006836 0.040353372693061829 0.92444479465484619
vn 0.37917470932006836 0.040353372693061829 0.92444479465484619
vn 0.37917470932006836 0.040353372693061829 0.92444479465484619
vn 0.012715774588286877 -0.1019165962934494 0.99471169710159302
vn 0.012715774588286877 -0.1019165962934494 0.99471169710159302
vn 0.012715774588286877 -0.1019165962934494 0.99471169710159302
vn 0.026835104450583458 -0.19621928036212921 -0.98019278049468994
vn 0.026835104450583458 -0.19621928036212921 -0.98019278049468994
vn 0.026835104450583458 -0.19621928036212921 -0.98019278049468994
vn 0.83339595794677734 -0.070520132780075073 -0.54815876483917236
vn 0.83339595794677734 -0.070520132780075073 -0.54815876483917236
vn 0.83339595794677734 -0.070520132780075073 -0.54815876483917236
vn 0.35093533992767334 -0.062633372843265533 -0.93430262804031372
vn 0.35093533992767334 -0.062633372843265533 -0.93430262804031372
vn 0.35093533992767334 -0.062633372843265533 -0.93430262804031372
vn -0.0021929459180682898 -0.045535121113061905 -0.99896031618118286
vn -0.0021929459180682898 -0.045535121113061905 -0.99896031618118286
vn -0.0021929459180682898 -0.045535121113061905 -0.99896031618118286
vn -0.92464113235473633 -0.2427620142698288 -0.29343712329864502
vn -0.92464113235473633 -0.2427620142698288 -0.29343712329864502
vn -0.92464113235473633 -0.2427620142698288 -0.29343712329864502
vn -0.94222182035446167 -0.055242810398340225 -0.33040317893028259
vn -0.94222182035446167 -0.055242810398340225 -0.33040317893028259
vn -0.94222182035446167 -0.055242810398340225 -0.33040317893028259
vn -0.79481267929077148 -0.10607941448688507 -0.59751147031784058
vn -0.79481267929077148 -0.10607941448688507 -0.59751147031784058
vn -0.79481267929077148 -0.10607941448688507 -0.59751147031784058
vn -0.9562375545501709 -0.14797049760818481 -0.25241729617118835
vn -0.9562375545501709 -0.14797049760818481 -0.25241729617118835
vn -0.9562375545501709 -0.14797049760818481 -0.25241729617118835
vn -0.76454824209213257 0.64151012897491455 -0.062695696949958801
vn -0.76454824209213257 0.64151012897491455 -0.062695696949958801
vn -0.76454824209213257 0.64151012897491455 -0.062695696949958801
vn -0.81728684902191162 0.5283469557762146 0.22998206317424774
vn -0.81728684902191162 0.5283469557762146 0.22998206317424774
vn -0.81728684902191162 0.5283469557762146 0.22998206317424774
vn 0.97618448734283447 -0.18745413422584534 0.10920088738203049
vn 0.97618448734283447 -0.18745413422584534 0.10920088738203049
vn 0.97618448734283447 -0.18745413422584534 0.10920088738203049
vn 0.82969373464584351 -0.084142796695232391 0.55184084177017212
vn 0.82969373464584351 -0.084142796695232391 0.55184084177017212
vn 0.82969373464584351 -0.084142796695232391 0.55184084177017212
vn -0.43911954760551453 -0.30023512244224548 -0.84677791595458984
vn -0.43911954760551453 -0.30023512244224548 -0.84677791595458984
vn -0.43911954760551453 -0.30023512244224548 -0.84677791595458984
vn -0.78829950094223022 -0.2976023256778717 -0.53853201866149902
vn -0.78829950094223022 -0.2976023256778717 -0.53853201866149902
vn -0.78829950094223022 -0.2976023256778717 -0.53853201866149902
vn -0.62908792495727539 0.083109922707080841 0.77287846803665161
vn -0.62908792495727539 0.083109922707080841 0.77287846803665161
vn -0.62908792495727539 0.083109922707080841 0.77287846803665161
vn -0.57975214719772339 0.28357893228530884 0.76385235786437988
vn -0.57975214719772339 0.28357893228530884 0.76385235786437988
vn -0.57975214719772339 0.28357893228530884 0.76385235786437988
vn -0.062358967959880829 0.60521012544631958 -0.79361957311630249
vn -0.062358967959880829 0.60521012544631958 -0.79361957311630249
vn -0.062358967959880829 0.60521012544631958 -0.79361957311630249
vn -0.091480202972888947 0.10887754708528519 -0.98983687162399292
vn -0.091480202972888947 0.10887754708528519 -0.98983687162399292
vn -0.091480202972888947 0.10887754708528519 -0.98983687162399292
vn -0.53832978010177612 0.83176600933074951 0.13552229106426239
vn -0.53832978010177612 0.83176600933074951 0.13552229106426239
vn -0.53832978010177612 0.83176600933074951 0.13552229106426239
vn -0.79806977510452271 0.27920764684677124 -0.53397351503372192
vn -0.79806977510452271 0.27920764684677124 -0.53397351503372192
vn -0.79806977510452271 0.27920764684677124 -0.53397351503372192
vn -0.038376089185476303 -0.96553826332092285 -0.25741621851921082
vn -0.038376089185476303 -0.96553826332092285 -0.25741621851921082
vn -0.038376089185476303 -0.96553826332092285 -0.25741621851921082
vn -0.91482239961624146 -0.094344690442085266 0.39268195629119873
vn -0.91482239961624146 -0.094344690442085266 0.39268195629119873
vn -0.91482239961624146 -0.094344690442085266 0.39268195629119873
vn 0.58863478899002075 -0.32520210742950439 0.74010312557220459
vn 0.58863478899002075 -0.32520210742950439 0.74010312557220459
vn 0.58863478899002075 -0.32520210742950439 0.74010312557220459
vn 0.17070110142230988 -0.52467638254165649 0.83401191234588623
vn 0.17070110142230988 -0.52467638254165649 0.83401191234588623
vn 0.17070110142230988 -0.52467638254165649 0.83401191234588623
vn -0.91925042867660522 -0.1655900776386261 0.35715347528457642
vn -0.91925042867660522 -0.1655900776386261 0.35715347528457642
vn -0.91925042867660522 -0.1655900776386261 0.35715347528457642
vn -0.93656140565872192 -0.16739481687545776 -0.30794760584831238
vn -0.93656140565872192 -0.16739481687545776 -0.30794760584831238
vn -0.93656140565872192 -0.16739481687545776 -0.30794760584831238
vn -0.095693036913871765 -0.35388588905334473 -0.93038034439086914
vn -0.095693036913871765 -0.35388588905334473 -0.93038034439086914
vn -0.095693036913871765 -0.35388588905334473 -0.93038034439086914
vn 0.09437134861946106 -0.057179544121026993 -0.99389362335205078
vn 0.09437134861946106 -0.057179544121026993 -0.99389362335205078
vn 0.09437134861946106 -0.057179544121026993 -0.99389362335205078
vn 0.4366568922996521 -0.35106807947158813 -0.82830065488815308
vn 0.4366568922996521 -0.35106807947158813 -0.82830065488815308
vn 0.4366568922996521 -0.35106807947158813 -0.82830065488815308
vn 0.54065871238708496 -0.55239611864089966 -0.63446569442749023
vn 0.54065871238708496 -0.55239611864089966 -0.63446569442749023
vn 0.54065871238708496 -0.55239611864089966 -0.63446569442749023
vn 0.97305452823638916 0.2221137136220932 -0.061890315264463425
vn 0.97305452823638916 0.2221137136220932 -0.061890315264463425
vn 0.97305452823638916 0.2221137136220932 -0.061890315264463425
vn 0.56000620126724243 -0.81219470500946045 0.16350167989730835
vn 0.56000620126724243 -0.81219470500946045 0.16350167989730835
vn 0.56000620126724243 -0.81219470500946045 0.16350167989730835
vn 0.50264579057693481 0.34060826897621155 0.79456478357315063
vn 0.50264579057693481 0.34060826897621155 0.79456478357315063
vn 0.50264579057693481 0.34060826897621155 0.79456478357315063
vn 0.78056430816650391 0.39293196797370911 0.4861314594745636
vn 0.78056430816650391 0.39293196797370911 0.4861314594745636
vn 0.78056430816650391 0.39293196797370911 0.4861314594745636
vn -0.42736926674842834 -0.43002131581306458 -0.79525917768478394
vn -0.42736926674842834 -0.43002131581306458 -0.79525917768478394
vn -0.42736926674842834 -0.43002131581306458 -0.79525917768478394
vn -0.31513488292694092 -0.32176360487937927 -0.89283716678619385
vn -0.31513488292694092 -0.32176360487937927 -0.89283716678619385
vn -0.31513488292694092 -0.32176360487937927 -0.89283716678619385
vn 0.76414495706558228 0.57132935523986816 -0.29944157600402832
vn 0.76414495706558228 0.57132935523986816 -0.29944157600402832
vn 0.76414495706558228 0.57132935523986816 -0.29944157600402832
vn 0.38070997595787048 0.52115827798843384 -0.76384156942367554
vn 0.38070997595787048 0.52115827798843384 -0.76384156942367554
vn 0.38070997595787048 0.52115827798843384 -0.76384156942367554
vn -0.86225795745849609 0.017135413363575935 -0.50617945194244385
vn -0.86225795745849609 0.017135413363575935 -0.50617945194244385
vn -0.86225795745849609 0.017135413363575935 -0.50617945194244385
vn -0.98282909393310547 -0.02401251532137394 -0.18294918537139893
vn -0.98282909393310547 -0.02401251532137394 -0.18294918537139893
vn -0.98282909393310547 -0.02401251532137394 -0.18294918537139893
vn 0.00099085189867764711 0.13921265304088593 0.99026203155517578
vn 0.00099085189867764711 0.13921265304088593 0.99026203155517578
vn 0.00099085189867764711 0.13921265304088593 0.99026203155517578
vn -0.62633383274078369 0.094123803079128265 0.77385181188583374
vn -0.62633383274078369 0.094123803079128265 0.77385181188583374
vn -0.62633383274078369 0.094123803079128265 0.77385181188583374
vn 0.26137596368789673 0.96364784240722656 -0.055366512387990952
vn 0.26137596368789673 0.96364784240722656 -0.055366512387990952
vn 0.26137596368789673 0.96364784240722656 -0.055366512387990952
vn 0.32964372634887695 0.094663359224796295 0.93934756517410278
vn 0.32964372634887695 0.094663359224796295 0.93934756517410278
vn 0.32964372634887695 0.094663359224796295 0.93934756517410278
vn 0.63989359140396118 -0.50122535228729248 -0.58250266313552856
vn 0.63989359140396118 -0.50122535228729248 -0.58250266313552856
vn 0.63989359140396118 -0.50122535228729248 -0.58250266313552856
vn 0.46612849831581116 -0.86933833360671997 -0.16424097120761871
vn 0.46612849831581116 -0.86933833360671997 -0.16424097120761871
vn 0.46612849831581116 -0.86933833360671997 -0.16424097120761871
vn 0.10954751819372177 -0.43223032355308533 -0.89508450031280518
vn 0.10954751819372177 -0.43223032355308533 -0.89508450031280518
vn 0.10954751819372177 -0.43223032355308533 -0.89508450031280518
vn 0.084126658737659454 0.068437136709690094 -0.9941021203994751
vn 0.084126658737659454 0.068437136709690094 -0.9941021203994751
vn 0.084126658737659454 0.068437136709690094 -0.9941021203994751
f 206/450/450 204/448/448 205/449/449
f 209/453/453 207/451/451 208/452/452
f 212/456/456 210/454/454 211/455/455
f 215/459/459 213/457/457 214/458/458
f 218/462/462 216/460/460 217/461/461
f 221/465/465 219/463/463 220/464/464
f 223/468/468 222/466/466 215/467/467
f 224/471/471 214/469/469 213/470/470
f 227/474/474 225/472/472 226/473/473
f 230/477/477 228/475/475 229/476/476
f 233/480/480 231/478/478 232/479/479
f 236/483/483 234/481/481 235/482/482
f 239/486/486 237/484/484 238/485/485
f 232/489/489 240/487/487 241/488/488
f 244/492/492 242/490/490 243/491/491
f 245/495/495 208/493/493 207/494/494
f 222/498/498 246/496/496 247/497/497
f 249/501/501 230/499/499 248/500/500
f 252/504/504 250/502/502 251/503/503
f 240/507/507 253/505/505 241/506/506
f 256/510/510 254/508/508 255/509/509
f 259/513/513 257/511/511 258/512/512
f 262/516/516 260/514/514 261/515/515
f 265/519/519 263/517/517 264/518/518
f 268/522/522 266/520/520 267/521/521
f 271/525/525 269/523/523 270/524/524
f 274/528/528 272/526/526 273/527/527
f 277/531/531 275/529/529 276/530/530
f 280/534/534 278/532/532 279/533/533
f 283/537/537 281/535/535 282/536/536
f 286/540/540 284/538/538 285/539/539
f 248/543/543 230/541/541 229/542/542
f 228/546/546 230/544/544 287/545/545
f 289/549/549 211/547/547 288/548/548
f 291/552/552 244/550/550 290/551/551
f 294/555/555 292/553/553 293/554/554
f 242/558/558 244/556/556 295/557/557
f 297/561/561 209/559/559 296/560/560
f 298/564/564 220/562/562 219/563/563
f 301/567/567 299/565/565 300/566/566
f 304/570/570 302/568/568 303/569/569
f 307/573/573 305/571/571 306/572/572
f 310/576/576 308/574/574 309/575/575
f 313/579/579 311/577/577 312/578/578
f 316/582/582 314/580/580 315/581/581
f 319/585/585 317/583/583 318/584/584
f 311/588/588 313/586/586 320/587/587
f 231/591/591 233/589/589 321/590/590
f 291/594/594 322/592/592 323/593/593
f 326/597/597 324/595/595 325/596/596
f 327/600/600 280/598/598 279/599/599
f 328/603/603 307/601/601 306/602/602
f 330/606/606 329/604/604 265/605/605
f 333/609/609 331/607/607 332/608/608
f 335/612/612 224/610/610 334/611/611
f 338/615/615 336/613/613 337/614/614
f 341/618/618 339/616/616 340/617/617
f 343/621/621 340/619/619 342/620/620
f 346/624/624 344/622/622 345/623/623
f 348/627/627 308/625/625 347/626/626
f 329/630/630 349/628/628 265/629/629
f 352/633/633 350/631/631 351/632/632
f 354/636/636 205/634/634 353/635/635
f 355/639/639 345/637/637 344/638/638
f 255/642/642 356/640/640 256/641/641
f 289/645/645 356/643/643 211/644/644
f 358/648/648 245/646/646 357/647/647
f 360/651/651 315/649/649 359/650/650
f 281/654/654 361/652/652 362/653/653
f 361/657/657 334/655/655 337/656/656
f 364/660/660 363/658/658 314/659/659
f 365/663/663 314/661/661 363/662/662
f 221/666/666 225/664/664 210/665/665
f 288/669/669 211/667/667 366/668/668
f 235/672/672 223/670/670 236/671/671
f 369/675/675 367/673/673 368/674/674
f 372/678/678 370/676/676 371/677/677
f 371/681/681 332/679/679 331/680/680
f 298/684/684 210/682/682 212/683/683
f 375/687/687 373/685/685 374/686/686
f 377/690/690 376/688/688 260/689/689
f 318/693/693 378/691/691 319/692/692
f 379/696/696 324/694/694 286/695/695
f 297/699/699 380/697/697 381/698/698
f 384/702/702 382/700/700 383/701/701
f 386/705/705 277/703/703 385/704/704
f 387/708/708 258/706/706 257/707/707
f 312/711/711 310/709/709 313/710/710
f 284/714/714 286/712/712 324/713/713
f 224/717/717 388/715/715 389/716/716
f 392/720/720 390/718/718 391/719/719
f 238/723/723 393/721/721 239/722/722
f 317/726/726 221/724/724 318/725/725
f 226/729/729 394/727/727 227/728/728
f 344/732/732 346/730/730 395/731/731
f 397/735/735 396/733/733 231/734/734
f 258/738/738 398/736/736 259/737/737
f 399/741/741 259/739/739 398/740/740
f 314/744/744 400/742/742 364/743/743
f 400/747/747 314/745/745 401/746/746
f 404/750/750 402/748/748 403/749/749
f 381/753/753 380/751/751 402/752/752
f 405/756/756 323/754/754 322/755/755
f 373/759/759 375/757/757 406/758/758
f 343/762/762 368/760/760 367/761/761
f 343/765/765 341/763/763 340/764/764
f 321/768/768 255/766/766 254/767/767
f 397/771/771 311/769/769 320/770/770
f 267/774/774 271/772/772 268/773/773
f 408/777/777 407/775/775 350/776/776
f 409/780/780 385/778/778 277/779/779
f 410/783/783 358/781/781 360/782/782
f 384/786/786 218/784/784 382/785/785
f 407/789/789 408/787/787 411/788/788
f 260/792/792 264/790/790 377/791/791
f 412/795/795 238/793/793 237/794/794
f 339/798/798 341/796/796 249/797/797
f 334/801/801 361/799/799 335/800/800
f 261/804/804 413/802/802 262/803/803
f 221/807/807 220/805/805 318/806/806
f 309/810/810 313/808/808 310/809/809
f 347/813/813 414/811/811 348/812/812
f 336/816/816 338/814/814 415/815/815
f 247/819/819 416/817/817 280/818/818
f 257/822/822 417/820/820 387/821/821
f 418/825/825 387/823/823 417/824/824
f 305/828/828 419/826/826 420/827/827
f 307/831/831 328/829/829 421/830/830
f 288/834/834 422/832/832 289/833/833
f 424/837/837 369/835/835 423/836/836
f 328/840/840 283/838/838 282/839/839
f 279/843/843 342/841/841 327/842/842
f 425/846/846 391/844/844 390/845/845
f 299/849/849 262/847/847 300/848/848
f 213/852/852 334/850/850 224/851/851
f 213/855/855 415/853/853 426/854/854
f 303/858/858 305/856/856 304/857/857
f 362/861/861 361/859/859 337/860/860
f 423/864/864 223/862/862 424/863/863
f 246/867/867 416/865/865 247/866/866
f 396/870/870 395/868/868 346/869/869
f 414/873/873 347/871/871 320/872/872
f 234/876/876 256/874/874 356/875/875
f 356/879/879 235/877/877 234/878/878
f 429/882/882 427/880/880 428/881/881
f 374/885/885 427/883/883 375/884/884
f 259/888/888 399/886/886 355/887/887
f 251/891/891 355/889/889 252/890/890
f 295/894/894 244/892/892 291/893/893
f 325/897/897 430/895/895 295/896/896
f 332/900/900 371/898/898 370/899/899
f 208/903/903 245/901/901 404/902/902
f 408/906/906 431/904/904 411/905/905
f 265/909/909 408/907/907 263/908/908
f 364/912/912 285/910/910 284/911/911
f 248/915/915 389/913/913 388/914/914
f 304/918/918 421/916/916 302/917/917
f 421/921/921 432/919/919 419/920/920
f 297/924/924 285/922/922 209/923/923
f 209/927/927 400/925/925 401/926/926
f 312/930/930 257/928/928 310/929/929
f 257/933/933 251/931/931 250/932/932
f 225/936/936 227/934/934 365/935/935
f 422/939/939 288/937/937 228/938/938
f 287/942/942 230/940/940 367/941/941
f 230/945/945 249/943/943 341/944/944
f 253/948/948 205/946/946 204/947/947
f 253/951/951 355/949/949 399/950/950
f 208/954/954 296/952/952 209/953/953
f 380/957/957 403/955/955 402/956/956
f 205/960/960 354/958/958 206/959/959
f 325/963/963 323/961/961 326/962/962
f 433/966/966 386/964/964 385/965/965
f 274/969/969 217/967/967 216/968/968
f 402/972/972 404/970/970 372/971/971
f 372/975/975 243/973/973 242/974/974
f 292/978/978 301/976/976 293/977/977
f 434/981/981 298/979/979 212/980/980
f 436/984/984 435/982/982 280/983/983
f 280/987/987 435/985/985 247/986/986
f 373/990/990 294/988/988 374/989/989
f 437/993/993 291/991/991 290/992/992
f 387/996/996 418/994/994 254/995/995
f 397/999/999 254/997/997 418/998/998
f 281/1002/1002 340/1000/1000 438/1001/1001
f 281/1005/1005 283/1003/1003 340/1004/1004
f 350/1008/1008 352/1006/1006 269/1007/1007
f 385/1011/1011 383/1009/1009 433/1010/1010
f 245/1014/1014 439/1012/1012 404/1013/1013
f 276/1017/1017 274/1015/1015 273/1016/1016
f 389/1020/1020 324/1018/1018 224/1019/1019
f 440/1023/1023 224/1021/1021 324/1022/1022
f 237/1026/1026 371/1024/1024 412/1025/1025
f 243/1029/1029 372/1027/1027 441/1028/1028
f 428/1032/1032 212/1030/1030 442/1031/1031
f 255/1035/1035 321/1033/1033 233/1034/1034
f 444/1038/1038 264/1036/1036 443/1037/1037
f 329/1041/1041 330/1039/1039 331/1040/1040
f 346/1044/1044 231/1042/1042 396/1043/1043
f 240/1047/1047 232/1045/1045 231/1046/1046
f 266/1050/1050 268/1048/1048 359/1049/1049
f 385/1053/1053 409/1051/1051 270/1052/1052
f 368/1056/1056 423/1054/1054 369/1055/1055
f 416/1059/1059 278/1057/1057 280/1058/1058
f 425/1062/1062 239/1060/1060 393/1061/1061
f 262/1065/1065 299/1063/1063 425/1064/1064
f 447/1068/1068 445/1066/1066 446/1067/1067
f 313/1071/1071 414/1069/1069 320/1070/1070
f 243/1074/1074 239/1072/1072 244/1073/1073
f 239/1077/1077 425/1075/1075 390/1076/1076
f 207/1080/1080 209/1078/1078 401/1079/1079
f 357/1083/1083 360/1081/1081 358/1082/1082
f 445/1086/1086 447/1084/1084 448/1085/1085
f 308/1089/1089 348/1087/1087 449/1088/1088
f 349/1092/1092 329/1090/1090 450/1091/1091
f 218/1095/1095 384/1093/1093 411/1094/1094
f 204/1098/1098 241/1096/1096 253/1097/1097
f 437/1101/1101 406/1099/1099 204/1100/1100
f 292/1104/1104 294/1102/1102 391/1103/1103
f 391/1107/1107 425/1105/1105 292/1106/1106
f 263/1110/1110 267/1108/1108 266/1109/1109
f 376/1113/1113 377/1111/1111 378/1112/1112
f 284/1116/1116 451/1114/1114 452/1115/1115
f 229/1119/1119 452/1117/1117 451/1118/1118
f 340/1122/1122 339/1120/1120 438/1121/1121
f 361/1125/1125 339/1123/1123 335/1124/1124
f 334/1128/1128 338/1126/1126 337/1127/1127
f 334/1131/1131 213/1129/1129 426/1130/1130
f 444/1134/1134 331/1132/1132 330/1133/1133
f 331/1137/1137 412/1135/1135 371/1136/1136
f 236/1140/1140 453/1138/1138 398/1139/1139
f 234/1143/1143 236/1141/1141 398/1142/1142
f 213/1146/1146 215/1144/1144 222/1145/1145
f 415/1149/1149 213/1147/1147 222/1148/1148
f 393/1152/1152 238/1150/1150 260/1151/1151
f 264/1155/1155 260/1153/1153 443/1154/1154
f 454/1158/1158 328/1156/1156 436/1157/1157
f 328/1161/1161 306/1159/1159 436/1160/1160
f 366/1164/1164 211/1162/1162 210/1163/1163
f 210/1167/1167 225/1165/1165 366/1166/1166
f 335/1170/1170 339/1168/1168 249/1169/1169
f 248/1173/1173 388/1171/1171 249/1172/1172
f 323/1176/1176 325/1174/1174 291/1175/1175
f 295/1179/1179 291/1177/1177 325/1178/1178
f 396/1182/1182 320/1180/1180 347/1181/1181
f 320/1185/1185 396/1183/1183 397/1184/1184
f 276/1188/1188 273/1186/1186 439/1187/1187
f 333/1191/1191 332/1189/1189 273/1190/1190
f 326/1194/1194 206/1192/1192 354/1193/1193
f 224/1197/1197 440/1195/1195 214/1196/1196
f 336/1200/1200 306/1198/1198 305/1199/1199
f 415/1203/1203 435/1201/1201 336/1202/1202
f 250/1206/1206 252/1204/1204 308/1205/1205
f 252/1209/1209 395/1207/1207 308/1208/1208
f 333/1212/1212 273/1210/1210 272/1211/1211
f 272/1215/1215 450/1213/1213 329/1214/1214
f 359/1218/1218 410/1216/1216 360/1217/1217
f 409/1221/1221 359/1219/1219 268/1220/1220
f 282/1224/1224 421/1222/1222 328/1223/1223
f 421/1227/1227 282/1225/1225 302/1226/1226
f 341/1230/1230 367/1228/1228 230/1229/1229
f 367/1233/1233 341/1231/1231 343/1232/1232
f 212/1236/1236 428/1234/1234 427/1235/1235
f 212/1239/1239 427/1237/1237 434/1238/1238
f 356/1242/1242 289/1240/1240 235/1241/1241
f 223/1245/1245 235/1243/1243 424/1244/1244
f 241/1248/1248 429/1246/1246 232/1247/1247
f 428/1251/1251 232/1249/1249 429/1250/1250
f 449/1254/1254 309/1252/1252 308/1253/1253
f 309/1257/1257 447/1255/1255 446/1256/1256
f 217/1260/1260 382/1258/1258 218/1259/1259
f 433/1263/1263 383/1261/1261 382/1262/1262
f 381/1266/1266 286/1264/1264 297/1265/1265
f 285/1269/1269 297/1267/1267 286/1268/1268
f 267/1272/1272 408/1270/1270 350/1271/1271
f 408/1275/1275 267/1273/1273 263/1274/1274
f 225/1278/1278 221/1276/1276 226/1277/1277
f 221/1281/1281 317/1279/1279 226/1280/1280
f 411/1284/1284 384/1282/1282 407/1283/1283
f 384/1287/1287 352/1285/1285 351/1286/1286
f 220/1290/1290 301/1288/1288 300/1289/1289
f 318/1293/1293 220/1291/1291 413/1292/1292
f 432/1296/1296 420/1294/1294 419/1295/1295
f 420/1299/1299 304/1297/1297 305/1298/1298
f 278/1302/1302 343/1300/1300 279/1301/1301
f 342/1305/1305 279/1303/1303 343/1304/1304
f 313/1308/1308 309/1306/1306 446/1307/1307
f 446/1311/1311 414/1309/1309 313/1310/1310
f 386/1314/1314 433/1312/1312 455/1313/1313
f 274/1317/1317 276/1315/1315 275/1316/1316
f 367/1320/1320 369/1318/1318 287/1319/1319
f 369/1323/1323 424/1321/1321 422/1322/1322
f 314/1326/1326 227/1324/1324 394/1325/1325
f 314/1329/1329 365/1327/1327 227/1328/1328
f 211/1332/1332 442/1330/1330 212/1331/1331
f 255/1335/1335 211/1333/1333 356/1334/1334
f 398/1338/1338 453/1336/1336 399/1337/1337
f 453/1341/1341 253/1339/1339 399/1340/1340
f 252/1344/1344 344/1342/1342 395/1343/1343
f 344/1347/1347 252/1345/1345 355/1346/1346
f 381/1350/1350 242/1348/1348 295/1349/1349
f 430/1353/1353 381/1351/1351 295/1352/1352
f 254/1356/1356 256/1354/1354 387/1355/1355
f 258/1359/1359 387/1357/1357 256/1358/1358
f 353/1362/1362 205/1360/1360 236/1361/1361
f 215/1365/1365 236/1363/1363 223/1364/1364
f 283/1368/1368 456/1366/1366 340/1367/1367
f 436/1371/1371 456/1369/1369 454/1370/1370
f 225/1374/1374 365/1372/1372 288/1373/1373
f 366/1377/1377 225/1375/1375 288/1376/1376
f 372/1380/1380 242/1378/1378 402/1379/1379
f 242/1383/1383 381/1381/1381 402/1382/1382
f 305/1386/1386 337/1384/1384 336/1385/1385
f 337/1389/1389 305/1387/1387 303/1388/1388
f 224/1392/1392 335/1390/1390 388/1391/1391
f 335/1395/1395 249/1393/1393 388/1394/1394
f 378/1398/1398 318/1396/1396 376/1397/1397
f 413/1401/1401 376/1399/1399 318/1400/1400
f 220/1404/1404 298/1402/1402 301/1403/1403
f 301/1407/1407 298/1405/1405 293/1406/1406
f 316/1410/1410 207/1408/1408 401/1409/1409
f 314/1413/1413 316/1411/1411 401/1412/1412
f 427/1416/1416 374/1414/1414 434/1415/1415
f 293/1419/1419 374/1417/1417 294/1418/1418
f 222/1422/1422 247/1420/1420 415/1421/1421
f 435/1425/1425 415/1423/1423 247/1424/1424
f 231/1428/1428 321/1426/1426 397/1427/1427
f 254/1431/1431 397/1429/1429 321/1430/1430
f 250/1434/1434 310/1432/1432 257/1433/1433
f 308/1437/1437 310/1435/1435 250/1436/1436
f 272/1440/1440 329/1438/1438 333/1439/1439
f 331/1443/1443 333/1441/1441 329/1442/1442
f 392/1446/1446 244/1444/1444 390/1445/1445
f 390/1449/1449 244/1447/1447 239/1448/1448
f 439/1452/1452 245/1450/1450 276/1451/1451
f 245/1455/1455 358/1453/1453 276/1454/1454
f 398/1458/1458 258/1456/1456 234/1457/1457
f 256/1461/1461 234/1459/1459 258/1460/1460
f 452/1464/1464 229/1462/1462 363/1463/1463
f 229/1467/1467 365/1465/1465 363/1466/1466
f 395/1470/1470 396/1468/1468 347/1469/1469
f 347/1473/1473 308/1471/1471 395/1472/1472
f 345/1476/1476 240/1474/1474 346/1475/1475
f 231/1479/1479 346/1477/1477 240/1478/1478
f 286/1482/1482 430/1480/1480 379/1481/1481
f 286/1485/1485 381/1483/1483 430/1484/1484
f 296/1488/1488 208/1486/1486 403/1487/1487
f 404/1491/1491 403/1489/1489 208/1490/1490
f 285/1494/1494 364/1492/1492 400/1493/1493
f 400/1497/1497 209/1495/1495 285/1496/1496
f 406/1500/1500 437/1498/1498 373/1499/1499
f 437/1503/1503 290/1501/1501 373/1502/1502
f 228/1506/1506 288/1504/1504 365/1505/1505
f 229/1509/1509 228/1507/1507 365/1508/1508
f 392/1512/1512 391/1510/1510 294/1511/1511
f 294/1515/1515 373/1513/1513 290/1514/1514
f 385/1518/1518 270/1516/1516 269/1517/1517
f 352/1521/1521 385/1519/1519 269/1520/1520
f 432/1524/1524 421/1522/1522 304/1523/1523
f 304/1527/1527 420/1525/1525 432/1526/1526
f 429/1530/1530 241/1528/1528 406/1529/1529
f 241/1533/1533 204/1531/1531 406/1532/1532
f 354/1536/1536 214/1534/1534 440/1535/1535
f 214/1539/1539 354/1537/1537 215/1538/1538
f 281/1542/1542 302/1540/1540 282/1541/1541
f 302/1545/1545 281/1543/1543 362/1544/1544
f 423/1548/1548 368/1546/1546 416/1547/1547
f 416/1551/1551 246/1549/1549 423/1550/1550
f 394/1554/1554 359/1552/1552 315/1553/1553
f 394/1557/1557 315/1555/1555 314/1556/1556
f 443/1560/1560 412/1558/1558 444/1559/1559
f 331/1563/1563 444/1561/1561 412/1562/1562
f 359/1566/1566 394/1564/1564 319/1565/1565
f 359/1569/1569 319/1567/1567 266/1568/1568
f 263/1572/1572 378/1570/1570 377/1571/1571
f 377/1575/1575 264/1573/1573 263/1574/1574
f 260/1578/1578 262/1576/1576 393/1577/1577
f 425/1581/1581 393/1579/1579 262/1580/1580
f 451/1584/1584 284/1582/1582 457/1583/1583
f 324/1587/1587 457/1585/1585 284/1586/1586
f 277/1590/1590 276/1588/1588 358/1589/1589
f 358/1593/1593 410/1591/1591 277/1592/1592
f 449/1596/1596 448/1594/1594 447/1595/1595
f 447/1599/1599 309/1597/1597 449/1598/1598
f 240/1602/1602 345/1600/1600 253/1601/1601
f 355/1605/1605 253/1603/1603 345/1604/1604
f 371/1608/1608 237/1606/1606 441/1607/1607
f 371/1611/1611 441/1609/1609 372/1610/1610
f 422/1614/1614 287/1612/1612 369/1613/1613
f 287/1617/1617 422/1615/1615 228/1616/1616
f 289/1620/1620 422/1618/1618 424/1619/1619
f 289/1623/1623 424/1621/1621 235/1622/1622
f 306/1626/1626 336/1624/1624 435/1625/1625
f 435/1629/1629 436/1627/1627 306/1628/1628
f 405/1632/1632 204/1630/1630 206/1631/1631
f 204/1635/1635 405/1633/1633 437/1634/1634
f 257/1638/1638 312/1636/1636 417/1637/1637
f 311/1641/1641 417/1639/1639 312/1640/1640
f 210/1644/1644 219/1642/1642 221/1643/1643
f 210/1647/1647 298/1645/1645 219/1646/1646
f 216/1650/1650 218/1648/1648 450/1649/1649
f 411/1653/1653 450/1651/1651 218/1652/1652
f 211/1656/1656 255/1654/1654 442/1655/1655
f 233/1659/1659 442/1657/1657 255/1658/1658
f 257/1662/1662 259/1660/1660 251/1661/1661
f 355/1665/1665 251/1663/1663 259/1664/1664
f 439/1668/1668 332/1666/1666 370/1667/1667
f 273/1671/1671 332/1669/1669 439/1670/1670
f 269/1674/1674 271/1672/1672 350/1673/1673
f 267/1677/1677 350/1675/1675 271/1676/1676
f 417/1680/1680 311/1678/1678 418/1679/1679
f 311/1683/1683 397/1681/1681 418/1682/1682
f 456/1686/1686 436/1684/1684 327/1685/1685
f 280/1689/1689 327/1687/1687 436/1688/1688
f 450/1692/1692 272/1690/1690 216/1691/1691
f 272/1695/1695 274/1693/1693 216/1694/1694
f 362/1698/1698 303/1696/1696 302/1697/1697
f 362/1701/1701 337/1699/1699 303/1700/1700
f 349/1704/1704 411/1702/1702 431/1703/1703
f 450/1707/1707 411/1705/1705 349/1706/1706
f 326/1710/1710 440/1708/1708 324/1709/1709
f 440/1713/1713 326/1711/1711 354/1712/1712
f 380/1716/1716 297/1714/1714 296/1715/1715
f 403/1719/1719 380/1717/1717 296/1718/1718
f 427/1722/1722 429/1720/1720 375/1721/1721
f 429/1725/1725 406/1723/1723 375/1724/1724
f 270/1728/1728 268/1726/1726 271/1727/1727
f 268/1731/1731 270/1729/1729 409/1730/1730
f 261/1734/1734 260/1732/1732 376/1733/1733
f 376/1737/1737 413/1735/1735 261/1736/1736
f 348/1740/1740 445/1738/1738 448/1739/1739
f 448/1743/1743 449/1741/1741 348/1742/1742
f 245/1746/1746 207/1744/1744 357/1745/1745
f 207/1749/1749 316/1747/1747 357/1748/1748
f 351/1752/1752 350/1750/1750 407/1751/1751
f 407/1755/1755 384/1753/1753 351/1754/1754
f 323/1758/1758 405/1756/1756 206/1757/1757
f 206/1761/1761 326/1759/1759 323/1760/1760
f 404/1764/1764 370/1762/1762 372/1763/1763
f 370/1767/1767 404/1765/1765 439/1766/1766
f 291/1770/1770 437/1768/1768 322/1769/1769
f 322/1773/1773 437/1771/1771 405/1772/1772
f 374/1776/1776 293/1774/1774 434/1775/1775
f 298/1779/1779 434/1777/1777 293/1778/1778
f 443/1782/1782 260/1780/1780 238/1781/1781
f 412/1785/1785 443/1783/1783 238/1784/1784
f 330/1788/1788 264/1786/1786 444/1787/1787
f 265/1791/1791 264/1789/1789 330/1790/1790
f 266/1794/1794 319/1792/1792 378/1793/1793
f 378/1797/1797 263/1795/1795 266/1796/1796
f 368/1800/1800 343/1798/1798 278/1799/1799
f 278/1803/1803 416/1801/1801 368/1802/1802
f 442/1806/1806 233/1804/1804 428/1805/1805
f 232/1809/1809 428/1807/1807 233/1808/1808
f 300/1812/1812 262/1810/1810 413/1811/1811
f 413/1815/1815 220/1813/1813 300/1814/1814
f 338/1818/1818 334/1816/1816 426/1817/1817
f 426/1821/1821 415/1819/1819 338/1820/1820
f 205/1824/1824 253/1822/1822 453/1823/1823
f 453/1827/1827 236/1825/1825 205/1826/1826
f 339/1830/1830 361/1828/1828 438/1829/1829
f 361/1833/1833 281/1831/1831 438/1832/1832
f 389/1836/1836 248/1834/1834 451/1835/1835
f 229/1839/1839 451/1837/1837 248/1838/1838
f 360/1842/1842 357/1840/1840 316/1841/1841
f 315/1845/1845 360/1843/1843 316/1844/1844
f 222/1848/1848 223/1846/1846 246/1847/1847
f 223/1851/1851 423/1849/1849 246/1850/1850
f 324/1854/1854 389/1852/1852 457/1853/1853
f 451/1857/1857 457/1855/1855 389/1856/1856
f 226/1860/1860 317/1858/1858 394/1859/1859
f 317/1863/1863 319/1861/1861 394/1862/1862
f 382/1866/1866 217/1864/1864 433/1865/1865
f 455/1869/1869 433/1867/1867 217/1868/1868
f 352/1872/1872 384/1870/1870 383/1871/1871
f 383/1875/1875 385/1873/1873 352/1874/1874
f 328/1878/1878 454/1876/1876 283/1877/1877
f 456/1881/1881 283/1879/1879 454/1880/1880
f 292/1884/1884 425/1882/1882 299/1883/1883
f 301/1887/1887 292/1885/1885 299/1886/1886
f 359/1890/1890 409/1888/1888 410/1889/1889
f 277/1893/1893 410/1891/1891 409/1892/1892
f 275/1896/1896 455/1894/1894 274/1895/1895
f 217/1899/1899 274/1897/1897 455/1898/1898
f 354/1902/1902 353/1900/1900 215/1901/1901
f 236/1905/1905 215/1903/1903 353/1904/1904
f 419/1908/1908 305/1906/1906 307/1907/1907
f 307/1911/1911 421/1909/1909 419/1910/1910
f 408/1914/1914 265/1912/1912 431/1913/1913
f 431/1917/1917 265/1915/1915 349/1916/1916
f 277/1920/1920 386/1918/1918 275/1919/1919
f 455/1923/1923 275/1921/1921 386/1922/1922
f 237/1926/1926 239/1924/1924 243/1925/1925
f 243/1929/1929 441/1927/1927 237/1928/1928
f 284/1932/1932 452/1930/1930 364/1931/1931
f 363/1935/1935 364/1933/1933 452/1934/1934
f 456/1938/1938 327/1936/1936 342/1937/1937
f 340/1941/1941 456/1939/1939 342/1940/1940
f 445/1944/1944 348/1942/1942 414/1943/1943
f 414/1947/1947 446/1945/1945 445/1946/1946
f 244/1950/1950 392/1948/1948 290/1949/1949
f 294/1953/1953 290/1951/1951 392/1952/1952
f 430/1956/1956 325/1954/1954 379/1955/1955
f 379/1959/1959 325/1957/1957 324/1958/1958
